{
"type": "FeatureCollection",
"name": "buenos aires",
"crs": { "type": "name", "properties": { "name": "urn:ogc:def:crs:OGC:1.3:CRS84" } },
"features": [
{ "type": "Feature", "properties": { "id": null }, "geometry": { "type": "MultiPolygon", "coordinates": [ [ [ [ -60.81823507099994, -33.54369824999997 ], [ -60.818006648999983, -33.54385529099995 ], [ -60.817556928999977, -33.544147969999983 ], [ -60.817357049999941, -33.54411941099994 ], [ -60.817235699999976, -33.544090859999976 ], [ -60.816900198999981, -33.544147969999983 ], [ -60.816379090999988, -33.544126549999937 ], [ -60.816199908999977, -33.543996388999965 ], [ -60.815693809999978, -33.543848158999928 ], [ -60.815314059999935, -33.543882049999972 ], [ -60.815201259999981, -33.543869569999963 ], [ -60.814851479999966, -33.543976648999944 ], [ -60.814737268999977, -33.544076580999956 ], [ -60.814591729999961, -33.544665658999968 ], [ -60.814247019999982, -33.54513684199997 ], [ -60.813873519999959, -33.545311520999959 ], [ -60.813402389999972, -33.545468569999954 ], [ -60.81305260999995, -33.545539949999977 ], [ -60.812774209999986, -33.545647029999927 ], [ -60.812487015999977, -33.545809988999956 ], [ -60.812410149999955, -33.545875458999951 ], [ -60.81233162999996, -33.546111019999955 ], [ -60.812452457999932, -33.546259239999983 ], [ -60.812659998999948, -33.54657501999997 ], [ -60.812617168999971, -33.546803448999981 ], [ -60.812495810999955, -33.54696763 ], [ -60.812148860999969, -33.547291146999946 ], [ -60.811924739999931, -33.547345960999955 ], [ -60.811674899999957, -33.547367379999969 ], [ -60.81127378999998, -33.547260460999951 ], [ -60.810982478999954, -33.547274579999957 ], [ -60.810775460999935, -33.547345960999969 ], [ -60.810602210999939, -33.547529092999973 ], [ -60.810344877999967, -33.547882928999975 ], [ -60.810290050999988, -33.54810262999996 ], [ -60.810161559999976, -33.548288229999969 ], [ -60.80993923699998, -33.54850415899994 ], [ -60.809676149999973, -33.548730809999931 ], [ -60.809583350999958, -33.548966378999978 ], [ -60.80963712199997, -33.549261239999964 ], [ -60.809590940999954, -33.549492148999946 ], [ -60.809470915999952, -33.549697906999938 ], [ -60.809290679999947, -33.549744459999943 ], [ -60.809069389999941, -33.549915779999935 ], [ -60.808998008999943, -33.550144209999921 ], [ -60.808919189999983, -33.550525167999979 ], [ -60.80875529999998, -33.550908018999962 ], [ -60.808460696999987, -33.551098282999931 ], [ -60.807865830999958, -33.551871609999978 ], [ -60.807794442999985, -33.551934073 ], [ -60.807577469999963, -33.552250029999989 ], [ -60.807310146999953, -33.552567287999977 ], [ -60.807142028999969, -33.552728300999938 ], [ -60.807084919999966, -33.553020979999921 ], [ -60.807084919999966, -33.553427868999961 ], [ -60.807013538999968, -33.553677709999931 ], [ -60.807027809999958, -33.553884719999928 ], [ -60.807099198999943, -33.553948969999958 ], [ -60.807283170999945, -33.553924029999962 ], [ -60.807648849999964, -33.553913278999964 ], [ -60.80809856999997, -33.553906139999974 ], [ -60.808326730999966, -33.553967818999979 ], [ -60.808655360999978, -33.553941829999928 ], [ -60.80892874999995, -33.55389670899995 ], [ -60.809062249999961, -33.553863308999944 ], [ -60.809219298999949, -33.553899 ], [ -60.809275509999964, -33.554022801999963 ], [ -60.809319229999964, -33.554198809999939 ], [ -60.809462, -33.554377269999982 ], [ -60.809876028999959, -33.554562869999984 ], [ -60.810111590999945, -33.554555729999954 ], [ -60.810581687999957, -33.554364650999958 ], [ -60.810780670999982, -33.554489017999963 ], [ -60.810804018999931, -33.554648529999959 ], [ -60.810682661, -33.554848400999951 ], [ -60.810211529999954, -33.555298119999975 ], [ -60.809726119999944, -33.555897748999932 ], [ -60.809440588999955, -33.555961989999957 ], [ -60.809169375999936, -33.555919272999958 ], [ -60.808726749999956, -33.556233249999927 ], [ -60.808426938999958, -33.556425988999933 ], [ -60.807948800999945, -33.556654580999975 ], [ -60.807687371999975, -33.556868477999956 ], [ -60.806973532999962, -33.55740385699994 ], [ -60.806853861999969, -33.557503581999981 ], [ -60.806431665999973, -33.557748912999948 ], [ -60.806349668999985, -33.557796558999939 ], [ -60.805545857999952, -33.558296152999951 ], [ -60.805418548999967, -33.558525309999936 ], [ -60.805414539999958, -33.558724548999969 ], [ -60.805248422999966, -33.558831531999942 ], [ -60.805081720999965, -33.558956560999945 ], [ -60.804879159999977, -33.559217090999923 ], [ -60.804393329999975, -33.559437539999983 ], [ -60.80424383999997, -33.559702500999947 ], [ -60.804122489999941, -33.559866688999925 ], [ -60.80387264899997, -33.559902379999983 ], [ -60.803722739999955, -33.559873828999962 ], [ -60.803615669999942, -33.559664342999952 ], [ -60.803480038999965, -33.55952404099996 ], [ -60.803351548999963, -33.559481210999941 ], [ -60.803230189999972, -33.559509769999977 ], [ -60.803066009999952, -33.559688229999949 ], [ -60.802988856999946, -33.559960856999957 ], [ -60.80292324, -33.560187910999964 ], [ -60.802630499999964, -33.560415219999982 ], [ -60.802393070999983, -33.561032532999945 ], [ -60.80265198099994, -33.561349089999958 ], [ -60.802497049999943, -33.561587089999939 ], [ -60.802571530999963, -33.561984318999976 ], [ -60.802444969999961, -33.562229489999936 ], [ -60.802224030999973, -33.562230448999976 ], [ -60.802088049999959, -33.562258048999972 ], [ -60.802035787999955, -33.562198614999943 ], [ -60.801959569999944, -33.562111938999976 ], [ -60.801831069999935, -33.562074828999975 ], [ -60.801640709999958, -33.562110519999969 ], [ -60.801578538999941, -33.562262077999939 ], [ -60.801343279999969, -33.562979019999936 ], [ -60.800962568999985, -33.563252659999932 ], [ -60.800712719999972, -33.563347839999942 ], [ -60.800558059999958, -33.563621478999956 ], [ -60.800308210999965, -33.563645269999931 ], [ -60.800013055999962, -33.56367423599994 ], [ -60.799511098999979, -33.563859419999972 ], [ -60.798942851999975, -33.564244806999973 ], [ -60.798547410999952, -33.564763619999951 ], [ -60.798585932999963, -33.564958642999962 ], [ -60.798725869999942, -33.56515622999995 ], [ -60.79877345999995, -33.565596429999978 ], [ -60.798499820999957, -33.566084219999929 ], [ -60.797976339999927, -33.566262679999959 ], [ -60.797574661999938, -33.566326832999941 ], [ -60.797107839999967, -33.566084219999937 ], [ -60.79678660999997, -33.566048528999929 ], [ -60.796417798999983, -33.566369750999961 ], [ -60.796227439999946, -33.566750469999931 ], [ -60.796258531999968, -33.567137230999954 ], [ -60.796248102999982, -33.567272790999937 ], [ -60.796405899999975, -33.56765465999996 ], [ -60.795632570999949, -33.568392298999974 ], [ -60.794803219999956, -33.568413197999966 ], [ -60.794574010999952, -33.568507952999937 ], [ -60.794279019, -33.568644105999958 ], [ -60.79394315899998, -33.568951469999952 ], [ -60.793455368999957, -33.569510639999983 ], [ -60.793336390999968, -33.569855660999956 ], [ -60.793086549999948, -33.570057919999947 ], [ -60.792532839999986, -33.570149840999925 ], [ -60.792385567999979, -33.570242855999936 ], [ -60.79096882999994, -33.570510018999983 ], [ -60.79055242099998, -33.570533809999965 ], [ -60.790100328999984, -33.570771758999982 ], [ -60.789850480999966, -33.570974009999922 ], [ -60.789831499999941, -33.571150200999952 ], [ -60.789755309, -33.571438008999955 ], [ -60.789362690999951, -33.571735439999934 ], [ -60.788985268999973, -33.571853259999948 ], [ -60.788830142999977, -33.572097027999973 ], [ -60.788651682999955, -33.572870351999931 ], [ -60.788552299999942, -33.573019429999924 ], [ -60.78824434899996, -33.573686598999984 ], [ -60.787839839999954, -33.574031619999971 ], [ -60.786986060999936, -33.574476488999942 ], [ -60.786510169999985, -33.575011868999979 ], [ -60.786305088999939, -33.57525703999994 ], [ -60.784547668999949, -33.575963208999944 ], [ -60.784249680999956, -33.576201598999937 ], [ -60.78403233999996, -33.576318628999957 ], [ -60.78324747999995, -33.576994049999939 ], [ -60.782827039999972, -33.577067530999955 ], [ -60.782703031, -33.577153381999949 ], [ -60.782108166999933, -33.577569788999945 ], [ -60.781998259999959, -33.577993419999984 ], [ -60.782147718999973, -33.578044419999955 ], [ -60.782367079999979, -33.578374138999955 ], [ -60.781950669999958, -33.578969 ], [ -60.781688929999973, -33.57904038099997 ], [ -60.781332009999964, -33.578980899999983 ], [ -60.780547211999988, -33.578626928999938 ], [ -60.780331710999981, -33.578529729999957 ], [ -60.779284794999967, -33.578552590999934 ], [ -60.77856439899994, -33.578766750999925 ], [ -60.778333709999977, -33.578861479999951 ], [ -60.777762819999964, -33.579242639999954 ], [ -60.776941909999948, -33.579432998999941 ], [ -60.775799768999946, -33.57954006999995 ], [ -60.775120739999977, -33.579386380999956 ], [ -60.77469331899993, -33.579278329999966 ], [ -60.774573383999943, -33.57945077699997 ], [ -60.774540379999962, -33.579498229999956 ], [ -60.774288809999973, -33.580158729999944 ], [ -60.774086550999975, -33.580242009999949 ], [ -60.773908090999953, -33.580111139999914 ], [ -60.773527379999962, -33.580146830999979 ], [ -60.772992, -33.580313398999969 ], [ -60.772050891999982, -33.580253322999958 ], [ -60.77149293999998, -33.580337189999973 ], [ -60.771281618999986, -33.580544112999981 ], [ -60.771183609999973, -33.58089636099993 ], [ -60.77102894899997, -33.58093205899997 ], [ -60.770327008999971, -33.581098619999977 ], [ -60.769604409999943, -33.581138838999948 ], [ -60.769268269999941, -33.58129162999996 ], [ -60.769113479999987, -33.581574509999939 ], [ -60.768785828999967, -33.581675098999938 ], [ -60.768292568999989, -33.581883839999932 ], [ -60.768233677999945, -33.581901159999973 ], [ -60.768214770999975, -33.581906720999939 ], [ -60.767888059999962, -33.582002809999949 ], [ -60.767364578999953, -33.582074198999969 ], [ -60.766983859999982, -33.581979019999942 ], [ -60.766739995999956, -33.581870176999921 ], [ -60.766638889999975, -33.581825049999949 ], [ -60.766115359999958, -33.581824350999973 ], [ -60.765925, -33.581907630999979 ], [ -60.765817928999986, -33.582050399999957 ], [ -60.765805838999945, -33.582248238999966 ], [ -60.765901209999974, -33.582550089999977 ], [ -60.765823874999967, -33.582698804999957 ], [ -60.765746540999942, -33.582847519999966 ], [ -60.765461009999974, -33.583073569999954 ], [ -60.765032708999975, -33.583073569999975 ], [ -60.764515328999948, -33.582956435999961 ], [ -60.764331225999975, -33.583038259999974 ], [ -60.764325739999954, -33.583040697999941 ], [ -60.763580352999952, -33.583371980999956 ], [ -60.76324810999995, -33.58378740999995 ], [ -60.76264924099997, -33.584015680999983 ], [ -60.76256908199997, -33.584085818999938 ], [ -60.761713358999948, -33.584429859999936 ], [ -60.760987619999987, -33.584417968999958 ], [ -60.760669367999981, -33.584798692999982 ], [ -60.760511729999969, -33.58508421899996 ], [ -60.760368959999937, -33.585131800999925 ], [ -60.760107219999952, -33.585131800999939 ], [ -60.759881169999971, -33.585024729999915 ], [ -60.759274409999939, -33.585048519999916 ], [ -60.758975009999972, -33.584931707999942 ], [ -60.75873686999995, -33.584953356999961 ], [ -60.758419101999948, -33.585053195999933 ], [ -60.758326880999967, -33.585082169999964 ], [ -60.758025189999948, -33.585310260999961 ], [ -60.757619830999943, -33.585846060999977 ], [ -60.757226989999943, -33.585971578999924 ], [ -60.756609409999946, -33.586285839999945 ], [ -60.755756558999963, -33.586551329999963 ], [ -60.755636661999972, -33.586671226999947 ], [ -60.755538658999967, -33.586785529999922 ], [ -60.755431579999936, -33.586904499999932 ], [ -60.75544347899995, -33.587059169999968 ], [ -60.755773010999974, -33.587276030999931 ], [ -60.755895570999947, -33.587392289999961 ], [ -60.755907469999954, -33.587523159999925 ], [ -60.755824189999935, -33.587761109999981 ], [ -60.755586248999975, -33.587951468999968 ], [ -60.755146040999939, -33.587963359999947 ], [ -60.754777229999952, -33.58783249 ], [ -60.754348928999953, -33.587642138999968 ], [ -60.753932519999978, -33.587475569999981 ], [ -60.753527130999935, -33.587238602999946 ], [ -60.752683299999944, -33.587178139999928 ], [ -60.752283469999945, -33.587349329999924 ], [ -60.751833710999968, -33.587585625999964 ], [ -60.75121993099998, -33.587606440999934 ], [ -60.750845760999937, -33.587373695999929 ], [ -60.750422810999972, -33.587511268999947 ], [ -60.749304469999977, -33.587487469999921 ], [ -60.74854181599995, -33.587474808999957 ], [ -60.748431264999965, -33.587537633999929 ], [ -60.747223939999969, -33.588223739999925 ], [ -60.747115559999934, -33.588288930999965 ], [ -60.746771348999971, -33.588398260999952 ], [ -60.746234959999981, -33.588379769999946 ], [ -60.745782868999981, -33.588225100999985 ], [ -60.745342668999974, -33.588118029999976 ], [ -60.744747799999978, -33.588022849999952 ], [ -60.744698149999977, -33.587997950999984 ], [ -60.744404610999929, -33.587850740999947 ], [ -60.744035829999966, -33.587558139999935 ], [ -60.743678909999979, -33.587146878999931 ], [ -60.743441922999978, -33.58708763099996 ], [ -60.742987, -33.587166239999924 ], [ -60.742643950999941, -33.587440347999959 ], [ -60.742011419999983, -33.587808699999975 ], [ -60.741559319999965, -33.587832489999982 ], [ -60.740928768999936, -33.587642138999968 ], [ -60.73996508099998, -33.587487469999935 ], [ -60.737628368999935, -33.587055579999969 ], [ -60.736907478999967, -33.586987780999941 ], [ -60.735812920999926, -33.587011579999967 ], [ -60.735574975999953, -33.586849686999976 ], [ -60.735015800999975, -33.586595169999953 ], [ -60.734534629999985, -33.586530351999947 ], [ -60.734390445999964, -33.586510928999928 ], [ -60.733329215999966, -33.586790199999932 ], [ -60.732139485999937, -33.586790199999932 ], [ -60.731128212999977, -33.586849686999969 ], [ -60.730350152999961, -33.586849686999983 ], [ -60.729878997999947, -33.586849686999983 ], [ -60.729782037999932, -33.58686679799996 ], [ -60.728867726999965, -33.587028145999959 ], [ -60.728153887999952, -33.587325578999987 ], [ -60.727329822999934, -33.587025918999984 ], [ -60.726845182999966, -33.586849686999969 ], [ -60.726526232999959, -33.586865633999928 ], [ -60.725655452999952, -33.586909171999942 ], [ -60.72464418199997, -33.587028145999959 ], [ -60.723751885999938, -33.587325578999987 ], [ -60.722383695999952, -33.587741982999937 ], [ -60.721431910999968, -33.588039416999948 ], [ -60.720274162999942, -33.588130900999936 ], [ -60.719203406999952, -33.587714497999968 ], [ -60.718787000999953, -33.58729809099998 ], [ -60.718013676999988, -33.587119630999943 ], [ -60.717359323, -33.58729809099998 ], [ -60.717002405999949, -33.587238602999939 ], [ -60.716169592999961, -33.587417062999968 ], [ -60.715658889999979, -33.587417062999975 ], [ -60.715658843999961, -33.587417063999958 ], [ -60.71414705199998, -33.587536036999957 ], [ -60.713505478999942, -33.587570749999941 ], [ -60.712291949999958, -33.587975259999943 ], [ -60.711827077999949, -33.588249876999946 ], [ -60.71129257999997, -33.588760479999962 ], [ -60.710721509999985, -33.588605818999952 ], [ -60.710525710999953, -33.588385555999942 ], [ -60.710367416999986, -33.587713519999951 ], [ -60.710367416999986, -33.587623009999952 ], [ -60.709951010999987, -33.587266090999933 ], [ -60.708971722999927, -33.586881682999945 ], [ -60.708079426999973, -33.586822196999933 ], [ -60.707187128999976, -33.586762710999956 ], [ -60.706294830999973, -33.586643738999939 ], [ -60.705224072999947, -33.586346306999936 ], [ -60.704093829999984, -33.585929900999936 ], [ -60.70343947799995, -33.585632467999972 ], [ -60.702277249999952, -33.58530303699996 ], [ -60.701483370999938, -33.585086524999937 ], [ -60.700968545999956, -33.584946117999948 ], [ -60.700314192999933, -33.585065089999937 ], [ -60.698886517999945, -33.585065089999944 ], [ -60.697934732999961, -33.585065089999937 ], [ -60.697168757999968, -33.585090118999972 ], [ -60.696955446999937, -33.585097089999984 ], [ -60.696241608999976, -33.584978116999928 ], [ -60.695706229999985, -33.584680682999917 ], [ -60.694575985999968, -33.584680682999938 ], [ -60.693743174999952, -33.584561709999932 ], [ -60.693326768999952, -33.584502221999976 ], [ -60.692695522999941, -33.58435369499994 ], [ -60.692315497999978, -33.584264277999978 ], [ -60.691357160999985, -33.584197829999937 ], [ -60.690627379999967, -33.584147228999932 ], [ -60.690292955999958, -33.584264277999978 ], [ -60.689519630999932, -33.584502221999969 ], [ -60.688329900999975, -33.584442737999957 ], [ -60.687794520999944, -33.58444273799995 ], [ -60.687497089999972, -33.584680682999924 ], [ -60.686247871999967, -33.584918628999951 ], [ -60.685593521, -33.585037601999943 ], [ -60.684582248999959, -33.585156576999957 ], [ -60.68398738299998, -33.585424262999929 ], [ -60.683598480999933, -33.586195332999978 ], [ -60.682765669999981, -33.586552251999926 ], [ -60.681694910999965, -33.587028145999973 ], [ -60.68068364099998, -33.58708763099996 ], [ -60.680036110999943, -33.587187367999945 ], [ -60.678241868999976, -33.587677829999961 ], [ -60.676754699999954, -33.588213208999946 ], [ -60.676124140999953, -33.588665300999928 ], [ -60.675065280999952, -33.588843759999968 ], [ -60.674327649999952, -33.588736689999955 ], [ -60.673708989999966, -33.588962738999946 ], [ -60.673517863999962, -33.589134770999976 ], [ -60.672950391999954, -33.58964555099994 ], [ -60.670722769999948, -33.590747329999942 ], [ -60.669202740999935, -33.591311175999969 ], [ -60.667299171999957, -33.591608608999927 ], [ -60.665871496999948, -33.592025012999947 ], [ -60.664800738999986, -33.592322446999958 ], [ -60.66456266199998, -33.592590283999975 ], [ -60.664324846999932, -33.592857825999936 ], [ -60.663611008999958, -33.593690636999952 ], [ -60.662480762999969, -33.594404472999933 ], [ -60.661647951999953, -33.594999340999955 ], [ -60.660517708999976, -33.595653690999939 ], [ -60.660099426999977, -33.597117679999933 ], [ -60.660098496999971, -33.597120933999975 ], [ -60.660041816999971, -33.59731931299995 ], [ -60.659800521999955, -33.597962767999945 ], [ -60.659684897999959, -33.59827109899993 ], [ -60.659327978999947, -33.599222881999928 ], [ -60.659090031999938, -33.599877235999934 ], [ -60.65858037999994, -33.600731549999978 ], [ -60.657752328999948, -33.60066492899994 ], [ -60.657139634999972, -33.600606681999984 ], [ -60.656967007999981, -33.600937529999946 ], [ -60.656933789999975, -33.601645260999923 ], [ -60.656532110999926, -33.602387658999923 ], [ -60.656532110999926, -33.603030019999949 ], [ -60.656353651999957, -33.60380334599995 ], [ -60.655461352999964, -33.604517183 ], [ -60.654212137999934, -33.605528456999934 ], [ -60.652811372999956, -33.606520663999959 ], [ -60.65278446099996, -33.60653972599993 ], [ -60.652249080999979, -33.607372537999929 ], [ -60.65147575799994, -33.607550996999969 ], [ -60.650167052999969, -33.607134590999976 ], [ -60.649334241999952, -33.607015618999981 ], [ -60.648203998999975, -33.607432022999951 ], [ -60.647609131999957, -33.608205348999945 ], [ -60.646538375999967, -33.609097646999928 ], [ -60.64606248299998, -33.609811482999923 ], [ -60.644932239999939, -33.610703780999984 ], [ -60.644277887999976, -33.611179672999981 ], [ -60.643798688999937, -33.611556188999948 ], [ -60.643522276999931, -33.612091360999948 ], [ -60.643623535999957, -33.612428890999972 ], [ -60.643266616999945, -33.61302375799994 ], [ -60.642076886999966, -33.613559135999935 ], [ -60.641422532999968, -33.61427297299997 ], [ -60.640768181999931, -33.615343730999925 ], [ -60.639697425999934, -33.61611705699994 ], [ -60.639102559999976, -33.616295516999969 ], [ -60.638969967999977, -33.616224120999952 ], [ -60.638569717999985, -33.616008600999976 ], [ -60.637615396999934, -33.616176542999938 ], [ -60.636782585999981, -33.616771408999966 ], [ -60.63600926099997, -33.617128327999978 ], [ -60.635354760999981, -33.617697617999973 ], [ -60.635208430999967, -33.617814679999981 ], [ -60.634673055999933, -33.618290568999953 ], [ -60.63443510999997, -33.61876646099995 ], [ -60.634241030999981, -33.618984800999939 ], [ -60.632312639999952, -33.619748810999972 ], [ -60.631936675999953, -33.619777730999957 ], [ -60.63157975699994, -33.620015678999948 ], [ -60.631520270999935, -33.620313110999973 ], [ -60.63157975699994, -33.620729517999969 ], [ -60.631401297999957, -33.620967461999939 ], [ -60.631163350999948, -33.621324381999941 ], [ -60.630568485999966, -33.621859760999932 ], [ -60.630390026999983, -33.622097707999963 ], [ -60.630033107999971, -33.622395139999973 ], [ -60.629676187999962, -33.622573599999953 ], [ -60.629378755999937, -33.622930518999972 ], [ -60.629081321999941, -33.623049490999954 ], [ -60.628843376999953, -33.623168462999949 ], [ -60.628664917999963, -33.622633085999951 ], [ -60.628453631999953, -33.622572717999958 ], [ -60.628248510999974, -33.622514111999962 ], [ -60.627891591999962, -33.622752058999943 ], [ -60.627802506999963, -33.62297477399995 ], [ -60.62777261999998, -33.623049490999961 ], [ -60.627951078999963, -33.62322795099994 ], [ -60.628189022999948, -33.623406409999966 ], [ -60.628189022999948, -33.623584870999942 ], [ -60.626669876999983, -33.624504656999932 ], [ -60.625480145999973, -33.625456439999937 ], [ -60.624528360999925, -33.625753872999958 ], [ -60.623695549999972, -33.625932332999966 ], [ -60.622267872999934, -33.625991818999985 ], [ -60.62125660199996, -33.625872846999989 ], [ -60.620542762999939, -33.626229765999938 ], [ -60.620515262999959, -33.626618682999947 ], [ -60.620030833, -33.627902049999939 ], [ -60.619920397999977, -33.628343791999946 ], [ -60.619174572999952, -33.628668711999978 ], [ -60.618466460999976, -33.628432674999935 ], [ -60.618282276999935, -33.628371280999943 ], [ -60.617865870999935, -33.627954876999979 ], [ -60.617897856999953, -33.627392007999958 ], [ -60.618222789999948, -33.626705657999942 ], [ -60.617925355999937, -33.625991818999978 ], [ -60.617568437999985, -33.625456439999923 ], [ -60.616557166999939, -33.625396952999949 ], [ -60.615623901999982, -33.625671442999938 ], [ -60.614746990999947, -33.626067070999959 ], [ -60.614534622999933, -33.626527198999952 ], [ -60.613766687999941, -33.626791092999952 ], [ -60.613404380999953, -33.626646170999948 ], [ -60.612757905999949, -33.626565362999941 ], [ -60.612452596999958, -33.626527198999952 ], [ -60.611322351999945, -33.626824630999977 ], [ -60.610608512999931, -33.627419497999938 ], [ -60.609025800999973, -33.629262142999941 ], [ -60.608677442999976, -33.629414549999979 ], [ -60.608261039999945, -33.62977146899992 ], [ -60.607725660999968, -33.629949928999963 ], [ -60.607249768999964, -33.630128387999953 ], [ -60.606904129999975, -33.630222651999929 ], [ -60.60654307, -33.630284820999961 ], [ -60.605937179999955, -33.630389149999928 ], [ -60.605077469999976, -33.629886685999971 ], [ -60.603833739999978, -33.629427849999956 ], [ -60.603062790999957, -33.628647388999973 ], [ -60.602729669999974, -33.627762229999973 ], [ -60.60183499, -33.627352959999932 ], [ -60.600169369999946, -33.627943068999969 ], [ -60.599431420999956, -33.628893798999968 ], [ -60.597618589999975, -33.62980856099994 ], [ -60.596094299999955, -33.630256537999969 ], [ -60.595736882999972, -33.630274849999971 ], [ -60.594606639999945, -33.630929200999951 ], [ -60.593714340999952, -33.630750740999929 ], [ -60.592616082999946, -33.631139659 ], [ -60.592251889999943, -33.631422919999977 ], [ -60.591470059999949, -33.631597919999919 ], [ -60.590318399999951, -33.632045259999984 ], [ -60.589404689999981, -33.63195959899997 ], [ -60.588182092999951, -33.63134560799994 ], [ -60.587418739999983, -33.631059348999933 ], [ -60.58639242299995, -33.631556062999948 ], [ -60.586813905999975, -33.632356877999939 ], [ -60.587111336999961, -33.633130200999965 ], [ -60.586978267999946, -33.633751192999966 ], [ -60.586932877999971, -33.63396301299997 ], [ -60.586878301999946, -33.63409945099994 ], [ -60.585981091999948, -33.634379419999959 ], [ -60.585148281, -33.634498390999966 ], [ -60.583944090999978, -33.634674717999921 ], [ -60.583661118999942, -33.634438907999936 ], [ -60.582768820999952, -33.634319932999965 ], [ -60.581876521999959, -33.634795825999952 ], [ -60.581164087999973, -33.635353498999947 ], [ -60.581164043999941, -33.635353533999925 ], [ -60.580195928999956, -33.636074487999949 ], [ -60.579794492999952, -33.636104528999958 ], [ -60.579021168999986, -33.636282988999938 ], [ -60.577890925999959, -33.636937340999957 ], [ -60.576165368999966, -33.637889210999965 ], [ -60.574223728999982, -33.637965358999963 ], [ -60.573523519999974, -33.637382730999953 ], [ -60.572834119999982, -33.636899359999973 ], [ -60.571758608999964, -33.636889839999974 ], [ -60.570625979999924, -33.637175378999984 ], [ -60.570514595999953, -33.638365017999938 ], [ -60.57015767799998, -33.639495259999933 ], [ -60.570071657999961, -33.639575135999962 ], [ -60.569324865999938, -33.640268585999912 ], [ -60.56789718999994, -33.641041910999952 ], [ -60.566442011999982, -33.641847232999957 ], [ -60.56590663299994, -33.642204150999923 ], [ -60.565073821999938, -33.642680042999977 ], [ -60.564300498999948, -33.64315593699996 ], [ -60.563820720999956, -33.643285829999968 ], [ -60.562747649999956, -33.644340329999977 ], [ -60.562158982999961, -33.644702586999976 ], [ -60.561212830999978, -33.64520843899993 ], [ -60.559528178999976, -33.645579629999929 ], [ -60.558205199, -33.645988899999956 ], [ -60.557624608999959, -33.646360090999956 ], [ -60.556948839999968, -33.646598039999965 ], [ -60.556453909999959, -33.646598039999965 ], [ -60.555892359999973, -33.646483828999969 ], [ -60.555368879999946, -33.646436239999957 ], [ -60.553541449999962, -33.646474309999974 ], [ -60.552456419999949, -33.646103109999963 ], [ -60.552018598999943, -33.646150699999971 ], [ -60.551295239999945, -33.646302989999981 ], [ -60.550714649999975, -33.646559969999942 ], [ -60.549924669999939, -33.646702738999963 ], [ -60.548849159, -33.646759840999941 ], [ -60.548335189999932, -33.646645629999966 ], [ -60.547973509999956, -33.646512379999933 ], [ -60.547583279999976, -33.646464789999975 ], [ -60.547174010999981, -33.646645629999966 ], [ -60.546755229999974, -33.646797918999937 ], [ -60.546355479999939, -33.646807430999942 ], [ -60.545793928999956, -33.646721769999935 ], [ -60.545089608999945, -33.646702738999977 ], [ -60.544480460999985, -33.646731289999927 ], [ -60.543804699999953, -33.646816949999959 ], [ -60.542995679999933, -33.64695971999997 ], [ -60.542215219999953, -33.647159590999934 ], [ -60.541777398999955, -33.647311879999947 ], [ -60.541320539999958, -33.647302359999962 ], [ -60.54078753999994, -33.64712152 ], [ -60.540502008999965, -33.646988269999952 ], [ -60.540168879999953, -33.646950199999935 ], [ -60.539388419999966, -33.647026340999957 ], [ -60.538312899999937, -33.647264289999953 ], [ -60.537323048999959, -33.64741657899998 ], [ -60.536666310999976, -33.647673558999941 ], [ -60.53642980799998, -33.647907736999969 ], [ -60.535933439999958, -33.648178 ], [ -60.535655491999933, -33.648239779999983 ], [ -60.535371889999965, -33.648273179999933 ], [ -60.534973168999954, -33.648069199999952 ], [ -60.534465761999975, -33.647942348999948 ], [ -60.53392852799994, -33.648121426999971 ], [ -60.533382659999972, -33.648444499999975 ], [ -60.532615059999955, -33.648559248999966 ], [ -60.532502706999935, -33.648596699999977 ], [ -60.531831249999982, -33.648634859999952 ], [ -60.531222109999987, -33.64858726999995 ], [ -60.530540849999966, -33.648314680999938 ], [ -60.529487360999951, -33.648406288999979 ], [ -60.529071078999948, -33.648634859999959 ], [ -60.528328679999966, -33.648891839999976 ], [ -60.527922242999978, -33.648894130999949 ], [ -60.527062809999961, -33.648844249999975 ], [ -60.526632023999987, -33.64850315499995 ], [ -60.525616099999979, -33.648082820999939 ], [ -60.525378149999938, -33.64802571999995 ], [ -60.525149719999938, -33.648054269999939 ], [ -60.524888430999972, -33.648120807999931 ], [ -60.524159869999956, -33.648615820999964 ], [ -60.523807708999982, -33.648711 ], [ -60.523331818999957, -33.648730039999961 ], [ -60.523150978999986, -33.648606308999945 ], [ -60.522922549999976, -33.648434980999973 ], [ -60.522867081999941, -33.648240972999922 ], [ -60.522786529999962, -33.647959229999962 ], [ -60.522808330999965, -33.646912129999976 ], [ -60.522865439999975, -33.646483828999976 ], [ -60.522589419999974, -33.646074559999924 ], [ -60.522104009999971, -33.645589149999971 ], [ -60.521656670999967, -33.645436860999951 ], [ -60.521247408999955, -33.645284579999945 ], [ -60.52015285899995, -33.644684950999938 ], [ -60.519724549999978, -33.644703989999982 ], [ -60.519505639999984, -33.644665919999966 ], [ -60.519029749999966, -33.644370868999943 ], [ -60.518687109, -33.644256649999924 ], [ -60.517963749999986, -33.64446604099993 ], [ -60.517278468999962, -33.644713509999981 ], [ -60.516688359999932, -33.64478964999995 ], [ -60.515879339999977, -33.644599290999956 ], [ -60.515051289999974, -33.644561219999957 ], [ -60.51402336099995, -33.644494598999984 ], [ -60.513604579999935, -33.644599290999956 ], [ -60.513242899999966, -33.644742059999935 ], [ -60.512890739999932, -33.644723028999977 ], [ -60.512557618999942, -33.644646879999975 ], [ -60.512310149999962, -33.644684950999945 ], [ -60.511919919999961, -33.64484675999995 ], [ -60.510904298999954, -33.64548992899995 ], [ -60.510130568999955, -33.645988899999963 ], [ -60.509664189999974, -33.646112629999941 ], [ -60.509407209999949, -33.646065039999932 ], [ -60.508985098999979, -33.645890648999966 ], [ -60.508636260999936, -33.645808059999986 ], [ -60.508169889999976, -33.645750949999979 ], [ -60.507551229999926, -33.645846129999931 ], [ -60.506430940999962, -33.645955877999938 ], [ -60.506056929999943, -33.646036489999979 ], [ -60.505571519999933, -33.645969859999965 ], [ -60.504858939999963, -33.645788660999983 ], [ -60.503878798999949, -33.645746045999942 ], [ -60.503410969999941, -33.645874680999952 ], [ -60.502572821999941, -33.645653606999929 ], [ -60.502117309999967, -33.645552380999966 ], [ -60.501983289999941, -33.645360719999928 ], [ -60.501669199999981, -33.645056149999952 ], [ -60.501250418999973, -33.644856278999953 ], [ -60.501002949999986, -33.644646879999975 ], [ -60.500498508999954, -33.644513629999942 ], [ -60.499870329999965, -33.64446604099993 ], [ -60.499156489999969, -33.644513629999949 ], [ -60.497928689999981, -33.644542188999928 ], [ -60.497652669999979, -33.644427969999974 ], [ -60.496976908999947, -33.64414243899995 ], [ -60.496101259999932, -33.643914009999953 ], [ -60.495530189999947, -33.64359039999993 ], [ -60.495054299999943, -33.643266798999932 ], [ -60.494673588999945, -33.642876560999973 ], [ -60.494245280999962, -33.642848009999966 ], [ -60.49348385899998, -33.642943189999976 ], [ -60.492884229999959, -33.642895599999974 ], [ -60.491374199999939, -33.64332830099994 ], [ -60.490445732999952, -33.643421370999931 ], [ -60.489762379999945, -33.643333419999976 ], [ -60.48949394999994, -33.643123938999963 ], [ -60.489315039999958, -33.642886079999975 ], [ -60.489077090999963, -33.642571989999965 ], [ -60.488658309999956, -33.642419708999959 ], [ -60.488011098999941, -33.642353079999964 ], [ -60.487630379999985, -33.642219829999924 ], [ -60.48737339999996, -33.642096099999932 ], [ -60.486916540999971, -33.641677318999932 ], [ -60.486535829999987, -33.641563099999928 ], [ -60.485955239999953, -33.641525029999961 ], [ -60.484466770999973, -33.641475576999923 ], [ -60.484384001999956, -33.641449889999933 ], [ -60.483921920999933, -33.641306485999955 ], [ -60.483109408999951, -33.640754080999955 ], [ -60.482490748999972, -33.640401920999984 ], [ -60.481129690999985, -33.639469178999953 ], [ -60.480853678999942, -33.639164600999948 ], [ -60.480358749999937, -33.638926659999981 ], [ -60.47879578, -33.638427470999943 ], [ -60.478667400999946, -33.638365017999938 ], [ -60.477477670999967, -33.637889122999972 ], [ -60.477113160999984, -33.637584639999943 ], [ -60.476399328999946, -33.637489460999966 ], [ -60.475573059999988, -33.637719977999943 ], [ -60.474860262999989, -33.63782963899996 ], [ -60.474438649999968, -33.638070049999953 ], [ -60.473286989999963, -33.638070049999953 ], [ -60.472877720999975, -33.63803197999993 ], [ -60.472699148999943, -33.637914913999964 ], [ -60.472373699999935, -33.637701559999982 ], [ -60.472116298999936, -33.637403800999948 ], [ -60.471431009999947, -33.637165859999975 ], [ -60.470736209999977, -33.637213448999951 ], [ -60.469898639999933, -33.637508499999967 ], [ -60.469489369999962, -33.637584639999936 ], [ -60.468990570999949, -33.637791835999963 ], [ -60.468548600999952, -33.637749741999983 ], [ -60.468146831999952, -33.637479929999984 ], [ -60.467947479999964, -33.63734669899997 ], [ -60.467899889999956, -33.637146819999934 ], [ -60.46791892899995, -33.637004050999963 ], [ -60.468052179, -33.636785140999976 ], [ -60.468071209999948, -33.636585269999962 ], [ -60.46814496099995, -33.636025308999926 ], [ -60.467793531999973, -33.635498168999959 ], [ -60.46759531999998, -33.635490718999954 ], [ -60.466795819999966, -33.635509749999983 ], [ -60.465929699999947, -33.635443129999942 ], [ -60.465558499999986, -33.635566859999976 ], [ -60.465168269999943, -33.635357468999985 ], [ -60.464416359999973, -33.635071929999981 ], [ -60.463845289999938, -33.634824469999948 ], [ -60.463407469999929, -33.63461507899995 ], [ -60.46300771999995, -33.634310500999959 ], [ -60.462817359999974, -33.634186769999928 ], [ -60.462531829999932, -33.633958340999982 ], [ -60.462431323999965, -33.633718672999983 ], [ -60.462408098999965, -33.633663289999951 ], [ -60.462299698999963, -33.633147695999988 ], [ -60.462070660999984, -33.632832770999975 ], [ -60.462028538999959, -33.632685339999966 ], [ -60.462141598999956, -33.632340309999961 ], [ -60.462131655999947, -33.632225988999949 ], [ -60.462122559999955, -33.632121399999967 ], [ -60.461817989999986, -33.631702618999959 ], [ -60.461599079999985, -33.631502739999966 ], [ -60.461151739999941, -33.631417079999956 ], [ -60.460466458999967, -33.631512259999951 ], [ -60.460054328999952, -33.631657420999943 ], [ -60.459572226999974, -33.63146457999995 ], [ -60.458917875999987, -33.629977416999971 ], [ -60.458433732999936, -33.629263946999963 ], [ -60.457830009999959, -33.628561728999941 ], [ -60.457749508999939, -33.628253548999957 ], [ -60.457592068999986, -33.628019209999927 ], [ -60.457506408999961, -33.627619459999956 ], [ -60.457468330999973, -33.627238748999957 ], [ -60.457534959999975, -33.626838998999972 ], [ -60.45772814299994, -33.62650586999996 ], [ -60.458048919999953, -33.626106119999953 ], [ -60.458277349999953, -33.625734928999968 ], [ -60.458515298999934, -33.625335178999926 ], [ -60.458600959999956, -33.625078198999965 ], [ -60.458510975999964, -33.624858048999954 ], [ -60.458427798999935, -33.624572151999985 ], [ -60.457847117999954, -33.624088249999943 ], [ -60.457586239999948, -33.62385108899997 ], [ -60.457154249, -33.623688589999972 ], [ -60.456973408999936, -33.623488718999958 ], [ -60.456954373999956, -33.623336429999931 ], [ -60.456935338999976, -33.623184140999967 ], [ -60.456992439999965, -33.622927159999961 ], [ -60.457116170999939, -33.622717769999952 ], [ -60.457358963999987, -33.62259460599995 ], [ -60.457517638999946, -33.622514112999973 ], [ -60.458083142999961, -33.622227241999944 ], [ -60.458176539999947, -33.622157192999971 ], [ -60.458677099999939, -33.621899238999958 ], [ -60.458838900999979, -33.621689839999931 ], [ -60.458943599999948, -33.62147092999993 ], [ -60.458924560999947, -33.621280578999972 ], [ -60.458857939999973, -33.62110925099995 ], [ -60.458762759999964, -33.620833238999978 ], [ -60.458667579999933, -33.620452519999958 ], [ -60.458572400999962, -33.620014699999956 ], [ -60.458477228999989, -33.619529289999946 ], [ -60.458305900999967, -33.619186649999961 ], [ -60.458125068999955, -33.618920149999958 ], [ -60.45794422899997, -33.618501368999951 ], [ -60.457839529999944, -33.618025469999957 ], [ -60.457830009999959, -33.617644759999955 ], [ -60.457991818999965, -33.617368739999954 ], [ -60.458372529999963, -33.616169490999944 ], [ -60.458315419999963, -33.615836369999947 ], [ -60.45820120999997, -33.615198670999966 ], [ -60.458343978999949, -33.614722779999958 ], [ -60.45872468999994, -33.614085088999957 ], [ -60.458972150999962, -33.613666299999977 ], [ -60.459114919999934, -33.613295100999935 ], [ -60.459096332999934, -33.613023757999933 ], [ -60.458962638999935, -33.612752589999957 ], [ -60.459046715999932, -33.612428319999921 ], [ -60.459405838999935, -33.611839219999979 ], [ -60.460164260999932, -33.610898989999946 ], [ -60.460499769999956, -33.610213699999967 ], [ -60.460532110999971, -33.609698091999981 ], [ -60.460532113999932, -33.609698050999953 ], [ -60.460532118999943, -33.609697976999946 ], [ -60.460566541999981, -33.609216039999964 ], [ -60.460391937999987, -33.608801848999967 ], [ -60.460307029999967, -33.60860042999996 ], [ -60.460035769999941, -33.608329169999934 ], [ -60.459810172999937, -33.608264835999925 ], [ -60.459186308999961, -33.608150709999954 ], [ -60.458815109999932, -33.608000800999946 ], [ -60.458600959999956, -33.607643880999944 ], [ -60.458536709999969, -33.607322659999966 ], [ -60.458756767999951, -33.606966049999983 ], [ -60.459086369999959, -33.606694479999923 ], [ -60.459057810999987, -33.606309008999972 ], [ -60.45884365999995, -33.605837870999949 ], [ -60.458451049999951, -33.605552339999967 ], [ -60.457615859999976, -33.604945578999946 ], [ -60.457366019999938, -33.604574379999981 ], [ -60.457159000999987, -33.604131799999941 ], [ -60.45688061, -33.603503619999955 ], [ -60.45688061, -33.603203809999968 ], [ -60.456666458999955, -33.602504249999974 ], [ -60.456643586999981, -33.602372294999959 ], [ -60.456480859999942, -33.60143348999997 ], [ -60.456500667999933, -33.601374062999966 ], [ -60.456587930999937, -33.601112260999976 ], [ -60.456744979999947, -33.600669680999943 ], [ -60.456616489999988, -33.60024137999995 ], [ -60.456759258999973, -33.599670309999965 ], [ -60.457009099999929, -33.59892791999993 ], [ -60.457451679999963, -33.598349709999972 ], [ -60.457683674999942, -33.598046329999931 ], [ -60.456914456999989, -33.598484959999944 ], [ -60.45691640299998, -33.598478471999968 ], [ -60.456807, -33.598559 ], [ -60.456221004, -33.599003317999966 ], [ -60.455506984999943, -33.599544705999953 ], [ -60.454792965999964, -33.600086094999931 ], [ -60.453939753, -33.600733023999972 ], [ -60.448619065999935, -33.604767311999986 ], [ -60.435961, -33.614365 ], [ -60.434523, -33.615447 ], [ -60.433075727999949, -33.616541323999961 ], [ -60.432973, -33.616619 ], [ -60.431535, -33.617718 ], [ -60.42997, -33.618907 ], [ -60.429335, -33.619387 ], [ -60.428433, -33.618573 ], [ -60.427482, -33.617705 ], [ -60.426687450999971, -33.616995177999968 ], [ -60.426638, -33.616951 ], [ -60.419556502999974, -33.622343387999919 ], [ -60.417314, -33.624051 ], [ -60.412239068999952, -33.627878620999972 ], [ -60.406654, -33.632091 ], [ -60.405662, -33.632827 ], [ -60.404708, -33.633554 ], [ -60.403714, -33.634302 ], [ -60.402763998999944, -33.635017 ], [ -60.401763, -33.635761 ], [ -60.401253772999951, -33.636144312999924 ], [ -60.400392, -33.636793 ], [ -60.399004, -33.63783 ], [ -60.397897, -33.638651 ], [ -60.39516, -33.640719 ], [ -60.393426, -33.642014 ], [ -60.391743111999972, -33.640462359999951 ], [ -60.389964, -33.638822 ], [ -60.389488951999972, -33.638383085999969 ], [ -60.387545, -33.636587 ], [ -60.387450067999971, -33.636658670999964 ], [ -60.381574, -33.641095 ], [ -60.381655039999941, -33.641256281999965 ], [ -60.381777, -33.641499 ], [ -60.381411, -33.641708 ], [ -60.377057840999953, -33.644903567999961 ], [ -60.37659, -33.645247 ], [ -60.375245396999965, -33.646253899999977 ], [ -60.37096, -33.649463 ], [ -60.36939, -33.650782 ], [ -60.367945, -33.651933 ], [ -60.366666, -33.652931 ], [ -60.364669, -33.654451 ], [ -60.361227, -33.656805 ], [ -60.359083, -33.658424 ], [ -60.358972, -33.658517 ], [ -60.355962680999937, -33.660789817999955 ], [ -60.355350808999958, -33.661251939999936 ], [ -60.353411, -33.662717 ], [ -60.352151, -33.663702 ], [ -60.352130525999939, -33.663718012999922 ], [ -60.348044, -33.666914 ], [ -60.347951, -33.667065 ], [ -60.347908029999978, -33.667096915999927 ], [ -60.345296, -33.669037 ], [ -60.342522, -33.671163 ], [ -60.340607, -33.672644 ], [ -60.33876130699997, -33.674073882999949 ], [ -60.337479928999976, -33.675066583999964 ], [ -60.330309, -33.680622 ], [ -60.328391, -33.682099 ], [ -60.327036, -33.683138 ], [ -60.326792, -33.68327 ], [ -60.326702, -33.683051 ], [ -60.326686, -33.682839 ], [ -60.326697625999948, -33.682770951999935 ], [ -60.32672, -33.68264 ], [ -60.326605, -33.682313 ], [ -60.326515, -33.682059 ], [ -60.326515, -33.681766 ], [ -60.326517, -33.681512 ], [ -60.326559, -33.681312 ], [ -60.326677, -33.68111 ], [ -60.326725, -33.680998 ], [ -60.326822, -33.680874 ], [ -60.326952, -33.680698 ], [ -60.327125, -33.680517 ], [ -60.327287, -33.680269 ], [ -60.327382, -33.679897 ], [ -60.327492, -33.67962 ], [ -60.327687, -33.679432 ], [ -60.327854, -33.67912 ], [ -60.328014, -33.678731 ], [ -60.327871, -33.678378 ], [ -60.327713, -33.677891 ], [ -60.327695427999977, -33.677788900999921 ], [ -60.327655, -33.677554 ], [ -60.327683655999977, -33.677369821999946 ], [ -60.327758, -33.676892 ], [ -60.327884, -33.676224 ], [ -60.32789, -33.675802 ], [ -60.327843, -33.675467 ], [ -60.327667, -33.675129 ], [ -60.327559, -33.674893 ], [ -60.327321, -33.674736 ], [ -60.327165, -33.674485 ], [ -60.327, -33.674094 ], [ -60.326849, -33.673742 ], [ -60.326734, -33.673168 ], [ -60.326588, -33.672852 ], [ -60.326776, -33.672553 ], [ -60.327186, -33.672367 ], [ -60.327462, -33.672142 ], [ -60.327461650999965, -33.67213842599994 ], [ -60.327432, -33.671835 ], [ -60.327226, -33.671606 ], [ -60.32692, -33.671573 ], [ -60.326816932999975, -33.671606008999959 ], [ -60.326614, -33.671671 ], [ -60.326305, -33.671729 ], [ -60.326105, -33.671569 ], [ -60.325899, -33.671422 ], [ -60.325784, -33.671183 ], [ -60.325613, -33.670989 ], [ -60.325098, -33.67081 ], [ -60.324715, -33.670495 ], [ -60.32455, -33.670091 ], [ -60.324432, -33.669769 ], [ -60.324426993999957, -33.669610001999956 ], [ -60.324424, -33.66947 ], [ -60.324278938999953, -33.669366104999931 ], [ -60.324202, -33.669311 ], [ -60.324091, -33.669231 ], [ -60.323797, -33.668705 ], [ -60.323753581999938, -33.668622084999981 ], [ -60.323642, -33.668409 ], [ -60.323469, -33.668093 ], [ -60.323346, -33.667826 ], [ -60.323250082999948, -33.667749105999967 ], [ -60.322988, -33.667539 ], [ -60.322683, -33.666941 ], [ -60.322737116, -33.666804978999956 ], [ -60.322782509999968, -33.666690880999965 ], [ -60.322794, -33.666662 ], [ -60.322887043999977, -33.66657255399997 ], [ -60.322975, -33.666488 ], [ -60.323041, -33.666353 ], [ -60.323069, -33.666238 ], [ -60.323069, -33.666174 ], [ -60.323015070999979, -33.666145797999953 ], [ -60.32296, -33.666117 ], [ -60.32288, -33.666065 ], [ -60.322865999, -33.66597 ], [ -60.322848117999968, -33.66594615799994 ], [ -60.322809, -33.665894 ], [ -60.322791539999976, -33.665887196999961 ], [ -60.322732, -33.665864 ], [ -60.322612, -33.665807 ], [ -60.322453, -33.66581 ], [ -60.322325, -33.665743 ], [ -60.322241998999971, -33.665677 ], [ -60.322136, -33.665656 ], [ -60.322084, -33.665676 ], [ -60.32192999899997, -33.665681 ], [ -60.321788, -33.665667 ], [ -60.321679, -33.665568 ], [ -60.321574, -33.665452 ], [ -60.321505, -33.665309 ], [ -60.321485, -33.665231 ], [ -60.321533, -33.665164 ], [ -60.321575, -33.665102 ], [ -60.321580865999977, -33.66501106599997 ], [ -60.321581, -33.665009 ], [ -60.321575, -33.664902 ], [ -60.321486, -33.664777 ], [ -60.321463816999945, -33.664751427999931 ], [ -60.321414, -33.664694 ], [ -60.321312, -33.664606 ], [ -60.321177, -33.664529 ], [ -60.321046, -33.664462 ], [ -60.320886, -33.66446 ], [ -60.320713, -33.664456 ], [ -60.320539, -33.664423 ], [ -60.320491, -33.664335 ], [ -60.320453, -33.664157 ], [ -60.32041, -33.664003 ], [ -60.32048, -33.663893 ], [ -60.320520231999986, -33.663840451999931 ], [ -60.320529, -33.663829 ], [ -60.320531, -33.663739 ], [ -60.320517251999952, -33.663675039999916 ], [ -60.320508, -33.663632 ], [ -60.320502, -33.663501 ], [ -60.320486998999961, -33.663342 ], [ -60.320438, -33.663188 ], [ -60.320397, -33.662983 ], [ -60.320330998999971, -33.662822 ], [ -60.320323076999948, -33.66273906999993 ], [ -60.320316, -33.662665 ], [ -60.320302, -33.662579 ], [ -60.320293798999955, -33.662516672999963 ], [ -60.320287, -33.662465 ], [ -60.320226, -33.662318 ], [ -60.320092, -33.662207 ], [ -60.320051, -33.662062 ], [ -60.319985, -33.661919 ], [ -60.319881998999961, -33.661756 ], [ -60.319689, -33.661651 ], [ -60.319526, -33.661604 ], [ -60.319349, -33.661505 ], [ -60.319215, -33.66141 ], [ -60.319189, -33.661305 ], [ -60.319112, -33.661155 ], [ -60.319015, -33.661026 ], [ -60.318909, -33.660917 ], [ -60.31888, -33.660753 ], [ -60.318862, -33.660563 ], [ -60.31884758099995, -33.660513034999951 ], [ -60.318819, -33.660414 ], [ -60.31875, -33.660307 ], [ -60.318639684999944, -33.660162211999939 ], [ -60.318638, -33.66016 ], [ -60.318507, -33.660044 ], [ -60.318492, -33.659923 ], [ -60.318489544, -33.65977482299995 ], [ -60.318489, -33.659742 ], [ -60.31844, -33.65964 ], [ -60.318357, -33.659488 ], [ -60.31833263, -33.659405140999972 ], [ -60.318321998999977, -33.659369 ], [ -60.31833, -33.659226 ], [ -60.318344, -33.659129 ], [ -60.318358, -33.659029 ], [ -60.318431, -33.658932 ], [ -60.318511, -33.658829 ], [ -60.318536, -33.658715 ], [ -60.318513, -33.658589 ], [ -60.318393, -33.658501 ], [ -60.318253, -33.658416 ], [ -60.318146998999957, -33.658328 ], [ -60.318036, -33.658243 ], [ -60.317828, -33.658177 ], [ -60.317656, -33.658083 ], [ -60.317488, -33.657929 ], [ -60.317362, -33.657758 ], [ -60.31733, -33.657561 ], [ -60.31731, -33.657369 ], [ -60.317266993999965, -33.657212615999974 ], [ -60.317255, -33.657169 ], [ -60.317246196, -33.657153962999985 ], [ -60.317166, -33.657017 ], [ -60.317073998999938, -33.656921 ], [ -60.316937, -33.656802 ], [ -60.316726, -33.656582 ], [ -60.316557, -33.656375 ], [ -60.316517, -33.656209 ], [ -60.316438, -33.656005 ], [ -60.316352, -33.65578 ], [ -60.316161, -33.655573 ], [ -60.315984, -33.655398 ], [ -60.31585, -33.655279 ], [ -60.315769, -33.655125 ], [ -60.315669, -33.654851 ], [ -60.315502, -33.654598 ], [ -60.315394, -33.654461 ], [ -60.315308, -33.654406 ], [ -60.315188, -33.654323 ], [ -60.315112046999957, -33.654298648999941 ], [ -60.315057, -33.654281 ], [ -60.314977, -33.654119 ], [ -60.314899, -33.653935 ], [ -60.314889998999945, -33.65379 ], [ -60.314881, -33.653628 ], [ -60.314795, -33.653495 ], [ -60.314714998999939, -33.6534 ], [ -60.314646, -33.653182 ], [ -60.314608, -33.652999 ], [ -60.314571, -33.652773 ], [ -60.314469, -33.652612 ], [ -60.314381, -33.652513 ], [ -60.314195, -33.652304 ], [ -60.314033, -33.652202 ], [ -60.313879, -33.652072 ], [ -60.31377, -33.65197 ], [ -60.31371, -33.651841 ], [ -60.313602998999954, -33.651728 ], [ -60.313404, -33.651603 ], [ -60.31327, -33.65146 ], [ -60.313249, -33.651341 ], [ -60.313229, -33.651223 ], [ -60.313175, -33.651123 ], [ -60.312989, -33.651099 ], [ -60.312658964999976, -33.651145957999972 ], [ -60.312244, -33.651205 ], [ -60.311221324999963, -33.651389535999954 ], [ -60.309307826999934, -33.65173481599993 ], [ -60.306991478, -33.652152787999967 ], [ -60.306619, -33.65222 ], [ -60.306183, -33.65231 ], [ -60.303453, -33.652818 ], [ -60.300902767999958, -33.653290720999969 ], [ -60.295582, -33.654277 ], [ -60.293267, -33.654693 ], [ -60.291007, -33.655108 ], [ -60.288854, -33.655503 ], [ -60.286747, -33.655888 ], [ -60.28034721299997, -33.657030592999938 ], [ -60.279684, -33.657149 ], [ -60.279321, -33.657242 ], [ -60.271219, -33.658705 ], [ -60.26293, -33.660231 ], [ -60.262589, -33.660294 ], [ -60.254697, -33.661696 ], [ -60.245149, -33.663462 ], [ -60.239394, -33.664507 ], [ -60.23943, -33.663287 ], [ -60.239616, -33.662272 ], [ -60.239834186999985, -33.661663913999973 ], [ -60.240231, -33.660558 ], [ -60.241088, -33.658505 ], [ -60.24122, -33.657446 ], [ -60.241599, -33.656515 ], [ -60.241644, -33.654898 ], [ -60.241723, -33.654424 ], [ -60.242151, -33.653071 ], [ -60.24215, -33.652891 ], [ -60.242067, -33.652012 ], [ -60.241741, -33.650809 ], [ -60.241846, -33.650164 ], [ -60.242315, -33.649418 ], [ -60.242511, -33.649053 ], [ -60.242538998999976, -33.648841 ], [ -60.235654998999955, -33.650071 ], [ -60.224487, -33.652103 ], [ -60.223758998999983, -33.652289 ], [ -60.21286, -33.654369 ], [ -60.200262, -33.656677 ], [ -60.191866046999969, -33.658249105999957 ], [ -60.188513719999946, -33.658876814999935 ], [ -60.173133291999939, -33.661756734999983 ], [ -60.172988201999949, -33.661783901999968 ], [ -60.17224, -33.661924 ], [ -60.175072234999966, -33.673402062999969 ], [ -60.175136733999977, -33.673663448999939 ], [ -60.16818, -33.681019 ], [ -60.16729199699995, -33.68197065 ], [ -60.165278, -33.684129 ], [ -60.164921628999934, -33.684505731999934 ], [ -60.159765, -33.689957 ], [ -60.159700077999958, -33.689967994999968 ], [ -60.141242, -33.693094 ], [ -60.141194624999976, -33.693449364999921 ], [ -60.141134955999973, -33.693896953999968 ], [ -60.141062972999968, -33.694436903999922 ], [ -60.139474, -33.706356 ], [ -60.139320326999943, -33.707377393999934 ], [ -60.138795, -33.710869 ], [ -60.138770998999973, -33.711128 ], [ -60.14035099899997, -33.714183 ], [ -60.146714, -33.726662 ], [ -60.148798281, -33.730746432999979 ], [ -60.150678, -33.73443 ], [ -60.150727617999962, -33.734527639999946 ], [ -60.154560740999955, -33.742070500999937 ], [ -60.15540761799997, -33.74365701499994 ], [ -60.156338782999967, -33.745401432999969 ], [ -60.15637908399998, -33.745476930999985 ], [ -60.156709086999967, -33.746095150999949 ], [ -60.16046, -33.753122 ], [ -60.160927, -33.75405 ], [ -60.161392999, -33.754978 ], [ -60.16186, -33.755906 ], [ -60.162327, -33.756833 ], [ -60.162794, -33.757761 ], [ -60.163213, -33.758602 ], [ -60.163632, -33.759442 ], [ -60.164051, -33.760282 ], [ -60.164192875999959, -33.760566089999941 ], [ -60.164471, -33.761123 ], [ -60.164618512999937, -33.761418730999928 ], [ -60.16489, -33.761963 ], [ -60.165309, -33.762804 ], [ -60.165728, -33.763644 ], [ -60.166148, -33.764484 ], [ -60.166567, -33.765325 ], [ -60.166986, -33.766165 ], [ -60.167406, -33.767005 ], [ -60.167825, -33.767846 ], [ -60.168268, -33.768725 ], [ -60.16871, -33.769605 ], [ -60.169153, -33.770484 ], [ -60.169596, -33.771364 ], [ -60.170038, -33.772243 ], [ -60.170480998999949, -33.773123 ], [ -60.170923, -33.774002 ], [ -60.171366, -33.774882 ], [ -60.171809, -33.775761 ], [ -60.172252, -33.776641 ], [ -60.172694, -33.77752 ], [ -60.173137, -33.7784 ], [ -60.17358, -33.779279 ], [ -60.174022, -33.780159 ], [ -60.174465, -33.781038 ], [ -60.174895, -33.78189 ], [ -60.175326, -33.782742 ], [ -60.175756, -33.783594 ], [ -60.176187, -33.784446 ], [ -60.176617, -33.785298 ], [ -60.177048, -33.78615 ], [ -60.177478, -33.787002 ], [ -60.177909, -33.787854 ], [ -60.178339, -33.788706 ], [ -60.17877, -33.789558 ], [ -60.1792, -33.79041 ], [ -60.179631, -33.791262 ], [ -60.180062, -33.792114 ], [ -60.180489, -33.792956 ], [ -60.180917, -33.793799 ], [ -60.181345, -33.794641 ], [ -60.181377695999977, -33.794705397999955 ], [ -60.18150176499995, -33.794949766999935 ], [ -60.181501781999941, -33.794949800999966 ], [ -60.181501798999932, -33.794949834999947 ], [ -60.181773, -33.795484 ], [ -60.182200998999981, -33.796326 ], [ -60.182629, -33.797169 ], [ -60.183057, -33.798011 ], [ -60.183485, -33.798854 ], [ -60.183914, -33.799696 ], [ -60.184342, -33.800539 ], [ -60.18477, -33.801382 ], [ -60.185208, -33.802242 ], [ -60.185646, -33.803102 ], [ -60.186084, -33.803962 ], [ -60.186522, -33.804822 ], [ -60.18696, -33.805682 ], [ -60.187398, -33.806542 ], [ -60.187836998999948, -33.807402 ], [ -60.188275, -33.808262 ], [ -60.188713, -33.809123 ], [ -60.189151, -33.809983 ], [ -60.189589, -33.810843 ], [ -60.190027, -33.811703 ], [ -60.190466, -33.812563 ], [ -60.190904, -33.813423 ], [ -60.191366, -33.814359 ], [ -60.191827, -33.815295 ], [ -60.192289, -33.81623 ], [ -60.192750998999941, -33.817166 ], [ -60.193213, -33.818102 ], [ -60.193695, -33.819028 ], [ -60.194178, -33.819954 ], [ -60.19466, -33.82088 ], [ -60.195143, -33.821806 ], [ -60.195625, -33.822732 ], [ -60.196108, -33.823658 ], [ -60.19659, -33.824584 ], [ -60.19737, -33.825594 ], [ -60.198149, -33.826603 ], [ -60.198929, -33.827613 ], [ -60.199512, -33.8284 ], [ -60.200096, -33.829188 ], [ -60.200367449999987, -33.829554433999931 ], [ -60.200679, -33.829975 ], [ -60.201262, -33.830762 ], [ -60.201846, -33.831549 ], [ -60.202429, -33.832337 ], [ -60.203012, -33.833124 ], [ -60.203596, -33.833911 ], [ -60.204178998999964, -33.834698 ], [ -60.204762, -33.835486 ], [ -60.205346, -33.836273 ], [ -60.205968, -33.83708 ], [ -60.206591, -33.837886 ], [ -60.207214, -33.838693 ], [ -60.207837, -33.8395 ], [ -60.208459, -33.840306 ], [ -60.209082, -33.841113 ], [ -60.209705, -33.841919 ], [ -60.210328, -33.842726 ], [ -60.21095, -33.843533 ], [ -60.211573, -33.844339 ], [ -60.212196, -33.845146 ], [ -60.212818998999978, -33.845953 ], [ -60.213442, -33.846759 ], [ -60.214042, -33.847537 ], [ -60.214642, -33.848315 ], [ -60.215242, -33.849093 ], [ -60.215842, -33.849872 ], [ -60.216442, -33.85065 ], [ -60.217042, -33.851428 ], [ -60.217642, -33.852206 ], [ -60.218242, -33.852984 ], [ -60.218842, -33.853762 ], [ -60.219442, -33.85454 ], [ -60.220042, -33.855318 ], [ -60.220642, -33.856096 ], [ -60.221242, -33.856874 ], [ -60.221842, -33.857652 ], [ -60.222442, -33.858431 ], [ -60.223044, -33.859188 ], [ -60.223646, -33.859945 ], [ -60.223916649999978, -33.86028533599994 ], [ -60.224248, -33.860702 ], [ -60.224849, -33.861459 ], [ -60.225451, -33.862216 ], [ -60.226053, -33.862973 ], [ -60.226655, -33.86373 ], [ -60.227257, -33.864488 ], [ -60.227858, -33.865245 ], [ -60.22846, -33.866002 ], [ -60.229062, -33.866759 ], [ -60.229664, -33.867516 ], [ -60.230266, -33.868273 ], [ -60.230868, -33.86903 ], [ -60.231469, -33.869787 ], [ -60.231495, -33.87069 ], [ -60.23152, -33.871594 ], [ -60.231528821999973, -33.871900387999965 ], [ -60.231546, -33.872497 ], [ -60.231571, -33.8734 ], [ -60.231597, -33.874303 ], [ -60.231622, -33.875207 ], [ -60.231648, -33.87611 ], [ -60.231673, -33.877013 ], [ -60.231698, -33.877916 ], [ -60.231724, -33.878819 ], [ -60.231759, -33.879743 ], [ -60.231793998999933, -33.880667 ], [ -60.231829, -33.881591 ], [ -60.231864, -33.882515 ], [ -60.231899, -33.883439 ], [ -60.231934, -33.884362 ], [ -60.23197, -33.885286 ], [ -60.232005, -33.88621 ], [ -60.23204, -33.887134 ], [ -60.232075, -33.888057 ], [ -60.23211, -33.888981 ], [ -60.232144998999956, -33.889966 ], [ -60.232181, -33.890952 ], [ -60.232217, -33.891937 ], [ -60.232252, -33.892922 ], [ -60.232288, -33.893907 ], [ -60.232323, -33.894893 ], [ -60.232358999, -33.895878 ], [ -60.232394, -33.896863 ], [ -60.23243, -33.897848 ], [ -60.232464, -33.898783 ], [ -60.232489392999987, -33.899481298999937 ], [ -60.232498, -33.899718 ], [ -60.232533, -33.900653 ], [ -60.232567, -33.901587 ], [ -60.232601, -33.902522 ], [ -60.232635, -33.903457 ], [ -60.23267, -33.904392 ], [ -60.232704, -33.905327 ], [ -60.232738, -33.906261 ], [ -60.232772, -33.907196 ], [ -60.232807, -33.908131 ], [ -60.232841, -33.909066 ], [ -60.232889, -33.910071 ], [ -60.232937, -33.911077 ], [ -60.232985, -33.912082 ], [ -60.233032, -33.913088 ], [ -60.233063, -33.914039 ], [ -60.233094, -33.914991 ], [ -60.233125, -33.915942 ], [ -60.233155, -33.916894 ], [ -60.233186, -33.917846 ], [ -60.233216998999971, -33.918797 ], [ -60.233248, -33.919749 ], [ -60.233278, -33.9207 ], [ -60.233309, -33.921652 ], [ -60.23334, -33.922604 ], [ -60.233371, -33.923556 ], [ -60.233402, -33.924508 ], [ -60.233434, -33.92546 ], [ -60.233465, -33.926412 ], [ -60.233496, -33.927364 ], [ -60.233527, -33.928316 ], [ -60.233561, -33.929225 ], [ -60.233594, -33.930133 ], [ -60.233628, -33.931042 ], [ -60.233661, -33.93195 ], [ -60.233695, -33.932859 ], [ -60.233728, -33.933767 ], [ -60.233762, -33.934676 ], [ -60.233795, -33.935584 ], [ -60.233829, -33.936493 ], [ -60.233862, -33.937401 ], [ -60.233896, -33.93831 ], [ -60.233929, -33.939218 ], [ -60.233963, -33.940127 ], [ -60.233996, -33.941035 ], [ -60.23403, -33.941944 ], [ -60.234063, -33.942852 ], [ -60.234096, -33.943761 ], [ -60.23413, -33.944669 ], [ -60.234164, -33.945578 ], [ -60.234197, -33.946486 ], [ -60.234230998999976, -33.947395 ], [ -60.234227, -33.947568 ], [ -60.234267, -33.948515 ], [ -60.234307, -33.949463 ], [ -60.234347, -33.95041 ], [ -60.23438699899998, -33.951358 ], [ -60.234427, -33.952305 ], [ -60.234467, -33.953253 ], [ -60.234507, -33.9542 ], [ -60.234547, -33.955148 ], [ -60.234587, -33.956095 ], [ -60.234625, -33.957213 ], [ -60.234662, -33.958331 ], [ -60.234698998999932, -33.959449 ], [ -60.234736, -33.960566 ], [ -60.234796, -33.96166 ], [ -60.234856, -33.962755 ], [ -60.234865559999953, -33.962959077999969 ], [ -60.234905, -33.963801 ], [ -60.234954, -33.964847 ], [ -60.235004, -33.965893 ], [ -60.235053, -33.966939 ], [ -60.235097, -33.968273 ], [ -60.235141, -33.969607 ], [ -60.235184, -33.970555 ], [ -60.235227, -33.971503 ], [ -60.23527, -33.972451 ], [ -60.235313, -33.973399 ], [ -60.235356, -33.974347 ], [ -60.235394, -33.975251 ], [ -60.235431, -33.976154 ], [ -60.235469, -33.977058 ], [ -60.235506, -33.977962 ], [ -60.235544, -33.978866 ], [ -60.235569, -33.979115 ], [ -60.235612, -33.980233 ], [ -60.235654998999955, -33.981352 ], [ -60.235687, -33.982477 ], [ -60.235718, -33.983603 ], [ -60.235751998999945, -33.98456 ], [ -60.235785, -33.985517 ], [ -60.235775, -33.985706 ], [ -60.235802, -33.985873 ], [ -60.235884, -33.987663 ], [ -60.235885078999956, -33.987794108999928 ], [ -60.235888, -33.988149 ], [ -60.235884, -33.988306 ], [ -60.235926, -33.989277 ], [ -60.236022, -33.991044 ], [ -60.236017, -33.991343 ], [ -60.236032, -33.992279 ], [ -60.236046, -33.993214 ], [ -60.236061, -33.99415 ], [ -60.236076, -33.994815 ], [ -60.236102, -33.996612 ], [ -60.236144, -33.996884 ], [ -60.236134, -33.997841 ], [ -60.236125, -33.998797 ], [ -60.236116, -33.999753 ], [ -60.236107, -34.000709 ], [ -60.236098, -34.001665 ], [ -60.236096, -34.002568 ], [ -60.236094, -34.003471 ], [ -60.236092, -34.004374 ], [ -60.23609, -34.005277 ], [ -60.236088, -34.006179 ], [ -60.236086, -34.007082 ], [ -60.236083998999959, -34.007985 ], [ -60.236081, -34.008888 ], [ -60.236329, -34.009797 ], [ -60.236577, -34.010707 ], [ -60.236792602999969, -34.010794041999922 ], [ -60.237538984999965, -34.011095366999932 ], [ -60.237799998999954, -34.010892 ], [ -60.238339721999971, -34.010530786999936 ], [ -60.238701, -34.010289 ], [ -60.240031311999985, -34.009105002999938 ], [ -60.240083, -34.009059 ], [ -60.240098171999932, -34.009053170999948 ], [ -60.240804, -34.008782 ], [ -60.241526, -34.008305 ], [ -60.242277, -34.007953 ], [ -60.243013151999953, -34.007936705999953 ], [ -60.243068, -34.007914 ], [ -60.243220822999952, -34.00793210899996 ], [ -60.243542, -34.007925 ], [ -60.243615131999938, -34.007934572999936 ], [ -60.245619998999985, -34.008197 ], [ -60.246433, -34.008245 ], [ -60.246639649999956, -34.008117547999987 ], [ -60.246827, -34.008002 ], [ -60.24754, -34.007636 ], [ -60.24801, -34.007459 ], [ -60.248394366999946, -34.007558975999977 ], [ -60.248579, -34.007607 ], [ -60.249377, -34.008469 ], [ -60.249718, -34.008644 ], [ -60.250798, -34.008926 ], [ -60.251307, -34.009015 ], [ -60.251513, -34.009068 ], [ -60.253074, -34.00994 ], [ -60.254613, -34.010342 ], [ -60.254894, -34.010387 ], [ -60.255554, -34.010205 ], [ -60.256019, -34.010069 ], [ -60.256539, -34.01005 ], [ -60.257058, -34.010112 ], [ -60.257545, -34.009994 ], [ -60.257847998999978, -34.009894 ], [ -60.258216, -34.009893 ], [ -60.258411, -34.009929 ], [ -60.258693, -34.009946 ], [ -60.258941, -34.009918 ], [ -60.259233, -34.009792 ], [ -60.260022, -34.009348 ], [ -60.260239, -34.009339 ], [ -60.260834, -34.009392 ], [ -60.261051, -34.009391 ], [ -60.261343, -34.009264 ], [ -60.261548, -34.009138 ], [ -60.261991, -34.008911 ], [ -60.262175, -34.008911 ], [ -60.263032479999936, -34.009021812999947 ], [ -60.263475, -34.009079 ], [ -60.263853998999934, -34.009088 ], [ -60.2642, -34.009042 ], [ -60.264568, -34.009059 ], [ -60.265066, -34.009166 ], [ -60.266051, -34.008885 ], [ -60.266484, -34.008929 ], [ -60.267221, -34.00945 ], [ -60.267829, -34.009791 ], [ -60.268408, -34.00991 ], [ -60.270006, -34.01012 ], [ -60.270395, -34.010092 ], [ -60.270947, -34.009839 ], [ -60.27126, -34.009667 ], [ -60.272114, -34.009313 ], [ -60.272601, -34.009204 ], [ -60.2743, -34.009038 ], [ -60.274949, -34.008915 ], [ -60.27654, -34.00887 ], [ -60.276876, -34.00878 ], [ -60.27734, -34.008526 ], [ -60.27761, -34.0083 ], [ -60.27793399899997, -34.008137 ], [ -60.278952, -34.008081 ], [ -60.279352, -34.00799 ], [ -60.280076, -34.007447 ], [ -60.280605, -34.007266 ], [ -60.280833, -34.007274 ], [ -60.281233, -34.007336 ], [ -60.281712101999972, -34.007048665999939 ], [ -60.28199, -34.006882 ], [ -60.282317, -34.006652 ], [ -60.283242, -34.005871 ], [ -60.283177016999957, -34.005423416999967 ], [ -60.283153, -34.005258 ], [ -60.283282, -34.004744 ], [ -60.283378, -34.004492 ], [ -60.283399255999939, -34.004469314999938 ], [ -60.283497, -34.004365 ], [ -60.283735, -34.004211 ], [ -60.284357796999984, -34.003885807999943 ], [ -60.28448, -34.003822 ], [ -60.284739, -34.003659 ], [ -60.285009, -34.003424 ], [ -60.285364998999967, -34.003035 ], [ -60.285461998999956, -34.002909 ], [ -60.285537, -34.002738 ], [ -60.285591, -34.002521 ], [ -60.285796441999935, -34.002110773999952 ], [ -60.285871998999937, -34.002028 ], [ -60.286091, -34.001606 ], [ -60.286091974999984, -34.001603627999948 ], [ -60.286204, -34.001474 ], [ -60.286582, -34.001166 ], [ -60.287112, -34.001111 ], [ -60.287611, -34.001218 ], [ -60.287936, -34.001371 ], [ -60.288924, -34.002306 ], [ -60.289173, -34.002414 ], [ -60.290018, -34.002403 ], [ -60.290851, -34.002337 ], [ -60.291024, -34.00231 ], [ -60.293035, -34.001321 ], [ -60.294137, -34.000986 ], [ -60.295621998999941, -33.999603 ], [ -60.296312, -33.99941 ], [ -60.296804, -33.999408 ], [ -60.297363, -33.999407 ], [ -60.297724, -33.999269 ], [ -60.298104724999973, -33.999003781999939 ], [ -60.298313998999959, -33.998858 ], [ -60.298588971999948, -33.99886888199994 ], [ -60.298971, -33.998884 ], [ -60.299756998999953, -33.999032 ], [ -60.301238998999963, -33.99907 ], [ -60.302611, -33.998795 ], [ -60.302972385999965, -33.998948459999951 ], [ -60.303869717999987, -33.999329503999938 ], [ -60.304356, -33.999536 ], [ -60.30512517599994, -33.999604289999979 ], [ -60.305497421999974, -33.999637338999939 ], [ -60.30563, -33.999617 ], [ -60.30582187899995, -33.999594727999984 ], [ -60.305854, -33.999591 ], [ -60.306009, -33.999599 ], [ -60.306161, -33.999628 ], [ -60.306308, -33.999676 ], [ -60.306463815999962, -33.999723137999979 ], [ -60.308332, -33.999889 ], [ -60.308945205999976, -34.000124906999915 ], [ -60.309061976999942, -34.000169829999948 ], [ -60.311468617999935, -34.001095687999957 ], [ -60.31153, -34.001164 ], [ -60.311689, -34.001281 ], [ -60.311771, -34.001334 ], [ -60.311865, -34.001366 ], [ -60.311932, -34.001347 ], [ -60.312015, -34.001349 ], [ -60.312151, -34.001394 ], [ -60.312245584999971, -34.001394594999958 ], [ -60.3124, -34.001454 ], [ -60.313357, -34.002333 ], [ -60.31505186399994, -34.003885807999943 ], [ -60.315089157999978, -34.003919975999963 ], [ -60.327415031999976, -34.015212745999975 ], [ -60.330108, -34.01768 ], [ -60.338974998999966, -34.025671 ], [ -60.351349, -34.03683 ], [ -60.36288, -34.047321 ], [ -60.372319, -34.055788 ], [ -60.382289, -34.064851 ], [ -60.391516, -34.073115 ], [ -60.404867, -34.085049 ], [ -60.411385, -34.090942 ], [ -60.413958505999979, -34.093276688999929 ], [ -60.414176, -34.093474 ], [ -60.408887130999972, -34.097397120999972 ], [ -60.408739, -34.097507 ], [ -60.41145583399998, -34.100016031999928 ], [ -60.413498, -34.101902 ], [ -60.415706, -34.103941 ], [ -60.42051080799996, -34.108260939999987 ], [ -60.426111, -34.113296 ], [ -60.434525, -34.12086 ], [ -60.442318, -34.127879 ], [ -60.449821, -34.134574 ], [ -60.449976817999989, -34.134712002999947 ], [ -60.459078254999952, -34.142772872999956 ], [ -60.462696, -34.145977 ], [ -60.462750190999941, -34.146024856999922 ], [ -60.467590691999987, -34.150299577999917 ], [ -60.471414, -34.153676 ], [ -60.475266502999936, -34.157324621999969 ], [ -60.47906521699997, -34.160922301999946 ], [ -60.48039291799995, -34.162179739999942 ], [ -60.490106426999937, -34.170836128999952 ], [ -60.493577, -34.173929 ], [ -60.496269437999956, -34.176354063999945 ], [ -60.496386952999956, -34.176459908999959 ], [ -60.496428740999932, -34.176429955999936 ], [ -60.496451, -34.176414 ], [ -60.497286177999968, -34.17553576399996 ], [ -60.49737431199997, -34.175443085999973 ], [ -60.497479, -34.175333 ], [ -60.49737163399994, -34.174978590999949 ], [ -60.497336882999946, -34.174863881999947 ], [ -60.497263, -34.17462 ], [ -60.496504, -34.174252 ], [ -60.495968836999964, -34.174173116999945 ], [ -60.495466, -34.174099 ], [ -60.49500805699995, -34.173982465999984 ], [ -60.494963, -34.173971 ], [ -60.494821066999982, -34.173748359999927 ], [ -60.494708, -34.173571 ], [ -60.494751469999976, -34.172818401999962 ], [ -60.494764313999951, -34.172596028999969 ], [ -60.494807, -34.171857 ], [ -60.494622, -34.171621 ], [ -60.494640799999964, -34.171364720999968 ], [ -60.494641, -34.171362 ], [ -60.494799, -34.171087 ], [ -60.495055666999981, -34.170993008999979 ], [ -60.495722, -34.170749 ], [ -60.495755402999976, -34.170363469999984 ], [ -60.495780160999963, -34.170077724999949 ], [ -60.495794, -34.169918 ], [ -60.495764052999959, -34.169866855999942 ], [ -60.495699122999959, -34.169755967999954 ], [ -60.495551, -34.169503 ], [ -60.495601643999969, -34.169082640999932 ], [ -60.495644924999972, -34.168722968999923 ], [ -60.495655625999973, -34.168634104999974 ], [ -60.495757622, -34.168612443999955 ], [ -60.49600361499995, -34.168560201999988 ], [ -60.49624, -34.16851 ], [ -60.496646, -34.168373 ], [ -60.496826737999974, -34.168098934999925 ], [ -60.496855615999955, -34.168055145999958 ], [ -60.496921, -34.167956 ], [ -60.497529254999954, -34.167400822999973 ], [ -60.497649900999932, -34.167290704999971 ], [ -60.498296152999956, -34.166700846999959 ], [ -60.498341998999933, -34.166659 ], [ -60.498665, -34.166175 ], [ -60.498802, -34.165672 ], [ -60.498753, -34.165227 ], [ -60.498609, -34.164532 ], [ -60.499299, -34.163002 ], [ -60.500504, -34.161095 ], [ -60.500879, -34.160313 ], [ -60.500981373999934, -34.159669119999933 ], [ -60.501145, -34.15864 ], [ -60.501213076999932, -34.158238304999934 ], [ -60.501467, -34.15674 ], [ -60.502159, -34.155524 ], [ -60.502751681999946, -34.155217846999967 ], [ -60.502845, -34.155054 ], [ -60.503449, -34.154741 ], [ -60.504014, -34.154474 ], [ -60.504558, -34.154106 ], [ -60.506363071999942, -34.153173164999941 ], [ -60.507213, -34.152547 ], [ -60.507381664999969, -34.152458134999954 ], [ -60.508534, -34.151851 ], [ -60.509471, -34.151243 ], [ -60.509499058999957, -34.151199625999944 ], [ -60.509922210999946, -34.150924599999932 ], [ -60.510157, -34.150772 ], [ -60.511066436999947, -34.149366860999969 ], [ -60.511555, -34.148612 ], [ -60.512643, -34.147858 ], [ -60.513166, -34.147184 ], [ -60.513913, -34.146053 ], [ -60.514569, -34.144747 ], [ -60.515266732999983, -34.14391038499997 ], [ -60.515502998999978, -34.14378 ], [ -60.517035, -34.143168 ], [ -60.518273552999972, -34.142674554999928 ], [ -60.518915, -34.142419 ], [ -60.520004354999969, -34.142132014999959 ], [ -60.520198, -34.142081 ], [ -60.521775, -34.14152 ], [ -60.523432, -34.140746 ], [ -60.524352, -34.140269 ], [ -60.524736, -34.140191 ], [ -60.52484967099997, -34.14019371499996 ], [ -60.525406, -34.140207 ], [ -60.52648, -34.140151 ], [ -60.528178998999984, -34.139869 ], [ -60.529055, -34.139808 ], [ -60.530171, -34.139867 ], [ -60.531988, -34.139448 ], [ -60.533602, -34.139153 ], [ -60.534292, -34.138863 ], [ -60.53552, -34.138384 ], [ -60.536410738999962, -34.138163601999963 ], [ -60.536494, -34.138143 ], [ -60.53747, -34.138011 ], [ -60.538278, -34.137982 ], [ -60.539155, -34.137959 ], [ -60.540184, -34.13775 ], [ -60.541328, -34.137316 ], [ -60.541654342999948, -34.137070006999977 ], [ -60.541889400999935, -34.136892822999982 ], [ -60.54212, -34.136719 ], [ -60.54391, -34.135367 ], [ -60.544239, -34.135046 ], [ -60.54522, -34.13429 ], [ -60.545361021999952, -34.134239109999946 ], [ -60.545906340999984, -34.134042324999939 ], [ -60.54640152099995, -34.133863632999976 ], [ -60.547351, -34.133521 ], [ -60.547529936999986, -34.133354794999939 ], [ -60.547743435999955, -34.133156487999941 ], [ -60.548658, -34.132307 ], [ -60.548860915999974, -34.132285366999945 ], [ -60.548897671999946, -34.132281447999958 ], [ -60.549596, -34.132207 ], [ -60.549874375999927, -34.131992184999937 ], [ -60.550192736, -34.131746515999957 ], [ -60.550282, -34.131737 ], [ -60.550571069999933, -34.131513932999951 ], [ -60.551020936, -34.131166784999948 ], [ -60.551615, -34.130782 ], [ -60.552365543999933, -34.130570839999962 ], [ -60.552628, -34.130497 ], [ -60.553691, -34.130658 ], [ -60.555071, -34.130637 ], [ -60.55587441299997, -34.130159173999971 ], [ -60.556327, -34.12989 ], [ -60.556439829999931, -34.129759618999969 ], [ -60.556456941999961, -34.12973984499996 ], [ -60.557182, -34.128902 ], [ -60.557569372999971, -34.128776079999966 ], [ -60.558382142999967, -34.128511878999966 ], [ -60.558391, -34.128509 ], [ -60.559273, -34.127968 ], [ -60.559579004999932, -34.12773813899998 ], [ -60.559958, -34.127497 ], [ -60.560383807999983, -34.127177808999932 ], [ -60.560601, -34.127015 ], [ -60.562408369999957, -34.12564827999995 ], [ -60.562470577999932, -34.125607984999931 ], [ -60.563403, -34.125004 ], [ -60.564691, -34.124449 ], [ -60.565452, -34.124206 ], [ -60.566118995999936, -34.123794215999972 ], [ -60.566430573999988, -34.123601856999983 ], [ -60.567156, -34.123154 ], [ -60.568458, -34.122311 ], [ -60.570435, -34.121208 ], [ -60.570904790999975, -34.12085795999996 ], [ -60.57112, -34.120738 ], [ -60.571732, -34.120281 ], [ -60.572239, -34.119757 ], [ -60.572475, -34.119392 ], [ -60.572687907999978, -34.119144698999932 ], [ -60.572735, -34.11909 ], [ -60.572972, -34.118885 ], [ -60.573401, -34.118659 ], [ -60.574578234999933, -34.118285765999929 ], [ -60.574583, -34.11828 ], [ -60.575043, -34.11808 ], [ -60.575056200999938, -34.118073721999956 ], [ -60.575362514999938, -34.117928047999946 ], [ -60.575655188999974, -34.117788859999962 ], [ -60.577224563999948, -34.117042510999958 ], [ -60.577581, -34.116873 ], [ -60.577785757999948, -34.116630478999973 ], [ -60.578060875999931, -34.116499588999936 ], [ -60.578423, -34.11637 ], [ -60.579758, -34.116062 ], [ -60.580265, -34.115996 ], [ -60.58088, -34.116012 ], [ -60.581266, -34.116087 ], [ -60.581788998999968, -34.116091 ], [ -60.582549998999987, -34.116094 ], [ -60.584504, -34.116244 ], [ -60.585012, -34.116286 ], [ -60.585363, -34.116239 ], [ -60.585793, -34.116071 ], [ -60.586092, -34.115865 ], [ -60.586275236999938, -34.115679403999934 ], [ -60.586478, -34.1156 ], [ -60.586643108999965, -34.115486245999932 ], [ -60.586813, -34.115456 ], [ -60.587096, -34.115406 ], [ -60.587565, -34.11543 ], [ -60.588035, -34.115472 ], [ -60.588489, -34.115572 ], [ -60.588975, -34.115768 ], [ -60.58963, -34.115938 ], [ -60.590261, -34.116043 ], [ -60.590938, -34.11604 ], [ -60.591476, -34.116005 ], [ -60.592066331999945, -34.115877276999989 ], [ -60.592234, -34.115841 ], [ -60.592670998999957, -34.115653 ], [ -60.593084, -34.115409 ], [ -60.593514, -34.11524 ], [ -60.593959, -34.115142 ], [ -60.594107796999936, -34.115135932999976 ], [ -60.594474, -34.115121 ], [ -60.594844, -34.115189 ], [ -60.595306, -34.115347 ], [ -60.595537, -34.115352 ], [ -60.595783, -34.115255 ], [ -60.596103998999979, -34.115055 ], [ -60.596665, -34.114931 ], [ -60.597155, -34.114908 ], [ -60.597509, -34.114919 ], [ -60.597747, -34.114854 ], [ -60.598414, -34.114582 ], [ -60.598836, -34.114465 ], [ -60.599335, -34.114398 ], [ -60.599989, -34.114344 ], [ -60.600411, -34.114227 ], [ -60.600787, -34.114065 ], [ -60.601093, -34.11391 ], [ -60.601606, -34.113627 ], [ -60.602143, -34.113413 ], [ -60.602702, -34.113254 ], [ -60.60334, -34.113149 ], [ -60.603988, -34.113076 ], [ -60.604377, -34.113086 ], [ -60.605039, -34.113102 ], [ -60.605623, -34.113074 ], [ -60.606422, -34.113012 ], [ -60.607076, -34.112996 ], [ -60.607552, -34.112971 ], [ -60.607768, -34.112999 ], [ -60.608222, -34.112946 ], [ -60.608733, -34.112984 ], [ -60.609674342999938, -34.112848275999966 ], [ -60.609704, -34.112844 ], [ -60.610374829999955, -34.112822244999961 ], [ -60.6114, -34.112789 ], [ -60.613799, -34.112555 ], [ -60.614609, -34.112666 ], [ -60.615719, -34.112449 ], [ -60.617156, -34.112692 ], [ -60.618096, -34.112472 ], [ -60.618833, -34.112064 ], [ -60.619389, -34.112023 ], [ -60.620363998999956, -34.112499 ], [ -60.620874, -34.112554 ], [ -60.621196, -34.112283 ], [ -60.621981998999949, -34.112221 ], [ -60.62277, -34.112391 ], [ -60.624474, -34.112153 ], [ -60.624836, -34.111988 ], [ -60.626532823999987, -34.11131942399993 ], [ -60.626808, -34.111211 ], [ -60.627165847999954, -34.11106608599993 ], [ -60.627748495999981, -34.110830137999976 ], [ -60.628381, -34.110574 ], [ -60.628670932999967, -34.110331476999932 ], [ -60.628829654999954, -34.110198709999963 ], [ -60.628900387999984, -34.110139542999946 ], [ -60.629017, -34.110042 ], [ -60.629238001999965, -34.109959123999943 ], [ -60.629702, -34.109571 ], [ -60.630117, -34.109415 ], [ -60.630335202999952, -34.109388060999947 ], [ -60.631088998999985, -34.109295 ], [ -60.631115756999982, -34.109285375999939 ], [ -60.631464455999946, -34.109159949999921 ], [ -60.632012, -34.108963 ], [ -60.632331, -34.108327 ], [ -60.632325080999976, -34.108281337999976 ], [ -60.632184, -34.107193 ], [ -60.632431, -34.106776 ], [ -60.633239, -34.105919 ], [ -60.633281, -34.105303 ], [ -60.63355, -34.10471 ], [ -60.633898172999977, -34.104144396999978 ], [ -60.634285, -34.103516 ], [ -60.634447, -34.103108 ], [ -60.634489851999952, -34.103028309999956 ], [ -60.634900888999937, -34.102263925999978 ], [ -60.634903, -34.10226 ], [ -60.634908135999986, -34.102213972999955 ], [ -60.635033, -34.101095 ], [ -60.635428365999985, -34.100129981999942 ], [ -60.635983403999944, -34.09877523199998 ], [ -60.636198998999987, -34.098249 ], [ -60.637054, -34.096642 ], [ -60.637418121999985, -34.096323126999934 ], [ -60.637753181999976, -34.096147487999922 ], [ -60.638148998999945, -34.09594 ], [ -60.638522123999969, -34.095813711999931 ], [ -60.639123998999935, -34.09561 ], [ -60.63995484399998, -34.095238728999959 ], [ -60.640366, -34.095055 ], [ -60.641093669999975, -34.094888138999984 ], [ -60.641103, -34.094886 ], [ -60.642438998999978, -34.094805 ], [ -60.642787, -34.094687 ], [ -60.644096998999942, -34.094648 ], [ -60.644761, -34.09446 ], [ -60.645339, -34.094369 ], [ -60.646397, -34.094035 ], [ -60.647235, -34.093934 ], [ -60.647766, -34.093964 ], [ -60.648653, -34.094261 ], [ -60.649244, -34.094312 ], [ -60.649968, -34.094635 ], [ -60.650687998999963, -34.095056 ], [ -60.65108, -34.094959 ], [ -60.651681398999983, -34.094508633999965 ], [ -60.651765, -34.094488 ], [ -60.65203625799996, -34.094284864999963 ], [ -60.652104592999933, -34.094271301999981 ], [ -60.652562303999957, -34.094180458999965 ], [ -60.652877, -34.094118 ], [ -60.653532, -34.094019 ], [ -60.655302, -34.093142 ], [ -60.655378878999962, -34.093062353999976 ], [ -60.655546378999986, -34.092888823999935 ], [ -60.656052, -34.092365 ], [ -60.656470190999983, -34.092168731999948 ], [ -60.656736, -34.091893 ], [ -60.657157701999957, -34.091695730999959 ], [ -60.657388, -34.091588 ], [ -60.657686059999946, -34.091349248999968 ], [ -60.657981, -34.091113 ], [ -60.658030961999948, -34.09100841999998 ], [ -60.658438222999962, -34.090155939999924 ], [ -60.659056423999971, -34.08993099199995 ], [ -60.65929, -34.089846 ], [ -60.659366451999979, -34.08973827199997 ], [ -60.659502357999934, -34.089546767999927 ], [ -60.659775907999972, -34.089447142999965 ], [ -60.659974, -34.089375 ], [ -60.660282, -34.088941 ], [ -60.66029797199996, -34.088848822999971 ], [ -60.660385132, -34.088345800999946 ], [ -60.660435, -34.088058 ], [ -60.660625005, -34.087501929999974 ], [ -60.660762, -34.087101 ], [ -60.661527, -34.086029 ], [ -60.662042, -34.085468 ], [ -60.662393, -34.084923 ], [ -60.662855, -34.084108 ], [ -60.66336, -34.083595 ], [ -60.664354, -34.082836 ], [ -60.664714753999981, -34.082568640999973 ], [ -60.664737715999941, -34.082551623999954 ], [ -60.665254, -34.082169 ], [ -60.665732743999968, -34.081934265999969 ], [ -60.666032, -34.081705 ], [ -60.666087970999961, -34.081715301999957 ], [ -60.666540780999988, -34.081368833999932 ], [ -60.666717, -34.081234 ], [ -60.66677886399998, -34.081245386999974 ], [ -60.667574233999979, -34.081391782999958 ], [ -60.667644, -34.081178 ], [ -60.667721, -34.080942 ], [ -60.667790099999941, -34.080859130999947 ], [ -60.668804998999967, -34.079642 ], [ -60.669167, -34.078801 ], [ -60.66932, -34.078249 ], [ -60.669569, -34.077731 ], [ -60.670145, -34.076913 ], [ -60.670225, -34.076448 ], [ -60.670891998999942, -34.075561 ], [ -60.670929, -34.07494 ], [ -60.670884, -34.07459 ], [ -60.67112, -34.07374 ], [ -60.671495, -34.073206 ], [ -60.671614838999972, -34.07242221599995 ], [ -60.671756, -34.071499 ], [ -60.671752, -34.071096 ], [ -60.672345, -34.069983 ], [ -60.672346, -34.068854 ], [ -60.672487, -34.067979 ], [ -60.672699168999948, -34.067348279999976 ], [ -60.672817, -34.066998 ], [ -60.67312, -34.066716 ], [ -60.673251998999945, -34.066155 ], [ -60.673437, -34.065898 ], [ -60.674061941999973, -34.065148738999945 ], [ -60.674199123999983, -34.06498426699995 ], [ -60.674744, -34.064331 ], [ -60.674877799999933, -34.064255878999973 ], [ -60.675216, -34.064066 ], [ -60.67527513199996, -34.064044358999979 ], [ -60.675429, -34.06386 ], [ -60.6759, -34.063595 ], [ -60.676289, -34.063453 ], [ -60.676567183999964, -34.063280008999982 ], [ -60.677085, -34.062958 ], [ -60.677304214999943, -34.062762639999953 ], [ -60.677618, -34.062483 ], [ -60.67823, -34.062166 ], [ -60.678438998999987, -34.061973 ], [ -60.678657935999979, -34.061889818999923 ], [ -60.679047, -34.061742 ], [ -60.679496, -34.061249 ], [ -60.679789563999975, -34.060829988999956 ], [ -60.679911678999986, -34.060722507999969 ], [ -60.680252, -34.060554 ], [ -60.680762, -34.060106 ], [ -60.681879, -34.059253 ], [ -60.682175, -34.058857 ], [ -60.682214003999945, -34.058820698999959 ], [ -60.68268, -34.058387 ], [ -60.682832794999968, -34.058360376999914 ], [ -60.683113, -34.057946 ], [ -60.68327, -34.057843 ], [ -60.683692705999931, -34.05762923299995 ], [ -60.683797, -34.057475 ], [ -60.683955, -34.057372 ], [ -60.684392031999948, -34.057150627999924 ], [ -60.68465, -34.056784 ], [ -60.684954, -34.056625 ], [ -60.68525075499997, -34.056430560999949 ], [ -60.68574, -34.05611 ], [ -60.685753249999948, -34.056078339999942 ], [ -60.686424, -34.055638 ], [ -60.686614, -34.055185 ], [ -60.686876, -34.055037 ], [ -60.686945, -34.054789 ], [ -60.687155, -34.0547 ], [ -60.687608, -34.054259 ], [ -60.688075849999969, -34.053910008999935 ], [ -60.688348, -34.053707 ], [ -60.688655, -34.053435 ], [ -60.689323, -34.052605 ], [ -60.689410548999945, -34.052521467999952 ], [ -60.689844665999942, -34.052107271999944 ], [ -60.689846, -34.052106 ], [ -60.689847286999971, -34.052105713999921 ], [ -60.690574, -34.051944 ], [ -60.691038, -34.051807 ], [ -60.696064203999988, -34.051385945999982 ], [ -60.697873, -34.049938 ], [ -60.701166, -34.047242 ], [ -60.70152, -34.046944 ], [ -60.704459090999933, -34.044619567999973 ], [ -60.706995, -34.042614 ], [ -60.715401, -34.035737 ], [ -60.707777, -34.030183 ], [ -60.704184388999977, -34.027533918999943 ], [ -60.703283998999957, -34.02687 ], [ -60.705401, -34.025122 ], [ -60.70942, -34.021876 ], [ -60.709985, -34.021419 ], [ -60.71386625699995, -34.018360861999959 ], [ -60.715285, -34.017243 ], [ -60.7172, -34.015733 ], [ -60.723574273999986, -34.010546065999954 ], [ -60.724979, -34.009403 ], [ -60.730959, -34.004436 ], [ -60.731344663999948, -34.004126536999934 ], [ -60.741719, -33.995802 ], [ -60.747511, -33.991212 ], [ -60.750017, -33.989135 ], [ -60.753134, -33.986637 ], [ -60.755607348999945, -33.984715282999957 ], [ -60.756295, -33.984181 ], [ -60.761663, -33.980029 ], [ -60.763209003, -33.978814219999954 ], [ -60.765173, -33.977271 ], [ -60.766584377999948, -33.976191282999928 ], [ -60.768854, -33.974455 ], [ -60.775154537999981, -33.969563324999967 ], [ -60.77963207899996, -33.966087007999931 ], [ -60.782704, -33.963702 ], [ -60.797385, -33.952372 ], [ -60.797419289999944, -33.952400639999937 ], [ -60.798068, -33.9519 ], [ -60.798244, -33.952047 ], [ -60.802679, -33.955872 ], [ -60.807525440999946, -33.952610859999936 ], [ -60.807925, -33.952342 ], [ -60.809936919999977, -33.950895091999932 ], [ -60.81693476099997, -33.945862468999955 ], [ -60.820039, -33.94363 ], [ -60.829156588999979, -33.937269718999964 ], [ -60.829764, -33.936846 ], [ -60.835874, -33.932211 ], [ -60.836729, -33.931593 ], [ -60.837724, -33.930809 ], [ -60.837937, -33.930653 ], [ -60.838179, -33.930476 ], [ -60.842556, -33.927274 ], [ -60.850078, -33.921781 ], [ -60.851876109999971, -33.920469835999938 ], [ -60.859184, -33.915141 ], [ -60.860296, -33.91426 ], [ -60.860736, -33.913894 ], [ -60.861824, -33.913072 ], [ -60.862438, -33.912592 ], [ -60.866448, -33.909399 ], [ -60.869493059999968, -33.906933851999945 ], [ -60.870822, -33.905858 ], [ -60.871231998999974, -33.905528 ], [ -60.875390161999967, -33.902189560999929 ], [ -60.875422, -33.902164 ], [ -60.876195, -33.901548 ], [ -60.877004, -33.900874 ], [ -60.877635, -33.900363 ], [ -60.877894255999934, -33.900149238999973 ], [ -60.879543969999986, -33.898788959999926 ], [ -60.87954519799996, -33.89878798899997 ], [ -60.880280998999979, -33.898188 ], [ -60.881421, -33.897198 ], [ -60.885097998999981, -33.894508 ], [ -60.889841, -33.890825 ], [ -60.890214, -33.890535 ], [ -60.891451, -33.889572 ], [ -60.893549, -33.887939 ], [ -60.895253, -33.886616 ], [ -60.896507760999953, -33.885643047999963 ], [ -60.898677, -33.883961 ], [ -60.900008896999964, -33.88292807299996 ], [ -60.90015407899994, -33.883049024999934 ], [ -60.901413316999935, -33.884098106999943 ], [ -60.905888, -33.887826 ], [ -60.906516924999949, -33.887308798999975 ], [ -60.906571167999971, -33.887264191999968 ], [ -60.908849, -33.885391 ], [ -60.911694, -33.883053 ], [ -60.913402, -33.881671 ], [ -60.914048848999983, -33.881146838999939 ], [ -60.914525, -33.880761 ], [ -60.914831, -33.880514 ], [ -60.915088763999968, -33.880305288999971 ], [ -60.917306, -33.87851 ], [ -60.917711, -33.878188 ], [ -60.9174, -33.877919 ], [ -60.922668, -33.873543 ], [ -60.92699245599993, -33.869950148999969 ], [ -60.942641, -33.856949 ], [ -60.942796, -33.85686 ], [ -60.938551, -33.852847 ], [ -60.933582, -33.84821 ], [ -60.929318830999932, -33.84418433299993 ], [ -60.929274, -33.844142 ], [ -60.922935, -33.838299 ], [ -60.921762218999966, -33.837140661999953 ], [ -60.920093, -33.835492 ], [ -60.917278, -33.83277 ], [ -60.915382, -33.830939 ], [ -60.911131, -33.826913 ], [ -60.905394, -33.821487 ], [ -60.900053, -33.816471 ], [ -60.89461, -33.811459 ], [ -60.890261, -33.807524 ], [ -60.886068, -33.803716 ], [ -60.881965515999987, -33.799926358999976 ], [ -60.88018, -33.798277 ], [ -60.87462200899995, -33.79323021099998 ], [ -60.873961, -33.79263 ], [ -60.870694080999954, -33.789623291999924 ], [ -60.864005, -33.783467 ], [ -60.861294, -33.780965 ], [ -60.869737, -33.774219 ], [ -60.87455, -33.770378 ], [ -60.888446, -33.759335 ], [ -60.897631070999978, -33.752054088999969 ], [ -60.899600356999947, -33.750493055999989 ], [ -60.900608467999973, -33.749693936999961 ], [ -60.90102368799996, -33.749352103999968 ], [ -60.901015774999969, -33.749344639999947 ], [ -60.900854998999932, -33.749193 ], [ -60.895736573999955, -33.744950935999938 ], [ -60.894743626999976, -33.744127997999954 ], [ -60.887486, -33.738113 ], [ -60.883857, -33.735124 ], [ -60.88357, -33.734888 ], [ -60.87975499899995, -33.731718 ], [ -60.875786, -33.728402 ], [ -60.864601998999944, -33.71913 ], [ -60.864293, -33.718873 ], [ -60.863175, -33.717941 ], [ -60.859049, -33.714503 ], [ -60.857461, -33.713181 ], [ -60.856024, -33.711984 ], [ -60.853338, -33.709732 ], [ -60.851835, -33.708485 ], [ -60.847745, -33.705073 ], [ -60.844304, -33.702199 ], [ -60.843961, -33.701887 ], [ -60.833928, -33.693572 ], [ -60.822773, -33.68439 ], [ -60.822389, -33.68409 ], [ -60.819683, -33.682001 ], [ -60.815008, -33.678232 ], [ -60.81283461299995, -33.676456126999945 ], [ -60.810809, -33.674801 ], [ -60.811403451999986, -33.674342721999942 ], [ -60.812625, -33.673401 ], [ -60.813461, -33.672783 ], [ -60.816328, -33.67067 ], [ -60.818691, -33.668941 ], [ -60.819028, -33.668679 ], [ -60.82121, -33.667072 ], [ -60.824756, -33.664436 ], [ -60.826933, -33.662733 ], [ -60.831635, -33.659233 ], [ -60.832525221999958, -33.658623668999958 ], [ -60.832646, -33.658541 ], [ -60.836919, -33.655498 ], [ -60.837050823999959, -33.655395427999956 ], [ -60.83796, -33.654747 ], [ -60.840590566999936, -33.652582446999922 ], [ -60.84185467399994, -33.651542280999927 ], [ -60.842267, -33.651203 ], [ -60.843197, -33.650426 ], [ -60.843265, -33.650371 ], [ -60.843107240999984, -33.650234238999936 ], [ -60.842972, -33.650117 ], [ -60.849630503999947, -33.64342206699996 ], [ -60.850428015999967, -33.642620191999974 ], [ -60.851197, -33.641847 ], [ -60.856304998999974, -33.635204313999971 ], [ -60.858566, -33.632264 ], [ -60.858801, -33.631928 ], [ -60.859046, -33.631309 ], [ -60.864313, -33.624366 ], [ -60.864503, -33.624317 ], [ -60.870455, -33.61644 ], [ -60.870537, -33.616294 ], [ -60.873003, -33.612931 ], [ -60.874632, -33.611361 ], [ -60.876423, -33.609673 ], [ -60.878106149999958, -33.608169637999936 ], [ -60.882115, -33.604589 ], [ -60.88402805, -33.602835602999946 ], [ -60.884859, -33.602074 ], [ -60.888089, -33.59918 ], [ -60.888444440999933, -33.598873770999944 ], [ -60.889873, -33.597643 ], [ -60.891932, -33.595913 ], [ -60.897553, -33.591296 ], [ -60.897592, -33.591327 ], [ -60.902308, -33.587539 ], [ -60.907145726999943, -33.583581508999934 ], [ -60.910430998999971, -33.580894 ], [ -60.911106933999967, -33.580992519999946 ], [ -60.911076879999932, -33.580824979999925 ], [ -60.910955529999974, -33.580603689999975 ], [ -60.910723268999966, -33.580379472999937 ], [ -60.910525008999969, -33.580188078999981 ], [ -60.910220278999979, -33.580189660999963 ], [ -60.910020399999944, -33.580111139999914 ], [ -60.909984709999947, -33.579946959999965 ], [ -60.90999185, -33.57975421999997 ], [ -60.909927600999936, -33.579618589999924 ], [ -60.90977055999997, -33.579511518999936 ], [ -60.909606378999968, -33.579354469999942 ], [ -60.909499299999936, -33.57911176999994 ], [ -60.909349390999971, -33.578869059999931 ], [ -60.909249458999966, -33.578819090999957 ], [ -60.90879259999997, -33.578719158999945 ], [ -60.908592728999956, -33.578590668999929 ], [ -60.908576518999958, -33.578105166999926 ], [ -60.908278638999946, -33.578005319999932 ], [ -60.908255502999964, -33.577989363999961 ], [ -60.908071620999976, -33.577862549999978 ], [ -60.907964549999981, -33.577705508999948 ], [ -60.907969649999984, -33.577599441999951 ], [ -60.907950269999958, -33.577312898999928 ], [ -60.907864609999933, -33.577134438999963 ], [ -60.907800368999972, -33.576856039999932 ], [ -60.907450580999971, -33.576327799999937 ], [ -60.907272128999985, -33.576135059999956 ], [ -60.907093668999956, -33.575771000999957 ], [ -60.906900929999949, -33.575628238999975 ], [ -60.906551149999984, -33.57550688099996 ], [ -60.906091319999973, -33.575395897999947 ], [ -60.905580329999971, -33.575178519999959 ], [ -60.905209129999946, -33.574778769999959 ], [ -60.90462378899997, -33.574193419999972 ], [ -60.904538120999973, -33.574036379999932 ], [ -60.904575058999967, -33.57375972899996 ], [ -60.904523849999983, -33.573451029999944 ], [ -60.904316830999967, -33.573215460999947 ], [ -60.903874250999941, -33.572972759999963 ], [ -60.902977487999976, -33.572729170999942 ], [ -60.902460858999966, -33.57264438999993 ], [ -60.902339499999982, -33.572530179999944 ], [ -60.902252430999972, -33.572280696999925 ], [ -60.90223242899998, -33.572080459999931 ], [ -60.902161039999953, -33.571852029999938 ], [ -60.902039689999974, -33.571766369999978 ], [ -60.901575698999977, -33.571516529999933 ], [ -60.901148037999967, -33.571461870999947 ], [ -60.90053349, -33.571359480999945 ], [ -60.900454969999949, -33.571245269999963 ], [ -60.900425711999958, -33.570873308999978 ], [ -60.900185051999976, -33.570684765999935 ], [ -60.900055219999949, -33.570417218999978 ], [ -60.899948140999982, -33.57029586099997 ], [ -60.899726850999976, -33.570167370999968 ], [ -60.899424159999967, -33.570155449999966 ], [ -60.899198610999974, -33.570088849999927 ], [ -60.89902134099998, -33.569875227999937 ], [ -60.899020150999945, -33.569767620999983 ], [ -60.89885596999995, -33.569567749999969 ], [ -60.898717289999979, -33.56948378799995 ], [ -60.898399118999976, -33.569289349999963 ], [ -60.898306318999978, -33.569153720999957 ], [ -60.898306318999978, -33.568989539999954 ], [ -60.898284899999965, -33.56886104999996 ], [ -60.898234929999944, -33.568775389999928 ], [ -60.898149269999983, -33.568711140999937 ], [ -60.897906569, -33.568646899999962 ], [ -60.897785719999945, -33.568413409999934 ], [ -60.897628169999962, -33.568232869999974 ], [ -60.897451568999948, -33.56821752899998 ], [ -60.897321219999981, -33.568254288999981 ], [ -60.89701426999995, -33.568175768999929 ], [ -60.896828669999927, -33.568033 ], [ -60.896671628999975, -33.567861678999975 ], [ -60.896590357999969, -33.567712680999925 ], [ -60.896393229999944, -33.567676079999963 ], [ -60.896036309999943, -33.567540449999967 ], [ -60.895907819999934, -33.567447649999963 ], [ -60.895850709999934, -33.567354849999944 ], [ -60.895842610999971, -33.566999406999962 ], [ -60.895793608999945, -33.56681233099993 ], [ -60.895600869999953, -33.566648149999928 ], [ -60.895486650999942, -33.566419719999935 ], [ -60.895258228999978, -33.56624125999997 ], [ -60.894979829999954, -33.566098498999956 ], [ -60.894751399999961, -33.565884340999965 ], [ -60.894473000999938, -33.565563118999933 ], [ -60.894344510999979, -33.56539179899994 ], [ -60.894066118999945, -33.565227609999965 ], [ -60.893766300999971, -33.565191919999961 ], [ -60.893316850999945, -33.565118542999976 ], [ -60.893066739999938, -33.565077708999965 ], [ -60.892742299999952, -33.564819777999965 ], [ -60.892200847999959, -33.564538221999953 ], [ -60.891938879999948, -33.564228239999977 ], [ -60.89190318899994, -33.564106888999952 ], [ -60.891781830999946, -33.563907009999973 ], [ -60.891546268999953, -33.563778519999971 ], [ -60.891232179999967, -33.56372141099996 ], [ -60.891007679999973, -33.563699270999962 ], [ -60.890770690999936, -33.56358077699997 ], [ -60.890668248999987, -33.563421599999963 ], [ -60.890468369999951, -33.56325027999997 ], [ -60.890304189999938, -33.563186038999952 ], [ -60.89011859, -33.562993299999967 ], [ -60.889961548999963, -33.562650658999928 ], [ -60.889683149999946, -33.562372259999961 ], [ -60.88948327099996, -33.562208078999952 ], [ -60.889383338999949, -33.562022479999939 ], [ -60.889333369999981, -33.561851159999947 ], [ -60.889261980999947, -33.561658419999951 ], [ -60.889162049999982, -33.561558480999963 ], [ -60.888933619999932, -33.561422850999975 ], [ -60.888819408999943, -33.561265809999952 ], [ -60.888583839999974, -33.561115900999937 ], [ -60.88826260999997, -33.561073070999953 ], [ -60.887591599999958, -33.560908889999951 ], [ -60.886911290999933, -33.560837456999934 ], [ -60.886535119999969, -33.560773259999969 ], [ -60.88635665999994, -33.56067332099996 ], [ -60.886078268999931, -33.56042347999994 ], [ -60.88587124999998, -33.560316408999945 ], [ -60.885559560999972, -33.559969228999925 ], [ -60.885111319999965, -33.559636858999966 ], [ -60.885021788999957, -33.559352720999982 ], [ -60.884907569999946, -33.559067189999951 ], [ -60.884786219999967, -33.558838759999951 ], [ -60.884564929999947, -33.558724548999969 ], [ -60.884307948999947, -33.558603190999968 ], [ -60.884000998999966, -33.558546088999954 ], [ -60.883786848999939, -33.558453289999925 ], [ -60.883694048999985, -33.558360489999977 ], [ -60.883408509999981, -33.557882218999957 ], [ -60.883137249999947, -33.557603819999947 ], [ -60.882737499999962, -33.557375389999933 ], [ -60.882451969999984, -33.557161239999971 ], [ -60.882302059999979, -33.556811459999949 ], [ -60.882187848999941, -33.556690108999938 ], [ -60.882023660999948, -33.556625859999947 ], [ -60.881716710999967, -33.556640139999971 ], [ -60.881416899999977, -33.556568750999922 ], [ -60.881131368999952, -33.55639742999994 ], [ -60.880952908999973, -33.55619755999993 ], [ -60.880688788999976, -33.555933439999926 ], [ -60.880303310999977, -33.555669319999936 ], [ -60.879937826999935, -33.555534118999958 ], [ -60.879845728999953, -33.555500048999932 ], [ -60.879516518999935, -33.555382472999959 ], [ -60.879161169999982, -33.55501972899998 ], [ -60.879089789999966, -33.554734189999969 ], [ -60.878611518999946, -33.554584280999961 ], [ -60.878354538999986, -33.554527178999919 ], [ -60.878097550999939, -33.55431302899995 ], [ -60.877219529999934, -33.553791919999973 ], [ -60.87647713999997, -33.553527799999976 ], [ -60.876127359999941, -33.553249408999939 ], [ -60.875798990999954, -33.553206578999948 ], [ -60.875520858999948, -33.553199179999979 ], [ -60.875120849999981, -33.553156608999984 ], [ -60.874913838999987, -33.552963869999928 ], [ -60.874887667999985, -33.552778652999962 ], [ -60.874806759999956, -33.552628368999933 ], [ -60.874428428999977, -33.552321418999945 ], [ -60.874171439999941, -33.552200060999937 ], [ -60.873257729999978, -33.552064430999955 ], [ -60.872993609999973, -33.552007329999974 ], [ -60.872850839999948, -33.551885978999955 ], [ -60.872800870999981, -33.551728929999967 ], [ -60.872629549999942, -33.551507639999954 ], [ -60.872236939999937, -33.551464809999977 ], [ -60.871508828999936, -33.551400568999945 ], [ -60.870966309999972, -33.550993678999923 ], [ -60.870109699999951, -33.550572509999931 ], [ -60.86963856999995, -33.550415469999969 ], [ -60.869074038999941, -33.550396508999938 ], [ -60.868893840999981, -33.550275802999977 ], [ -60.86889378799998, -33.550275771999964 ], [ -60.868674889999966, -33.549587418999977 ], [ -60.868095296999968, -33.549122394999976 ], [ -60.868060988999957, -33.54909486899993 ], [ -60.867682649999949, -33.548852159999967 ], [ -60.867652926999931, -33.548810363999955 ], [ -60.867454220999953, -33.548530938999924 ], [ -60.867133, -33.548302508999946 ], [ -60.866897429999938, -33.548323919999973 ], [ -60.866626169999961, -33.548323919999966 ], [ -60.866583339999977, -33.548259678999955 ], [ -60.86606223999997, -33.548081218999975 ], [ -60.865540255999974, -33.547977498999956 ], [ -60.864955789999954, -33.547795679999972 ], [ -60.864463239999971, -33.547688608999977 ], [ -60.86404921899998, -33.547438759999977 ], [ -60.863942139999949, -33.547295990999942 ], [ -60.863770819999964, -33.547088979999955 ], [ -60.863378209999958, -33.54696048999994 ], [ -60.862930757999948, -33.546863101999961 ], [ -60.862507328999982, -33.547003319999938 ], [ -60.862307449999946, -33.54696048999994 ], [ -60.862107578999947, -33.546774889999931 ], [ -60.86171451599995, -33.546544505999961 ], [ -60.861336629999983, -33.546332309999968 ], [ -60.860944019999977, -33.546430848999925 ], [ -60.860558546999982, -33.546430847999943 ], [ -60.860130240999979, -33.546275208999923 ], [ -60.859838799999984, -33.546287359999951 ], [ -60.859109458999974, -33.54634659 ], [ -60.858045838999942, -33.546046779999976 ], [ -60.857596119999975, -33.546125299999972 ], [ -60.856889419999959, -33.546103880999965 ], [ -60.856161299999947, -33.545996809999956 ], [ -60.854954918999965, -33.545918288999935 ], [ -60.854743991999946, -33.545828501999942 ], [ -60.854499249999954, -33.545795299999938 ], [ -60.854258274999957, -33.545835983999943 ], [ -60.853861220999931, -33.545903020999958 ], [ -60.853791359999946, -33.545932560999972 ], [ -60.853541518999975, -33.545953979999979 ], [ -60.852706328999943, -33.545939699999956 ], [ -60.852449340999961, -33.545832628999968 ], [ -60.85220664099996, -33.545717010999965 ], [ -60.852099559999942, -33.54556850899997 ], [ -60.851778338999971, -33.545482848999931 ], [ -60.851528489999964, -33.545482848999939 ], [ -60.851259998999986, -33.545655778999951 ], [ -60.851064498999961, -33.545675579999966 ], [ -60.850679020999962, -33.545618470999955 ], [ -60.849972320999932, -33.545582779999961 ], [ -60.84915854999997, -33.545568508999963 ], [ -60.848705569999943, -33.545479062999952 ], [ -60.848625298999941, -33.545426252999953 ], [ -60.848335797999937, -33.545235791999971 ], [ -60.848094929999938, -33.54485466999995 ], [ -60.848002129999941, -33.544769008999936 ], [ -60.847702319999932, -33.544647650999934 ], [ -60.847531, -33.544647650999927 ], [ -60.847352539999974, -33.544697619999965 ], [ -60.84721596299994, -33.544794367999941 ], [ -60.847181218999935, -33.544818978999949 ], [ -60.846952789999925, -33.544968879999949 ], [ -60.846667249999939, -33.545075959999963 ], [ -60.846210398999972, -33.545168758999978 ], [ -60.84585347999996, -33.545425739999978 ], [ -60.845713549999978, -33.545669085999968 ], [ -60.844775579999983, -33.545989669999983 ], [ -60.844518599999958, -33.546039639999947 ], [ -60.844325860999966, -33.546018220999933 ], [ -60.844154539999977, -33.545953979999979 ], [ -60.843795691999958, -33.545744497999962 ], [ -60.843483530999954, -33.545539949999977 ], [ -60.843305078999947, -33.545489980999946 ], [ -60.843105199999968, -33.545525678999972 ], [ -60.842955290999953, -33.545654168999924 ], [ -60.842791109999951, -33.545825489999963 ], [ -60.842533229999965, -33.545990787999976 ], [ -60.842075198999972, -33.545813619999926 ], [ -60.841820289999987, -33.545611338999947 ], [ -60.841763180999976, -33.545432878999975 ], [ -60.841663248999971, -33.545297249999976 ], [ -60.841499060999979, -33.545233 ], [ -60.84107075999998, -33.545125928999937 ], [ -60.840342648999979, -33.544918909999978 ], [ -60.840214158999977, -33.54479041999997 ], [ -60.839614529999956, -33.544504888999931 ], [ -60.839186229999939, -33.544333568999953 ], [ -60.838867207999961, -33.544320002999932 ], [ -60.838476040999979, -33.544267960999946 ], [ -60.838129748999968, -33.544269319999948 ], [ -60.838001258999952, -33.544362119999953 ], [ -60.837797609999939, -33.544596868999975 ], [ -60.837558678999983, -33.544711899999982 ], [ -60.837365939999977, -33.544754729999966 ], [ -60.837130370999944, -33.544740450999932 ], [ -60.836944778999957, -33.544640518999977 ], [ -60.836185960999948, -33.544294710999957 ], [ -60.835709838999946, -33.544197938999964 ], [ -60.834703320999949, -33.544005199999958 ], [ -60.83347894099996, -33.54401771899996 ], [ -60.832543340999962, -33.544039606999952 ], [ -60.83172662, -33.544069448999949 ], [ -60.831341147999979, -33.543872928999981 ], [ -60.831034190999951, -33.543662559999966 ], [ -60.830666908999937, -33.543703813999961 ], [ -60.830616729999967, -33.543709449999945 ], [ -60.830348909999948, -33.543726799999952 ], [ -60.830099068999978, -33.543655419999936 ], [ -60.829963438999982, -33.543569759999968 ], [ -60.829749288999949, -33.54319142099996 ], [ -60.829712688999962, -33.542969032999949 ], [ -60.829720729999963, -33.542734569999936 ], [ -60.829642209999982, -33.542548969999977 ], [ -60.829492300999959, -33.542341958999934 ], [ -60.829313841, -33.542177770999949 ], [ -60.829099689999957, -33.542134940999965 ], [ -60.828757049999979, -33.542327679999964 ], [ -60.828507655999942, -33.542532222999967 ], [ -60.828031762999963, -33.543365036999951 ], [ -60.82798610899993, -33.543655419999936 ], [ -60.827864749999939, -33.543855290999936 ], [ -60.827664879999986, -33.544012339999945 ], [ -60.827243709999948, -33.544098 ], [ -60.82695817999997, -33.544190799999953 ], [ -60.826572708999954, -33.544233629999944 ], [ -60.82630144899997, -33.544212209999962 ], [ -60.825787479999974, -33.544012339999924 ], [ -60.82542459999997, -33.543866478999973 ], [ -60.824959378999942, -33.543832178999935 ], [ -60.824688169999945, -33.543833879999966 ], [ -60.824466879999939, -33.543712528999933 ], [ -60.824316092999943, -33.543575495999967 ], [ -60.824031439999935, -33.543291359999955 ], [ -60.823674519999948, -33.542984409999967 ], [ -60.823603139999932, -33.542798810999955 ], [ -60.823467509999951, -33.542591799999975 ], [ -60.823296188999961, -33.542470449999939 ], [ -60.822996378999953, -33.542420479999976 ], [ -60.822846469999945, -33.542406199999952 ], [ -60.82275366999994, -33.542341958999927 ], [ -60.822660869999936, -33.542213468999925 ], [ -60.82243957999998, -33.542070699999954 ], [ -60.822089799999958, -33.541899378999972 ], [ -60.821754298999963, -33.541699499999936 ], [ -60.821475899999946, -33.541492489999946 ], [ -60.821126119999967, -33.54125691999996 ], [ -60.82085485999994, -33.541078459999945 ], [ -60.820505079999975, -33.540728679999972 ], [ -60.820283789999955, -33.540578778999922 ], [ -60.819919729999988, -33.540464559999975 ], [ -60.819584229999968, -33.540321790999933 ], [ -60.819298689999982, -33.540200439999971 ], [ -60.818906079999977, -33.540271828999948 ], [ -60.818249349999974, -33.540293239999976 ], [ -60.818056610999982, -33.540428869999985 ], [ -60.817999508999954, -33.540635880999957 ], [ -60.818128, -33.541014219999958 ], [ -60.818092308999951, -33.541435379999939 ], [ -60.817970950999957, -33.541685228999938 ], [ -60.817871018999931, -33.542049279999958 ], [ -60.817949539999972, -33.542563248999947 ], [ -60.818006648999983, -33.542770259999941 ], [ -60.818106579999949, -33.542841640999931 ], [ -60.818335460999954, -33.542891609999955 ], [ -60.818420669999973, -33.543348469999955 ], [ -60.818335460999954, -33.543509053999976 ], [ -60.818312260999953, -33.543552775999963 ], [ -60.81823507099994, -33.54369824999997 ] ] ] ] } },
{ "type": "Feature", "properties": { "id": null }, "geometry": { "type": "MultiPolygon", "coordinates": [ [ [ [ -61.013182, -34.306323 ], [ -61.011179, -34.30797 ], [ -61.008167, -34.310446 ], [ -61.007748, -34.31079 ], [ -61.007222640999949, -34.311220348999939 ], [ -61.00414202799994, -34.313743844999976 ], [ -61.003164, -34.314545 ], [ -61.002988, -34.314688 ], [ -61.002291, -34.315257 ], [ -60.997383, -34.319584 ], [ -60.996921, -34.319975 ], [ -60.995612, -34.321159 ], [ -60.99532, -34.321419 ], [ -60.992047, -34.324283 ], [ -60.988195772999973, -34.32763611699994 ], [ -60.984555, -34.330806 ], [ -60.983068, -34.33202 ], [ -60.978360554999938, -34.335929456999956 ], [ -60.966442788999984, -34.345826969999962 ], [ -60.966157, -34.345568 ], [ -60.95485499899997, -34.336043 ], [ -60.952244, -34.333842 ], [ -60.951674, -34.333891 ], [ -60.950755, -34.334326 ], [ -60.950593, -34.334463 ], [ -60.950187408999973, -34.334743425999939 ], [ -60.95, -34.334873 ], [ -60.949972966999944, -34.33488105899994 ], [ -60.948836, -34.33522 ], [ -60.948593, -34.335335 ], [ -60.947808, -34.335634 ], [ -60.947294, -34.335773 ], [ -60.945773, -34.335852 ], [ -60.944792998999951, -34.335635 ], [ -60.943924, -34.335686 ], [ -60.942747, -34.33591 ], [ -60.94205, -34.335723 ], [ -60.940794998999934, -34.335215 ], [ -60.940551, -34.335239 ], [ -60.940146, -34.335513 ], [ -60.939872045999948, -34.33571138099996 ], [ -60.939769, -34.335786 ], [ -60.939748192999957, -34.335791409999956 ], [ -60.939146, -34.335948 ], [ -60.937135, -34.335706 ], [ -60.935913, -34.335939 ], [ -60.93472, -34.33614 ], [ -60.934202998999972, -34.336054 ], [ -60.933904, -34.336056 ], [ -60.933415, -34.336105 ], [ -60.933063, -34.336175 ], [ -60.932141, -34.336295 ], [ -60.931407422999939, -34.336492993999961 ], [ -60.931111, -34.336573 ], [ -60.930706, -34.336734 ], [ -60.930029998999935, -34.337032 ], [ -60.929546, -34.337136 ], [ -60.928964479999941, -34.336815249999965 ], [ -60.928951075999976, -34.336807856999933 ], [ -60.927956, -34.336259 ], [ -60.927439, -34.336128 ], [ -60.926246998999943, -34.336452 ], [ -60.92502, -34.336454 ], [ -60.924371, -34.336286 ], [ -60.924098, -34.336221 ], [ -60.923772, -34.336223 ], [ -60.922984, -34.336139 ], [ -60.921485, -34.335722 ], [ -60.921076, -34.335635 ], [ -60.920777, -34.335615 ], [ -60.919171, -34.335289 ], [ -60.917650874999943, -34.334453361999984 ], [ -60.91723, -34.334222 ], [ -60.915572, -34.33394 ], [ -60.914672, -34.333745 ], [ -60.914392579999976, -34.333395546999959 ], [ -60.913495, -34.332273 ], [ -60.912714, -34.331841 ], [ -60.911879, -34.331461 ], [ -60.910967, -34.331312 ], [ -60.909843, -34.330831 ], [ -60.909499, -34.330653 ], [ -60.907816, -34.329687 ], [ -60.907358, -34.329544 ], [ -60.906768, -34.329286 ], [ -60.906333, -34.329122 ], [ -60.906139, -34.328973 ], [ -60.905578, -34.328333 ], [ -60.905464, -34.328067 ], [ -60.90551, -34.327674 ], [ -60.905314, -34.327241 ], [ -60.904989998999959, -34.327126 ], [ -60.904402, -34.326805 ], [ -60.90415, -34.326781 ], [ -60.903706, -34.32676 ], [ -60.90367706699994, -34.326753312999983 ], [ -60.903494, -34.326711 ], [ -60.903431901999973, -34.326682633999944 ], [ -60.903331998999931, -34.326637 ], [ -60.902905, -34.326356 ], [ -60.902675, -34.326078 ], [ -60.902236191999975, -34.326441794999944 ], [ -60.902036961999961, -34.326606966999975 ], [ -60.90199, -34.32655 ], [ -60.89488269699995, -34.332442326999967 ], [ -60.891478, -34.335265 ], [ -60.891117, -34.335546 ], [ -60.886901, -34.338801 ], [ -60.878982577999977, -34.34483023599995 ], [ -60.870042998999963, -34.351637 ], [ -60.86964, -34.351925 ], [ -60.864538, -34.355964 ], [ -60.864208, -34.356228 ], [ -60.86304, -34.357124 ], [ -60.861435, -34.358373 ], [ -60.85978, -34.35962 ], [ -60.852809, -34.364912 ], [ -60.850148829999974, -34.366945090999934 ], [ -60.849428, -34.367496 ], [ -60.849096, -34.367789 ], [ -60.833990811999968, -34.379491967999961 ], [ -60.825912323999951, -34.385572410999934 ], [ -60.823483785999947, -34.38740030099995 ], [ -60.819403405999928, -34.390471483999931 ], [ -60.816449745999925, -34.392694617999936 ], [ -60.804816, -34.401451 ], [ -60.803868, -34.402199 ], [ -60.802047, -34.403528 ], [ -60.796813998999937, -34.407414 ], [ -60.79631352499996, -34.407786711999975 ], [ -60.792129, -34.410903 ], [ -60.786908, -34.414826 ], [ -60.786737308999932, -34.414910728999985 ], [ -60.786222, -34.415298 ], [ -60.78597868099996, -34.415418488999926 ], [ -60.782039, -34.418379 ], [ -60.780399, -34.419601 ], [ -60.779954, -34.419896 ], [ -60.778109, -34.421265 ], [ -60.774077, -34.424248 ], [ -60.770578, -34.426786 ], [ -60.767062, -34.429358 ], [ -60.766714, -34.429658 ], [ -60.763243, -34.43218 ], [ -60.759863, -34.434648 ], [ -60.755891, -34.437543 ], [ -60.753414535999973, -34.439334904999953 ], [ -60.753261, -34.439446 ], [ -60.753094, -34.439584 ], [ -60.757159566999974, -34.443051854999972 ], [ -60.758896, -34.444533 ], [ -60.758773160999965, -34.44465334899995 ], [ -60.758748, -34.444678 ], [ -60.752531441999963, -34.449793198999934 ], [ -60.750424782999978, -34.451526630999972 ], [ -60.74935, -34.452411 ], [ -60.744821988999945, -34.456033095999935 ], [ -60.743572, -34.457033 ], [ -60.743395, -34.457167 ], [ -60.741689024999971, -34.458525892999951 ], [ -60.738932, -34.460722 ], [ -60.736773, -34.462439 ], [ -60.735651498999978, -34.463327393999975 ], [ -60.730278, -34.467584 ], [ -60.728944, -34.468629 ], [ -60.72386, -34.472647 ], [ -60.721003, -34.474916 ], [ -60.71807, -34.477244 ], [ -60.717759, -34.477506 ], [ -60.71492, -34.479768 ], [ -60.714568, -34.480049 ], [ -60.707636, -34.485552 ], [ -60.702776998999987, -34.489382 ], [ -60.695741, -34.494933 ], [ -60.692092, -34.497824 ], [ -60.691717, -34.498146 ], [ -60.684405322999964, -34.503730641999937 ], [ -60.680447, -34.506754 ], [ -60.677698358999983, -34.508959186999952 ], [ -60.677205, -34.509355 ], [ -60.673626375999959, -34.512064060999933 ], [ -60.672893380999938, -34.512631582999958 ], [ -60.672424, -34.512995 ], [ -60.671828571999981, -34.513457519999974 ], [ -60.667608, -34.516736 ], [ -60.667279, -34.516993 ], [ -60.663617, -34.519833 ], [ -60.660591196, -34.522192328999949 ], [ -60.655634047999968, -34.526057596999969 ], [ -60.654422357999977, -34.527002395999936 ], [ -60.648753, -34.531423 ], [ -60.647629910999974, -34.532313479999978 ], [ -60.646905204999939, -34.532888088999982 ], [ -60.646701, -34.53305 ], [ -60.646905204999939, -34.533228191999967 ], [ -60.657708482999965, -34.542655287999928 ], [ -60.662085026999939, -34.546474323 ], [ -60.664411, -34.548504 ], [ -60.664619, -34.548666 ], [ -60.666161, -34.549966 ], [ -60.666417, -34.55018 ], [ -60.67051, -34.553803 ], [ -60.674358, -34.557227 ], [ -60.675133, -34.557914 ], [ -60.676410998999984, -34.559034 ], [ -60.682138, -34.564082 ], [ -60.686697, -34.568087 ], [ -60.687039, -34.568388 ], [ -60.691161, -34.572001 ], [ -60.691923, -34.572668 ], [ -60.692693, -34.573343 ], [ -60.692871049999958, -34.573498963999953 ], [ -60.693611998999984, -34.574148 ], [ -60.696368, -34.576579 ], [ -60.699609, -34.579453 ], [ -60.700576, -34.58031 ], [ -60.700729998999968, -34.580446 ], [ -60.701148, -34.580825 ], [ -60.703001938999925, -34.582451772999931 ], [ -60.703376, -34.58278 ], [ -60.705344, -34.584469 ], [ -60.705454, -34.584569 ], [ -60.705993, -34.585039 ], [ -60.706827, -34.585769 ], [ -60.70752, -34.586369 ], [ -60.707765, -34.586582 ], [ -60.709029, -34.587672 ], [ -60.712024, -34.590252 ], [ -60.714428, -34.592328 ], [ -60.714719, -34.592579 ], [ -60.715777, -34.593501 ], [ -60.718356, -34.595741 ], [ -60.720759, -34.597819 ], [ -60.722599, -34.599404 ], [ -60.725258, -34.601686 ], [ -60.726842493999982, -34.603077122999942 ], [ -60.727298330999986, -34.603477328999922 ], [ -60.727454, -34.603614 ], [ -60.729818, -34.605707 ], [ -60.733427, -34.608791 ], [ -60.733778, -34.609105 ], [ -60.737634300999957, -34.61245424699996 ], [ -60.744395, -34.618326 ], [ -60.749158, -34.622411 ], [ -60.749819, -34.622938 ], [ -60.751577804999954, -34.624533424999967 ], [ -60.753027, -34.625848 ], [ -60.753344, -34.626138 ], [ -60.757005111999952, -34.629505614999971 ], [ -60.758395998999966, -34.630785 ], [ -60.758237, -34.631794 ], [ -60.757993, -34.632481 ], [ -60.757420998999976, -34.63317 ], [ -60.757247, -34.634371 ], [ -60.756691, -34.635009 ], [ -60.756518552999971, -34.635255305999969 ], [ -60.756414457999945, -34.635403984999982 ], [ -60.756208210999951, -34.63545825999995 ], [ -60.75608, -34.635492 ], [ -60.755958202999977, -34.635810860999982 ], [ -60.755407, -34.635955 ], [ -60.75523, -34.636422 ], [ -60.755481, -34.637369 ], [ -60.755144387999955, -34.637983762999959 ], [ -60.755143, -34.637984 ], [ -60.755139447999973, -34.637992784999938 ], [ -60.754960486999948, -34.638435405999921 ], [ -60.75475, -34.638956 ], [ -60.75421395099994, -34.639083408999959 ], [ -60.754078, -34.63942 ], [ -60.753890406999972, -34.639464587999946 ], [ -60.753667114999985, -34.63951765999996 ], [ -60.753735344999939, -34.639966158999982 ], [ -60.753791, -34.640332 ], [ -60.752475, -34.641405 ], [ -60.752322418999931, -34.64144499899993 ], [ -60.751693, -34.64161 ], [ -60.749814998999966, -34.641739 ], [ -60.748532, -34.641968 ], [ -60.747191844, -34.642766166999927 ], [ -60.74713, -34.642803 ], [ -60.747130639999966, -34.642865313999941 ], [ -60.746457, -34.643267 ], [ -60.74646167099997, -34.643721637999931 ], [ -60.746461723999971, -34.643726843999964 ], [ -60.746463, -34.643851 ], [ -60.74606, -34.644144 ], [ -60.7456, -34.644214 ], [ -60.745045058999949, -34.644217278999967 ], [ -60.744925428999977, -34.644217985999944 ], [ -60.744504675999963, -34.644997917999952 ], [ -60.744496, -34.645014 ], [ -60.744205, -34.645776 ], [ -60.743996, -34.646832 ], [ -60.743842229999984, -34.646898950999962 ], [ -60.743599608999943, -34.647004587999966 ], [ -60.743431, -34.647078 ], [ -60.743358446999935, -34.647120113999954 ], [ -60.743324, -34.647295 ], [ -60.742861077999976, -34.647496554999975 ], [ -60.742503, -34.64836 ], [ -60.742118, -34.648651 ], [ -60.741931567999984, -34.648578832999931 ], [ -60.74183, -34.648824 ], [ -60.741446, -34.649115 ], [ -60.741011, -34.648947 ], [ -60.740749, -34.648123 ], [ -60.740456, -34.647885 ], [ -60.739637, -34.647635 ], [ -60.738671, -34.647281 ], [ -60.737903, -34.64673 ], [ -60.737409, -34.64603 ], [ -60.73715, -34.64573 ], [ -60.736694, -34.645582 ], [ -60.73599, -34.6457 ], [ -60.735597, -34.645705 ], [ -60.734806, -34.645624 ], [ -60.733901998999954, -34.645307 ], [ -60.733209, -34.645011 ], [ -60.732138, -34.645093 ], [ -60.731683, -34.645005 ], [ -60.731489709999956, -34.644847687 ], [ -60.731409, -34.644782 ], [ -60.731165, -34.644133 ], [ -60.730839998999961, -34.644065 ], [ -60.730388, -34.644038 ], [ -60.729258, -34.64397 ], [ -60.728167, -34.643826 ], [ -60.727478, -34.64395 ], [ -60.72681, -34.644329 ], [ -60.725978, -34.644724 ], [ -60.725511, -34.644896 ], [ -60.724733, -34.644901 ], [ -60.724026, -34.644717 ], [ -60.723446, -34.64472 ], [ -60.721884, -34.645188 ], [ -60.719961, -34.645455 ], [ -60.718422, -34.646049 ], [ -60.717406, -34.64616 ], [ -60.716716, -34.646374 ], [ -60.715866, -34.646679 ], [ -60.714806815999964, -34.646796595999945 ], [ -60.714784651999935, -34.646799056999946 ], [ -60.714644, -34.646681 ], [ -60.714264034999985, -34.646978223999945 ], [ -60.714171, -34.647051 ], [ -60.713957256999947, -34.647131215999934 ], [ -60.714069131999963, -34.647225125999967 ], [ -60.71413276199997, -34.647278537999959 ], [ -60.714236448999941, -34.647365575999984 ], [ -60.716344488999937, -34.649135110999957 ], [ -60.717626033999977, -34.650210867999938 ], [ -60.71868007799997, -34.651095655999946 ], [ -60.719752274999969, -34.651995681999942 ], [ -60.72515880299995, -34.656534040999922 ], [ -60.728355, -34.659217 ], [ -60.729223, -34.659949 ], [ -60.73056038899994, -34.661033472999968 ], [ -60.731317, -34.661647 ], [ -60.731917966999951, -34.66216232599993 ], [ -60.741871, -34.670697 ], [ -60.741636, -34.670881 ], [ -60.744221, -34.673154 ], [ -60.744493, -34.673438 ], [ -60.747739407999966, -34.676348872999945 ], [ -60.749699195999945, -34.678106105999966 ], [ -60.751585, -34.679797 ], [ -60.759657, -34.686748 ], [ -60.763497406999932, -34.690057336999985 ], [ -60.76375, -34.690275 ], [ -60.765505, -34.691772 ], [ -60.774625, -34.69931 ], [ -60.775030998999966, -34.699593 ], [ -60.776534, -34.700932 ], [ -60.780184003999977, -34.70409614099998 ], [ -60.78772, -34.710629 ], [ -60.787959998999952, -34.710877 ], [ -60.789257283, -34.712013424999945 ], [ -60.795230639999943, -34.717246109999955 ], [ -60.795307, -34.717313 ], [ -60.795509, -34.717472 ], [ -60.791127, -34.720801 ], [ -60.764820831999934, -34.740781956 ], [ -60.764489, -34.741034 ], [ -60.768772228999978, -34.744788896999978 ], [ -60.768956, -34.74495 ], [ -60.767325350999954, -34.746417176999941 ], [ -60.766951, -34.746754 ], [ -60.769809024, -34.749340874999966 ], [ -60.781737899999939, -34.760138023999957 ], [ -60.785207, -34.763278 ], [ -60.799462, -34.775686 ], [ -60.815398777999974, -34.789407288999939 ], [ -60.815683, -34.789652 ], [ -60.815841, -34.789533 ], [ -60.816319336999982, -34.789157379999942 ], [ -60.817741, -34.788041 ], [ -60.82146, -34.785014 ], [ -60.823983, -34.783014 ], [ -60.827221, -34.780379 ], [ -60.829783, -34.778323 ], [ -60.831003, -34.777318 ], [ -60.83383, -34.774988 ], [ -60.834711509999984, -34.774291165999948 ], [ -60.835367, -34.773773 ], [ -60.835883, -34.77333 ], [ -60.836843, -34.772572 ], [ -60.837317356999954, -34.772194518999981 ], [ -60.837552998999968, -34.772007 ], [ -60.837643986999986, -34.771938161999962 ], [ -60.838957875999938, -34.770944108999963 ], [ -60.839292793999959, -34.770690718999958 ], [ -60.840169614999979, -34.770015053999941 ], [ -60.849248105999948, -34.763019311999969 ], [ -60.85534598899995, -34.768305700999974 ], [ -60.865879, -34.777437 ], [ -60.8671, -34.779267 ], [ -60.867874, -34.77951 ], [ -60.872460998999948, -34.78367 ], [ -60.873230232999958, -34.784408525999943 ], [ -60.874941, -34.786051 ], [ -60.875734, -34.786751 ], [ -60.878699536999932, -34.789286420999929 ], [ -60.886476, -34.795935 ], [ -60.903991, -34.810841 ], [ -60.904151, -34.810719 ], [ -60.904429117999939, -34.810491875999944 ], [ -60.907407, -34.80806 ], [ -60.908648, -34.807045 ], [ -60.911587, -34.804641 ], [ -60.913714, -34.80286 ], [ -60.91505, -34.80179 ], [ -60.918734, -34.79877 ], [ -60.921884, -34.796142 ], [ -60.922400128999975, -34.795710965999938 ], [ -60.925596, -34.793042 ], [ -60.925939, -34.792766 ], [ -60.92869287499996, -34.790501369999944 ], [ -60.932733, -34.787179 ], [ -60.934719, -34.785558 ], [ -60.93591313799994, -34.784632768999977 ], [ -60.937339, -34.783528 ], [ -60.948598, -34.774259 ], [ -60.968906, -34.757546 ], [ -60.975953, -34.751808 ], [ -60.977935483999943, -34.750203773999935 ], [ -60.980505637999954, -34.748124004999966 ], [ -60.982864932999981, -34.746214862999963 ], [ -60.9866, -34.743117 ], [ -60.988104, -34.741908 ], [ -60.992267, -34.738474 ], [ -61.007972, -34.725963 ], [ -61.023001714999971, -34.713605370999957 ], [ -61.027546, -34.709869 ], [ -61.03267532099995, -34.705651420999978 ], [ -61.048176, -34.692906 ], [ -61.048353, -34.69305 ], [ -61.054031, -34.697525 ], [ -61.058437, -34.700922 ], [ -61.058856, -34.701246 ], [ -61.062605, -34.704288 ], [ -61.063681, -34.705166 ], [ -61.064836, -34.7061 ], [ -61.065129, -34.706337 ], [ -61.072534, -34.712324 ], [ -61.073935, -34.71344 ], [ -61.077769, -34.716519 ], [ -61.080074, -34.71837 ], [ -61.084422492999977, -34.72185081099996 ], [ -61.086975, -34.723894 ], [ -61.089805048999949, -34.726171217999941 ], [ -61.090282, -34.726555 ], [ -61.099247, -34.733785 ], [ -61.099852, -34.734241 ], [ -61.100852, -34.73501 ], [ -61.108976, -34.741513 ], [ -61.110953, -34.743104876999951 ], [ -61.114078318999987, -34.745621378999935 ], [ -61.11527939299998, -34.746588480999947 ], [ -61.116594, -34.747647 ], [ -61.11698, -34.747949 ], [ -61.117314589999985, -34.748214888999946 ], [ -61.118256, -34.748963 ], [ -61.118594, -34.749251 ], [ -61.120559274999955, -34.750855860999934 ], [ -61.121225310999925, -34.751399750999944 ], [ -61.12547, -34.754866 ], [ -61.125629385999964, -34.754998324999967 ], [ -61.126059, -34.755355 ], [ -61.127828823999955, -34.756825674999959 ], [ -61.128334750999954, -34.757246085999952 ], [ -61.131188093999988, -34.759617135999974 ], [ -61.132342, -34.760576 ], [ -61.132804620999934, -34.760950906999931 ], [ -61.135881, -34.763444 ], [ -61.135632889999954, -34.76366226499993 ], [ -61.135058, -34.764168 ], [ -61.137268422999966, -34.76595517699996 ], [ -61.137321070999974, -34.765997743999939 ], [ -61.138362883999946, -34.766840072999962 ], [ -61.138625, -34.767052 ], [ -61.13970597399998, -34.767930758999967 ], [ -61.140730793999978, -34.768763866999961 ], [ -61.141095206999985, -34.769060109999934 ], [ -61.141529414999972, -34.769413091999965 ], [ -61.144497857999966, -34.771826233999938 ], [ -61.144893003999975, -34.77214746099996 ], [ -61.145136, -34.772345 ], [ -61.145703, -34.77277 ], [ -61.147995051999942, -34.774643141999952 ], [ -61.148688470999964, -34.775209826999969 ], [ -61.149307823999948, -34.775715982999934 ], [ -61.149661527999974, -34.776005042999941 ], [ -61.149977146999959, -34.776262976999931 ], [ -61.150113, -34.776374 ], [ -61.150605991999953, -34.776766681999952 ], [ -61.150740661999976, -34.776873950999963 ], [ -61.151165, -34.777206 ], [ -61.151439075999981, -34.776977462999966 ], [ -61.151757174999943, -34.776712218999933 ], [ -61.151998516999974, -34.776510977999976 ], [ -61.152296245999935, -34.776262717999941 ], [ -61.172899729999983, -34.759082636999942 ], [ -61.175340998999957, -34.757047 ], [ -61.185606, -34.748421 ], [ -61.187776, -34.746611 ], [ -61.18831, -34.746141 ], [ -61.196050216999936, -34.739656718999981 ], [ -61.201702, -34.734922 ], [ -61.202059, -34.734613 ], [ -61.202588, -34.734141 ], [ -61.203099, -34.733742 ], [ -61.21, -34.727913 ], [ -61.212581338999939, -34.725738346999947 ], [ -61.215318998999983, -34.723432 ], [ -61.222551, -34.717368 ], [ -61.219605, -34.714899 ], [ -61.217759, -34.713357 ], [ -61.211502, -34.708122 ], [ -61.208804227999956, -34.705874786999971 ], [ -61.204736, -34.702486 ], [ -61.205683765999943, -34.701715470999957 ], [ -61.216094, -34.693252 ], [ -61.218203, -34.691597 ], [ -61.226173, -34.685152 ], [ -61.246724, -34.668183 ], [ -61.248893328999941, -34.666347 ], [ -61.262877, -34.654512 ], [ -61.28155, -34.639025 ], [ -61.291135, -34.631195 ], [ -61.305711236999961, -34.619179721999956 ], [ -61.313696028999964, -34.612597809999954 ], [ -61.314619, -34.611837 ], [ -61.324233, -34.603886 ], [ -61.329306848999984, -34.599714152999987 ], [ -61.333209783999969, -34.596505060999945 ], [ -61.336126862999954, -34.594106563999951 ], [ -61.33848356499994, -34.592168823999934 ], [ -61.338471998999985, -34.59216 ], [ -61.338307, -34.592021 ], [ -61.338084535999947, -34.591842646999957 ], [ -61.332018, -34.586979 ], [ -61.325268, -34.581571 ], [ -61.315746, -34.573918 ], [ -61.311634555999937, -34.570607066999962 ], [ -61.310913, -34.570026 ], [ -61.306375, -34.566381 ], [ -61.29659, -34.558446 ], [ -61.294289, -34.556623 ], [ -61.293574, -34.556091 ], [ -61.292828, -34.555443 ], [ -61.288372148999947, -34.551829369999936 ], [ -61.286638, -34.550423 ], [ -61.280467, -34.545489 ], [ -61.278273661999947, -34.543709097999965 ], [ -61.275199, -34.541214 ], [ -61.279368, -34.537701 ], [ -61.280687, -34.536733 ], [ -61.283352, -34.534657 ], [ -61.322996, -34.501042 ], [ -61.332620998999964, -34.493158 ], [ -61.347640204999948, -34.480550897999933 ], [ -61.355373, -34.47406 ], [ -61.355509, -34.473947 ], [ -61.354102, -34.472852 ], [ -61.34693, -34.46716 ], [ -61.340953465999981, -34.462500018999947 ], [ -61.340729, -34.462325 ], [ -61.33481, -34.457625 ], [ -61.329167, -34.453145 ], [ -61.327772589999938, -34.452032389999943 ], [ -61.32617157, -34.450754923999959 ], [ -61.323150294999948, -34.448344224999971 ], [ -61.322118479, -34.447520931999975 ], [ -61.318527998999969, -34.444656060999925 ], [ -61.317984, -34.444222 ], [ -61.317683587999973, -34.443982273999943 ], [ -61.314500589999966, -34.441442275999975 ], [ -61.310590335999962, -34.438321935999959 ], [ -61.310524, -34.438269 ], [ -61.307777453999961, -34.436091702999938 ], [ -61.299422, -34.429468 ], [ -61.299162, -34.429263 ], [ -61.291302789999975, -34.423055313999953 ], [ -61.291015, -34.422828 ], [ -61.288550604999955, -34.420903814999974 ], [ -61.288068, -34.420527 ], [ -61.282852, -34.416491 ], [ -61.278299448999967, -34.412852184999963 ], [ -61.277562558999939, -34.412263194999966 ], [ -61.275513, -34.410625 ], [ -61.27031501099998, -34.406456952999982 ], [ -61.269699, -34.405963 ], [ -61.269822, -34.405953 ], [ -61.269927, -34.405899 ], [ -61.269995, -34.405814 ], [ -61.270043, -34.405721 ], [ -61.270101, -34.405633 ], [ -61.270168, -34.405549 ], [ -61.270244, -34.40547 ], [ -61.270328, -34.405397 ], [ -61.270521, -34.405276 ], [ -61.270742998999935, -34.405195 ], [ -61.270783320999961, -34.405188731999935 ], [ -61.270981, -34.405158 ], [ -61.271223, -34.405166 ], [ -61.271457, -34.40522 ], [ -61.271568, -34.405214 ], [ -61.271671, -34.405178 ], [ -61.271752, -34.405115 ], [ -61.271803, -34.405033 ], [ -61.271818, -34.404941 ], [ -61.271831, -34.404866 ], [ -61.271873, -34.4048 ], [ -61.27194, -34.404749 ], [ -61.272024, -34.404721 ], [ -61.272050879999938, -34.404719817999926 ], [ -61.27216, -34.404745 ], [ -61.272271, -34.404739 ], [ -61.272341711999964, -34.404714042999949 ], [ -61.272373, -34.404703 ], [ -61.272455, -34.40464 ], [ -61.272506, -34.404557 ], [ -61.272521, -34.404466 ], [ -61.272534, -34.404391 ], [ -61.272575998999969, -34.404325 ], [ -61.272643, -34.404274 ], [ -61.272727, -34.404245 ], [ -61.272818, -34.404242 ], [ -61.27295948699998, -34.404240154999961 ], [ -61.273048, -34.404239 ], [ -61.273267, -34.404179 ], [ -61.273455, -34.404068 ], [ -61.273595, -34.403917 ], [ -61.273675, -34.403737 ], [ -61.273688, -34.403425 ], [ -61.2738, -34.403127 ], [ -61.27390023799996, -34.402997770999946 ], [ -61.274004, -34.402864 ], [ -61.274284, -34.402655 ], [ -61.274622, -34.402515 ], [ -61.274911, -34.402343 ], [ -61.275204, -34.402175 ], [ -61.275489240999946, -34.402018453999972 ], [ -61.275520998999987, -34.401972 ], [ -61.275699, -34.4018 ], [ -61.275807, -34.401731 ], [ -61.274786, -34.401268 ], [ -61.273589998999974, -34.400858 ], [ -61.272157, -34.40065 ], [ -61.271871360999967, -34.40063319799998 ], [ -61.271647, -34.40062 ], [ -61.270757, -34.400746 ], [ -61.270325, -34.400763 ], [ -61.268795, -34.400685 ], [ -61.267709, -34.400978 ], [ -61.267003, -34.401091 ], [ -61.266549998999949, -34.401084 ], [ -61.266543442999932, -34.401082170999985 ], [ -61.265213, -34.400711 ], [ -61.264575, -34.400623 ], [ -61.264187, -34.400762 ], [ -61.263272, -34.400923 ], [ -61.262883030999944, -34.400828684999958 ], [ -61.262674, -34.400778 ], [ -61.262600980999935, -34.400743664999936 ], [ -61.261566, -34.400257 ], [ -61.260021, -34.401185 ], [ -61.259214597999971, -34.401483755999941 ], [ -61.258400319999957, -34.401785429999961 ], [ -61.25822, -34.401913 ], [ -61.25718, -34.402873 ], [ -61.256897457999962, -34.402959884999966 ], [ -61.256477, -34.403348 ], [ -61.255199, -34.403741 ], [ -61.25317199899996, -34.403616 ], [ -61.252847, -34.403469 ], [ -61.251636, -34.402766 ], [ -61.251078, -34.402541 ], [ -61.250533, -34.402524 ], [ -61.249994, -34.402713 ], [ -61.248541, -34.402354 ], [ -61.248189, -34.402426 ], [ -61.247919, -34.402518 ], [ -61.247326, -34.402863 ], [ -61.245721, -34.402856 ], [ -61.245338, -34.40268 ], [ -61.245164289999927, -34.402492812999974 ], [ -61.244802611999937, -34.402103073999974 ], [ -61.244758, -34.402055 ], [ -61.243939280999946, -34.401392700999949 ], [ -61.243685, -34.401187 ], [ -61.243432, -34.400626 ], [ -61.243290757999944, -34.40022665999993 ], [ -61.243154, -34.39984 ], [ -61.24282, -34.400305 ], [ -61.24264, -34.400574 ], [ -61.242495212999977, -34.400927801999948 ], [ -61.242374, -34.401224 ], [ -61.241889098999941, -34.401373025999931 ], [ -61.2413, -34.401833 ], [ -61.239845, -34.402837 ], [ -61.239822494999942, -34.402842434999968 ], [ -61.239142, -34.403312 ], [ -61.238317, -34.403511 ], [ -61.237970067999989, -34.403685477999929 ], [ -61.237657, -34.40404 ], [ -61.236313, -34.406414 ], [ -61.233786, -34.409561 ], [ -61.232890494999936, -34.411557757999958 ], [ -61.232798, -34.411764 ], [ -61.232584, -34.412794 ], [ -61.232224, -34.413369 ], [ -61.232231, -34.413826 ], [ -61.232219312, -34.414048394999945 ], [ -61.232195, -34.414511 ], [ -61.232029841999974, -34.415713615999934 ], [ -61.232021, -34.415778 ], [ -61.232545836, -34.416330892999945 ], [ -61.232657, -34.416448 ], [ -61.232616, -34.416971 ], [ -61.232794, -34.417703 ], [ -61.232849, -34.418312 ], [ -61.233041, -34.418881 ], [ -61.232056, -34.42068 ], [ -61.231703, -34.421712 ], [ -61.231158, -34.422136 ], [ -61.230982, -34.42267 ], [ -61.231129, -34.423278 ], [ -61.230537, -34.423996 ], [ -61.230662588999969, -34.424273597999964 ], [ -61.231521, -34.426171 ], [ -61.231545124999968, -34.426341866999955 ], [ -61.231812, -34.428232 ], [ -61.23162, -34.429235 ], [ -61.231867, -34.429913 ], [ -61.234209, -34.43282 ], [ -61.234215998999957, -34.433353 ], [ -61.233509221999959, -34.433576316999954 ], [ -61.229418, -34.434869 ], [ -61.229231, -34.435073 ], [ -61.229131790999986, -34.435211395999936 ], [ -61.228593, -34.435963 ], [ -61.228080841999947, -34.436170101999934 ], [ -61.227861, -34.436259 ], [ -61.22686, -34.436584 ], [ -61.224626, -34.436973 ], [ -61.223801998999939, -34.436876 ], [ -61.222362, -34.437524 ], [ -61.221137, -34.437787 ], [ -61.220685, -34.437402 ], [ -61.220893, -34.436064 ], [ -61.220898, -34.435449 ], [ -61.220629, -34.434985 ], [ -61.220185, -34.434923 ], [ -61.219479, -34.434763 ], [ -61.21847, -34.434657 ], [ -61.217826, -34.434613 ], [ -61.217442, -34.434567 ], [ -61.217119, -34.434503 ], [ -61.216735, -34.434357 ], [ -61.216451, -34.434193 ], [ -61.21613, -34.434263 ], [ -61.21421, -34.432975 ], [ -61.212871, -34.432272 ], [ -61.212323, -34.43196 ], [ -61.211835, -34.431632 ], [ -61.21141, -34.431436 ], [ -61.210407664999927, -34.429241911999945 ], [ -61.21014, -34.428656 ], [ -61.209444, -34.427896 ], [ -61.209053, -34.4273 ], [ -61.208602, -34.426754 ], [ -61.208072, -34.426242 ], [ -61.207826, -34.425928 ], [ -61.207749, -34.4257 ], [ -61.207537998999953, -34.425531 ], [ -61.207075260999936, -34.425510672999962 ], [ -61.206764, -34.425497 ], [ -61.206097854999939, -34.425586698999943 ], [ -61.205754, -34.425633 ], [ -61.205266, -34.425351 ], [ -61.204707, -34.425162 ], [ -61.204341, -34.425304 ], [ -61.203959, -34.425199 ], [ -61.203686, -34.425251 ], [ -61.203505, -34.425412 ], [ -61.203076, -34.425417 ], [ -61.202485600999978, -34.425514489999948 ], [ -61.202319, -34.425542 ], [ -61.201486, -34.425786 ], [ -61.200895, -34.42589 ], [ -61.200601168999974, -34.425863676999946 ], [ -61.199109, -34.42573 ], [ -61.196274, -34.424296 ], [ -61.194057, -34.422737 ], [ -61.193118, -34.420376 ], [ -61.192182, -34.418291 ], [ -61.191386, -34.415747 ], [ -61.191462, -34.414403 ], [ -61.192165, -34.413527 ], [ -61.192368224999939, -34.41260472099998 ], [ -61.192430257999945, -34.412323201999975 ], [ -61.192479, -34.412102 ], [ -61.1928, -34.41119 ], [ -61.192839, -34.410597 ], [ -61.19339899899996, -34.409723 ], [ -61.19353, -34.408852 ], [ -61.193663, -34.408179 ], [ -61.193983998999961, -34.407228 ], [ -61.194444, -34.406038 ], [ -61.194572, -34.405009 ], [ -61.194938, -34.4039 ], [ -61.195121, -34.403345 ], [ -61.195633, -34.40201 ], [ -61.195536, -34.400929 ], [ -61.195059, -34.397469 ], [ -61.195054485999947, -34.397452312999974 ], [ -61.19488099899997, -34.396811 ], [ -61.194843, -34.396095 ], [ -61.194872625999956, -34.395511671999941 ], [ -61.194900998999969, -34.394953 ], [ -61.194769, -34.394269 ], [ -61.194848, -34.393721 ], [ -61.194555, -34.393119 ], [ -61.194046, -34.391727 ], [ -61.193798, -34.391459 ], [ -61.193184998999982, -34.390666 ], [ -61.193047998999987, -34.389654 ], [ -61.193221, -34.389143 ], [ -61.193535998999955, -34.388306 ], [ -61.193935, -34.387694 ], [ -61.193807, -34.386838 ], [ -61.193856, -34.386285 ], [ -61.194587, -34.385475 ], [ -61.195335, -34.384841 ], [ -61.195907459999944, -34.38417170799994 ], [ -61.196275, -34.383742 ], [ -61.196483, -34.382404 ], [ -61.196511, -34.381726 ], [ -61.196584489999971, -34.381386192999969 ], [ -61.196724194999945, -34.380740218999968 ], [ -61.196825870999987, -34.380270082999971 ], [ -61.196947, -34.37971 ], [ -61.198118998999973, -34.378181 ], [ -61.198703908999967, -34.377561207999975 ], [ -61.198839998999972, -34.377417 ], [ -61.199124, -34.377101 ], [ -61.199329, -34.376781 ], [ -61.199276, -34.376314 ], [ -61.19917, -34.375529 ], [ -61.198579, -34.373559 ], [ -61.197406, -34.37148 ], [ -61.196722, -34.370294 ], [ -61.196337, -34.36964 ], [ -61.195656, -34.368713 ], [ -61.195204, -34.367767 ], [ -61.195091912999942, -34.36758096899996 ], [ -61.19439, -34.366416 ], [ -61.194013400999943, -34.365796163999967 ], [ -61.193941, -34.365677 ], [ -61.193596610999982, -34.365300155999918 ], [ -61.193368, -34.36505 ], [ -61.192758, -34.364599 ], [ -61.190997, -34.364011 ], [ -61.189565198999958, -34.363651297999972 ], [ -61.189116409999933, -34.363538551999966 ], [ -61.187932, -34.363241 ], [ -61.18605, -34.363445 ], [ -61.185221, -34.363869 ], [ -61.184517, -34.364117 ], [ -61.183723, -34.364299 ], [ -61.182945, -34.364445 ], [ -61.18217, -34.364822 ], [ -61.181452, -34.365231 ], [ -61.179895, -34.36549 ], [ -61.17834, -34.365974 ], [ -61.176566, -34.366204 ], [ -61.168531, -34.359483 ], [ -61.168395, -34.359374 ], [ -61.166061984999942, -34.357382189999953 ], [ -61.164357816999932, -34.355927257999944 ], [ -61.154419, -34.347442 ], [ -61.154274, -34.347316 ], [ -61.154184, -34.347223 ], [ -61.148369998999947, -34.342189 ], [ -61.148227, -34.342082 ], [ -61.14716407699995, -34.341182819999965 ], [ -61.144981370999979, -34.339336357999976 ], [ -61.13965804299994, -34.33483308499995 ], [ -61.135348, -34.331187 ], [ -61.135184, -34.331075 ], [ -61.133960294999959, -34.330008372999941 ], [ -61.131580415999963, -34.32793398099993 ], [ -61.130671168999974, -34.327141446999981 ], [ -61.128827, -34.325534 ], [ -61.138344, -34.317818 ], [ -61.130759502999979, -34.311582324999961 ], [ -61.130434375999982, -34.311315017999952 ], [ -61.130393, -34.311281 ], [ -61.128719345999976, -34.309888147999978 ], [ -61.125595, -34.307288 ], [ -61.112637394999979, -34.296544130999962 ], [ -61.109976374999974, -34.294337731999967 ], [ -61.098149, -34.284531 ], [ -61.097694814999954, -34.284906820999922 ], [ -61.09751161999997, -34.285058407999941 ], [ -61.093124, -34.288689 ], [ -61.093060011999967, -34.288741920999946 ], [ -61.088168998999947, -34.292787 ], [ -61.087985, -34.292944 ], [ -61.080353302999981, -34.299032461999957 ], [ -61.080258124999943, -34.299108393999958 ], [ -61.077831868999972, -34.301044026999925 ], [ -61.077424949999966, -34.30136866099997 ], [ -61.070098, -34.307214 ], [ -61.070040422999966, -34.307165805999944 ], [ -61.056708, -34.296006 ], [ -61.056351070999931, -34.295706560999982 ], [ -61.055364151999989, -34.294878604999951 ], [ -61.043485608999958, -34.284913325999973 ], [ -61.041553, -34.283292 ], [ -61.041518470999961, -34.283317703999955 ], [ -61.041166954999937, -34.283579380999988 ], [ -61.040093498999966, -34.284378486999955 ], [ -61.037853, -34.286202 ], [ -61.036758058999965, -34.28709792799998 ], [ -61.035692593999954, -34.287969736999976 ], [ -61.035061047999932, -34.288486494999972 ], [ -61.032960376999945, -34.290205354999962 ], [ -61.031922, -34.291055 ], [ -61.031634, -34.29129 ], [ -61.02633, -34.295636 ], [ -61.023661, -34.297818 ], [ -61.022605, -34.298673 ], [ -61.021408393999927, -34.299641946999934 ], [ -61.019814, -34.300933 ], [ -61.017925, -34.302463 ], [ -61.014536, -34.305211 ], [ -61.013182, -34.306323 ] ] ] ] } },
{ "type": "Feature", "properties": { "id": null }, "geometry": { "type": "MultiPolygon", "coordinates": [ [ [ [ -60.895253, -33.886616 ], [ -60.893549, -33.887939 ], [ -60.891451, -33.889572 ], [ -60.890214, -33.890535 ], [ -60.889841, -33.890825 ], [ -60.885097998999981, -33.894508 ], [ -60.881421, -33.897198 ], [ -60.880280998999979, -33.898188 ], [ -60.87954519799996, -33.89878798899997 ], [ -60.879543969999986, -33.898788959999926 ], [ -60.877894255999934, -33.900149238999973 ], [ -60.877635, -33.900363 ], [ -60.877004, -33.900874 ], [ -60.876195, -33.901548 ], [ -60.875422, -33.902164 ], [ -60.875390161999967, -33.902189560999929 ], [ -60.871231998999974, -33.905528 ], [ -60.870822, -33.905858 ], [ -60.869493059999968, -33.906933851999945 ], [ -60.866448, -33.909399 ], [ -60.862438, -33.912592 ], [ -60.861824, -33.913072 ], [ -60.860736, -33.913894 ], [ -60.860296, -33.91426 ], [ -60.859184, -33.915141 ], [ -60.851876109999971, -33.920469835999938 ], [ -60.850078, -33.921781 ], [ -60.842556, -33.927274 ], [ -60.838179, -33.930476 ], [ -60.837937, -33.930653 ], [ -60.837724, -33.930809 ], [ -60.836729, -33.931593 ], [ -60.835874, -33.932211 ], [ -60.829764, -33.936846 ], [ -60.829156588999979, -33.937269718999964 ], [ -60.820039, -33.94363 ], [ -60.81693476099997, -33.945862468999955 ], [ -60.809936919999977, -33.950895091999932 ], [ -60.807925, -33.952342 ], [ -60.807525440999946, -33.952610859999936 ], [ -60.802679, -33.955872 ], [ -60.798244, -33.952047 ], [ -60.798068, -33.9519 ], [ -60.797419289999944, -33.952400639999937 ], [ -60.797385, -33.952372 ], [ -60.782704, -33.963702 ], [ -60.77963207899996, -33.966087007999931 ], [ -60.775154537999981, -33.969563324999967 ], [ -60.768854, -33.974455 ], [ -60.766584377999948, -33.976191282999928 ], [ -60.765173, -33.977271 ], [ -60.763209003, -33.978814219999954 ], [ -60.761663, -33.980029 ], [ -60.756295, -33.984181 ], [ -60.755607348999945, -33.984715282999957 ], [ -60.753134, -33.986637 ], [ -60.750017, -33.989135 ], [ -60.747511, -33.991212 ], [ -60.741719, -33.995802 ], [ -60.731344663999948, -34.004126536999934 ], [ -60.730959, -34.004436 ], [ -60.724979, -34.009403 ], [ -60.723574273999986, -34.010546065999954 ], [ -60.7172, -34.015733 ], [ -60.715285, -34.017243 ], [ -60.71386625699995, -34.018360861999959 ], [ -60.709985, -34.021419 ], [ -60.70942, -34.021876 ], [ -60.705401, -34.025122 ], [ -60.703283998999957, -34.02687 ], [ -60.704184388999977, -34.027533918999943 ], [ -60.707777, -34.030183 ], [ -60.715401, -34.035737 ], [ -60.706995, -34.042614 ], [ -60.704459090999933, -34.044619567999973 ], [ -60.70152, -34.046944 ], [ -60.701166, -34.047242 ], [ -60.697873, -34.049938 ], [ -60.696064203999988, -34.051385945999982 ], [ -60.691038, -34.051807 ], [ -60.690574, -34.051944 ], [ -60.689847286999971, -34.052105713999921 ], [ -60.689846, -34.052106 ], [ -60.689844665999942, -34.052107271999944 ], [ -60.689410548999945, -34.052521467999952 ], [ -60.689323, -34.052605 ], [ -60.688655, -34.053435 ], [ -60.688348, -34.053707 ], [ -60.688075849999969, -34.053910008999935 ], [ -60.687608, -34.054259 ], [ -60.687155, -34.0547 ], [ -60.686945, -34.054789 ], [ -60.686876, -34.055037 ], [ -60.686614, -34.055185 ], [ -60.686424, -34.055638 ], [ -60.685753249999948, -34.056078339999942 ], [ -60.68574, -34.05611 ], [ -60.68525075499997, -34.056430560999949 ], [ -60.684954, -34.056625 ], [ -60.68465, -34.056784 ], [ -60.684392031999948, -34.057150627999924 ], [ -60.683955, -34.057372 ], [ -60.683797, -34.057475 ], [ -60.683692705999931, -34.05762923299995 ], [ -60.68327, -34.057843 ], [ -60.683113, -34.057946 ], [ -60.682832794999968, -34.058360376999914 ], [ -60.68268, -34.058387 ], [ -60.682214003999945, -34.058820698999959 ], [ -60.682175, -34.058857 ], [ -60.681879, -34.059253 ], [ -60.680762, -34.060106 ], [ -60.680252, -34.060554 ], [ -60.679911678999986, -34.060722507999969 ], [ -60.679789563999975, -34.060829988999956 ], [ -60.679496, -34.061249 ], [ -60.679047, -34.061742 ], [ -60.678657935999979, -34.061889818999923 ], [ -60.678438998999987, -34.061973 ], [ -60.67823, -34.062166 ], [ -60.677618, -34.062483 ], [ -60.677304214999943, -34.062762639999953 ], [ -60.677085, -34.062958 ], [ -60.676567183999964, -34.063280008999982 ], [ -60.676289, -34.063453 ], [ -60.6759, -34.063595 ], [ -60.675429, -34.06386 ], [ -60.67527513199996, -34.064044358999979 ], [ -60.675216, -34.064066 ], [ -60.674877799999933, -34.064255878999973 ], [ -60.674744, -34.064331 ], [ -60.674199123999983, -34.06498426699995 ], [ -60.674061941999973, -34.065148738999945 ], [ -60.673437, -34.065898 ], [ -60.673251998999945, -34.066155 ], [ -60.67312, -34.066716 ], [ -60.672817, -34.066998 ], [ -60.672699168999948, -34.067348279999976 ], [ -60.672487, -34.067979 ], [ -60.672346, -34.068854 ], [ -60.672345, -34.069983 ], [ -60.671752, -34.071096 ], [ -60.671756, -34.071499 ], [ -60.671614838999972, -34.07242221599995 ], [ -60.671495, -34.073206 ], [ -60.67112, -34.07374 ], [ -60.670884, -34.07459 ], [ -60.670929, -34.07494 ], [ -60.670891998999942, -34.075561 ], [ -60.670225, -34.076448 ], [ -60.670145, -34.076913 ], [ -60.669569, -34.077731 ], [ -60.66932, -34.078249 ], [ -60.669167, -34.078801 ], [ -60.668804998999967, -34.079642 ], [ -60.667790099999941, -34.080859130999947 ], [ -60.667721, -34.080942 ], [ -60.667644, -34.081178 ], [ -60.667574233999979, -34.081391782999958 ], [ -60.66677886399998, -34.081245386999974 ], [ -60.666717, -34.081234 ], [ -60.666540780999988, -34.081368833999932 ], [ -60.666087970999961, -34.081715301999957 ], [ -60.666032, -34.081705 ], [ -60.665732743999968, -34.081934265999969 ], [ -60.665254, -34.082169 ], [ -60.664737715999941, -34.082551623999954 ], [ -60.664714753999981, -34.082568640999973 ], [ -60.664354, -34.082836 ], [ -60.66336, -34.083595 ], [ -60.662855, -34.084108 ], [ -60.662393, -34.084923 ], [ -60.662042, -34.085468 ], [ -60.661527, -34.086029 ], [ -60.660762, -34.087101 ], [ -60.660625005, -34.087501929999974 ], [ -60.660435, -34.088058 ], [ -60.660385132, -34.088345800999946 ], [ -60.66029797199996, -34.088848822999971 ], [ -60.660282, -34.088941 ], [ -60.659974, -34.089375 ], [ -60.659775907999972, -34.089447142999965 ], [ -60.659502357999934, -34.089546767999927 ], [ -60.659366451999979, -34.08973827199997 ], [ -60.65929, -34.089846 ], [ -60.659056423999971, -34.08993099199995 ], [ -60.658438222999962, -34.090155939999924 ], [ -60.658030961999948, -34.09100841999998 ], [ -60.657981, -34.091113 ], [ -60.657686059999946, -34.091349248999968 ], [ -60.657388, -34.091588 ], [ -60.657157701999957, -34.091695730999959 ], [ -60.656736, -34.091893 ], [ -60.656470190999983, -34.092168731999948 ], [ -60.656052, -34.092365 ], [ -60.655546378999986, -34.092888823999935 ], [ -60.655378878999962, -34.093062353999976 ], [ -60.655302, -34.093142 ], [ -60.653532, -34.094019 ], [ -60.652877, -34.094118 ], [ -60.652562303999957, -34.094180458999965 ], [ -60.652104592999933, -34.094271301999981 ], [ -60.65203625799996, -34.094284864999963 ], [ -60.651765, -34.094488 ], [ -60.651681398999983, -34.094508633999965 ], [ -60.65108, -34.094959 ], [ -60.650687998999963, -34.095056 ], [ -60.649968, -34.094635 ], [ -60.649244, -34.094312 ], [ -60.648653, -34.094261 ], [ -60.647766, -34.093964 ], [ -60.647235, -34.093934 ], [ -60.646397, -34.094035 ], [ -60.645339, -34.094369 ], [ -60.644761, -34.09446 ], [ -60.644096998999942, -34.094648 ], [ -60.642787, -34.094687 ], [ -60.642438998999978, -34.094805 ], [ -60.641103, -34.094886 ], [ -60.641093669999975, -34.094888138999984 ], [ -60.640366, -34.095055 ], [ -60.63995484399998, -34.095238728999959 ], [ -60.639123998999935, -34.09561 ], [ -60.638522123999969, -34.095813711999931 ], [ -60.638148998999945, -34.09594 ], [ -60.637753181999976, -34.096147487999922 ], [ -60.637418121999985, -34.096323126999934 ], [ -60.637054, -34.096642 ], [ -60.636198998999987, -34.098249 ], [ -60.635983403999944, -34.09877523199998 ], [ -60.635428365999985, -34.100129981999942 ], [ -60.635033, -34.101095 ], [ -60.634908135999986, -34.102213972999955 ], [ -60.634903, -34.10226 ], [ -60.634900888999937, -34.102263925999978 ], [ -60.634489851999952, -34.103028309999956 ], [ -60.634447, -34.103108 ], [ -60.634285, -34.103516 ], [ -60.633898172999977, -34.104144396999978 ], [ -60.63355, -34.10471 ], [ -60.633281, -34.105303 ], [ -60.633239, -34.105919 ], [ -60.632431, -34.106776 ], [ -60.632184, -34.107193 ], [ -60.632325080999976, -34.108281337999976 ], [ -60.632331, -34.108327 ], [ -60.632012, -34.108963 ], [ -60.631464455999946, -34.109159949999921 ], [ -60.631115756999982, -34.109285375999939 ], [ -60.631088998999985, -34.109295 ], [ -60.630335202999952, -34.109388060999947 ], [ -60.630117, -34.109415 ], [ -60.629702, -34.109571 ], [ -60.629238001999965, -34.109959123999943 ], [ -60.629017, -34.110042 ], [ -60.628900387999984, -34.110139542999946 ], [ -60.628829654999954, -34.110198709999963 ], [ -60.628670932999967, -34.110331476999932 ], [ -60.628381, -34.110574 ], [ -60.627748495999981, -34.110830137999976 ], [ -60.627165847999954, -34.11106608599993 ], [ -60.626808, -34.111211 ], [ -60.626532823999987, -34.11131942399993 ], [ -60.624836, -34.111988 ], [ -60.624474, -34.112153 ], [ -60.62277, -34.112391 ], [ -60.621981998999949, -34.112221 ], [ -60.621196, -34.112283 ], [ -60.620874, -34.112554 ], [ -60.620363998999956, -34.112499 ], [ -60.619389, -34.112023 ], [ -60.618833, -34.112064 ], [ -60.618096, -34.112472 ], [ -60.617156, -34.112692 ], [ -60.615719, -34.112449 ], [ -60.614609, -34.112666 ], [ -60.613799, -34.112555 ], [ -60.6114, -34.112789 ], [ -60.610374829999955, -34.112822244999961 ], [ -60.609704, -34.112844 ], [ -60.609674342999938, -34.112848275999966 ], [ -60.608733, -34.112984 ], [ -60.608222, -34.112946 ], [ -60.607768, -34.112999 ], [ -60.607552, -34.112971 ], [ -60.607076, -34.112996 ], [ -60.606422, -34.113012 ], [ -60.605623, -34.113074 ], [ -60.605039, -34.113102 ], [ -60.604377, -34.113086 ], [ -60.603988, -34.113076 ], [ -60.60334, -34.113149 ], [ -60.602702, -34.113254 ], [ -60.602143, -34.113413 ], [ -60.601606, -34.113627 ], [ -60.601093, -34.11391 ], [ -60.600787, -34.114065 ], [ -60.600411, -34.114227 ], [ -60.599989, -34.114344 ], [ -60.599335, -34.114398 ], [ -60.598836, -34.114465 ], [ -60.598414, -34.114582 ], [ -60.597747, -34.114854 ], [ -60.597509, -34.114919 ], [ -60.597155, -34.114908 ], [ -60.596665, -34.114931 ], [ -60.596103998999979, -34.115055 ], [ -60.595783, -34.115255 ], [ -60.595537, -34.115352 ], [ -60.595306, -34.115347 ], [ -60.594844, -34.115189 ], [ -60.594474, -34.115121 ], [ -60.594107796999936, -34.115135932999976 ], [ -60.593959, -34.115142 ], [ -60.593514, -34.11524 ], [ -60.593084, -34.115409 ], [ -60.592670998999957, -34.115653 ], [ -60.592234, -34.115841 ], [ -60.592066331999945, -34.115877276999989 ], [ -60.591476, -34.116005 ], [ -60.590938, -34.11604 ], [ -60.590261, -34.116043 ], [ -60.58963, -34.115938 ], [ -60.588975, -34.115768 ], [ -60.588489, -34.115572 ], [ -60.588035, -34.115472 ], [ -60.587565, -34.11543 ], [ -60.587096, -34.115406 ], [ -60.586813, -34.115456 ], [ -60.586643108999965, -34.115486245999932 ], [ -60.586478, -34.1156 ], [ -60.586275236999938, -34.115679403999934 ], [ -60.586092, -34.115865 ], [ -60.585793, -34.116071 ], [ -60.585363, -34.116239 ], [ -60.585012, -34.116286 ], [ -60.584504, -34.116244 ], [ -60.582549998999987, -34.116094 ], [ -60.581788998999968, -34.116091 ], [ -60.581266, -34.116087 ], [ -60.58088, -34.116012 ], [ -60.580265, -34.115996 ], [ -60.579758, -34.116062 ], [ -60.578423, -34.11637 ], [ -60.578060875999931, -34.116499588999936 ], [ -60.577785757999948, -34.116630478999973 ], [ -60.577581, -34.116873 ], [ -60.577224563999948, -34.117042510999958 ], [ -60.575655188999974, -34.117788859999962 ], [ -60.575362514999938, -34.117928047999946 ], [ -60.575056200999938, -34.118073721999956 ], [ -60.575043, -34.11808 ], [ -60.574583, -34.11828 ], [ -60.574578234999933, -34.118285765999929 ], [ -60.573401, -34.118659 ], [ -60.572972, -34.118885 ], [ -60.572735, -34.11909 ], [ -60.572687907999978, -34.119144698999932 ], [ -60.572475, -34.119392 ], [ -60.572239, -34.119757 ], [ -60.571732, -34.120281 ], [ -60.57112, -34.120738 ], [ -60.570904790999975, -34.12085795999996 ], [ -60.570435, -34.121208 ], [ -60.568458, -34.122311 ], [ -60.567156, -34.123154 ], [ -60.566430573999988, -34.123601856999983 ], [ -60.566118995999936, -34.123794215999972 ], [ -60.565452, -34.124206 ], [ -60.564691, -34.124449 ], [ -60.563403, -34.125004 ], [ -60.562470577999932, -34.125607984999931 ], [ -60.562408369999957, -34.12564827999995 ], [ -60.560601, -34.127015 ], [ -60.560383807999983, -34.127177808999932 ], [ -60.559958, -34.127497 ], [ -60.559579004999932, -34.12773813899998 ], [ -60.559273, -34.127968 ], [ -60.558391, -34.128509 ], [ -60.558382142999967, -34.128511878999966 ], [ -60.557569372999971, -34.128776079999966 ], [ -60.557182, -34.128902 ], [ -60.556456941999961, -34.12973984499996 ], [ -60.556439829999931, -34.129759618999969 ], [ -60.556327, -34.12989 ], [ -60.55587441299997, -34.130159173999971 ], [ -60.555071, -34.130637 ], [ -60.553691, -34.130658 ], [ -60.552628, -34.130497 ], [ -60.552365543999933, -34.130570839999962 ], [ -60.551615, -34.130782 ], [ -60.551020936, -34.131166784999948 ], [ -60.550571069999933, -34.131513932999951 ], [ -60.550282, -34.131737 ], [ -60.550192736, -34.131746515999957 ], [ -60.549874375999927, -34.131992184999937 ], [ -60.549596, -34.132207 ], [ -60.548897671999946, -34.132281447999958 ], [ -60.548860915999974, -34.132285366999945 ], [ -60.548658, -34.132307 ], [ -60.547743435999955, -34.133156487999941 ], [ -60.547529936999986, -34.133354794999939 ], [ -60.547351, -34.133521 ], [ -60.54640152099995, -34.133863632999976 ], [ -60.545906340999984, -34.134042324999939 ], [ -60.545361021999952, -34.134239109999946 ], [ -60.54522, -34.13429 ], [ -60.544239, -34.135046 ], [ -60.54391, -34.135367 ], [ -60.54212, -34.136719 ], [ -60.541889400999935, -34.136892822999982 ], [ -60.541654342999948, -34.137070006999977 ], [ -60.541328, -34.137316 ], [ -60.540184, -34.13775 ], [ -60.539155, -34.137959 ], [ -60.538278, -34.137982 ], [ -60.53747, -34.138011 ], [ -60.536494, -34.138143 ], [ -60.536410738999962, -34.138163601999963 ], [ -60.53552, -34.138384 ], [ -60.534292, -34.138863 ], [ -60.533602, -34.139153 ], [ -60.531988, -34.139448 ], [ -60.530171, -34.139867 ], [ -60.529055, -34.139808 ], [ -60.528178998999984, -34.139869 ], [ -60.52648, -34.140151 ], [ -60.525406, -34.140207 ], [ -60.52484967099997, -34.14019371499996 ], [ -60.524736, -34.140191 ], [ -60.524352, -34.140269 ], [ -60.523432, -34.140746 ], [ -60.521775, -34.14152 ], [ -60.520198, -34.142081 ], [ -60.520004354999969, -34.142132014999959 ], [ -60.518915, -34.142419 ], [ -60.518273552999972, -34.142674554999928 ], [ -60.517035, -34.143168 ], [ -60.515502998999978, -34.14378 ], [ -60.515266732999983, -34.14391038499997 ], [ -60.514569, -34.144747 ], [ -60.513913, -34.146053 ], [ -60.513166, -34.147184 ], [ -60.512643, -34.147858 ], [ -60.511555, -34.148612 ], [ -60.511066436999947, -34.149366860999969 ], [ -60.510157, -34.150772 ], [ -60.509922210999946, -34.150924599999932 ], [ -60.509499058999957, -34.151199625999944 ], [ -60.509471, -34.151243 ], [ -60.508534, -34.151851 ], [ -60.507381664999969, -34.152458134999954 ], [ -60.507213, -34.152547 ], [ -60.506363071999942, -34.153173164999941 ], [ -60.504558, -34.154106 ], [ -60.504014, -34.154474 ], [ -60.503449, -34.154741 ], [ -60.502845, -34.155054 ], [ -60.502751681999946, -34.155217846999967 ], [ -60.502159, -34.155524 ], [ -60.501467, -34.15674 ], [ -60.501213076999932, -34.158238304999934 ], [ -60.501145, -34.15864 ], [ -60.500981373999934, -34.159669119999933 ], [ -60.500879, -34.160313 ], [ -60.500504, -34.161095 ], [ -60.499299, -34.163002 ], [ -60.498609, -34.164532 ], [ -60.498753, -34.165227 ], [ -60.498802, -34.165672 ], [ -60.498665, -34.166175 ], [ -60.498341998999933, -34.166659 ], [ -60.498296152999956, -34.166700846999959 ], [ -60.497649900999932, -34.167290704999971 ], [ -60.497529254999954, -34.167400822999973 ], [ -60.496921, -34.167956 ], [ -60.496855615999955, -34.168055145999958 ], [ -60.496826737999974, -34.168098934999925 ], [ -60.496646, -34.168373 ], [ -60.49624, -34.16851 ], [ -60.49600361499995, -34.168560201999988 ], [ -60.495757622, -34.168612443999955 ], [ -60.495655625999973, -34.168634104999974 ], [ -60.495644924999972, -34.168722968999923 ], [ -60.495601643999969, -34.169082640999932 ], [ -60.495551, -34.169503 ], [ -60.495699122999959, -34.169755967999954 ], [ -60.495764052999959, -34.169866855999942 ], [ -60.495794, -34.169918 ], [ -60.495780160999963, -34.170077724999949 ], [ -60.495755402999976, -34.170363469999984 ], [ -60.495722, -34.170749 ], [ -60.495055666999981, -34.170993008999979 ], [ -60.494799, -34.171087 ], [ -60.494641, -34.171362 ], [ -60.494640799999964, -34.171364720999968 ], [ -60.494622, -34.171621 ], [ -60.494807, -34.171857 ], [ -60.494764313999951, -34.172596028999969 ], [ -60.494751469999976, -34.172818401999962 ], [ -60.494708, -34.173571 ], [ -60.494821066999982, -34.173748359999927 ], [ -60.494963, -34.173971 ], [ -60.49500805699995, -34.173982465999984 ], [ -60.495466, -34.174099 ], [ -60.495968836999964, -34.174173116999945 ], [ -60.496504, -34.174252 ], [ -60.497263, -34.17462 ], [ -60.497336882999946, -34.174863881999947 ], [ -60.49737163399994, -34.174978590999949 ], [ -60.497479, -34.175333 ], [ -60.49737431199997, -34.175443085999973 ], [ -60.497286177999968, -34.17553576399996 ], [ -60.496451, -34.176414 ], [ -60.496428740999932, -34.176429955999936 ], [ -60.496386952999956, -34.176459908999959 ], [ -60.496338, -34.176495 ], [ -60.495633050999977, -34.177040426999952 ], [ -60.495136, -34.177425 ], [ -60.494879, -34.177975 ], [ -60.494581, -34.178476 ], [ -60.494502, -34.17894 ], [ -60.494471893999965, -34.179064976999925 ], [ -60.494414113999937, -34.17930483799995 ], [ -60.494382998999988, -34.179434 ], [ -60.493952, -34.179889 ], [ -60.493541, -34.179967 ], [ -60.492777, -34.179881 ], [ -60.4922, -34.180378 ], [ -60.491453, -34.180457 ], [ -60.49127, -34.180597 ], [ -60.491272, -34.180888 ], [ -60.491267843999942, -34.180915535999922 ], [ -60.491210937999945, -34.181292532999969 ], [ -60.491184, -34.181471 ], [ -60.491073225999969, -34.181587903999961 ], [ -60.491033364999964, -34.181629970999943 ], [ -60.490943416999983, -34.181724895999942 ], [ -60.490532884999929, -34.182158144999953 ], [ -60.490425, -34.182272 ], [ -60.490024363999964, -34.182874601999977 ], [ -60.489939, -34.183003 ], [ -60.489826721999975, -34.183625716999977 ], [ -60.489819998999963, -34.183663 ], [ -60.489784574999987, -34.18381392699996 ], [ -60.489582, -34.184677 ], [ -60.489324, -34.185812 ], [ -60.488912053999968, -34.186559078999949 ], [ -60.488659, -34.187018 ], [ -60.488387673999966, -34.187158189999934 ], [ -60.488341, -34.187162 ], [ -60.488, -34.187208 ], [ -60.487501, -34.187284 ], [ -60.487314751999975, -34.187284 ], [ -60.487078, -34.187284 ], [ -60.486489, -34.187189 ], [ -60.486147, -34.187154 ], [ -60.485907, -34.187177 ], [ -60.485659, -34.187265 ], [ -60.485489, -34.187372 ], [ -60.485378154999978, -34.187504503999946 ], [ -60.485345133999942, -34.187543977999944 ], [ -60.485314998999975, -34.18758 ], [ -60.485285186999931, -34.187657241999943 ], [ -60.485231, -34.187683 ], [ -60.484805, -34.188251 ], [ -60.484661151999944, -34.188883260999937 ], [ -60.484633, -34.189007 ], [ -60.484409, -34.189464 ], [ -60.484124251999951, -34.189843120999953 ], [ -60.483884, -34.190163 ], [ -60.483474272999956, -34.190361726999981 ], [ -60.483379893999931, -34.19040750299996 ], [ -60.483124, -34.190461 ], [ -60.48298822899995, -34.190494614999984 ], [ -60.482813, -34.190538 ], [ -60.482307, -34.190782 ], [ -60.482012575999939, -34.190866514999982 ], [ -60.481774, -34.190935 ], [ -60.481315, -34.191002 ], [ -60.481015, -34.190981 ], [ -60.480891778999926, -34.190879023999962 ], [ -60.48087, -34.190861 ], [ -60.480745, -34.190715 ], [ -60.480642, -34.190404 ], [ -60.480586, -34.190189 ], [ -60.480563, -34.189966 ], [ -60.480513, -34.189783 ], [ -60.480386, -34.189654 ], [ -60.48024, -34.189593 ], [ -60.480072, -34.189577 ], [ -60.479889, -34.189561 ], [ -60.479693, -34.189535 ], [ -60.479628826999949, -34.18950860599994 ], [ -60.479569, -34.189484 ], [ -60.479500378999944, -34.189463743999966 ], [ -60.479403, -34.189435 ], [ -60.479232, -34.18943 ], [ -60.478972, -34.189546 ], [ -60.478809, -34.189669 ], [ -60.47862, -34.189822 ], [ -60.478391998999939, -34.189989 ], [ -60.478241513999933, -34.190123317999969 ], [ -60.47815, -34.190205 ], [ -60.478040998999973, -34.190429 ], [ -60.477971, -34.190582 ], [ -60.477816, -34.190726 ], [ -60.477650998999934, -34.190875 ], [ -60.477498, -34.190988 ], [ -60.477211, -34.191115 ], [ -60.477048, -34.191255 ], [ -60.476834, -34.191422 ], [ -60.476664, -34.191626 ], [ -60.476454, -34.191871 ], [ -60.476231465999945, -34.191960197999954 ], [ -60.476212, -34.191968 ], [ -60.475901, -34.192022 ], [ -60.475414, -34.192259 ], [ -60.475134998999977, -34.192497 ], [ -60.475096969999981, -34.192535029999931 ], [ -60.474935, -34.192697 ], [ -60.474781, -34.192922 ], [ -60.474745286999962, -34.193031958999931 ], [ -60.474143028999954, -34.193979378999984 ], [ -60.473971, -34.19425 ], [ -60.47348, -34.194602 ], [ -60.472649393999973, -34.195297632999925 ], [ -60.47228, -34.195607 ], [ -60.47215986599997, -34.195741586999929 ], [ -60.471773992999935, -34.196173882999958 ], [ -60.471425990999926, -34.196563751999975 ], [ -60.470975, -34.197069 ], [ -60.470824, -34.197356 ], [ -60.470578892999988, -34.198897598999956 ], [ -60.470574537999944, -34.198924986999941 ], [ -60.470558, -34.199029 ], [ -60.470453998999979, -34.199384 ], [ -60.469987855999939, -34.199784011999945 ], [ -60.469889777999981, -34.199868175999939 ], [ -60.469984729999965, -34.199952835999973 ], [ -60.470161, -34.20011 ], [ -60.470603, -34.200202 ], [ -60.470973, -34.200247 ], [ -60.471442, -34.200294 ], [ -60.471709369999985, -34.200360275999962 ], [ -60.471835, -34.200354 ], [ -60.471886227999967, -34.200367717999931 ], [ -60.472371381999949, -34.200497631999951 ], [ -60.472404998999927, -34.200504 ], [ -60.47291758199998, -34.20053960599995 ], [ -60.473096, -34.200552 ], [ -60.47356, -34.200621 ], [ -60.473878, -34.200699 ], [ -60.474197, -34.200868 ], [ -60.474471998999945, -34.201162 ], [ -60.474716, -34.20151 ], [ -60.474916, -34.201777 ], [ -60.475165, -34.202009 ], [ -60.475383, -34.202264 ], [ -60.475567, -34.202616 ], [ -60.475675, -34.203008 ], [ -60.475736, -34.203395 ], [ -60.475805, -34.203706 ], [ -60.475879, -34.204007 ], [ -60.475804, -34.20436 ], [ -60.475724755999977, -34.204610608999914 ], [ -60.475644, -34.204866 ], [ -60.475529343999938, -34.205072379999933 ], [ -60.475577, -34.206005 ], [ -60.475653076999947, -34.206072010999939 ], [ -60.47631933599996, -34.206658873999963 ], [ -60.476704910999956, -34.20699850099993 ], [ -60.47697, -34.207232 ], [ -60.47793427299996, -34.208044081999965 ], [ -60.47804580199994, -34.208138007999935 ], [ -60.478295650999947, -34.208348423999936 ], [ -60.478592, -34.208598 ], [ -60.479646, -34.209565 ], [ -60.479772924999963, -34.209765343999941 ], [ -60.480175, -34.2104 ], [ -60.48033008099997, -34.211085935999975 ], [ -60.480383, -34.21132 ], [ -60.480484409, -34.211438684999962 ], [ -60.480535753999959, -34.211498776999974 ], [ -60.480786162999948, -34.211791843999947 ], [ -60.480835, -34.211849 ], [ -60.481134238999964, -34.212016290999941 ], [ -60.482232, -34.21263 ], [ -60.482831930999971, -34.213387737999938 ], [ -60.483593, -34.214349 ], [ -60.483794415999967, -34.214539501999987 ], [ -60.483999, -34.214733 ], [ -60.484390051999981, -34.215277790999949 ], [ -60.484874, -34.215952 ], [ -60.485382071999936, -34.216221976999975 ], [ -60.485623, -34.21635 ], [ -60.485814, -34.216664 ], [ -60.486304955999977, -34.217083296999924 ], [ -60.486353274999942, -34.21712456399996 ], [ -60.486512024999961, -34.217260143999965 ], [ -60.486828, -34.21753 ], [ -60.487228855999945, -34.218341990999939 ], [ -60.487257, -34.218399 ], [ -60.487703, -34.218799 ], [ -60.488658980999958, -34.218979003999948 ], [ -60.48936, -34.219111 ], [ -60.489837442999942, -34.219529547999961 ], [ -60.489968, -34.219644 ], [ -60.49002056399997, -34.219825531999952 ], [ -60.490125245999941, -34.220187044999939 ], [ -60.490215, -34.220497 ], [ -60.48968170499996, -34.22145121799997 ], [ -60.489655, -34.221499 ], [ -60.489611623999963, -34.222062886999929 ], [ -60.489600084999957, -34.222212896999963 ], [ -60.48959565499996, -34.222270488999989 ], [ -60.489561, -34.222721 ], [ -60.489813423999976, -34.222995467999958 ], [ -60.490374, -34.223605 ], [ -60.490904, -34.224658 ], [ -60.490913534999947, -34.224993174999952 ], [ -60.49093, -34.225572 ], [ -60.49051263299998, -34.22670710899996 ], [ -60.490335289999969, -34.227189423999953 ], [ -60.49036, -34.22727 ], [ -60.490411588999962, -34.227405465999936 ], [ -60.490507, -34.227656 ], [ -60.490569, -34.228077 ], [ -60.490622, -34.228416 ], [ -60.490672, -34.228783 ], [ -60.490722, -34.229098 ], [ -60.490668270999947, -34.229246292999946 ], [ -60.490647, -34.229305 ], [ -60.490507596, -34.229527733999923 ], [ -60.490468, -34.229591 ], [ -60.490319, -34.229948 ], [ -60.49037, -34.230278 ], [ -60.490474, -34.230669 ], [ -60.490568115999963, -34.230829044999943 ], [ -60.49057, -34.231165 ], [ -60.490914645999972, -34.23145805199993 ], [ -60.491422012999976, -34.231889465999977 ], [ -60.491572, -34.232017 ], [ -60.491726864, -34.232052587999938 ], [ -60.492906991999973, -34.232323784999942 ], [ -60.493196457999943, -34.232390305999957 ], [ -60.493961, -34.232566 ], [ -60.494720589999986, -34.232943750999937 ], [ -60.494889998999959, -34.233028 ], [ -60.495667107999964, -34.233267751999961 ], [ -60.495997898999974, -34.233369806999974 ], [ -60.496381, -34.233488 ], [ -60.496735264999977, -34.233734003999977 ], [ -60.497114, -34.233997 ], [ -60.498190405999935, -34.234448022999956 ], [ -60.498324, -34.234504 ], [ -60.498461820999978, -34.234581029999951 ], [ -60.498523785999957, -34.234615662999943 ], [ -60.499647998999926, -34.235244 ], [ -60.500383, -34.236173 ], [ -60.502291245999963, -34.23779819099996 ], [ -60.502626562999978, -34.238083769999939 ], [ -60.502992, -34.238395 ], [ -60.50406, -34.23867 ], [ -60.505073, -34.239132 ], [ -60.506729, -34.238985 ], [ -60.508141475999935, -34.239107550999954 ], [ -60.508423524999948, -34.239132021999971 ], [ -60.508527, -34.239141 ], [ -60.508483454999968, -34.240838320999956 ], [ -60.508597, -34.240981 ], [ -60.508891998999957, -34.241177 ], [ -60.509221, -34.241407 ], [ -60.509592, -34.241591 ], [ -60.509894, -34.241742 ], [ -60.510159998999946, -34.24183 ], [ -60.510289, -34.241947 ], [ -60.510363, -34.242122 ], [ -60.510414, -34.242342 ], [ -60.510495, -34.242571 ], [ -60.51069, -34.242734 ], [ -60.510798216999952, -34.242802162999951 ], [ -60.511167865999937, -34.242989220999945 ], [ -60.511754924999934, -34.243286296999941 ], [ -60.511865, -34.243342 ], [ -60.51215491399995, -34.243399583999967 ], [ -60.513174, -34.243602 ], [ -60.513934, -34.243901 ], [ -60.514747415999985, -34.244512503999928 ], [ -60.514921, -34.244643 ], [ -60.516222372999941, -34.245359168999975 ], [ -60.51673, -34.245454 ], [ -60.517184, -34.245492 ], [ -60.517565, -34.24554 ], [ -60.517907, -34.245672 ], [ -60.518304, -34.245809 ], [ -60.518676, -34.246024 ], [ -60.518988, -34.246178 ], [ -60.519301, -34.246247 ], [ -60.519724, -34.246306 ], [ -60.520135, -34.246406 ], [ -60.52055, -34.246514 ], [ -60.520881, -34.246676 ], [ -60.521183, -34.24684 ], [ -60.521461, -34.247027 ], [ -60.521634389999967, -34.247255743999965 ], [ -60.521901, -34.247384 ], [ -60.523923597999961, -34.248061084999947 ], [ -60.524278998999932, -34.247979 ], [ -60.524564, -34.247989 ], [ -60.524812, -34.248097 ], [ -60.524984, -34.248252 ], [ -60.525097998999961, -34.248461 ], [ -60.525117357999932, -34.24856616299995 ], [ -60.525135, -34.248662 ], [ -60.525089, -34.248915 ], [ -60.52506404199994, -34.249054631999968 ], [ -60.525052, -34.249122 ], [ -60.525167, -34.24934 ], [ -60.525361, -34.249616 ], [ -60.525604998999931, -34.249854 ], [ -60.525863, -34.250018 ], [ -60.526147, -34.250264 ], [ -60.526544, -34.250396 ], [ -60.526982, -34.250451 ], [ -60.527047366999973, -34.250459796999955 ], [ -60.527345646999947, -34.25049994099993 ], [ -60.527621, -34.250537 ], [ -60.528059, -34.250495 ], [ -60.528436, -34.250597 ], [ -60.528734, -34.250827 ], [ -60.528890237999981, -34.250984865999946 ], [ -60.529354, -34.251117 ], [ -60.529953999, -34.252628 ], [ -60.529043, -34.254769 ], [ -60.529477343999986, -34.255391024999938 ], [ -60.529572732999959, -34.255527630999943 ], [ -60.52961, -34.255581 ], [ -60.529867835999937, -34.255643113999938 ], [ -60.530468737999975, -34.255787874999953 ], [ -60.530847, -34.255879 ], [ -60.532419, -34.255732 ], [ -60.534332517999985, -34.255376743999932 ], [ -60.534705946999971, -34.255307414999955 ], [ -60.534859, -34.255279 ], [ -60.535958, -34.25581 ], [ -60.536921, -34.257226 ], [ -60.537182, -34.258436 ], [ -60.537609, -34.259261 ], [ -60.538287414999957, -34.259667437999951 ], [ -60.538761338999969, -34.259951364999949 ], [ -60.539385, -34.260325 ], [ -60.540376, -34.261578 ], [ -60.540551570999988, -34.262738830999979 ], [ -60.540904, -34.265069 ], [ -60.540569, -34.266385 ], [ -60.540066, -34.268451 ], [ -60.540874805999977, -34.269098887999974 ], [ -60.540973959999981, -34.269178313999923 ], [ -60.541026, -34.26922 ], [ -60.542129986999953, -34.269079811999966 ], [ -60.542341639999961, -34.269052934999927 ], [ -60.542601, -34.26902 ], [ -60.54397599899994, -34.269098 ], [ -60.544897, -34.269437 ], [ -60.545083, -34.269667 ], [ -60.545513, -34.270142 ], [ -60.545923, -34.270457 ], [ -60.546284, -34.271153 ], [ -60.546927, -34.2721 ], [ -60.54746599899994, -34.272669 ], [ -60.547673, -34.273217 ], [ -60.547652, -34.273914 ], [ -60.547881, -34.274036 ], [ -60.548652, -34.274924 ], [ -60.549166, -34.275661 ], [ -60.549349, -34.276231 ], [ -60.549045998999986, -34.276655 ], [ -60.548487742999946, -34.27689893899997 ], [ -60.548439010999971, -34.276920232999935 ], [ -60.548253, -34.276964 ], [ -60.548005, -34.276947 ], [ -60.547885059999935, -34.27690142299997 ], [ -60.547755, -34.276852 ], [ -60.547384, -34.276759 ], [ -60.547114998999973, -34.27677 ], [ -60.546853, -34.276964 ], [ -60.546694, -34.277173 ], [ -60.546618, -34.277431 ], [ -60.546527, -34.277747 ], [ -60.54647, -34.278169 ], [ -60.546402, -34.278565 ], [ -60.546278, -34.278855 ], [ -60.5462, -34.279246 ], [ -60.546084, -34.279763 ], [ -60.545996, -34.280411 ], [ -60.545931, -34.280651 ], [ -60.545902, -34.281143 ], [ -60.545729, -34.281634 ], [ -60.545668, -34.282068 ], [ -60.54552, -34.282912 ], [ -60.545262, -34.283672 ], [ -60.545038, -34.284466 ], [ -60.544982, -34.284798 ], [ -60.544863, -34.285 ], [ -60.544827, -34.28529 ], [ -60.544852, -34.285498 ], [ -60.544768, -34.285812 ], [ -60.544727, -34.286058 ], [ -60.544732933999967, -34.286221919999946 ], [ -60.544732, -34.286223 ], [ -60.544733731999941, -34.28628153599994 ], [ -60.544735435999932, -34.286339167999984 ], [ -60.544766, -34.287372 ], [ -60.544686, -34.287643 ], [ -60.544723, -34.2888 ], [ -60.544677999, -34.289835 ], [ -60.54454, -34.290176 ], [ -60.543908, -34.29286 ], [ -60.543733, -34.29341 ], [ -60.54310435299994, -34.293813952999976 ], [ -60.542972, -34.293899 ], [ -60.542414998999966, -34.294514 ], [ -60.542401686999938, -34.294558977999941 ], [ -60.542024, -34.295835 ], [ -60.542052, -34.296038 ], [ -60.542211323999943, -34.296496009999949 ], [ -60.542467, -34.297231 ], [ -60.542629998999985, -34.297275 ], [ -60.542745, -34.298198 ], [ -60.542531, -34.298695 ], [ -60.542317998999977, -34.299305 ], [ -60.542492998999933, -34.301287 ], [ -60.542412352999975, -34.301441557999979 ], [ -60.542016105999942, -34.302200944999974 ], [ -60.541785759999989, -34.302642392999921 ], [ -60.541715, -34.302778 ], [ -60.541540711999971, -34.303012543999941 ], [ -60.541446, -34.30314 ], [ -60.541485300999966, -34.30317683199997 ], [ -60.541637, -34.303319 ], [ -60.541449, -34.303568 ], [ -60.542332, -34.305773 ], [ -60.541931, -34.306698 ], [ -60.541808437999975, -34.306878003999948 ], [ -60.5415, -34.307331 ], [ -60.541366, -34.307625 ], [ -60.541331132999979, -34.307851633999974 ], [ -60.541314, -34.307963 ], [ -60.541428, -34.308729 ], [ -60.542113, -34.30974 ], [ -60.541897, -34.309921 ], [ -60.541623661999942, -34.310338394999974 ], [ -60.541601, -34.310373 ], [ -60.54139526299997, -34.310515536999951 ], [ -60.541142, -34.310691 ], [ -60.540274, -34.31101 ], [ -60.540034, -34.311687 ], [ -60.539692, -34.313312 ], [ -60.539584, -34.313537 ], [ -60.53924, -34.314914 ], [ -60.539162, -34.315477 ], [ -60.539062, -34.31674 ], [ -60.539145, -34.31701 ], [ -60.539141336999933, -34.31730830999993 ], [ -60.539136, -34.317743 ], [ -60.539108960999954, -34.317937821999969 ], [ -60.539097, -34.318024 ], [ -60.539044, -34.318227 ], [ -60.538855, -34.318431 ], [ -60.538532, -34.318861 ], [ -60.538425, -34.319109 ], [ -60.538292, -34.31956 ], [ -60.538267, -34.319853 ], [ -60.538296, -34.320101 ], [ -60.53849, -34.320731 ], [ -60.538277, -34.321521 ], [ -60.538144, -34.321837 ], [ -60.538131233999934, -34.321880241999963 ], [ -60.537984, -34.322379 ], [ -60.537973661999949, -34.322503550999954 ], [ -60.537883, -34.323596 ], [ -60.537977, -34.323976 ], [ -60.538021, -34.324447 ], [ -60.537782813999968, -34.324819942999966 ], [ -60.537466, -34.325316 ], [ -60.537404085999988, -34.325516601999936 ], [ -60.537316, -34.325802 ], [ -60.537473, -34.326436 ], [ -60.537454, -34.32745 ], [ -60.537307, -34.328338 ], [ -60.536903, -34.328995 ], [ -60.536986, -34.330072 ], [ -60.536685, -34.330749 ], [ -60.536541129999932, -34.330891524999963 ], [ -60.536257, -34.331173 ], [ -60.536068169999957, -34.331593892999933 ], [ -60.535877, -34.33202 ], [ -60.535903, -34.332907 ], [ -60.536154, -34.334024 ], [ -60.536527749999955, -34.334744851999979 ], [ -60.536729, -34.335133 ], [ -60.536868, -34.335538 ], [ -60.536881201999961, -34.335562477999936 ], [ -60.536878, -34.335572 ], [ -60.536842, -34.335966 ], [ -60.53680991199996, -34.33623161799995 ], [ -60.536806, -34.336264 ], [ -60.536865, -34.33644 ], [ -60.53693389499994, -34.336509195999959 ], [ -60.537094, -34.33667 ], [ -60.537235, -34.336868 ], [ -60.537213927999979, -34.33709136799996 ], [ -60.537205, -34.337186 ], [ -60.537147, -34.337478 ], [ -60.537257, -34.337699 ], [ -60.537362, -34.338001 ], [ -60.53729, -34.338622 ], [ -60.537298, -34.33887 ], [ -60.537431, -34.339107 ], [ -60.53776, -34.339471 ], [ -60.537905, -34.339648 ], [ -60.537992, -34.340072 ], [ -60.538232, -34.340588 ], [ -60.538387, -34.340962 ], [ -60.538475998999964, -34.341201 ], [ -60.538471, -34.341367 ], [ -60.538446, -34.341871 ], [ -60.538551, -34.342217 ], [ -60.538718, -34.342753 ], [ -60.538794, -34.3431 ], [ -60.53888, -34.343525 ], [ -60.538998, -34.34404 ], [ -60.539038, -34.344515 ], [ -60.539138998999938, -34.344837 ], [ -60.539195, -34.345136 ], [ -60.539135, -34.345509 ], [ -60.539017, -34.345882 ], [ -60.538972, -34.34618 ], [ -60.538979, -34.346462 ], [ -60.538972, -34.346787 ], [ -60.539027, -34.347099 ], [ -60.539163, -34.347349 ], [ -60.539361, -34.347576 ], [ -60.539465, -34.347787 ], [ -60.53943, -34.348032 ], [ -60.539243, -34.34824 ], [ -60.539004, -34.348527 ], [ -60.538809, -34.34876 ], [ -60.538732, -34.348965 ], [ -60.538785, -34.349286 ], [ -60.538979, -34.349512 ], [ -60.538994553999949, -34.349528534999941 ], [ -60.539201, -34.349748 ], [ -60.539466, -34.350104 ], [ -60.539721, -34.350495 ], [ -60.539907, -34.3509 ], [ -60.539910788, -34.350911121999964 ], [ -60.540001, -34.351176 ], [ -60.540117, -34.351568 ], [ -60.540364, -34.351895 ], [ -60.540624616999935, -34.352172076999977 ], [ -60.540649, -34.352198 ], [ -60.54084, -34.352471 ], [ -60.540883320999967, -34.352636033999943 ], [ -60.540903, -34.352711 ], [ -60.541136, -34.353312 ], [ -60.541229449999953, -34.353464176999978 ], [ -60.541537, -34.353965 ], [ -60.541813, -34.354729 ], [ -60.541958355999952, -34.355153592999955 ], [ -60.541965, -34.355173 ], [ -60.541973736999978, -34.355183187999955 ], [ -60.542254, -34.35551 ], [ -60.542586, -34.355837 ], [ -60.542859, -34.356296 ], [ -60.543248, -34.356981 ], [ -60.543498, -34.357277 ], [ -60.54376128499996, -34.357501682999946 ], [ -60.543869164999933, -34.357740638999921 ], [ -60.544039715999986, -34.358118417999947 ], [ -60.544077, -34.358201 ], [ -60.544176126999957, -34.358322918999924 ], [ -60.544321, -34.358662 ], [ -60.544507, -34.3591 ], [ -60.544624, -34.359372 ], [ -60.544863, -34.359611 ], [ -60.545061, -34.359765 ], [ -60.545193, -34.359959 ], [ -60.545197, -34.360204 ], [ -60.545253, -34.360556 ], [ -60.54535774999993, -34.360728498999947 ], [ -60.545454, -34.360887 ], [ -60.545474440999953, -34.360911774999984 ], [ -60.545693380999971, -34.361177132999948 ], [ -60.545737, -34.36123 ], [ -60.545991, -34.361556 ], [ -60.546209, -34.361939 ], [ -60.546269193999933, -34.362009313999977 ], [ -60.546554, -34.362342 ], [ -60.546883, -34.362585 ], [ -60.547225, -34.362741 ], [ -60.547555, -34.362983 ], [ -60.547632023999945, -34.363053807999947 ], [ -60.54784, -34.363245 ], [ -60.547929350999937, -34.363450732999972 ], [ -60.547959, -34.363519 ], [ -60.548053, -34.363945 ], [ -60.548196, -34.364185 ], [ -60.548502, -34.364406 ], [ -60.548877, -34.364546 ], [ -60.549145824999982, -34.364709554999934 ], [ -60.549236564999951, -34.364764761999929 ], [ -60.550247623999951, -34.365469263999948 ], [ -60.550548287999952, -34.365678764999984 ], [ -60.551005, -34.365997 ], [ -60.551986, -34.366572 ], [ -60.552831, -34.366996 ], [ -60.552946173999949, -34.367112659999975 ], [ -60.553296, -34.367467 ], [ -60.553654, -34.368119 ], [ -60.554013, -34.368951 ], [ -60.554259, -34.369266 ], [ -60.554463465999959, -34.369479296999948 ], [ -60.554527088999976, -34.369545668999926 ], [ -60.55456, -34.36958 ], [ -60.555078, -34.369803 ], [ -60.555226388999984, -34.369825388999963 ], [ -60.555363, -34.369846 ], [ -60.556549, -34.370224 ], [ -60.556960277999956, -34.370383896999954 ], [ -60.557029, -34.37043 ], [ -60.557193, -34.370587 ], [ -60.557417, -34.370722 ], [ -60.557769260999976, -34.370798242999967 ], [ -60.558167433999984, -34.371031309999971 ], [ -60.55843, -34.371185 ], [ -60.558895, -34.371498 ], [ -60.55925, -34.371812 ], [ -60.55988, -34.372576 ], [ -60.560101, -34.373025 ], [ -60.560595, -34.373812 ], [ -60.561342, -34.374643 ], [ -60.562538, -34.375764 ], [ -60.563057897999961, -34.376214360999931 ], [ -60.563495, -34.376593 ], [ -60.56354149799995, -34.376631131999943 ], [ -60.563793, -34.376931 ], [ -60.564018, -34.377154 ], [ -60.564393, -34.377405 ], [ -60.564612, -34.377556 ], [ -60.564669237999965, -34.377617685999951 ], [ -60.564805, -34.377764 ], [ -60.564897, -34.377985 ], [ -60.564977, -34.378221 ], [ -60.565014, -34.378525 ], [ -60.565031656999963, -34.378743594999932 ], [ -60.56503631299995, -34.378801224999954 ], [ -60.565059, -34.378884 ], [ -60.565102969999941, -34.378934667999935 ], [ -60.565768, -34.379701 ], [ -60.566418, -34.380356 ], [ -60.567441, -34.38133 ], [ -60.567908006999978, -34.38154850799998 ], [ -60.567926, -34.381546 ], [ -60.568249, -34.381397 ], [ -60.568335353999942, -34.381360511999944 ], [ -60.568604, -34.381247 ], [ -60.568941, -34.381143 ], [ -60.569274, -34.381075 ], [ -60.569587, -34.381108 ], [ -60.569977, -34.381097 ], [ -60.570287, -34.38105 ], [ -60.57049799899994, -34.381105 ], [ -60.570603, -34.381288 ], [ -60.570632597999982, -34.381401382999961 ], [ -60.571003, -34.381516 ], [ -60.571413998999958, -34.38201 ], [ -60.571524146999941, -34.382182149999949 ], [ -60.57155, -34.382188 ], [ -60.57174, -34.382302 ], [ -60.571989, -34.382585 ], [ -60.572073177999989, -34.382744205999977 ], [ -60.572235, -34.382863 ], [ -60.572675, -34.383301 ], [ -60.573221, -34.383917 ], [ -60.573387, -34.384277 ], [ -60.573570783999969, -34.384726461999946 ], [ -60.57358, -34.384749 ], [ -60.573715807999974, -34.38489892299998 ], [ -60.574292, -34.385535 ], [ -60.574868, -34.386321 ], [ -60.575606998999952, -34.387039 ], [ -60.575827, -34.387376 ], [ -60.576048, -34.387825 ], [ -60.57616, -34.388321 ], [ -60.576161770999938, -34.388586707999934 ], [ -60.576163, -34.388771 ], [ -60.576183158999982, -34.388806926999948 ], [ -60.576466, -34.389311 ], [ -60.576363651999934, -34.389641128999983 ], [ -60.576333, -34.38974 ], [ -60.576334025999984, -34.389913407999984 ], [ -60.576435, -34.390083 ], [ -60.576498147999978, -34.390172232999937 ], [ -60.576640160999936, -34.390254256999981 ], [ -60.576799, -34.390346 ], [ -60.576854, -34.390436 ], [ -60.576834444999982, -34.390462373999974 ], [ -60.576754139999942, -34.390570679999946 ], [ -60.576897432999942, -34.39083218899998 ], [ -60.577970891999939, -34.391882341999967 ], [ -60.578268, -34.392173 ], [ -60.577897, -34.39247 ], [ -60.570365, -34.398345 ], [ -60.565438, -34.402129 ], [ -60.562419, -34.404499 ], [ -60.562032, -34.404777 ], [ -60.559846, -34.406436 ], [ -60.560975292999963, -34.407433854999951 ], [ -60.573739, -34.418712 ], [ -60.575391405999937, -34.420176372999947 ], [ -60.576929, -34.421539 ], [ -60.577463641999941, -34.421987060999982 ], [ -60.579152, -34.423402 ], [ -60.586125895999942, -34.429633215999949 ], [ -60.586805, -34.43024 ], [ -60.596001, -34.438351 ], [ -60.596137, -34.43847 ], [ -60.60208451699998, -34.443696840999955 ], [ -60.604563, -34.445875 ], [ -60.613336609999976, -34.453619721999935 ], [ -60.617226, -34.457053 ], [ -60.617744, -34.458 ], [ -60.620543, -34.460426 ], [ -60.624983, -34.464299 ], [ -60.626023, -34.465167 ], [ -60.634028594999954, -34.47204769899998 ], [ -60.636340753999953, -34.474034968999945 ], [ -60.638093, -34.475541 ], [ -60.646725, -34.483007 ], [ -60.647192, -34.483379 ], [ -60.649601, -34.485388 ], [ -60.657472, -34.492154 ], [ -60.657794, -34.492437 ], [ -60.66246, -34.496476 ], [ -60.668421, -34.501697 ], [ -60.675810321999968, -34.508166925999944 ], [ -60.675992, -34.508326 ], [ -60.676882797999951, -34.509081672999976 ], [ -60.677156063999981, -34.509313486999936 ], [ -60.677205, -34.509355 ], [ -60.677698358999983, -34.508959186999952 ], [ -60.680447, -34.506754 ], [ -60.684405322999964, -34.503730641999937 ], [ -60.691717, -34.498146 ], [ -60.692092, -34.497824 ], [ -60.695741, -34.494933 ], [ -60.702776998999987, -34.489382 ], [ -60.707636, -34.485552 ], [ -60.714568, -34.480049 ], [ -60.71492, -34.479768 ], [ -60.717759, -34.477506 ], [ -60.71807, -34.477244 ], [ -60.721003, -34.474916 ], [ -60.72386, -34.472647 ], [ -60.728944, -34.468629 ], [ -60.730278, -34.467584 ], [ -60.735651498999978, -34.463327393999975 ], [ -60.736773, -34.462439 ], [ -60.738932, -34.460722 ], [ -60.741689024999971, -34.458525892999951 ], [ -60.743395, -34.457167 ], [ -60.743572, -34.457033 ], [ -60.744821988999945, -34.456033095999935 ], [ -60.74935, -34.452411 ], [ -60.750424782999978, -34.451526630999972 ], [ -60.752531441999963, -34.449793198999934 ], [ -60.758748, -34.444678 ], [ -60.758773160999965, -34.44465334899995 ], [ -60.758896, -34.444533 ], [ -60.757159566999974, -34.443051854999972 ], [ -60.753094, -34.439584 ], [ -60.753261, -34.439446 ], [ -60.753414535999973, -34.439334904999953 ], [ -60.755891, -34.437543 ], [ -60.759863, -34.434648 ], [ -60.763243, -34.43218 ], [ -60.766714, -34.429658 ], [ -60.767062, -34.429358 ], [ -60.770578, -34.426786 ], [ -60.774077, -34.424248 ], [ -60.778109, -34.421265 ], [ -60.779954, -34.419896 ], [ -60.780399, -34.419601 ], [ -60.782039, -34.418379 ], [ -60.78597868099996, -34.415418488999926 ], [ -60.786222, -34.415298 ], [ -60.786737308999932, -34.414910728999985 ], [ -60.786908, -34.414826 ], [ -60.792129, -34.410903 ], [ -60.79631352499996, -34.407786711999975 ], [ -60.796813998999937, -34.407414 ], [ -60.802047, -34.403528 ], [ -60.803868, -34.402199 ], [ -60.804816, -34.401451 ], [ -60.816449745999925, -34.392694617999936 ], [ -60.819403405999928, -34.390471483999931 ], [ -60.823483785999947, -34.38740030099995 ], [ -60.825912323999951, -34.385572410999934 ], [ -60.833990811999968, -34.379491967999961 ], [ -60.849096, -34.367789 ], [ -60.849428, -34.367496 ], [ -60.850148829999974, -34.366945090999934 ], [ -60.852809, -34.364912 ], [ -60.85978, -34.35962 ], [ -60.861435, -34.358373 ], [ -60.86304, -34.357124 ], [ -60.864208, -34.356228 ], [ -60.864538, -34.355964 ], [ -60.86964, -34.351925 ], [ -60.870042998999963, -34.351637 ], [ -60.878982577999977, -34.34483023599995 ], [ -60.886901, -34.338801 ], [ -60.891117, -34.335546 ], [ -60.891478, -34.335265 ], [ -60.89488269699995, -34.332442326999967 ], [ -60.90199, -34.32655 ], [ -60.902036961999961, -34.326606966999975 ], [ -60.902236191999975, -34.326441794999944 ], [ -60.902675, -34.326078 ], [ -60.902905, -34.326356 ], [ -60.903331998999931, -34.326637 ], [ -60.903431901999973, -34.326682633999944 ], [ -60.903494, -34.326711 ], [ -60.90367706699994, -34.326753312999983 ], [ -60.903706, -34.32676 ], [ -60.90415, -34.326781 ], [ -60.904402, -34.326805 ], [ -60.904989998999959, -34.327126 ], [ -60.905314, -34.327241 ], [ -60.90551, -34.327674 ], [ -60.905464, -34.328067 ], [ -60.905578, -34.328333 ], [ -60.906139, -34.328973 ], [ -60.906333, -34.329122 ], [ -60.906768, -34.329286 ], [ -60.907358, -34.329544 ], [ -60.907816, -34.329687 ], [ -60.909499, -34.330653 ], [ -60.909843, -34.330831 ], [ -60.910967, -34.331312 ], [ -60.911879, -34.331461 ], [ -60.912714, -34.331841 ], [ -60.913495, -34.332273 ], [ -60.914392579999976, -34.333395546999959 ], [ -60.914672, -34.333745 ], [ -60.915572, -34.33394 ], [ -60.91723, -34.334222 ], [ -60.917650874999943, -34.334453361999984 ], [ -60.919171, -34.335289 ], [ -60.920777, -34.335615 ], [ -60.921076, -34.335635 ], [ -60.921485, -34.335722 ], [ -60.922984, -34.336139 ], [ -60.923772, -34.336223 ], [ -60.924098, -34.336221 ], [ -60.924371, -34.336286 ], [ -60.92502, -34.336454 ], [ -60.926246998999943, -34.336452 ], [ -60.927439, -34.336128 ], [ -60.927956, -34.336259 ], [ -60.928951075999976, -34.336807856999933 ], [ -60.928964479999941, -34.336815249999965 ], [ -60.929546, -34.337136 ], [ -60.930029998999935, -34.337032 ], [ -60.930706, -34.336734 ], [ -60.931111, -34.336573 ], [ -60.931407422999939, -34.336492993999961 ], [ -60.932141, -34.336295 ], [ -60.933063, -34.336175 ], [ -60.933415, -34.336105 ], [ -60.933904, -34.336056 ], [ -60.934202998999972, -34.336054 ], [ -60.93472, -34.33614 ], [ -60.935913, -34.335939 ], [ -60.937135, -34.335706 ], [ -60.939146, -34.335948 ], [ -60.939748192999957, -34.335791409999956 ], [ -60.939769, -34.335786 ], [ -60.939872045999948, -34.33571138099996 ], [ -60.940146, -34.335513 ], [ -60.940551, -34.335239 ], [ -60.940794998999934, -34.335215 ], [ -60.94205, -34.335723 ], [ -60.942747, -34.33591 ], [ -60.943924, -34.335686 ], [ -60.944792998999951, -34.335635 ], [ -60.945773, -34.335852 ], [ -60.947294, -34.335773 ], [ -60.947808, -34.335634 ], [ -60.948593, -34.335335 ], [ -60.948836, -34.33522 ], [ -60.949972966999944, -34.33488105899994 ], [ -60.95, -34.334873 ], [ -60.950187408999973, -34.334743425999939 ], [ -60.950593, -34.334463 ], [ -60.950755, -34.334326 ], [ -60.951674, -34.333891 ], [ -60.952244, -34.333842 ], [ -60.95485499899997, -34.336043 ], [ -60.966157, -34.345568 ], [ -60.966442788999984, -34.345826969999962 ], [ -60.978360554999938, -34.335929456999956 ], [ -60.983068, -34.33202 ], [ -60.984555, -34.330806 ], [ -60.988195772999973, -34.32763611699994 ], [ -60.992047, -34.324283 ], [ -60.99532, -34.321419 ], [ -60.995612, -34.321159 ], [ -60.996921, -34.319975 ], [ -60.997383, -34.319584 ], [ -61.002291, -34.315257 ], [ -61.002988, -34.314688 ], [ -61.003164, -34.314545 ], [ -61.00414202799994, -34.313743844999976 ], [ -61.007222640999949, -34.311220348999939 ], [ -61.007748, -34.31079 ], [ -61.008167, -34.310446 ], [ -61.011179, -34.30797 ], [ -61.013182, -34.306323 ], [ -61.014536, -34.305211 ], [ -61.017925, -34.302463 ], [ -61.019814, -34.300933 ], [ -61.021408393999927, -34.299641946999934 ], [ -61.022605, -34.298673 ], [ -61.023661, -34.297818 ], [ -61.02633, -34.295636 ], [ -61.031634, -34.29129 ], [ -61.031922, -34.291055 ], [ -61.032960376999945, -34.290205354999962 ], [ -61.035061047999932, -34.288486494999972 ], [ -61.035692593999954, -34.287969736999976 ], [ -61.036758058999965, -34.28709792799998 ], [ -61.037853, -34.286202 ], [ -61.040093498999966, -34.284378486999955 ], [ -61.041166954999937, -34.283579380999988 ], [ -61.041518470999961, -34.283317703999955 ], [ -61.041553, -34.283292 ], [ -61.041595738999952, -34.283257220999928 ], [ -61.045832593999933, -34.279809419999928 ], [ -61.045927182999954, -34.279732446999951 ], [ -61.055339943999961, -34.272072680999933 ], [ -61.055340015999946, -34.272072621999939 ], [ -61.05534008799998, -34.272072563999984 ], [ -61.059106, -34.269008 ], [ -61.059003812999947, -34.268923347999923 ], [ -61.058937, -34.268868 ], [ -61.056633519999941, -34.266972088999964 ], [ -61.051861, -34.263044 ], [ -61.044026, -34.256599 ], [ -61.042089, -34.254988 ], [ -61.041993, -34.254941 ], [ -61.040211, -34.253471 ], [ -61.039836255999937, -34.253161797999951 ], [ -61.039725, -34.25307 ], [ -61.038915, -34.252402 ], [ -61.03836, -34.251944 ], [ -61.037981275999989, -34.251631165999989 ], [ -61.035614412999969, -34.249676081999951 ], [ -61.034279, -34.248573 ], [ -61.029390998999986, -34.244522 ], [ -61.026574, -34.242189 ], [ -61.024237, -34.240246 ], [ -61.022621, -34.2389 ], [ -61.020204541999988, -34.236886284999962 ], [ -61.019033, -34.23591 ], [ -61.019022097999937, -34.23590093699994 ], [ -61.015439, -34.232922 ], [ -61.013862, -34.23162 ], [ -61.013852534999955, -34.231627877999976 ], [ -61.013252502999933, -34.232127327999933 ], [ -61.008487, -34.236094 ], [ -61.008096241999972, -34.23642073499996 ], [ -61.007956, -34.236538 ], [ -61.003388, -34.240357 ], [ -61.00249, -34.241108 ], [ -60.99937799899994, -34.243373 ], [ -60.99625363399997, -34.24595777199994 ], [ -60.992754, -34.248853 ], [ -60.992294342999969, -34.249221410999958 ], [ -60.989665998999961, -34.251328 ], [ -60.98928, -34.25166 ], [ -60.982931, -34.25689 ], [ -60.982028, -34.257633 ], [ -60.979831, -34.259414 ], [ -60.978131657999931, -34.26081570599996 ], [ -60.977964, -34.260954 ], [ -60.977143, -34.261632 ], [ -60.975409, -34.263061 ], [ -60.975082891999939, -34.263330085999939 ], [ -60.969481187999975, -34.267684817999957 ], [ -60.96793, -34.268939 ], [ -60.967573, -34.269225 ], [ -60.962552563999964, -34.273265363999933 ], [ -60.961839317999932, -34.273839372999944 ], [ -60.95871597099994, -34.276352990999953 ], [ -60.958291, -34.276695 ], [ -60.958191965999958, -34.276612064999924 ], [ -60.953265, -34.272486 ], [ -60.950339553999989, -34.269960529999921 ], [ -60.947369986999945, -34.267396971999972 ], [ -60.947263503, -34.267305046999979 ], [ -60.942016, -34.262775 ], [ -60.940855, -34.261777 ], [ -60.934241998999937, -34.256049 ], [ -60.931843378999986, -34.254018403999964 ], [ -60.930849989999956, -34.253177432999955 ], [ -60.926811998999938, -34.249759 ], [ -60.926499998999986, -34.249462 ], [ -60.922087, -34.245702 ], [ -60.91725, -34.241587 ], [ -60.917256706999986, -34.241581439999948 ], [ -60.917593099, -34.241302563999966 ], [ -60.921847, -34.237776 ], [ -60.922449, -34.237329 ], [ -60.923632915999974, -34.236311362999963 ], [ -60.927668, -34.232843 ], [ -60.927964, -34.232587 ], [ -60.931715, -34.229464 ], [ -60.932692, -34.228639 ], [ -60.933713, -34.227806 ], [ -60.935642, -34.226203 ], [ -60.936093787999937, -34.225826549999965 ], [ -60.937513, -34.224644 ], [ -60.938155501999965, -34.224112489999975 ], [ -60.938746, -34.223624 ], [ -60.941178778999976, -34.221607171999949 ], [ -60.941413, -34.221413 ], [ -60.942729, -34.2203 ], [ -60.943862, -34.219379 ], [ -60.94708, -34.216667 ], [ -60.950766, -34.213643 ], [ -60.952153, -34.212495 ], [ -60.95500841299998, -34.210160178999949 ], [ -60.957034612999962, -34.208503389999976 ], [ -60.957122480999949, -34.208431540999975 ], [ -60.957616, -34.208028 ], [ -60.957660016999974, -34.207987329999973 ], [ -60.957879, -34.207785 ], [ -60.960794, -34.205367 ], [ -60.961694609999938, -34.204653203999953 ], [ -60.962086, -34.204343 ], [ -60.963373, -34.203278 ], [ -60.963719, -34.203009 ], [ -60.965599, -34.201429 ], [ -60.965741, -34.201333 ], [ -60.970375, -34.197494 ], [ -60.972409658999936, -34.195798448999945 ], [ -60.973267, -34.195084 ], [ -60.973595, -34.194812 ], [ -60.973704773999941, -34.194722235999961 ], [ -60.974391794999981, -34.194160441999941 ], [ -60.975513142999944, -34.193243492999962 ], [ -60.981292, -34.188518 ], [ -60.985605979999946, -34.184966445999976 ], [ -60.988891, -34.182262 ], [ -60.98923, -34.18197 ], [ -60.990773442999973, -34.180692933999971 ], [ -60.993970540999953, -34.17804761099994 ], [ -60.996832, -34.17568 ], [ -60.999226, -34.173682 ], [ -61.000409, -34.172709 ], [ -61.000584360999945, -34.172515305999973 ], [ -61.00369, -34.169085 ], [ -61.003959998999967, -34.168797 ], [ -61.007108734999974, -34.166249073999943 ], [ -61.00853, -34.165099 ], [ -61.010172, -34.163857 ], [ -61.010430129999975, -34.163658066999972 ], [ -61.01172, -34.162664 ], [ -61.016217, -34.1592 ], [ -61.020267, -34.156225 ], [ -61.020548, -34.155987 ], [ -61.021105453999944, -34.155556986999962 ], [ -61.021869, -34.154968 ], [ -61.022728, -34.154303 ], [ -61.023364, -34.153839 ], [ -61.025411998999964, -34.152174 ], [ -61.026976, -34.150835 ], [ -61.02741, -34.150458 ], [ -61.028651, -34.149381 ], [ -61.028968028999941, -34.149122303999931 ], [ -61.029705773999979, -34.148520303999923 ], [ -61.030481484999932, -34.147894442999984 ], [ -61.031512, -34.147063 ], [ -61.034008, -34.14505 ], [ -61.034997929999975, -34.144251272999945 ], [ -61.036752, -34.142836 ], [ -61.038465, -34.14144 ], [ -61.039735444999955, -34.140307559999926 ], [ -61.041940346999986, -34.138443103999975 ], [ -61.042074, -34.138346 ], [ -61.048513041999968, -34.132999016999982 ], [ -61.051166, -34.130796 ], [ -61.054623830999965, -34.127930764999967 ], [ -61.055694, -34.127044 ], [ -61.057023870999956, -34.12594102099996 ], [ -61.060594, -34.12298 ], [ -61.060943998999953, -34.122703 ], [ -61.065164, -34.11918 ], [ -61.065453, -34.118927 ], [ -61.06837, -34.116572 ], [ -61.071208, -34.114206 ], [ -61.073599, -34.112386 ], [ -61.074857084999969, -34.111137458999949 ], [ -61.077284252999959, -34.108728703999923 ], [ -61.077632723999962, -34.108843712999949 ], [ -61.077776, -34.108891 ], [ -61.077781604999984, -34.108885569999984 ], [ -61.077795, -34.10889 ], [ -61.077962272999969, -34.108728514999932 ], [ -61.078084, -34.108611 ], [ -61.078643, -34.108136 ], [ -61.079312, -34.107552 ], [ -61.08075924099996, -34.106352505999951 ], [ -61.084365, -34.103364 ], [ -61.087897, -34.100417 ], [ -61.088235, -34.100126 ], [ -61.09515331099994, -34.094364966999933 ], [ -61.098057, -34.091947 ], [ -61.100306, -34.09007 ], [ -61.100818, -34.089643 ], [ -61.102974992999982, -34.087848744999974 ], [ -61.108144, -34.083549 ], [ -61.110299074999951, -34.081770252999938 ], [ -61.113527, -34.079106 ], [ -61.113935, -34.078767 ], [ -61.119842, -34.073885 ], [ -61.122081144999989, -34.071950243999943 ], [ -61.122069901999964, -34.071944538999944 ], [ -61.122057328999979, -34.071938158999949 ], [ -61.121869069999953, -34.071842632999946 ], [ -61.120166268999974, -34.070978603999947 ], [ -61.119923564999972, -34.070855451999932 ], [ -61.119307921999962, -34.070543063999935 ], [ -61.118665168999947, -34.070288895999958 ], [ -61.118404618999932, -34.070185863999939 ], [ -61.11797, -34.070014 ], [ -61.117205998999971, -34.069548 ], [ -61.11700582199996, -34.069371039999965 ], [ -61.117002469999932, -34.069368076999972 ], [ -61.116936047999964, -34.069309358999931 ], [ -61.116866836999975, -34.069253067999966 ], [ -61.116661445999966, -34.069121329999966 ], [ -61.11657665499996, -34.069066944999975 ], [ -61.116137318999961, -34.068785154999937 ], [ -61.115303452999967, -34.068250313999947 ], [ -61.115156881999958, -34.068156303999949 ], [ -61.11491095699995, -34.067998566999968 ], [ -61.114829, -34.067946 ], [ -61.114675674999951, -34.067818128999932 ], [ -61.114317, -34.067519 ], [ -61.114140967999958, -34.06739507899993 ], [ -61.114139256, -34.067393873999954 ], [ -61.11404, -34.067324 ], [ -61.113606148999963, -34.067141008999954 ], [ -61.113535, -34.067111 ], [ -61.113448733999974, -34.06705132999997 ], [ -61.113162, -34.066853 ], [ -61.112816, -34.066541 ], [ -61.112744959999986, -34.066456911999971 ], [ -61.112571, -34.066251 ], [ -61.112399910999954, -34.06597316999995 ], [ -61.112378970999941, -34.065939165999957 ], [ -61.112274007999986, -34.065811320999963 ], [ -61.11219, -34.065709 ], [ -61.112114213999973, -34.065649495999928 ], [ -61.111985930999936, -34.065588020999932 ], [ -61.111748, -34.065474 ], [ -61.111373, -34.065124 ], [ -61.111336355999988, -34.065073733999952 ], [ -61.111157635999973, -34.064828577999947 ], [ -61.111084972999947, -34.064728904999974 ], [ -61.110722, -34.064231 ], [ -61.110529324999966, -34.064098711999975 ], [ -61.110340327999957, -34.063968949999939 ], [ -61.110074005999941, -34.063786096999927 ], [ -61.10996989299997, -34.063714613999927 ], [ -61.109902, -34.063668 ], [ -61.109512, -34.063503 ], [ -61.109305, -34.063274 ], [ -61.108519, -34.062558 ], [ -61.107664, -34.062243 ], [ -61.107219, -34.062139 ], [ -61.107092332999969, -34.062041478999951 ], [ -61.106528, -34.061607 ], [ -61.106265998999952, -34.061348 ], [ -61.106132669999965, -34.061151732999974 ], [ -61.106064009999955, -34.061062348999947 ], [ -61.105495, -34.060387 ], [ -61.105056613999984, -34.060001198999935 ], [ -61.104379610999949, -34.059405401999975 ], [ -61.103735330999946, -34.05887220499995 ], [ -61.103308, -34.058592 ], [ -61.10303107499994, -34.058559707999954 ], [ -61.102742, -34.058526 ], [ -61.102588497999939, -34.058492047999948 ], [ -61.102152665999931, -34.058395649999966 ], [ -61.102070968999961, -34.058377579999934 ], [ -61.100712, -34.058077 ], [ -61.099807, -34.058162 ], [ -61.098938, -34.058169 ], [ -61.097809, -34.058133 ], [ -61.09740849199995, -34.058072005999975 ], [ -61.096906237999974, -34.057995515999949 ], [ -61.096522, -34.057937 ], [ -61.095596, -34.057869 ], [ -61.095083917999951, -34.057807914999955 ], [ -61.093911, -34.057668 ], [ -61.093027215999946, -34.056870438999965 ], [ -61.092722, -34.056595 ], [ -61.09246, -34.05632 ], [ -61.091779, -34.055499 ], [ -61.091735343999972, -34.055401431999933 ], [ -61.091638371, -34.055184702999952 ], [ -61.091613, -34.055128 ], [ -61.091247, -34.054863 ], [ -61.091103112999967, -34.054780886999936 ], [ -61.090995386999964, -34.054719409999954 ], [ -61.090865, -34.054645 ], [ -61.090384, -34.054524 ], [ -61.089737, -34.05453 ], [ -61.089455143999942, -34.05446060799995 ], [ -61.089014, -34.054352 ], [ -61.088631662999944, -34.054283511999976 ], [ -61.088439, -34.054249 ], [ -61.08791361699997, -34.053972201999954 ], [ -61.08775, -34.053886 ], [ -61.087254497999943, -34.053470022999939 ], [ -61.087183, -34.05341 ], [ -61.087092975999951, -34.053292376999927 ], [ -61.087046, -34.053231 ], [ -61.08699, -34.053119 ], [ -61.086852, -34.052895 ], [ -61.086354663999934, -34.052700225999963 ], [ -61.086063, -34.052586 ], [ -61.085764, -34.052521 ], [ -61.084702, -34.052012 ], [ -61.083997604999979, -34.051972334999959 ], [ -61.083744631999927, -34.051958089999957 ], [ -61.08327713999995, -34.051848091999943 ], [ -61.083125483999936, -34.051779588999977 ], [ -61.082584, -34.051535 ], [ -61.082014501999936, -34.051226894999949 ], [ -61.081846607999971, -34.051204705999965 ], [ -61.080985, -34.051459 ], [ -61.080753367999939, -34.05146703999997 ], [ -61.080400057999952, -34.05147930399994 ], [ -61.08038, -34.05148 ], [ -61.080286648999959, -34.051415844999951 ], [ -61.08011, -34.051317 ], [ -61.07993, -34.050972 ], [ -61.079933401999945, -34.050867794999924 ], [ -61.079935271999943, -34.050810530999961 ], [ -61.079943004999969, -34.05057371699997 ], [ -61.079945725999956, -34.050490388999947 ], [ -61.079972263999942, -34.050429055999977 ], [ -61.080262, -34.049845 ], [ -61.080270399999954, -34.049840661999951 ], [ -61.080717, -34.04961 ], [ -61.082898, -34.04925 ], [ -61.082999851999944, -34.049093136999943 ], [ -61.083085, -34.048962 ], [ -61.083077574999948, -34.048759932999928 ], [ -61.083071, -34.048581 ], [ -61.083056826999957, -34.048529075999966 ], [ -61.082955, -34.048235 ], [ -61.082699337999941, -34.04809118999998 ], [ -61.082596, -34.048053 ], [ -61.082586103, -34.048027495999968 ], [ -61.08257833699998, -34.048023126999965 ], [ -61.082235, -34.04783 ], [ -61.081507, -34.047736 ], [ -61.080935, -34.047516 ], [ -61.08057204399995, -34.047337145999975 ], [ -61.080408237999968, -34.047256426999979 ], [ -61.080035998999968, -34.047073 ], [ -61.079762, -34.046827 ], [ -61.079624236999969, -34.046662995999945 ], [ -61.079430484999939, -34.046432338999978 ], [ -61.079405, -34.046402 ], [ -61.079324551999953, -34.04636103799993 ], [ -61.079187, -34.046291 ], [ -61.079065656999951, -34.046249487999944 ], [ -61.078997, -34.046226 ], [ -61.078617, -34.046161 ], [ -61.078438238999979, -34.046223614999967 ], [ -61.077889, -34.046416 ], [ -61.077592, -34.046441 ], [ -61.076615, -34.046246 ], [ -61.076018998999984, -34.046252 ], [ -61.075478, -34.046301 ], [ -61.07517999899995, -34.046282 ], [ -61.074760544999947, -34.045985664999932 ], [ -61.074686, -34.045933 ], [ -61.074542, -34.045766 ], [ -61.07451819399995, -34.045680835999981 ], [ -61.074080651999964, -34.044115581999961 ], [ -61.074038, -34.043963 ], [ -61.073878, -34.043734 ], [ -61.073542576999962, -34.043551597999965 ], [ -61.07333, -34.043436 ], [ -61.072756, -34.042945 ], [ -61.072626655999954, -34.042809592999951 ], [ -61.072564, -34.042744 ], [ -61.072089460999962, -34.042502376999956 ], [ -61.07191, -34.042411 ], [ -61.071888033999983, -34.042409852999974 ], [ -61.070799, -34.042353 ], [ -61.070228, -34.042178 ], [ -61.069874, -34.042023 ], [ -61.069687973999976, -34.042004486999922 ], [ -61.069251, -34.041961 ], [ -61.068615, -34.041963 ], [ -61.068347971999977, -34.041813463999972 ], [ -61.068315109999965, -34.041795060999959 ], [ -61.06824, -34.041753 ], [ -61.068110796999967, -34.04167119899995 ], [ -61.067455, -34.041256 ], [ -61.06745434099998, -34.041255766999939 ], [ -61.067402914999946, -34.041237560999946 ], [ -61.06702, -34.041102 ], [ -61.066954824999982, -34.041024422999939 ], [ -61.065948, -34.039826 ], [ -61.065464227999939, -34.039506861999939 ], [ -61.065415891999976, -34.039474975999951 ], [ -61.065277438999949, -34.039383640999972 ], [ -61.064802, -34.03907 ], [ -61.064643053999987, -34.039060218999957 ], [ -61.064477, -34.03905 ], [ -61.063237, -34.039489 ], [ -61.062939, -34.039447 ], [ -61.062694, -34.039381 ], [ -61.062588094999974, -34.039283155999954 ], [ -61.062449878999985, -34.039155460999943 ], [ -61.062024, -34.038762 ], [ -61.061567356999944, -34.038310112999973 ], [ -61.061544, -34.038287 ], [ -61.061528671999952, -34.038250001999977 ], [ -61.061254892999955, -34.037589188999959 ], [ -61.061196, -34.037395 ], [ -61.06117, -34.037234 ], [ -61.061089109999955, -34.037122680999957 ], [ -61.060767305999946, -34.036679820999943 ], [ -61.059949395999979, -34.035554229999939 ], [ -61.059777394999969, -34.035317525999972 ], [ -61.059281706999968, -34.034635370999979 ], [ -61.059246392999974, -34.034586772999951 ], [ -61.058626, -34.033733 ], [ -61.057596285999985, -34.032542218999936 ], [ -61.05752, -34.032454 ], [ -61.056536, -34.031876 ], [ -61.055647796999949, -34.031483358999935 ], [ -61.055043, -34.031216 ], [ -61.054646968, -34.030989645999973 ], [ -61.054147615999966, -34.030704238999931 ], [ -61.053895, -34.030577 ], [ -61.052531166999984, -34.030344318999937 ], [ -61.051527, -34.030173 ], [ -61.051406815999933, -34.030020954999934 ], [ -61.049539318999969, -34.02765837499993 ], [ -61.049109206999958, -34.02711423899995 ], [ -61.049094, -34.027095 ], [ -61.048145, -34.025935 ], [ -61.046645898999948, -34.02407158499993 ], [ -61.046247497999957, -34.023576363999943 ], [ -61.04562408299995, -34.022810222999972 ], [ -61.045225998999967, -34.022321 ], [ -61.045174, -34.022264 ], [ -61.045029964999969, -34.022086313999978 ], [ -61.043723, -34.020474 ], [ -61.042770479999945, -34.019261515999972 ], [ -61.042327, -34.018697 ], [ -61.042046558999971, -34.018348197999956 ], [ -61.041430010999939, -34.017581357999973 ], [ -61.041118042999983, -34.017193341999985 ], [ -61.040415466999946, -34.01631950299997 ], [ -61.038799, -34.014309 ], [ -61.037700124999958, -34.012947356999966 ], [ -61.036888808999954, -34.01194203499994 ], [ -61.034914, -34.009495 ], [ -61.034661, -34.00912 ], [ -61.034099469999951, -34.008426380999929 ], [ -61.033194093999946, -34.007308034999951 ], [ -61.030108, -34.003496 ], [ -61.029794213999942, -34.003138028999942 ], [ -61.029689, -34.003018 ], [ -61.02948379299994, -34.002790845999989 ], [ -61.025009278999967, -33.997837779999948 ], [ -61.024702966999946, -33.997498706999977 ], [ -61.024481, -33.997253 ], [ -61.022984, -33.995504 ], [ -61.022792400999947, -33.995276396999941 ], [ -61.021374188999964, -33.993591676999984 ], [ -61.020642035999977, -33.992721938999985 ], [ -61.020314142999958, -33.992332428999923 ], [ -61.018796, -33.990529 ], [ -61.016216922999938, -33.987433586999948 ], [ -61.015950576999956, -33.987113915999949 ], [ -61.014845, -33.985787 ], [ -61.014640490999973, -33.985545288999951 ], [ -61.014264826999977, -33.985101290999978 ], [ -61.012750220999983, -33.983311169999979 ], [ -61.011721160999969, -33.982094918999962 ], [ -61.011614706999985, -33.982008411999971 ], [ -61.011572338999947, -33.981973983999978 ], [ -61.011351179999963, -33.981794263999959 ], [ -61.007676387999943, -33.978808040999979 ], [ -61.006543517999951, -33.977887441999947 ], [ -61.001532501999975, -33.973815369999954 ], [ -60.998372590999971, -33.971247550999983 ], [ -60.99451366999994, -33.968111698999962 ], [ -60.993382734999955, -33.967192672999936 ], [ -60.974743290999982, -33.950681289999977 ], [ -60.97404, -33.950085 ], [ -60.974112822999984, -33.950025360999973 ], [ -60.974137079999942, -33.950005494999971 ], [ -60.963589, -33.941053 ], [ -60.962818, -33.94037 ], [ -60.958427, -33.936607 ], [ -60.956769, -33.935218 ], [ -60.955302, -33.933987 ], [ -60.953257, -33.932288 ], [ -60.952653573999953, -33.931782973999923 ], [ -60.952505800999965, -33.931659297999929 ], [ -60.950631338999983, -33.93002338899997 ], [ -60.946254741999958, -33.926203776999948 ], [ -60.94609, -33.92606 ], [ -60.945983, -33.925966 ], [ -60.948383710999963, -33.923695637999977 ], [ -60.948989275999971, -33.923122951999964 ], [ -60.949114, -33.923005 ], [ -60.941903255999939, -33.91694733199995 ], [ -60.941047, -33.916228 ], [ -60.937714, -33.913335 ], [ -60.936112, -33.912059 ], [ -60.931958, -33.908529 ], [ -60.929015, -33.906038 ], [ -60.923687339999958, -33.901546638999932 ], [ -60.91822088899994, -33.897071661999973 ], [ -60.909681991999946, -33.890081500999941 ], [ -60.90657, -33.887353 ], [ -60.906516924999949, -33.887308798999975 ], [ -60.905888, -33.887826 ], [ -60.901413316999935, -33.884098106999943 ], [ -60.90015407899994, -33.883049024999934 ], [ -60.900008896999964, -33.88292807299996 ], [ -60.898677, -33.883961 ], [ -60.896507760999953, -33.885643047999963 ], [ -60.895253, -33.886616 ] ] ] ] } },
{ "type": "Feature", "properties": { "id": null }, "geometry": { "type": "MultiPolygon", "coordinates": [ [ [ [ -60.522829, -34.434745 ], [ -60.516899, -34.43917 ], [ -60.516875710999955, -34.439150394999963 ], [ -60.516722, -34.439021 ], [ -60.516709876999982, -34.439010332999949 ], [ -60.512992, -34.435739 ], [ -60.5097, -34.432777 ], [ -60.509363, -34.432445 ], [ -60.505003, -34.428598 ], [ -60.503176, -34.427059 ], [ -60.503026743999953, -34.426944001999964 ], [ -60.502319998999951, -34.426322 ], [ -60.501295701999936, -34.425439497999939 ], [ -60.499619690999964, -34.423995501999975 ], [ -60.495992, -34.42087 ], [ -60.495073, -34.420003 ], [ -60.494039, -34.419103 ], [ -60.493675, -34.419242 ], [ -60.489222963999957, -34.415337305999955 ], [ -60.488998, -34.41514 ], [ -60.474856, -34.425975 ], [ -60.473831, -34.426782 ], [ -60.467791, -34.431431 ], [ -60.464627, -34.433851 ], [ -60.463968, -34.434353 ], [ -60.456095, -34.440345 ], [ -60.455896, -34.440499 ], [ -60.446543, -34.447736 ], [ -60.434204, -34.457016 ], [ -60.432728, -34.45806 ], [ -60.426009998999973, -34.46341 ], [ -60.404124, -34.479935 ], [ -60.403995, -34.480041 ], [ -60.399383, -34.476211 ], [ -60.386591, -34.465512 ], [ -60.374071, -34.454929 ], [ -60.373866, -34.455066 ], [ -60.373153846999962, -34.455626196999951 ], [ -60.372962, -34.455472 ], [ -60.359585, -34.466101 ], [ -60.346144, -34.476456 ], [ -60.332359, -34.487028 ], [ -60.319399590999978, -34.496972046999922 ], [ -60.319298, -34.49705 ], [ -60.319126198999982, -34.497194274999977 ], [ -60.305602, -34.484903 ], [ -60.283018, -34.464567 ], [ -60.282035, -34.463645 ], [ -60.281494502999969, -34.464055169999924 ], [ -60.273539, -34.456893 ], [ -60.272691, -34.456145 ], [ -60.269951, -34.453676 ], [ -60.26885, -34.452778 ], [ -60.262876, -34.447484 ], [ -60.261882, -34.446617 ], [ -60.257570728999951, -34.442811103999922 ], [ -60.257318, -34.442588 ], [ -60.257101, -34.442392 ], [ -60.249927, -34.435769 ], [ -60.249651, -34.43551 ], [ -60.245783726999953, -34.431903004999981 ], [ -60.245383, -34.432152 ], [ -60.235798755999951, -34.439915570999972 ], [ -60.22898, -34.445439 ], [ -60.216432, -34.455444 ], [ -60.211227, -34.45956 ], [ -60.211214614999967, -34.459549352999936 ], [ -60.210671200999961, -34.459082191999975 ], [ -60.208013, -34.456797 ], [ -60.203529388999982, -34.452909747999961 ], [ -60.202654, -34.452166 ], [ -60.195276, -34.44577 ], [ -60.194798, -34.445362 ], [ -60.193933091999952, -34.444589011999931 ], [ -60.181043, -34.433311 ], [ -60.180679, -34.432976 ], [ -60.169069, -34.422974 ], [ -60.160581, -34.415624 ], [ -60.154952922999946, -34.410739305999982 ], [ -60.154388, -34.410249 ], [ -60.154194, -34.410072 ], [ -60.153789283999963, -34.410375972999923 ], [ -60.149396252999956, -34.413675480999984 ], [ -60.14768699199994, -34.414959268999944 ], [ -60.14273233899997, -34.418680598999963 ], [ -60.142596, -34.418783 ], [ -60.142584412999952, -34.418793625999967 ], [ -60.142578335999985, -34.418799198999984 ], [ -60.137677, -34.423294 ], [ -60.13236806599997, -34.428097836999932 ], [ -60.118579, -34.440575 ], [ -60.107796, -34.450499 ], [ -60.10422, -34.453666 ], [ -60.093248, -34.462281 ], [ -60.083631, -34.469779 ], [ -60.089076, -34.474928 ], [ -60.098044, -34.482932 ], [ -60.089511, -34.489431 ], [ -60.081968, -34.495218 ], [ -60.076484, -34.499461 ], [ -60.069315, -34.504979 ], [ -60.065603, -34.507798 ], [ -60.058734, -34.513017 ], [ -60.029014, -34.535676 ], [ -60.029173, -34.53585 ], [ -60.017417, -34.544818 ], [ -60.014713, -34.546899 ], [ -60.014699076999932, -34.546886474999944 ], [ -60.013389, -34.545708 ], [ -60.013062, -34.545398 ], [ -60.005223, -34.538358 ], [ -60.001553, -34.535019 ], [ -59.996536, -34.530115 ], [ -59.995886, -34.529523 ], [ -59.992370451999925, -34.526320299999952 ], [ -59.990155, -34.524302 ], [ -59.988791922999958, -34.523077454999957 ], [ -59.988791897999931, -34.523077431999972 ], [ -59.988791872999968, -34.523077409999928 ], [ -59.984763, -34.519458 ], [ -59.976395, -34.51194 ], [ -59.974745248999973, -34.510428228999956 ], [ -59.974745, -34.510428 ], [ -59.974734216999934, -34.510436028999962 ], [ -59.950499, -34.528481 ], [ -59.944382, -34.532984 ], [ -59.94287, -34.534115 ], [ -59.930307, -34.543513 ], [ -59.930102998999985, -34.543683 ], [ -59.930412, -34.543894 ], [ -59.930245, -34.544109 ], [ -59.924865, -34.548487 ], [ -59.919803, -34.552604 ], [ -59.917033, -34.554873 ], [ -59.909427, -34.561103 ], [ -59.909312, -34.561197 ], [ -59.909608241999933, -34.561447037999976 ], [ -59.913986, -34.565142 ], [ -59.91927, -34.569603 ], [ -59.922900075999969, -34.572659501999951 ], [ -59.923523, -34.573184 ], [ -59.924389998999978, -34.573912 ], [ -59.924732, -34.574184 ], [ -59.933201, -34.581257 ], [ -59.932871, -34.581551 ], [ -59.92731, -34.585848 ], [ -59.924347, -34.588209 ], [ -59.921704360999975, -34.59025910999997 ], [ -59.921564, -34.590368 ], [ -59.920952743999983, -34.590847333999932 ], [ -59.919882765999944, -34.591686387999971 ], [ -59.919516, -34.591974 ], [ -59.919293857999946, -34.592150246999942 ], [ -59.918534920999939, -34.592752386999969 ], [ -59.917779227999965, -34.593351952999967 ], [ -59.916687493, -34.594218134999949 ], [ -59.916651902999945, -34.59424637199993 ], [ -59.915901735999974, -34.59484155399997 ], [ -59.915668, -34.595027 ], [ -59.915256849999942, -34.595352842999944 ], [ -59.913947424999947, -34.596390582999959 ], [ -59.913768106999953, -34.596532694999951 ], [ -59.912716434999936, -34.597366161999958 ], [ -59.912565490999953, -34.597485786999975 ], [ -59.911546106999936, -34.598293662999922 ], [ -59.911546084999934, -34.598293680999959 ], [ -59.91139237, -34.598415503999938 ], [ -59.911205917999958, -34.598563269999936 ], [ -59.910564, -34.599072 ], [ -59.910191998999956, -34.599351 ], [ -59.910055998999951, -34.599457707999925 ], [ -59.909742622999936, -34.599703589999933 ], [ -59.908794426999975, -34.600447563999978 ], [ -59.908352498999932, -34.60079430899998 ], [ -59.907378188999985, -34.601558771999962 ], [ -59.906921658999977, -34.601916973999941 ], [ -59.906798, -34.602014 ], [ -59.906452354999942, -34.602291343999973 ], [ -59.90603370499997, -34.602627265999956 ], [ -59.904600087999938, -34.603777593999943 ], [ -59.904257547, -34.604052446999958 ], [ -59.903885462999945, -34.604351005999952 ], [ -59.903792, -34.604426 ], [ -59.903678998999965, -34.604494 ], [ -59.902938676999945, -34.605073235999953 ], [ -59.902535918999938, -34.605388357999971 ], [ -59.901585345999933, -34.606132095999946 ], [ -59.901485518999941, -34.606210201999943 ], [ -59.900609122999981, -34.606895902999952 ], [ -59.90048467299993, -34.60699327399994 ], [ -59.899404809999965, -34.607838169999972 ], [ -59.89938533399998, -34.607853408 ], [ -59.898642, -34.608435 ], [ -59.898301096999944, -34.608706672999972 ], [ -59.897858542999984, -34.609059353999939 ], [ -59.897166485999939, -34.60961086799994 ], [ -59.89697650199998, -34.609762269999976 ], [ -59.896139364999947, -34.610429402999955 ], [ -59.895989887, -34.610548524999949 ], [ -59.895264, -34.611127 ], [ -59.895036595999962, -34.611302664999975 ], [ -59.894813648999957, -34.611474885999939 ], [ -59.894013936999954, -34.612092645999951 ], [ -59.893239742999988, -34.61269069399998 ], [ -59.892864986999939, -34.612980184999969 ], [ -59.892444600999966, -34.613304923999969 ], [ -59.89164518999997, -34.61392245199994 ], [ -59.891616, -34.613945 ], [ -59.89149297899997, -34.614041039999954 ], [ -59.890647392999938, -34.614701167999947 ], [ -59.890459230999973, -34.614848061999957 ], [ -59.889133528999942, -34.615883004999951 ], [ -59.889084604999937, -34.615921198999956 ], [ -59.888670082999973, -34.616244804999944 ], [ -59.887969699999985, -34.61679157799994 ], [ -59.887542341999961, -34.617125205999969 ], [ -59.88704619799995, -34.617512533999957 ], [ -59.886167715999932, -34.618198342999953 ], [ -59.886125887999988, -34.618230996999955 ], [ -59.884982586999975, -34.619123544999972 ], [ -59.884945487999971, -34.619152506999967 ], [ -59.884868, -34.619213 ], [ -59.884567, -34.61943 ], [ -59.895931, -34.629294 ], [ -59.896076, -34.629453 ], [ -59.897495, -34.630689 ], [ -59.903376, -34.635881 ], [ -59.907764, -34.639661 ], [ -59.911157849999938, -34.642624921999989 ], [ -59.91720858299994, -34.647909155999969 ], [ -59.917221, -34.64792 ], [ -59.919686, -34.650042 ], [ -59.920410998999955, -34.650705 ], [ -59.92069, -34.650949 ], [ -59.927552, -34.656934 ], [ -59.927714797999954, -34.657078070999944 ], [ -59.92843, -34.657711 ], [ -59.933562, -34.662236 ], [ -59.934931782999961, -34.66348815899994 ], [ -59.939047, -34.66725 ], [ -59.944353, -34.671705 ], [ -59.94442416, -34.671768947999979 ], [ -59.944501, -34.671838 ], [ -59.944678, -34.671979 ], [ -59.947872213999979, -34.674743397999961 ], [ -59.948208, -34.675034 ], [ -59.952026019999948, -34.678311623999939 ], [ -59.955718295999986, -34.68148130099997 ], [ -59.955883, -34.681622 ], [ -59.959714, -34.684903 ], [ -59.966758282999933, -34.69090259799998 ], [ -59.967868343999953, -34.69184803399996 ], [ -59.968105, -34.6916 ], [ -59.968392269999981, -34.69134305599993 ], [ -59.968446, -34.691295 ], [ -59.968815, -34.690932 ], [ -59.968999, -34.690792 ], [ -59.969283, -34.690605 ], [ -59.969597722999929, -34.690392992999925 ], [ -59.969666, -34.690347 ], [ -59.969677142999956, -34.690332904999941 ], [ -59.969918611999958, -34.69017305899996 ], [ -59.969961, -34.690145 ], [ -59.970344, -34.689888 ], [ -59.970528, -34.689654 ], [ -59.970869, -34.68942 ], [ -59.971139, -34.689104 ], [ -59.971329, -34.68889 ], [ -59.971366, -34.688694 ], [ -59.971384, -34.68841 ], [ -59.97138, -34.688143 ], [ -59.971337, -34.687991 ], [ -59.971238, -34.68771 ], [ -59.971238, -34.687441 ], [ -59.971266204999942, -34.687167706999944 ], [ -59.971267, -34.68716 ], [ -59.971366, -34.686937 ], [ -59.971565, -34.686774 ], [ -59.971792, -34.686738 ], [ -59.972203, -34.686657 ], [ -59.972671, -34.686633 ], [ -59.973296, -34.686551 ], [ -59.97382, -34.686446 ], [ -59.974061953999986, -34.68632672699993 ], [ -59.974104, -34.686306 ], [ -59.974335, -34.686167 ], [ -59.974662, -34.685968 ], [ -59.974761, -34.685839 ], [ -59.975045, -34.685511 ], [ -59.975286, -34.685102 ], [ -59.975414, -34.684891 ], [ -59.975414, -34.684715 ], [ -59.975485, -34.684504 ], [ -59.975528494999942, -34.684407067999977 ], [ -59.975555, -34.684348 ], [ -59.975684, -34.68413 ], [ -59.975706253999924, -34.684072342999976 ], [ -59.975772, -34.683902 ], [ -59.975783, -34.683708 ], [ -59.975783, -34.683671235999945 ], [ -59.975783, -34.683439 ], [ -59.975783, -34.683146 ], [ -59.975712, -34.682771 ], [ -59.975798, -34.682444 ], [ -59.97594, -34.682139 ], [ -59.975986284999976, -34.682080614999961 ], [ -59.976181, -34.681835 ], [ -59.97672, -34.681191 ], [ -59.976848, -34.680992 ], [ -59.97748, -34.68015 ], [ -59.977483149999955, -34.680145943999946 ], [ -59.977807, -34.679729 ], [ -59.977958772999948, -34.679603 ], [ -59.978018998999971, -34.679553 ], [ -59.978133, -34.679413 ], [ -59.978388, -34.679202 ], [ -59.978500985999972, -34.67916657699994 ], [ -59.978573, -34.679144 ], [ -59.978828, -34.679144 ], [ -59.978963886999964, -34.679167899999975 ], [ -59.979027, -34.679179 ], [ -59.979325, -34.679261 ], [ -59.97942883199994, -34.679294442999939 ], [ -59.979651, -34.679366 ], [ -59.980105, -34.679507 ], [ -59.980397, -34.679543 ], [ -59.980885, -34.679601 ], [ -59.981495, -34.679624 ], [ -59.981999943999938, -34.679554693999933 ], [ -59.982005, -34.679554 ], [ -59.982289, -34.679425 ], [ -59.982544, -34.679238 ], [ -59.982686, -34.679086 ], [ -59.982717, -34.678925 ], [ -59.982658, -34.678723 ], [ -59.982474, -34.678442 ], [ -59.981963, -34.677891 ], [ -59.981552, -34.67747 ], [ -59.981339, -34.677165 ], [ -59.981286029999978, -34.67702959099995 ], [ -59.981226350999982, -34.676877031999936 ], [ -59.981197, -34.676802 ], [ -59.981197, -34.676509 ], [ -59.98124, -34.676252 ], [ -59.981396, -34.676041 ], [ -59.981538085999944, -34.675869728999928 ], [ -59.981581, -34.675818 ], [ -59.981949, -34.675549 ], [ -59.982148, -34.675432 ], [ -59.982517, -34.675315 ], [ -59.982913998999948, -34.675233 ], [ -59.983211714999989, -34.675225556999976 ], [ -59.983354, -34.675222 ], [ -59.983708, -34.675245 ], [ -59.984105, -34.67535 ], [ -59.98446, -34.675491 ], [ -59.985183, -34.675749 ], [ -59.985694, -34.676006 ], [ -59.986573, -34.676358 ], [ -59.987192, -34.676448 ], [ -59.988128, -34.676413 ], [ -59.989022, -34.676249 ], [ -59.990043, -34.675734 ], [ -59.990767, -34.675336 ], [ -59.991717, -34.674891 ], [ -59.992041918999981, -34.674707454999975 ], [ -59.992526, -34.674434 ], [ -59.992965, -34.674013 ], [ -59.993178, -34.673603 ], [ -59.993377, -34.673173 ], [ -59.993363, -34.672541 ], [ -59.993278, -34.671932 ], [ -59.993108, -34.671124 ], [ -59.993023, -34.670187 ], [ -59.99298, -34.669531 ], [ -59.992895, -34.668829 ], [ -59.992768, -34.66829 ], [ -59.992597, -34.667939 ], [ -59.992331520999983, -34.667427425999954 ], [ -59.992282, -34.667332 ], [ -59.99220116999998, -34.667221745999932 ], [ -59.991587, -34.666384 ], [ -59.990552, -34.66533 ], [ -59.990172094999942, -34.66482300199992 ], [ -59.989999, -34.664592 ], [ -59.989843, -34.663936 ], [ -59.990041, -34.66307 ], [ -59.990205905999971, -34.66278355299994 ], [ -59.990311, -34.662601 ], [ -59.990821, -34.662332 ], [ -59.991884998999979, -34.662204 ], [ -59.992466, -34.662122 ], [ -59.992799, -34.662041 ], [ -59.993721, -34.661643 ], [ -59.994148415999973, -34.661447902999953 ], [ -59.994387, -34.661339 ], [ -59.994799, -34.661023 ], [ -59.995026, -34.66073 ], [ -59.995167, -34.660414 ], [ -59.995224, -34.659957 ], [ -59.99521, -34.659583 ], [ -59.995217, -34.65915 ], [ -59.995068, -34.658587 ], [ -59.995026, -34.658084 ], [ -59.994833, -34.656789 ], [ -59.994811, -34.656544 ], [ -59.995054, -34.655965 ], [ -59.995156, -34.654701 ], [ -59.995321, -34.654385 ], [ -59.995411, -34.654017 ], [ -59.995806, -34.65309 ], [ -59.996027, -34.652597 ], [ -59.996091, -34.652439 ], [ -59.996435, -34.651881 ], [ -59.99683, -34.651407 ], [ -59.99683, -34.651302 ], [ -59.997544, -34.650302 ], [ -59.998192252999957, -34.649264176999964 ], [ -59.998386, -34.648954 ], [ -59.998998, -34.648449 ], [ -59.999851, -34.647355 ], [ -60.000244, -34.646805 ], [ -60.000396, -34.64623 ], [ -60.000577, -34.64573 ], [ -60.00067939599996, -34.645589345999944 ], [ -60.00085, -34.645355 ], [ -60.001243, -34.64508 ], [ -60.001667, -34.64473 ], [ -60.002065, -34.644384 ], [ -60.002814214999937, -34.643825990999979 ], [ -60.006599277999953, -34.641006906999962 ], [ -60.007705, -34.641976 ], [ -60.008597701999975, -34.642758869999959 ], [ -60.012663, -34.646324 ], [ -60.014145, -34.647623 ], [ -60.014997, -34.648331 ], [ -60.016006, -34.64925 ], [ -60.017156, -34.650228 ], [ -60.017918, -34.650901 ], [ -60.019066, -34.65191 ], [ -60.020534, -34.653258 ], [ -60.02176099899998, -34.654352 ], [ -60.022442105999971, -34.654954974999946 ], [ -60.022908401999977, -34.655367780999939 ], [ -60.023967693999964, -34.656305558999975 ], [ -60.029999, -34.661645 ], [ -60.034272505999979, -34.665404407999958 ], [ -60.038694, -34.669294 ], [ -60.040887, -34.671246 ], [ -60.045886289999949, -34.675621950999975 ], [ -60.048442, -34.677859 ], [ -60.049298, -34.678666 ], [ -60.057862, -34.686141 ], [ -60.058164, -34.6864 ], [ -60.063518, -34.691134 ], [ -60.064152866999969, -34.690636745999932 ], [ -60.066955, -34.688442 ], [ -60.07373, -34.683142 ], [ -60.084437, -34.67486 ], [ -60.085925723999935, -34.67369051899994 ], [ -60.088578, -34.671607 ], [ -60.09735, -34.664928 ], [ -60.097866, -34.664463 ], [ -60.098128, -34.664222 ], [ -60.106169, -34.657959 ], [ -60.106213007999933, -34.657992026999977 ], [ -60.106680680999943, -34.657627763999976 ], [ -60.106846, -34.657499 ], [ -60.110616, -34.660329 ], [ -60.113681, -34.662581 ], [ -60.114054, -34.662909 ], [ -60.122931, -34.670744 ], [ -60.124213449999957, -34.671843586999948 ], [ -60.127105997999934, -34.674323684999941 ], [ -60.130414, -34.67716 ], [ -60.133246171999978, -34.679606684999953 ], [ -60.14009, -34.685519 ], [ -60.146785998999967, -34.691298 ], [ -60.151861, -34.695708 ], [ -60.153273, -34.696926 ], [ -60.159889, -34.702654 ], [ -60.160117, -34.702784 ], [ -60.163512, -34.705607 ], [ -60.164042, -34.705649 ], [ -60.164335, -34.705918 ], [ -60.170618, -34.711124 ], [ -60.176564998999936, -34.716079 ], [ -60.180422, -34.719295 ], [ -60.184018, -34.722286 ], [ -60.187795, -34.72542 ], [ -60.189925047999971, -34.727167501999929 ], [ -60.191843, -34.728741 ], [ -60.186546, -34.732989 ], [ -60.175114, -34.742187 ], [ -60.174807, -34.742455 ], [ -60.174138, -34.743048 ], [ -60.177456, -34.745806 ], [ -60.183213, -34.750592 ], [ -60.184894, -34.752029 ], [ -60.185274, -34.752285 ], [ -60.186383, -34.753242 ], [ -60.188132, -34.754654 ], [ -60.190756, -34.756772 ], [ -60.181607, -34.763747 ], [ -60.172989, -34.770245 ], [ -60.175992, -34.772826 ], [ -60.176137, -34.772928 ], [ -60.182808, -34.77868 ], [ -60.183401, -34.77915 ], [ -60.186741, -34.781974 ], [ -60.187304, -34.782483 ], [ -60.190685, -34.785277 ], [ -60.199395, -34.792603 ], [ -60.199793997999961, -34.792946372999957 ], [ -60.225184561999988, -34.814797214999928 ], [ -60.233965957999935, -34.822396632999983 ], [ -60.243551904999954, -34.829955559999974 ], [ -60.242185, -34.828763 ], [ -60.23983476099994, -34.826769397999961 ], [ -60.239549, -34.826527 ], [ -60.239730630999986, -34.826381863999984 ], [ -60.246865, -34.820681 ], [ -60.250462, -34.817912 ], [ -60.253397, -34.81546 ], [ -60.25405, -34.814947 ], [ -60.256747, -34.812869 ], [ -60.257061, -34.812618 ], [ -60.281463, -34.79361 ], [ -60.288814148999961, -34.787896950999937 ], [ -60.305907, -34.774613 ], [ -60.320873811999938, -34.762920540999964 ], [ -60.320821, -34.762869 ], [ -60.321260743999979, -34.762519339999983 ], [ -60.322508940999974, -34.761526841999967 ], [ -60.32251, -34.761526 ], [ -60.323314998999933, -34.762251 ], [ -60.323519, -34.762661 ], [ -60.333716, -34.771377 ], [ -60.337042166999943, -34.774209535999944 ], [ -60.338837, -34.775738 ], [ -60.349966, -34.78529 ], [ -60.356871, -34.791232 ], [ -60.362228158999976, -34.79579860399997 ], [ -60.362505, -34.795637 ], [ -60.365710999, -34.793083 ], [ -60.372562, -34.787641 ], [ -60.375759, -34.790332 ], [ -60.37617, -34.790683 ], [ -60.382113, -34.795764 ], [ -60.387355, -34.800215 ], [ -60.390934632999972, -34.803255853999929 ], [ -60.392039, -34.804194 ], [ -60.395801998999957, -34.807391 ], [ -60.401755195999954, -34.81243290499998 ], [ -60.402326, -34.812913 ], [ -60.402802, -34.813339 ], [ -60.406792, -34.816701 ], [ -60.407437, -34.817253 ], [ -60.412334, -34.821451 ], [ -60.412572, -34.821654 ], [ -60.413953384999964, -34.822827903999944 ], [ -60.419747426999947, -34.827774142999942 ], [ -60.422829270999962, -34.830405040999949 ], [ -60.455864141999932, -34.858606137999978 ], [ -60.460030386999968, -34.862162765999983 ], [ -60.460279, -34.862375 ], [ -60.460766, -34.862058 ], [ -60.461712, -34.861184 ], [ -60.462176, -34.860974 ], [ -60.462768, -34.861024 ], [ -60.46361, -34.86055 ], [ -60.464454, -34.860303 ], [ -60.465447, -34.8603 ], [ -60.465995, -34.860019 ], [ -60.466268, -34.859652 ], [ -60.466579, -34.858642 ], [ -60.467080998999961, -34.857734 ], [ -60.46765, -34.857454 ], [ -60.46805, -34.857313 ], [ -60.468554, -34.856702 ], [ -60.46906, -34.856578 ], [ -60.469773182, -34.856584072999965 ], [ -60.470704, -34.856592 ], [ -60.47177187799997, -34.856621494999956 ], [ -60.472116, -34.856631 ], [ -60.472379225999987, -34.856412165999977 ], [ -60.472537, -34.856281 ], [ -60.47258007999995, -34.856282403999963 ], [ -60.473488, -34.856312 ], [ -60.473698, -34.856068 ], [ -60.473619, -34.855665 ], [ -60.474095, -34.855248 ], [ -60.475044, -34.854931 ], [ -60.475166, -34.854234 ], [ -60.475839, -34.853657 ], [ -60.476726, -34.853532 ], [ -60.47746, -34.852544 ], [ -60.477847, -34.850106 ], [ -60.478603, -34.84932 ], [ -60.479208, -34.847925 ], [ -60.479428, -34.847636 ], [ -60.480955694999977, -34.846746053999929 ], [ -60.481112, -34.846655 ], [ -60.481853, -34.846578 ], [ -60.482767569999972, -34.846516910999988 ], [ -60.482886, -34.846509 ], [ -60.483341, -34.846366 ], [ -60.484129, -34.845947 ], [ -60.484465, -34.845562 ], [ -60.484520049999965, -34.844719159999954 ], [ -60.484523, -34.844674 ], [ -60.48455606899995, -34.844656484999966 ], [ -60.485447941999944, -34.844184089999942 ], [ -60.48545, -34.844183 ], [ -60.485935, -34.844181 ], [ -60.487776, -34.844679 ], [ -60.488948, -34.84465 ], [ -60.490095817999986, -34.844495518999956 ], [ -60.490278, -34.844471 ], [ -60.490846, -34.844155 ], [ -60.491833, -34.843072 ], [ -60.491976, -34.842393 ], [ -60.492034, -34.841417 ], [ -60.491961, -34.840679 ], [ -60.492174, -34.840059 ], [ -60.493056, -34.839168 ], [ -60.494483584999948, -34.838574341999959 ], [ -60.494684, -34.838491 ], [ -60.495571, -34.838366 ], [ -60.496635672999957, -34.838299623999944 ], [ -60.496774, -34.838291 ], [ -60.497324, -34.838393 ], [ -60.498042, -34.838321 ], [ -60.498928, -34.838039 ], [ -60.500732849999963, -34.838797654999951 ], [ -60.500855, -34.838849 ], [ -60.50129616199996, -34.83906151799993 ], [ -60.502551, -34.839666 ], [ -60.505212, -34.838623 ], [ -60.506388, -34.838717 ], [ -60.507042, -34.839041 ], [ -60.507696, -34.839599 ], [ -60.509483, -34.840697 ], [ -60.510731, -34.84104 ], [ -60.511999, -34.841087 ], [ -60.514563720999945, -34.840778224999937 ], [ -60.514848, -34.840744 ], [ -60.515009397999954, -34.840815038999949 ], [ -60.516811, -34.841608 ], [ -60.518059, -34.841881 ], [ -60.51939, -34.84191 ], [ -60.520236, -34.84215 ], [ -60.521271, -34.842059 ], [ -60.522133998999948, -34.841602 ], [ -60.523864, -34.841299 ], [ -60.524985, -34.84152 ], [ -60.525471, -34.841421 ], [ -60.525746, -34.841366 ], [ -60.525958, -34.841345 ], [ -60.526527, -34.841444 ], [ -60.527311, -34.841858 ], [ -60.527907, -34.841934 ], [ -60.529283, -34.84162 ], [ -60.529849, -34.840921 ], [ -60.530122, -34.839401 ], [ -60.530597998999959, -34.837667 ], [ -60.530867, -34.835033 ], [ -60.530440998999943, -34.83424 ], [ -60.530428832, -34.834230410999965 ], [ -60.529804, -34.833738 ], [ -60.529799604999944, -34.833732568999949 ], [ -60.528568998999958, -34.832212 ], [ -60.527989, -34.831094 ], [ -60.527897, -34.829824 ], [ -60.528182, -34.829466 ], [ -60.528821, -34.829054 ], [ -60.529812, -34.828754 ], [ -60.530632, -34.82821 ], [ -60.531285, -34.827894 ], [ -60.53147, -34.82711 ], [ -60.532078, -34.826376 ], [ -60.532941, -34.825903 ], [ -60.533438, -34.825412 ], [ -60.533638, -34.825056 ], [ -60.533892727999955, -34.824323328999981 ], [ -60.533929, -34.824219 ], [ -60.534329, -34.824044 ], [ -60.534689972999963, -34.824036160999974 ], [ -60.535342, -34.824022 ], [ -60.537027, -34.823214 ], [ -60.538084731999959, -34.82277149599998 ], [ -60.538313, -34.822676 ], [ -60.538809, -34.822432 ], [ -60.539227181999934, -34.822430084999944 ], [ -60.539464, -34.822429 ], [ -60.540247541999975, -34.821884549999936 ], [ -60.540339, -34.821821 ], [ -60.540809, -34.821518 ], [ -60.541866, -34.821635 ], [ -60.542793, -34.821317 ], [ -60.543364, -34.821384 ], [ -60.544128, -34.821903 ], [ -60.545471909999939, -34.822141314999953 ], [ -60.545566, -34.822158 ], [ -60.54681, -34.821978 ], [ -60.547722860999954, -34.821396932999946 ], [ -60.547883, -34.821295 ], [ -60.548847, -34.821262 ], [ -60.549491199999977, -34.821703232999937 ], [ -60.549771, -34.82269 ], [ -60.550430998999957, -34.823487 ], [ -60.550436480999963, -34.823489712999958 ], [ -60.551025, -34.823781 ], [ -60.551029507999949, -34.823789301999966 ], [ -60.551580998999945, -34.824805 ], [ -60.551591386999974, -34.824811345999933 ], [ -60.552514, -34.825375 ], [ -60.552518758999959, -34.82538334499997 ], [ -60.553475, -34.82706 ], [ -60.553486277999987, -34.827068229999952 ], [ -60.555266, -34.828367 ], [ -60.556434070999963, -34.829186341999957 ], [ -60.556646, -34.829335 ], [ -60.557829, -34.829417 ], [ -60.558273, -34.829572 ], [ -60.558715, -34.829239 ], [ -60.559319, -34.828 ], [ -60.560431, -34.826863 ], [ -60.561061, -34.826425 ], [ -60.561753, -34.825582 ], [ -60.562465404999948, -34.824966771999975 ], [ -60.562794, -34.824683 ], [ -60.563363, -34.824559 ], [ -60.564103, -34.824643 ], [ -60.56519745099996, -34.825380240999948 ], [ -60.565206, -34.825386 ], [ -60.565344249999953, -34.825348399999939 ], [ -60.565923, -34.825191 ], [ -60.566032248999932, -34.825199172999923 ], [ -60.566577998999946, -34.82524 ], [ -60.567147, -34.824994 ], [ -60.567313, -34.824593 ], [ -60.567013, -34.823968 ], [ -60.567199, -34.823375 ], [ -60.567499852999966, -34.823302436999946 ], [ -60.567937, -34.823197 ], [ -60.568707975999985, -34.823355014999947 ], [ -60.569268998999981, -34.82347 ], [ -60.569839, -34.823397 ], [ -60.57062360599997, -34.823109853999938 ], [ -60.57085, -34.823027 ], [ -60.571587036999979, -34.822957169999938 ], [ -60.572201, -34.822899 ], [ -60.57296, -34.822704 ], [ -60.572914764999958, -34.822138564999918 ], [ -60.572914, -34.822129 ], [ -60.572342, -34.821923 ], [ -60.571559, -34.821753 ], [ -60.570944, -34.821338 ], [ -60.569997719999947, -34.820842045999939 ], [ -60.569748, -34.820486 ], [ -60.570188, -34.819979 ], [ -60.571390975999982, -34.819732234999947 ], [ -60.571865, -34.819635 ], [ -60.572796, -34.81977 ], [ -60.573619, -34.819783 ], [ -60.574233, -34.819919 ], [ -60.574409346999971, -34.819909267999947 ], [ -60.574686, -34.819894 ], [ -60.575434, -34.819566 ], [ -60.575501980999952, -34.819262571999957 ], [ -60.575516, -34.8192 ], [ -60.576633, -34.818811 ], [ -60.577584, -34.818964 ], [ -60.578503124999941, -34.818683074999953 ], [ -60.578523, -34.818677 ], [ -60.580016318999974, -34.818073120999934 ], [ -60.580301, -34.817958 ], [ -60.580867995999938, -34.817944218999969 ], [ -60.581015071999964, -34.817940643999982 ], [ -60.581453, -34.81793 ], [ -60.582001, -34.817788 ], [ -60.583649, -34.817884 ], [ -60.584534, -34.817567 ], [ -60.584674050999986, -34.817566228999965 ], [ -60.585442, -34.817562 ], [ -60.588055, -34.816749 ], [ -60.588493, -34.816016 ], [ -60.588918307999961, -34.814662457999923 ], [ -60.58903, -34.814307 ], [ -60.589767, -34.813354 ], [ -60.589738, -34.812152 ], [ -60.59068, -34.811103 ], [ -60.590656, -34.810668 ], [ -60.590101, -34.809853 ], [ -60.590114, -34.808669 ], [ -60.589832, -34.807842 ], [ -60.589891, -34.806586 ], [ -60.590243, -34.806152 ], [ -60.591481998999939, -34.80531 ], [ -60.59253, -34.804243 ], [ -60.593624, -34.803646 ], [ -60.593831, -34.803105 ], [ -60.594250998999946, -34.801806 ], [ -60.595153, -34.800984 ], [ -60.59595, -34.800249 ], [ -60.596856, -34.799966 ], [ -60.597463, -34.799179 ], [ -60.597647, -34.79843 ], [ -60.597281, -34.797353 ], [ -60.597701, -34.796628 ], [ -60.597318, -34.79616 ], [ -60.597315441999967, -34.796160010999984 ], [ -60.59641, -34.796164 ], [ -60.595960855999969, -34.79592562299996 ], [ -60.595922, -34.795905 ], [ -60.595919814999938, -34.795898270999949 ], [ -60.595685, -34.795175 ], [ -60.595693522999966, -34.79512747099993 ], [ -60.595888, -34.794043 ], [ -60.596223, -34.793693 ], [ -60.59643, -34.793187 ], [ -60.596741645999941, -34.792999774999949 ], [ -60.596956, -34.792871 ], [ -60.597521455999981, -34.792981402999928 ], [ -60.597545, -34.792986 ], [ -60.597700281999948, -34.792977189999931 ], [ -60.597949169999936, -34.792963068999939 ], [ -60.598813998999958, -34.792914 ], [ -60.599804, -34.792613 ], [ -60.600206, -34.792096 ], [ -60.600307, -34.791347 ], [ -60.599814, -34.790357 ], [ -60.600075879999963, -34.790045068 ], [ -60.600107, -34.790008 ], [ -60.600739, -34.789778 ], [ -60.601410698999977, -34.789798312999949 ], [ -60.601731, -34.789808 ], [ -60.602129998999942, -34.789528 ], [ -60.602232, -34.788988 ], [ -60.601569, -34.787911 ], [ -60.601423, -34.787347 ], [ -60.60222, -34.786525 ], [ -60.602699, -34.785722 ], [ -60.603689999, -34.785508 ], [ -60.604427, -34.785226 ], [ -60.605015998999924, -34.784927 ], [ -60.605128166999975, -34.784122544999946 ], [ -60.605173, -34.783801 ], [ -60.605210145999941, -34.783754475999956 ], [ -60.605478, -34.783419 ], [ -60.60599, -34.782544 ], [ -60.60611, -34.781568 ], [ -60.60659, -34.780904 ], [ -60.606731998999983, -34.780068 ], [ -60.607713, -34.778496 ], [ -60.607769, -34.777503 ], [ -60.608103, -34.776996 ], [ -60.608644, -34.776726 ], [ -60.61007, -34.776231 ], [ -60.610635, -34.775515 ], [ -60.611916, -34.774725 ], [ -60.612018, -34.774176 ], [ -60.611589, -34.773299 ], [ -60.611577874999966, -34.773290883999955 ], [ -60.61038, -34.772417 ], [ -60.610379393999942, -34.772412770999942 ], [ -60.610335, -34.772103 ], [ -60.610519, -34.771302 ], [ -60.610600437999949, -34.77120887699995 ], [ -60.610748998999952, -34.771039 ], [ -60.6117, -34.771191 ], [ -60.611959683999942, -34.771322497999961 ], [ -60.612484, -34.771588 ], [ -60.613071, -34.770929 ], [ -60.613400998999964, -34.769865 ], [ -60.614243, -34.76953 ], [ -60.614891, -34.768674 ], [ -60.615155, -34.767227 ], [ -60.6157, -34.766754 ], [ -60.617258, -34.766319 ], [ -60.617695, -34.766053 ], [ -60.618741, -34.764829 ], [ -60.618986, -34.763801 ], [ -60.620591, -34.762777 ], [ -60.62134, -34.762535 ], [ -60.621947, -34.761801 ], [ -60.622875, -34.761691 ], [ -60.623631, -34.76127 ], [ -60.624552, -34.760272 ], [ -60.62569, -34.759971 ], [ -60.626324, -34.760124 ], [ -60.626998, -34.759935 ], [ -60.627629, -34.759647 ], [ -60.627898, -34.758984 ], [ -60.628222, -34.758284 ], [ -60.628213, -34.7577 ], [ -60.628863, -34.757139 ], [ -60.629363, -34.756196 ], [ -60.629212, -34.755796 ], [ -60.628658, -34.755051 ], [ -60.628567, -34.754268 ], [ -60.628553115999978, -34.754256000999931 ], [ -60.628206, -34.753956 ], [ -60.627888, -34.753731 ], [ -60.627882323999977, -34.753723889999954 ], [ -60.627611, -34.753384 ], [ -60.627563, -34.752601 ], [ -60.626987, -34.751751 ], [ -60.626828, -34.751007 ], [ -60.626692, -34.74965 ], [ -60.626456, -34.749233 ], [ -60.626132, -34.748138 ], [ -60.626376, -34.746918 ], [ -60.627337, -34.745676 ], [ -60.627144, -34.74526 ], [ -60.626633, -34.744723 ], [ -60.626632053999977, -34.744722743999944 ], [ -60.626238767999958, -34.744616188999942 ], [ -60.626024, -34.744558 ], [ -60.626012592999984, -34.744545697999961 ], [ -60.625616, -34.744118 ], [ -60.625617649999981, -34.744109512999948 ], [ -60.625764, -34.743357 ], [ -60.62612, -34.743007 ], [ -60.627133, -34.743019 ], [ -60.627869, -34.74265 ], [ -60.628417, -34.742647 ], [ -60.629547, -34.741422 ], [ -60.630489, -34.74039 ], [ -60.630443, -34.739288 ], [ -60.631274, -34.738461 ], [ -60.633287, -34.737772 ], [ -60.634485, -34.737261 ], [ -60.635076, -34.737241 ], [ -60.635686, -34.737081 ], [ -60.636129, -34.737061 ], [ -60.63678, -34.736588 ], [ -60.637512, -34.735748 ], [ -60.637718, -34.73519 ], [ -60.638369, -34.734716 ], [ -60.63904, -34.73419 ], [ -60.639798, -34.734099 ], [ -60.639905, -34.73367 ], [ -60.640673, -34.732632 ], [ -60.642048, -34.731311 ], [ -60.642004, -34.730136 ], [ -60.64195, -34.7299 ], [ -60.64256, -34.729375 ], [ -60.64353, -34.729353 ], [ -60.644439, -34.729574 ], [ -60.645704, -34.729446 ], [ -60.646567, -34.72925 ], [ -60.647477, -34.728883 ], [ -60.648079, -34.728389 ], [ -60.6493, -34.726736 ], [ -60.650292, -34.725741 ], [ -60.651074, -34.724324 ], [ -60.650939, -34.723176 ], [ -60.652228998999988, -34.721866 ], [ -60.652715, -34.7211 ], [ -60.653589, -34.72015 ], [ -60.653948, -34.719683 ], [ -60.653710998999941, -34.719005 ], [ -60.654142, -34.717488 ], [ -60.654541, -34.716968 ], [ -60.654661, -34.716388 ], [ -60.654900998999956, -34.715502 ], [ -60.655283, -34.714825 ], [ -60.655809, -34.71428 ], [ -60.655948, -34.713481 ], [ -60.656448, -34.712712 ], [ -60.65676, -34.712205 ], [ -60.657485, -34.711819 ], [ -60.657833, -34.711532 ], [ -60.657889, -34.710911 ], [ -60.65795, -34.71058 ], [ -60.657565, -34.70992 ], [ -60.657707, -34.709275 ], [ -60.658752, -34.70878 ], [ -60.659676, -34.708417 ], [ -60.660239, -34.708284 ], [ -60.66134, -34.708182 ], [ -60.662603998999941, -34.708344 ], [ -60.663218, -34.708311 ], [ -60.663848, -34.707942 ], [ -60.664396, -34.706978 ], [ -60.665186, -34.706489 ], [ -60.665689, -34.706086 ], [ -60.665748, -34.70565 ], [ -60.666459, -34.704898 ], [ -60.667092, -34.704825 ], [ -60.667746, -34.704381 ], [ -60.66843, -34.704271 ], [ -60.669507998999961, -34.704544 ], [ -60.67008, -34.704924 ], [ -60.671428, -34.705004 ], [ -60.672549, -34.705084 ], [ -60.673945, -34.705511 ], [ -60.675064, -34.705767 ], [ -60.676009, -34.705257 ], [ -60.676690175999973, -34.705291702999951 ], [ -60.677287, -34.706219 ], [ -60.677295116999971, -34.706222859999968 ], [ -60.678656, -34.70687 ], [ -60.679272, -34.707354 ], [ -60.679653, -34.707508 ], [ -60.680446311999958, -34.70769904399998 ], [ -60.680484010999983, -34.707708122999968 ], [ -60.681069, -34.707849 ], [ -60.681084118999934, -34.707852304999953 ], [ -60.681334010999933, -34.707906927999943 ], [ -60.682231, -34.708103 ], [ -60.683077, -34.708499 ], [ -60.68373, -34.708391 ], [ -60.683954, -34.708374 ], [ -60.684798, -34.708421 ], [ -60.685745, -34.708155 ], [ -60.686373, -34.707647 ], [ -60.686479, -34.707271 ], [ -60.686444484999988, -34.707116335999963 ], [ -60.685302033999967, -34.701996992999959 ], [ -60.685156380999956, -34.701344315999954 ], [ -60.683818, -34.695347 ], [ -60.683968823999969, -34.695293412999952 ], [ -60.684240134999982, -34.695197017999924 ], [ -60.68388716599997, -34.694925307999945 ], [ -60.683701, -34.694782 ], [ -60.683697449999954, -34.694777025999947 ], [ -60.683687, -34.694769 ], [ -60.683240186999967, -34.694142866999982 ], [ -60.683236, -34.694137 ], [ -60.683160606999934, -34.694082200999958 ], [ -60.682804, -34.693823 ], [ -60.682236, -34.693839 ], [ -60.68121466499997, -34.693293232999963 ], [ -60.681203, -34.693287 ], [ -60.681167972999958, -34.693185488999973 ], [ -60.681046, -34.692832 ], [ -60.681923, -34.691135 ], [ -60.682178, -34.690411 ], [ -60.682173, -34.689802 ], [ -60.681815, -34.689095 ], [ -60.682088, -34.688594 ], [ -60.681980369999962, -34.688190390999978 ], [ -60.681944, -34.688054 ], [ -60.681718707999948, -34.68767851399997 ], [ -60.681539, -34.687379 ], [ -60.681561139999985, -34.686839120999934 ], [ -60.681565, -34.686745 ], [ -60.68160399899994, -34.686680981999984 ], [ -60.681883, -34.686223 ], [ -60.681894, -34.685691 ], [ -60.681456, -34.68473 ], [ -60.681621, -34.683401 ], [ -60.68179620899997, -34.682183429999952 ], [ -60.681818, -34.682032 ], [ -60.682158, -34.680471 ], [ -60.681976357999986, -34.679854883999944 ], [ -60.681811, -34.679294 ], [ -60.681819031999964, -34.679262917999949 ], [ -60.682049, -34.678373 ], [ -60.682334, -34.677547 ], [ -60.682303102999988, -34.676903683999967 ], [ -60.682301616999958, -34.676872732999968 ], [ -60.682278, -34.676381 ], [ -60.681842, -34.675598 ], [ -60.681699, -34.675054 ], [ -60.682343, -34.674177 ], [ -60.683086, -34.673567 ], [ -60.683493, -34.672665 ], [ -60.683840998999983, -34.672143 ], [ -60.684116322999955, -34.671993221999962 ], [ -60.684659, -34.671698 ], [ -60.685302526999976, -34.671153713999956 ], [ -60.685703, -34.670815 ], [ -60.685654998999958, -34.669798 ], [ -60.685353315999976, -34.669176620999963 ], [ -60.685119, -34.668694 ], [ -60.684945548999963, -34.667589509999964 ], [ -60.684790241999956, -34.666600538999951 ], [ -60.68479, -34.666599 ], [ -60.68420891399996, -34.666114940999925 ], [ -60.683720020999949, -34.665707678999972 ], [ -60.683736, -34.664681 ], [ -60.68372760799997, -34.664502046999928 ], [ -60.683715048999943, -34.664234241999949 ], [ -60.683702, -34.663956 ], [ -60.683507, -34.663482 ], [ -60.683503632999987, -34.663066124999943 ], [ -60.683503, -34.662988 ], [ -60.683832, -34.662215 ], [ -60.683714404999932, -34.661961748999936 ], [ -60.683539, -34.661584 ], [ -60.683515222999972, -34.661480808999954 ], [ -60.683489, -34.661367 ], [ -60.683703, -34.661089 ], [ -60.683748, -34.660752 ], [ -60.683601, -34.660338 ], [ -60.683597, -34.659942 ], [ -60.683624460999972, -34.659903622999941 ], [ -60.683752045999938, -34.659725323999957 ], [ -60.684053815999967, -34.659303601999973 ], [ -60.684236, -34.659049 ], [ -60.684782, -34.658492 ], [ -60.685133218999965, -34.657545206999941 ], [ -60.685260995999947, -34.657200752999977 ], [ -60.685321, -34.657039 ], [ -60.68587, -34.656924 ], [ -60.686033852999977, -34.656930121999949 ], [ -60.686324390999971, -34.656940976999969 ], [ -60.68674147399998, -34.657377803999971 ], [ -60.686877749999951, -34.657520529999935 ], [ -60.686967067999952, -34.657614076999941 ], [ -60.686988, -34.657636 ], [ -60.68698885099996, -34.657636275999948 ], [ -60.687000998999963, -34.657649 ], [ -60.68776, -34.657895 ], [ -60.688455, -34.657891 ], [ -60.68903, -34.658066 ], [ -60.690407, -34.657678 ], [ -60.690590868999948, -34.657570595999971 ], [ -60.690822998999984, -34.657435 ], [ -60.691068663999935, -34.657259188999944 ], [ -60.692177, -34.656466 ], [ -60.692821, -34.656206 ], [ -60.693077407999972, -34.656158006999931 ], [ -60.693585, -34.656063 ], [ -60.693748531999972, -34.656062124999949 ], [ -60.694519, -34.656058 ], [ -60.694829, -34.655898 ], [ -60.695399, -34.65542 ], [ -60.696095612999954, -34.654786595999951 ], [ -60.696457, -34.654458 ], [ -60.69696972699996, -34.654181126999966 ], [ -60.697032031999974, -34.654147482999974 ], [ -60.697457, -34.653918 ], [ -60.69793340899998, -34.653760503999933 ], [ -60.698794, -34.653476 ], [ -60.699836869999963, -34.653494989999949 ], [ -60.700112, -34.6535 ], [ -60.700661, -34.653544 ], [ -60.701138998999973, -34.653423 ], [ -60.701113, -34.653106 ], [ -60.700726, -34.652674 ], [ -60.700843, -34.652376 ], [ -60.701261679999959, -34.652219319999972 ], [ -60.701369346999975, -34.652179028999974 ], [ -60.701487, -34.652135 ], [ -60.702168807999954, -34.651817222999973 ], [ -60.703418, -34.651235 ], [ -60.703492937999954, -34.651172187999975 ], [ -60.704036, -34.650717 ], [ -60.704307389999947, -34.650466124999987 ], [ -60.704961998999977, -34.649861 ], [ -60.706679, -34.649725 ], [ -60.706878729999964, -34.649790923999952 ], [ -60.707460175999984, -34.649982838999954 ], [ -60.707597, -34.650028 ], [ -60.708237, -34.649993 ], [ -60.70864, -34.649496 ], [ -60.708844, -34.649045 ], [ -60.709048125999971, -34.648881224999968 ], [ -60.709446, -34.648562 ], [ -60.710039644999945, -34.64831644099997 ], [ -60.710853, -34.64798 ], [ -60.711773131999969, -34.647641963999945 ], [ -60.712165, -34.647498 ], [ -60.71223099499997, -34.647398167999931 ], [ -60.712401, -34.647141 ], [ -60.712678482999934, -34.647054821 ], [ -60.712855, -34.647 ], [ -60.713370354999931, -34.647123173999951 ], [ -60.713742, -34.647212 ], [ -60.713957256999947, -34.647131215999934 ], [ -60.714171, -34.647051 ], [ -60.714264034999985, -34.646978223999945 ], [ -60.714644, -34.646681 ], [ -60.714784651999935, -34.646799056999946 ], [ -60.714806815999964, -34.646796595999945 ], [ -60.715866, -34.646679 ], [ -60.716716, -34.646374 ], [ -60.717406, -34.64616 ], [ -60.718422, -34.646049 ], [ -60.719961, -34.645455 ], [ -60.721884, -34.645188 ], [ -60.723446, -34.64472 ], [ -60.724026, -34.644717 ], [ -60.724733, -34.644901 ], [ -60.725511, -34.644896 ], [ -60.725978, -34.644724 ], [ -60.72681, -34.644329 ], [ -60.727478, -34.64395 ], [ -60.728167, -34.643826 ], [ -60.729258, -34.64397 ], [ -60.730388, -34.644038 ], [ -60.730839998999961, -34.644065 ], [ -60.731165, -34.644133 ], [ -60.731409, -34.644782 ], [ -60.731489709999956, -34.644847687 ], [ -60.731683, -34.645005 ], [ -60.732138, -34.645093 ], [ -60.733209, -34.645011 ], [ -60.733901998999954, -34.645307 ], [ -60.734806, -34.645624 ], [ -60.735597, -34.645705 ], [ -60.73599, -34.6457 ], [ -60.736694, -34.645582 ], [ -60.73715, -34.64573 ], [ -60.737409, -34.64603 ], [ -60.737903, -34.64673 ], [ -60.738671, -34.647281 ], [ -60.739637, -34.647635 ], [ -60.740456, -34.647885 ], [ -60.740749, -34.648123 ], [ -60.741011, -34.648947 ], [ -60.741446, -34.649115 ], [ -60.74183, -34.648824 ], [ -60.741931567999984, -34.648578832999931 ], [ -60.742118, -34.648651 ], [ -60.742503, -34.64836 ], [ -60.742861077999976, -34.647496554999975 ], [ -60.743324, -34.647295 ], [ -60.743358446999935, -34.647120113999954 ], [ -60.743431, -34.647078 ], [ -60.743599608999943, -34.647004587999966 ], [ -60.743842229999984, -34.646898950999962 ], [ -60.743996, -34.646832 ], [ -60.744205, -34.645776 ], [ -60.744496, -34.645014 ], [ -60.744504675999963, -34.644997917999952 ], [ -60.744925428999977, -34.644217985999944 ], [ -60.745045058999949, -34.644217278999967 ], [ -60.7456, -34.644214 ], [ -60.74606, -34.644144 ], [ -60.746463, -34.643851 ], [ -60.746461723999971, -34.643726843999964 ], [ -60.74646167099997, -34.643721637999931 ], [ -60.746457, -34.643267 ], [ -60.747130639999966, -34.642865313999941 ], [ -60.74713, -34.642803 ], [ -60.747191844, -34.642766166999927 ], [ -60.748532, -34.641968 ], [ -60.749814998999966, -34.641739 ], [ -60.751693, -34.64161 ], [ -60.752322418999931, -34.64144499899993 ], [ -60.752475, -34.641405 ], [ -60.753791, -34.640332 ], [ -60.753735344999939, -34.639966158999982 ], [ -60.753667114999985, -34.63951765999996 ], [ -60.753890406999972, -34.639464587999946 ], [ -60.754078, -34.63942 ], [ -60.75421395099994, -34.639083408999959 ], [ -60.75475, -34.638956 ], [ -60.754960486999948, -34.638435405999921 ], [ -60.755139447999973, -34.637992784999938 ], [ -60.755143, -34.637984 ], [ -60.755144387999955, -34.637983762999959 ], [ -60.755481, -34.637369 ], [ -60.75523, -34.636422 ], [ -60.755407, -34.635955 ], [ -60.755958202999977, -34.635810860999982 ], [ -60.75608, -34.635492 ], [ -60.756208210999951, -34.63545825999995 ], [ -60.756414457999945, -34.635403984999982 ], [ -60.756518552999971, -34.635255305999969 ], [ -60.756691, -34.635009 ], [ -60.757247, -34.634371 ], [ -60.757420998999976, -34.63317 ], [ -60.757993, -34.632481 ], [ -60.758237, -34.631794 ], [ -60.758395998999966, -34.630785 ], [ -60.757005111999952, -34.629505614999971 ], [ -60.753344, -34.626138 ], [ -60.753027, -34.625848 ], [ -60.751577804999954, -34.624533424999967 ], [ -60.749819, -34.622938 ], [ -60.749158, -34.622411 ], [ -60.744395, -34.618326 ], [ -60.737634300999957, -34.61245424699996 ], [ -60.733778, -34.609105 ], [ -60.733427, -34.608791 ], [ -60.729818, -34.605707 ], [ -60.727454, -34.603614 ], [ -60.727298330999986, -34.603477328999922 ], [ -60.726842493999982, -34.603077122999942 ], [ -60.725258, -34.601686 ], [ -60.722599, -34.599404 ], [ -60.720759, -34.597819 ], [ -60.718356, -34.595741 ], [ -60.715777, -34.593501 ], [ -60.714719, -34.592579 ], [ -60.714428, -34.592328 ], [ -60.712024, -34.590252 ], [ -60.709029, -34.587672 ], [ -60.707765, -34.586582 ], [ -60.70752, -34.586369 ], [ -60.706827, -34.585769 ], [ -60.705993, -34.585039 ], [ -60.705454, -34.584569 ], [ -60.705344, -34.584469 ], [ -60.703376, -34.58278 ], [ -60.703001938999925, -34.582451772999931 ], [ -60.701148, -34.580825 ], [ -60.700729998999968, -34.580446 ], [ -60.700576, -34.58031 ], [ -60.699609, -34.579453 ], [ -60.696368, -34.576579 ], [ -60.693611998999984, -34.574148 ], [ -60.692871049999958, -34.573498963999953 ], [ -60.692693, -34.573343 ], [ -60.691923, -34.572668 ], [ -60.691161, -34.572001 ], [ -60.687039, -34.568388 ], [ -60.686697, -34.568087 ], [ -60.682138, -34.564082 ], [ -60.676410998999984, -34.559034 ], [ -60.675133, -34.557914 ], [ -60.674358, -34.557227 ], [ -60.67051, -34.553803 ], [ -60.666417, -34.55018 ], [ -60.666161, -34.549966 ], [ -60.664619, -34.548666 ], [ -60.664411, -34.548504 ], [ -60.662085026999939, -34.546474323 ], [ -60.657708482999965, -34.542655287999928 ], [ -60.646905204999939, -34.533228191999967 ], [ -60.646701, -34.53305 ], [ -60.646905204999939, -34.532888088999982 ], [ -60.647629910999974, -34.532313479999978 ], [ -60.648753, -34.531423 ], [ -60.654422357999977, -34.527002395999936 ], [ -60.655634047999968, -34.526057596999969 ], [ -60.660591196, -34.522192328999949 ], [ -60.663617, -34.519833 ], [ -60.667279, -34.516993 ], [ -60.667608, -34.516736 ], [ -60.671828571999981, -34.513457519999974 ], [ -60.672424, -34.512995 ], [ -60.672893380999938, -34.512631582999958 ], [ -60.673626375999959, -34.512064060999933 ], [ -60.677205, -34.509355 ], [ -60.677156063999981, -34.509313486999936 ], [ -60.676882797999951, -34.509081672999976 ], [ -60.675992, -34.508326 ], [ -60.675810321999968, -34.508166925999944 ], [ -60.668421, -34.501697 ], [ -60.66246, -34.496476 ], [ -60.657794, -34.492437 ], [ -60.657472, -34.492154 ], [ -60.649601, -34.485388 ], [ -60.647192, -34.483379 ], [ -60.646725, -34.483007 ], [ -60.638093, -34.475541 ], [ -60.636340753999953, -34.474034968999945 ], [ -60.634028594999954, -34.47204769899998 ], [ -60.626023, -34.465167 ], [ -60.624983, -34.464299 ], [ -60.620543, -34.460426 ], [ -60.617744, -34.458 ], [ -60.617226, -34.457053 ], [ -60.613336609999976, -34.453619721999935 ], [ -60.604563, -34.445875 ], [ -60.60208451699998, -34.443696840999955 ], [ -60.596137, -34.43847 ], [ -60.596001, -34.438351 ], [ -60.586805, -34.43024 ], [ -60.586125895999942, -34.429633215999949 ], [ -60.579152, -34.423402 ], [ -60.577463641999941, -34.421987060999982 ], [ -60.576929, -34.421539 ], [ -60.575391405999937, -34.420176372999947 ], [ -60.573739, -34.418712 ], [ -60.560975292999963, -34.407433854999951 ], [ -60.559846, -34.406436 ], [ -60.55982999899998, -34.406444 ], [ -60.559829460999936, -34.406444401999977 ], [ -60.559699706999929, -34.406541363999963 ], [ -60.557361, -34.408289 ], [ -60.556383, -34.409005 ], [ -60.556124, -34.409187 ], [ -60.555841, -34.409389 ], [ -60.55236099899998, -34.411955 ], [ -60.547776, -34.415488 ], [ -60.54301, -34.41916 ], [ -60.537581, -34.423378 ], [ -60.537353375999935, -34.423558224999965 ], [ -60.536294, -34.424397 ], [ -60.534802, -34.425572 ], [ -60.533600998999987, -34.426517 ], [ -60.533209, -34.426816 ], [ -60.532161, -34.427616 ], [ -60.531, -34.428531 ], [ -60.529673, -34.429574 ], [ -60.522829, -34.434745 ] ] ] ] } },
{ "type": "Feature", "properties": { "id": null }, "geometry": { "type": "MultiPolygon", "coordinates": [ [ [ [ -61.928009, -34.567147 ], [ -61.918144, -34.575689 ], [ -61.916281, -34.577334 ], [ -61.916111, -34.57748 ], [ -61.91592, -34.577635 ], [ -61.911899, -34.581035 ], [ -61.910880050999936, -34.581900628999961 ], [ -61.896095, -34.594461 ], [ -61.892846, -34.597286 ], [ -61.89200511699994, -34.597965788999943 ], [ -61.890424, -34.599244 ], [ -61.876494, -34.611082 ], [ -61.865825, -34.620106 ], [ -61.860162, -34.624966 ], [ -61.855271, -34.629052 ], [ -61.850964, -34.632717 ], [ -61.845370045999978, -34.637413399999957 ], [ -61.834323436999973, -34.628546354999969 ], [ -61.794897, -34.596899 ], [ -61.777115427999945, -34.582500911999944 ], [ -61.769608, -34.576422 ], [ -61.769417, -34.576605 ], [ -61.768976669999972, -34.57698080199998 ], [ -61.755005, -34.588905 ], [ -61.745499, -34.597087 ], [ -61.735489, -34.605691 ], [ -61.733461, -34.607446 ], [ -61.727115, -34.612874 ], [ -61.726287471999967, -34.613584104999966 ], [ -61.71092, -34.626771 ], [ -61.710787, -34.626909 ], [ -61.710685403999946, -34.627004592999974 ], [ -61.710567, -34.627116 ], [ -61.711613, -34.628025 ], [ -61.712429, -34.628596 ], [ -61.713077, -34.629088 ], [ -61.720116206999933, -34.63460948799996 ], [ -61.720469998999988, -34.634887 ], [ -61.725335, -34.638693 ], [ -61.726688, -34.639741 ], [ -61.726959, -34.639965 ], [ -61.727663100999962, -34.640514019999955 ], [ -61.732489, -34.644277 ], [ -61.733199, -34.644839 ], [ -61.742458, -34.652091 ], [ -61.743545, -34.652943 ], [ -61.755845, -34.662858 ], [ -61.772631, -34.676189 ], [ -61.772899, -34.676405 ], [ -61.765436, -34.682788 ], [ -61.765058, -34.683124 ], [ -61.756237, -34.690568 ], [ -61.743509819999979, -34.701249638999954 ], [ -61.742778998999945, -34.701863 ], [ -61.72741, -34.715054 ], [ -61.720291, -34.72113 ], [ -61.716837138999949, -34.724077221999949 ], [ -61.714585, -34.725999 ], [ -61.712723, -34.727596 ], [ -61.71150741799994, -34.728646150999964 ], [ -61.709357161999939, -34.730503775999971 ], [ -61.705037, -34.734236 ], [ -61.702581, -34.736312 ], [ -61.693175, -34.744289 ], [ -61.685516, -34.750796 ], [ -61.674032482999955, -34.76047937699996 ], [ -61.673472, -34.760952 ], [ -61.683869, -34.769197 ], [ -61.703481, -34.785023 ], [ -61.704963, -34.786236 ], [ -61.713273998999966, -34.792976 ], [ -61.722877381999979, -34.800609524999963 ], [ -61.724209, -34.801668 ], [ -61.72538, -34.802612 ], [ -61.730422, -34.806588 ], [ -61.732440880999953, -34.808191168999933 ], [ -61.73438, -34.809731 ], [ -61.739775, -34.81395 ], [ -61.740137356999981, -34.813994385999926 ], [ -61.742616, -34.814298 ], [ -61.745337, -34.816515 ], [ -61.744308400999955, -34.817338477999954 ], [ -61.741215, -34.819815 ], [ -61.740665, -34.820289 ], [ -61.741788031999924, -34.821195439999933 ], [ -61.754089, -34.831124 ], [ -61.765361, -34.840553 ], [ -61.765726, -34.840831 ], [ -61.771475, -34.845391 ], [ -61.771986, -34.845761 ], [ -61.785283, -34.856071 ], [ -61.791095, -34.86117 ], [ -61.79295355499994, -34.862882049999932 ], [ -61.795869580999977, -34.86556821299996 ], [ -61.800749, -34.870063 ], [ -61.8011, -34.87037 ], [ -61.803842, -34.872558 ], [ -61.815889, -34.882167 ], [ -61.817241, -34.883244 ], [ -61.819210293999959, -34.884886870999942 ], [ -61.829138, -34.893169 ], [ -61.836197, -34.898969 ], [ -61.837472, -34.89998 ], [ -61.837837453999953, -34.900276309999981 ], [ -61.842176, -34.903794 ], [ -61.84965, -34.909826 ], [ -61.856172, -34.915071 ], [ -61.862219, -34.920016 ], [ -61.862809, -34.920557 ], [ -61.872181, -34.928152 ], [ -61.877691998999985, -34.93269 ], [ -61.878469, -34.933307 ], [ -61.879292, -34.933985 ], [ -61.884107998999987, -34.937806 ], [ -61.893431, -34.945357 ], [ -61.898057, -34.949104 ], [ -61.902123, -34.952314 ], [ -61.902716, -34.952754 ], [ -61.903374535999951, -34.952226341999953 ], [ -61.91685, -34.941429 ], [ -61.920866, -34.938147 ], [ -61.921241, -34.937825 ], [ -61.927278, -34.932996 ], [ -61.937491099999924, -34.924749725999966 ], [ -61.939055, -34.923487 ], [ -61.942889, -34.920412 ], [ -61.942376, -34.919985 ], [ -61.942861, -34.919565 ], [ -61.969892, -34.897136 ], [ -61.977399961999943, -34.89087241199995 ], [ -61.97739999199996, -34.890872386999945 ], [ -61.977400022999973, -34.890872361999982 ], [ -61.978351, -34.890079 ], [ -61.982692, -34.886425 ], [ -61.9832, -34.886031 ], [ -61.983231958999973, -34.886057217999955 ], [ -61.98326048399997, -34.886080618999976 ], [ -61.993994, -34.894886 ], [ -62.003893, -34.902441 ], [ -62.011994, -34.909043 ], [ -62.024268, -34.918995 ], [ -62.028255037999934, -34.922246883999954 ], [ -62.032517, -34.925723 ], [ -62.034356, -34.927224 ], [ -62.03745, -34.929748 ], [ -62.043365, -34.934623 ], [ -62.0529, -34.942454 ], [ -62.062561, -34.950364 ], [ -62.063015, -34.95073 ], [ -62.068604652999973, -34.955319957999954 ], [ -62.073870305999947, -34.959643861999957 ], [ -62.0841, -34.968044 ], [ -62.089611499999933, -34.97254449999997 ], [ -62.095123, -34.977045 ], [ -62.104229, -34.984403 ], [ -62.104559, -34.984689 ], [ -62.105302819999963, -34.984083078999952 ], [ -62.111679, -34.978889 ], [ -62.119256, -34.972566 ], [ -62.120883, -34.971219 ], [ -62.132114, -34.961804 ], [ -62.137195565999953, -34.957549610999919 ], [ -62.144553686999977, -34.951389244999973 ], [ -62.145107, -34.950926 ], [ -62.145457, -34.950635 ], [ -62.150066759999959, -34.946743475999931 ], [ -62.155418, -34.942226 ], [ -62.165218, -34.93402 ], [ -62.166908035999938, -34.93264660199997 ], [ -62.17822, -34.923454 ], [ -62.183241648999974, -34.91938941799998 ], [ -62.18502, -34.91795 ], [ -62.185201, -34.917797 ], [ -62.184855188999954, -34.917517686999929 ], [ -62.183353013999977, -34.916304371999956 ], [ -62.182301465999963, -34.915455029999976 ], [ -62.182267998999983, -34.915428 ], [ -62.182469, -34.915252 ], [ -62.183371466999972, -34.914271606999925 ], [ -62.195845, -34.900721 ], [ -62.205554, -34.890125 ], [ -62.211099, -34.890503 ], [ -62.21191, -34.890574 ], [ -62.220666, -34.891339 ], [ -62.221189, -34.880718 ], [ -62.22259, -34.854785 ], [ -62.282853, -34.856768 ], [ -62.28306, -34.856773 ], [ -62.283104003999945, -34.855855533999943 ], [ -62.284233871999959, -34.832298181999924 ], [ -62.284337, -34.830148 ], [ -62.28468593599996, -34.823549933999971 ], [ -62.284755, -34.822244 ], [ -62.285147656999982, -34.819062750999926 ], [ -62.285187, -34.818744 ], [ -62.285605415999953, -34.813589469999954 ], [ -62.28561, -34.813533 ], [ -62.285843, -34.813523 ], [ -62.288957922999934, -34.813409499999977 ], [ -62.305054, -34.812823 ], [ -62.304742019999942, -34.812562175999965 ], [ -62.304127, -34.812048 ], [ -62.302453, -34.810719 ], [ -62.294751, -34.804567 ], [ -62.291737567999974, -34.802144207999959 ], [ -62.289931926999941, -34.800692476999977 ], [ -62.278241, -34.791293 ], [ -62.253702, -34.772141 ], [ -62.253039074999947, -34.771643732999962 ], [ -62.240236, -34.76204 ], [ -62.243403522999984, -34.75948963899998 ], [ -62.26380399899994, -34.743064 ], [ -62.259512, -34.739722 ], [ -62.248213706999934, -34.730702658999974 ], [ -62.21154456499994, -34.701429961999963 ], [ -62.197437, -34.690168 ], [ -62.188183, -34.682722 ], [ -62.219765, -34.676876 ], [ -62.251684, -34.671154 ], [ -62.263362155999964, -34.668941919999952 ], [ -62.263362188999963, -34.668941912999962 ], [ -62.268640998999956, -34.667942 ], [ -62.284517, -34.665076 ], [ -62.289875616999943, -34.664167028999934 ], [ -62.297068, -34.662947 ], [ -62.304646452999968, -34.661604935999939 ], [ -62.315889, -34.659614 ], [ -62.334942, -34.65614 ], [ -62.343119910999974, -34.654678862999951 ], [ -62.343209872999978, -34.654662862999935 ], [ -62.34564222399996, -34.654230245999926 ], [ -62.348164536999946, -34.653781627999926 ], [ -62.348151780999956, -34.653744788999973 ], [ -62.348130217999937, -34.653674709999969 ], [ -62.348109998999981, -34.653609 ], [ -62.348080653999943, -34.653501019999958 ], [ -62.348037242999965, -34.653341287999972 ], [ -62.347672712999952, -34.651999985999971 ], [ -62.347489584999956, -34.651326157999954 ], [ -62.345754, -34.64494 ], [ -62.344984374999967, -34.642099444999914 ], [ -62.344195, -34.639186 ], [ -62.343418, -34.636284 ], [ -62.341077, -34.627552 ], [ -62.340215, -34.624359 ], [ -62.33876, -34.618973 ], [ -62.336818182999934, -34.611786063999951 ], [ -62.336478, -34.610527 ], [ -62.333869, -34.601248 ], [ -62.33378, -34.600845 ], [ -62.32802, -34.578379 ], [ -62.32557562399996, -34.569270326999963 ], [ -62.325575, -34.569268 ], [ -62.325350660999959, -34.569279280999979 ], [ -62.316394663999965, -34.569729652999968 ], [ -62.316120484999942, -34.568629258999977 ], [ -62.315128, -34.564646 ], [ -62.314218, -34.561234 ], [ -62.313067, -34.5567 ], [ -62.309714, -34.544275 ], [ -62.306802, -34.533392 ], [ -62.305396647999942, -34.527757821999963 ], [ -62.304161, -34.522804 ], [ -62.302219, -34.515268 ], [ -62.300095, -34.507064 ], [ -62.297789, -34.49776 ], [ -62.296841, -34.493788 ], [ -62.292837118999962, -34.478042509999973 ], [ -62.291088, -34.471164 ], [ -62.285561, -34.44988 ], [ -62.277494, -34.418411 ], [ -62.275281, -34.409861 ], [ -62.271465, -34.395042 ], [ -62.269896232999947, -34.388969163999938 ], [ -62.26923967099998, -34.386427553999951 ], [ -62.269095239999956, -34.385868452999951 ], [ -62.269089950999948, -34.38583891299993 ], [ -62.269086809, -34.385821365999959 ], [ -62.269083076999948, -34.385821363999973 ], [ -62.067359543999942, -34.385723434999939 ], [ -61.816149729999957, -34.385601482999959 ], [ -61.816383344999963, -34.38579735199994 ], [ -61.817745, -34.386939 ], [ -61.819939, -34.388675 ], [ -61.823671, -34.39165 ], [ -61.82448, -34.392295 ], [ -61.828472, -34.395432 ], [ -61.833383998999977, -34.399272 ], [ -61.833939890999936, -34.399711153999924 ], [ -61.836484, -34.401721 ], [ -61.840682, -34.405034 ], [ -61.842372, -34.406367 ], [ -61.854226, -34.41567 ], [ -61.86135, -34.421274 ], [ -61.861551, -34.421432 ], [ -61.862307, -34.422002 ], [ -61.868287, -34.426573 ], [ -61.869199, -34.427192 ], [ -61.869511, -34.427463 ], [ -61.874907, -34.431801 ], [ -61.880777331999987, -34.436427194999972 ], [ -61.883268, -34.43839 ], [ -61.886441, -34.440896 ], [ -61.889489, -34.443304 ], [ -61.890053, -34.443778 ], [ -61.894381, -34.447159 ], [ -61.894616735999932, -34.447345906999928 ], [ -61.899455, -34.451182 ], [ -61.899786, -34.451442 ], [ -61.900689, -34.452152 ], [ -61.904776, -34.455367 ], [ -61.905508, -34.455944 ], [ -61.911136, -34.460384 ], [ -61.915251998999963, -34.463621 ], [ -61.91671, -34.464757 ], [ -61.922051, -34.468942 ], [ -61.92853, -34.474065 ], [ -61.928753, -34.474228 ], [ -61.929009, -34.474401 ], [ -61.950470700999979, -34.491171390999966 ], [ -61.954765, -34.494527 ], [ -61.96015, -34.498786 ], [ -61.963917, -34.502112 ], [ -61.974941539999975, -34.510996488999979 ], [ -61.983825686999971, -34.518156070999972 ], [ -61.983941, -34.518249 ], [ -61.982321, -34.519707 ], [ -61.971703, -34.528948 ], [ -61.959445, -34.539679 ], [ -61.959044, -34.539988 ], [ -61.95826, -34.540628 ], [ -61.948064, -34.549481 ], [ -61.947655, -34.549892 ], [ -61.944887, -34.552327 ], [ -61.944753, -34.552438 ], [ -61.937649, -34.558669 ], [ -61.934525, -34.561443 ], [ -61.934309, -34.561641 ], [ -61.934021, -34.561892 ], [ -61.928009, -34.567147 ] ] ] ] } },
{ "type": "Feature", "properties": { "id": null }, "geometry": { "type": "MultiPolygon", "coordinates": [ [ [ [ -62.889897656999949, -34.386539217999939 ], [ -62.883908710999947, -34.386549767999938 ], [ -62.864953024999977, -34.386489156999964 ], [ -62.757581938999969, -34.386145828999922 ], [ -62.53639438799997, -34.38595300399993 ], [ -62.531548518999955, -34.385948779999971 ], [ -62.269086809, -34.385821365999959 ], [ -62.269089950999948, -34.38583891299993 ], [ -62.269095239999956, -34.385868452999951 ], [ -62.26923967099998, -34.386427553999951 ], [ -62.269896232999947, -34.388969163999938 ], [ -62.271465, -34.395042 ], [ -62.275281, -34.409861 ], [ -62.277494, -34.418411 ], [ -62.285561, -34.44988 ], [ -62.291088, -34.471164 ], [ -62.292837118999962, -34.478042509999973 ], [ -62.296841, -34.493788 ], [ -62.297789, -34.49776 ], [ -62.300095, -34.507064 ], [ -62.302219, -34.515268 ], [ -62.304161, -34.522804 ], [ -62.305396647999942, -34.527757821999963 ], [ -62.306802, -34.533392 ], [ -62.309714, -34.544275 ], [ -62.313067, -34.5567 ], [ -62.314218, -34.561234 ], [ -62.315128, -34.564646 ], [ -62.316120484999942, -34.568629258999977 ], [ -62.316394663999965, -34.569729652999968 ], [ -62.325350660999959, -34.569279280999979 ], [ -62.325575, -34.569268 ], [ -62.32557562399996, -34.569270326999963 ], [ -62.32802, -34.578379 ], [ -62.33378, -34.600845 ], [ -62.333869, -34.601248 ], [ -62.336478, -34.610527 ], [ -62.336818182999934, -34.611786063999951 ], [ -62.33876, -34.618973 ], [ -62.340215, -34.624359 ], [ -62.341077, -34.627552 ], [ -62.343418, -34.636284 ], [ -62.344195, -34.639186 ], [ -62.344984374999967, -34.642099444999914 ], [ -62.345754, -34.64494 ], [ -62.347489584999956, -34.651326157999954 ], [ -62.347672712999952, -34.651999985999971 ], [ -62.348037242999965, -34.653341287999972 ], [ -62.348080653999943, -34.653501019999958 ], [ -62.348109998999981, -34.653609 ], [ -62.348130217999937, -34.653674709999969 ], [ -62.348151780999956, -34.653744788999973 ], [ -62.348164536999946, -34.653781627999926 ], [ -62.348165651999977, -34.653784848999976 ], [ -62.348176, -34.653783 ], [ -62.348208707999959, -34.653777051999953 ], [ -62.348528029999954, -34.653718980999948 ], [ -62.348747275999983, -34.653679108999938 ], [ -62.34902901199996, -34.653627872999948 ], [ -62.351102535999985, -34.653250785999937 ], [ -62.352176676999939, -34.653055443999961 ], [ -62.352359067999949, -34.653022274999962 ], [ -62.353076182999985, -34.652891861999933 ], [ -62.357465213999951, -34.652093680999947 ], [ -62.358170282999936, -34.651965458999932 ], [ -62.362558684999954, -34.651167391999941 ], [ -62.36867, -34.650056 ], [ -62.372628608999946, -34.649347812999963 ], [ -62.372638742999975, -34.649346 ], [ -62.3772, -34.64853 ], [ -62.377638, -34.648451607999952 ], [ -62.381552, -34.647752 ], [ -62.383930275999944, -34.647316443999948 ], [ -62.393058103, -34.645644778999959 ], [ -62.399789162999987, -34.644412056999954 ], [ -62.403639, -34.643707 ], [ -62.421847, -34.640407 ], [ -62.426767, -34.639501 ], [ -62.438501, -34.637352 ], [ -62.446202, -34.635947 ], [ -62.449424, -34.635363 ], [ -62.454524, -34.634438 ], [ -62.459123402999978, -34.633603703999938 ], [ -62.464583208999962, -34.63261333699996 ], [ -62.465197, -34.632502 ], [ -62.468412, -34.631919 ], [ -62.46892556499995, -34.631816581999935 ], [ -62.474072910999958, -34.630806806999942 ], [ -62.479218998999954, -34.62989 ], [ -62.488124, -34.628274 ], [ -62.498382, -34.626474 ], [ -62.49848857999995, -34.626454082999935 ], [ -62.503285525999956, -34.625557655999948 ], [ -62.503577998999965, -34.625502996999963 ], [ -62.510664, -34.624252 ], [ -62.518526, -34.622803 ], [ -62.531658998999944, -34.62041 ], [ -62.537227, -34.61941 ], [ -62.542104, -34.618495 ], [ -62.544155820999947, -34.618145457999958 ], [ -62.546948130999972, -34.617669769999956 ], [ -62.546982, -34.617664 ], [ -62.547694, -34.617532 ], [ -62.552828587999961, -34.616602587999971 ], [ -62.552954170999953, -34.616579855999923 ], [ -62.558252, -34.615598 ], [ -62.567873, -34.613837 ], [ -62.568886, -34.613679 ], [ -62.583880109999939, -34.61087141999996 ], [ -62.584849, -34.61069 ], [ -62.584849367999936, -34.61069129699996 ], [ -62.584917998999977, -34.610933 ], [ -62.586872063, -34.61886020999998 ], [ -62.586908, -34.619006 ], [ -62.58703, -34.619508 ], [ -62.588675370999965, -34.626019688999975 ], [ -62.589293, -34.628464 ], [ -62.591472, -34.637176 ], [ -62.592949, -34.64308 ], [ -62.594528809999979, -34.649392685999942 ], [ -62.594635, -34.649817 ], [ -62.59472, -34.650188 ], [ -62.594748861999953, -34.65016057499998 ], [ -62.599839, -34.645324 ], [ -62.609605, -34.636037 ], [ -62.610211, -34.635887 ], [ -62.62122092299996, -34.632766815999943 ], [ -62.622173, -34.632497 ], [ -62.622172848999973, -34.632501678 ], [ -62.62189, -34.641244 ], [ -62.621723, -34.645952 ], [ -62.621444998999941, -34.654253 ], [ -62.621012479999941, -34.659748866999962 ], [ -62.62045952699998, -34.666775036999972 ], [ -62.620252, -34.669412 ], [ -62.620189, -34.670831 ], [ -62.620173, -34.671115 ], [ -62.620162, -34.671921 ], [ -62.619442, -34.694909 ], [ -62.619407, -34.695365 ], [ -62.619120332999955, -34.702807593999978 ], [ -62.61906, -34.704374 ], [ -62.618847485999929, -34.709934897999972 ], [ -62.618767, -34.712041 ], [ -62.618628, -34.715947 ], [ -62.618369, -34.722809 ], [ -62.617987, -34.732785 ], [ -62.61776, -34.738746 ], [ -62.61774693499995, -34.739105169999966 ], [ -62.617519688999941, -34.745352356999952 ], [ -62.616941, -34.761261 ], [ -62.616613, -34.766188 ], [ -62.615718, -34.78174 ], [ -62.615529513999945, -34.785334055999954 ], [ -62.615292, -34.789863 ], [ -62.614439, -34.806596 ], [ -62.614259952999987, -34.813111720999984 ], [ -62.614191, -34.815621 ], [ -62.613903, -34.824338 ], [ -62.612965, -34.846712 ], [ -62.612709, -34.85193 ], [ -62.612296, -34.861467 ], [ -62.612256779999946, -34.862503538999931 ], [ -62.612086, -34.867017 ], [ -62.611597, -34.878211 ], [ -62.611399, -34.883407 ], [ -62.611468, -34.884885 ], [ -62.611166998999977, -34.892369 ], [ -62.610979, -34.897179 ], [ -62.610863, -34.899233 ], [ -62.61083, -34.90006 ], [ -62.610646, -34.904654 ], [ -62.610025, -34.917426 ], [ -62.609898, -34.923064 ], [ -62.609547, -34.930222 ], [ -62.609011, -34.943208 ], [ -62.608839006999972, -34.946886621999958 ], [ -62.608707, -34.94971 ], [ -62.608225, -34.961626 ], [ -62.608158, -34.963083 ], [ -62.60755, -34.976862 ], [ -62.6072, -34.984828 ], [ -62.606729564999974, -34.996521960999921 ], [ -62.606722, -34.99671 ], [ -62.607069, -34.996705 ], [ -62.622187, -34.996808 ], [ -62.638877, -34.996959 ], [ -62.641482158999963, -34.996982790999944 ], [ -62.642162, -34.996989 ], [ -62.631475, -35.005606 ], [ -62.625122715999964, -35.010805025999957 ], [ -62.621643, -35.013653 ], [ -62.62135, -35.013897 ], [ -62.61215520899998, -35.021461077999945 ], [ -62.610626526999965, -35.022718644999934 ], [ -62.610637, -35.022733 ], [ -62.610680855999988, -35.022768625999959 ], [ -62.611004761999936, -35.023031753999923 ], [ -62.611765809999959, -35.023649995999953 ], [ -62.619076783999958, -35.029589112999929 ], [ -62.619782, -35.030162 ], [ -62.620804, -35.030934 ], [ -62.623857314999952, -35.033371987999942 ], [ -62.628922, -35.037416 ], [ -62.629394, -35.037801 ], [ -62.639026, -35.045516 ], [ -62.639959, -35.046226 ], [ -62.645037, -35.0503 ], [ -62.649523924999983, -35.053916211999926 ], [ -62.64968, -35.054042 ], [ -62.655803763999984, -35.058900753999978 ], [ -62.65759, -35.060318 ], [ -62.657871363999952, -35.060543010999922 ], [ -62.658978, -35.061428 ], [ -62.66946, -35.069719 ], [ -62.671599, -35.071511 ], [ -62.677986, -35.076655 ], [ -62.678876, -35.077354 ], [ -62.68208, -35.079947 ], [ -62.68835, -35.085097 ], [ -62.688201903999975, -35.085219343999938 ], [ -62.684891141999969, -35.087954401999973 ], [ -62.684754632999962, -35.088067172999949 ], [ -62.671497673999966, -35.099018894999979 ], [ -62.666888, -35.102827 ], [ -62.663883502999973, -35.105300868999961 ], [ -62.657687, -35.110403 ], [ -62.657181, -35.110819 ], [ -62.657200045999957, -35.11083430799993 ], [ -62.660722, -35.113665 ], [ -62.665327025999943, -35.117371108999983 ], [ -62.669103, -35.12041 ], [ -62.676892600999963, -35.12660749999997 ], [ -62.67690087699998, -35.12660066199993 ], [ -62.692586998999964, -35.11364 ], [ -62.699629, -35.107783 ], [ -62.707333, -35.1013 ], [ -62.707517, -35.101156 ], [ -62.707520664999947, -35.101159044999974 ], [ -62.713124979999982, -35.105815338999939 ], [ -62.715260800999935, -35.107589865999955 ], [ -62.723180050999986, -35.114169502999971 ], [ -62.729851, -35.119712 ], [ -62.736893, -35.125516 ], [ -62.740258764999972, -35.128286265999982 ], [ -62.742467706999953, -35.130104382999946 ], [ -62.745838922999951, -35.132879134999939 ], [ -62.747044, -35.133871 ], [ -62.747045558999964, -35.133872301999929 ], [ -62.755201496999973, -35.140687222999929 ], [ -62.75657729499995, -35.141836809999965 ], [ -62.764693774999955, -35.148618759999977 ], [ -62.765929207999932, -35.149651060999929 ], [ -62.770435, -35.153416 ], [ -62.785927, -35.166483 ], [ -62.793793, -35.173076 ], [ -62.801584145999982, -35.179592683999942 ], [ -62.809743199999957, -35.186417094999975 ], [ -62.811036, -35.187458 ], [ -62.81601013399996, -35.191569975999975 ], [ -62.824121, -35.198275 ], [ -62.840823712999963, -35.211710929999981 ], [ -62.849936, -35.219041 ], [ -62.869487883999959, -35.234913878999976 ], [ -62.874138, -35.238689 ], [ -62.878224320999941, -35.241998887999948 ], [ -62.892958610999983, -35.253933546999974 ], [ -62.893467218999945, -35.254345514999962 ], [ -62.899558, -35.259279 ], [ -62.89998787899998, -35.259623513999941 ], [ -62.900465990999976, -35.260006682999972 ], [ -62.902861967999968, -35.261926867999932 ], [ -62.903328951999988, -35.262301118999986 ], [ -62.906093897999938, -35.264517002999973 ], [ -62.906773101999939, -35.265061331999959 ], [ -62.906857144999947, -35.265128684999972 ], [ -62.907307879999962, -35.265489912999961 ], [ -62.909413, -35.267177 ], [ -62.915114, -35.271841 ], [ -62.916571, -35.27303 ], [ -62.918677, -35.274712 ], [ -62.920383676999961, -35.276088951999945 ], [ -62.922406144999961, -35.277720683 ], [ -62.924381, -35.279314 ], [ -62.925057, -35.279861 ], [ -62.928383248999971, -35.282553423999957 ], [ -62.9338, -35.286938 ], [ -62.938427235999939, -35.290682403999931 ], [ -62.938427314999956, -35.29068246799995 ], [ -62.938427393999966, -35.290682531999956 ], [ -62.940771, -35.292579 ], [ -62.942814, -35.294227 ], [ -62.948277000999951, -35.298634998999944 ], [ -62.951438, -35.301211 ], [ -62.951862, -35.301556 ], [ -62.957894, -35.30644 ], [ -62.964607, -35.311894 ], [ -62.964652816999944, -35.311856655999961 ], [ -62.977628, -35.301281 ], [ -62.986767, -35.293827 ], [ -62.991199, -35.290267 ], [ -62.992534, -35.289114 ], [ -62.997176, -35.285326 ], [ -62.999527, -35.283389 ], [ -63.003423762999937, -35.28013284299994 ], [ -63.004661, -35.279099 ], [ -63.011557, -35.273534 ], [ -63.013103, -35.272274 ], [ -63.013208492999979, -35.272188172999961 ], [ -63.019497, -35.267072 ], [ -63.026609998999959, -35.261288 ], [ -63.030635, -35.257966 ], [ -63.034457, -35.254871 ], [ -63.039227, -35.250971 ], [ -63.03961, -35.250681 ], [ -63.040761857999946, -35.249752915999977 ], [ -63.044114, -35.247052 ], [ -63.057214, -35.236319 ], [ -63.061003, -35.233216 ], [ -63.062750017999974, -35.231796466999981 ], [ -63.066423, -35.228812 ], [ -63.070029, -35.225897 ], [ -63.070606062999957, -35.225418794999932 ], [ -63.072002, -35.224262 ], [ -63.078632, -35.218792 ], [ -63.078946, -35.218514 ], [ -63.08233, -35.215771 ], [ -63.087691, -35.211401 ], [ -63.089926, -35.209578 ], [ -63.097087, -35.203781 ], [ -63.102824, -35.199103 ], [ -63.11075, -35.192667 ], [ -63.11541263099997, -35.188867523999924 ], [ -63.112134, -35.186134 ], [ -63.100923, -35.176894 ], [ -63.094339, -35.171482 ], [ -63.091709877999968, -35.169335614999966 ], [ -63.090385, -35.168254 ], [ -63.090400587999966, -35.168241561999935 ], [ -63.105789, -35.155962 ], [ -63.118126, -35.14574 ], [ -63.134542, -35.132158 ], [ -63.138820510999942, -35.128594945999957 ], [ -63.139051, -35.128403 ], [ -63.139292, -35.128604 ], [ -63.157470067999952, -35.143580839999963 ], [ -63.160785, -35.146312 ], [ -63.168089, -35.152308 ], [ -63.172571970999961, -35.156033050999952 ], [ -63.178298, -35.160791 ], [ -63.187463, -35.168395 ], [ -63.198001, -35.17722 ], [ -63.198533741999938, -35.177664406999952 ], [ -63.203266, -35.181612 ], [ -63.206621, -35.184406 ], [ -63.211894, -35.188832 ], [ -63.214535, -35.191066 ], [ -63.214585414999981, -35.191107683999959 ], [ -63.220136, -35.195697 ], [ -63.222820975999973, -35.197971141999972 ], [ -63.224102998999975, -35.199057 ], [ -63.22703, -35.201483 ], [ -63.232453, -35.206006 ], [ -63.235484673999956, -35.208547226999933 ], [ -63.235513905999937, -35.20857172999996 ], [ -63.225763, -35.216795 ], [ -63.215596, -35.225316 ], [ -63.211234968999968, -35.228918804999971 ], [ -63.211173, -35.22897 ], [ -63.211178597999954, -35.228974113999982 ], [ -63.211354, -35.229103 ], [ -63.21641966499994, -35.233087222999977 ], [ -63.216419689999952, -35.233087242999943 ], [ -63.216419715999969, -35.233087263999955 ], [ -63.219467, -35.235484 ], [ -63.222720798999944, -35.238153241999953 ], [ -63.223163, -35.238516 ], [ -63.227036, -35.241684 ], [ -63.230677, -35.244669 ], [ -63.232448, -35.24606 ], [ -63.232895, -35.246403 ], [ -63.234288956999933, -35.247572292999962 ], [ -63.234775, -35.24798 ], [ -63.242646, -35.254388 ], [ -63.243083, -35.25476 ], [ -63.246644852999964, -35.257706978999977 ], [ -63.247277, -35.25823 ], [ -63.259117, -35.267693 ], [ -63.266327, -35.273453 ], [ -63.267542, -35.274358 ], [ -63.274635, -35.280082 ], [ -63.280646, -35.284892 ], [ -63.285143998999963, -35.288491 ], [ -63.288172, -35.28602 ], [ -63.294126, -35.281009 ], [ -63.298525, -35.277384 ], [ -63.301911, -35.274597 ], [ -63.303076, -35.273613 ], [ -63.309826, -35.267969 ], [ -63.309868990999966, -35.267932949999931 ], [ -63.310018, -35.267808 ], [ -63.311187039999936, -35.268743632999929 ], [ -63.311531253999988, -35.269019121999968 ], [ -63.311766, -35.269207 ], [ -63.311718, -35.271563 ], [ -63.315247, -35.274398 ], [ -63.318884, -35.277292 ], [ -63.321623, -35.279532 ], [ -63.32298881699996, -35.280623006999974 ], [ -63.334386, -35.289727 ], [ -63.337640138999973, -35.292352610999963 ], [ -63.347169, -35.300041 ], [ -63.347157084999935, -35.30005645499994 ], [ -63.34198, -35.306772 ], [ -63.336064, -35.31463 ], [ -63.329475, -35.323156 ], [ -63.329476926, -35.323157567999949 ], [ -63.335152, -35.327776 ], [ -63.339681, -35.33153 ], [ -63.342263835999979, -35.333589808999932 ], [ -63.344239, -35.335165 ], [ -63.349306, -35.339382 ], [ -63.350470806999965, -35.340344012999935 ], [ -63.352781, -35.342252 ], [ -63.355243, -35.344271 ], [ -63.360121, -35.348419 ], [ -63.363865, -35.351484 ], [ -63.368516, -35.355317 ], [ -63.372568408999932, -35.35871231699997 ], [ -63.372973596999934, -35.359051804999986 ], [ -63.374192673999971, -35.360073209999939 ], [ -63.385668043999942, -35.36968894499995 ], [ -63.385671178999985, -35.369691571999965 ], [ -63.385671183999932, -35.369690496999958 ], [ -63.385707082999943, -35.369715463999952 ], [ -63.385719120999958, -35.364023610999936 ], [ -63.385837960999929, -35.363789979999979 ], [ -63.385837960999929, -35.363541893999979 ], [ -63.385837959999954, -35.343216030999933 ], [ -63.385837959999954, -35.339691012999936 ], [ -63.385837960999929, -35.332566414 ], [ -63.385837960999929, -35.332291859999948 ], [ -63.385775059999958, -35.332085679999977 ], [ -63.385659700999952, -35.331707539999975 ], [ -63.385655747999984, -35.326232376999933 ], [ -63.385655747999984, -35.326232332999943 ], [ -63.385655544999963, -35.325951506999957 ], [ -63.385655544999963, -35.325951409999959 ], [ -63.385655544999963, -35.325951278999973 ], [ -63.385635938999933, -35.29879386999994 ], [ -63.385671245999959, -35.292024667999954 ], [ -63.385671245999959, -35.292024195999943 ], [ -63.385719209999934, -35.282828940999934 ], [ -63.38571921099998, -35.282828869999946 ], [ -63.385766659999945, -35.27373184999994 ], [ -63.385731089999979, -35.250633470999951 ], [ -63.385742906999958, -35.138113705999956 ], [ -63.385742928999946, -35.137903866999977 ], [ -63.385754778999967, -35.025076719999966 ], [ -63.385772497999945, -35.025026425999954 ], [ -63.385875340999981, -35.024734550999931 ], [ -63.385878984999977, -35.019020355999942 ], [ -63.385884147999946, -35.010927905999935 ], [ -63.385885499999979, -35.008808169999952 ], [ -63.385757865999942, -35.00849882399995 ], [ -63.385722059999978, -35.008412039999925 ], [ -63.385733696999985, -35.002270725999963 ], [ -63.385733797999933, -35.002217649999963 ], [ -63.385621679999986, -34.908774238999975 ], [ -63.385410219999976, -34.822045229999944 ], [ -63.38547669899998, -34.777162588999936 ], [ -63.385468229999958, -34.686812949999926 ], [ -63.385339718999951, -34.568078684999925 ], [ -63.38529811099994, -34.529636670999935 ], [ -63.38529805099995, -34.529581539999981 ], [ -63.38528251799994, -34.519151640999951 ], [ -63.385236820999985, -34.48846832199996 ], [ -63.385213937999943, -34.473103205999955 ], [ -63.385213895999982, -34.473075198999943 ], [ -63.385194443999978, -34.461083331999923 ], [ -63.385131246999954, -34.418314660999954 ], [ -63.38508373399997, -34.38616001599997 ], [ -63.385083332999955, -34.385888887999961 ], [ -63.385083178999935, -34.385761311999943 ], [ -63.355508583999956, -34.385787943999944 ], [ -63.338196639999971, -34.385803532999951 ], [ -63.280790620999944, -34.385855225999933 ], [ -63.275367220999961, -34.38586010999996 ], [ -63.26357163899997, -34.385880890999935 ], [ -62.889897656999949, -34.386539217999939 ] ] ] ] } },
{ "type": "Feature", "properties": { "id": null }, "geometry": { "type": "MultiPolygon", "coordinates": [ [ [ [ -60.712401, -34.647141 ], [ -60.71223099499997, -34.647398167999931 ], [ -60.712165, -34.647498 ], [ -60.711773131999969, -34.647641963999945 ], [ -60.710853, -34.64798 ], [ -60.710039644999945, -34.64831644099997 ], [ -60.709446, -34.648562 ], [ -60.709048125999971, -34.648881224999968 ], [ -60.708844, -34.649045 ], [ -60.70864, -34.649496 ], [ -60.708237, -34.649993 ], [ -60.707597, -34.650028 ], [ -60.707460175999984, -34.649982838999954 ], [ -60.706878729999964, -34.649790923999952 ], [ -60.706679, -34.649725 ], [ -60.704961998999977, -34.649861 ], [ -60.704307389999947, -34.650466124999987 ], [ -60.704036, -34.650717 ], [ -60.703492937999954, -34.651172187999975 ], [ -60.703418, -34.651235 ], [ -60.702168807999954, -34.651817222999973 ], [ -60.701487, -34.652135 ], [ -60.701369346999975, -34.652179028999974 ], [ -60.701261679999959, -34.652219319999972 ], [ -60.700843, -34.652376 ], [ -60.700726, -34.652674 ], [ -60.701113, -34.653106 ], [ -60.701138998999973, -34.653423 ], [ -60.700661, -34.653544 ], [ -60.700112, -34.6535 ], [ -60.699836869999963, -34.653494989999949 ], [ -60.698794, -34.653476 ], [ -60.69793340899998, -34.653760503999933 ], [ -60.697457, -34.653918 ], [ -60.697032031999974, -34.654147482999974 ], [ -60.69696972699996, -34.654181126999966 ], [ -60.696457, -34.654458 ], [ -60.696095612999954, -34.654786595999951 ], [ -60.695399, -34.65542 ], [ -60.694829, -34.655898 ], [ -60.694519, -34.656058 ], [ -60.693748531999972, -34.656062124999949 ], [ -60.693585, -34.656063 ], [ -60.693077407999972, -34.656158006999931 ], [ -60.692821, -34.656206 ], [ -60.692177, -34.656466 ], [ -60.691068663999935, -34.657259188999944 ], [ -60.690822998999984, -34.657435 ], [ -60.690590868999948, -34.657570595999971 ], [ -60.690407, -34.657678 ], [ -60.68903, -34.658066 ], [ -60.688455, -34.657891 ], [ -60.68776, -34.657895 ], [ -60.687000998999963, -34.657649 ], [ -60.68698885099996, -34.657636275999948 ], [ -60.686988, -34.657636 ], [ -60.686967067999952, -34.657614076999941 ], [ -60.686877749999951, -34.657520529999935 ], [ -60.68674147399998, -34.657377803999971 ], [ -60.686324390999971, -34.656940976999969 ], [ -60.686033852999977, -34.656930121999949 ], [ -60.68587, -34.656924 ], [ -60.685321, -34.657039 ], [ -60.685260995999947, -34.657200752999977 ], [ -60.685133218999965, -34.657545206999941 ], [ -60.684782, -34.658492 ], [ -60.684236, -34.659049 ], [ -60.684053815999967, -34.659303601999973 ], [ -60.683752045999938, -34.659725323999957 ], [ -60.683624460999972, -34.659903622999941 ], [ -60.683597, -34.659942 ], [ -60.683601, -34.660338 ], [ -60.683748, -34.660752 ], [ -60.683703, -34.661089 ], [ -60.683489, -34.661367 ], [ -60.683515222999972, -34.661480808999954 ], [ -60.683539, -34.661584 ], [ -60.683714404999932, -34.661961748999936 ], [ -60.683832, -34.662215 ], [ -60.683503, -34.662988 ], [ -60.683503632999987, -34.663066124999943 ], [ -60.683507, -34.663482 ], [ -60.683702, -34.663956 ], [ -60.683715048999943, -34.664234241999949 ], [ -60.68372760799997, -34.664502046999928 ], [ -60.683736, -34.664681 ], [ -60.683720020999949, -34.665707678999972 ], [ -60.68420891399996, -34.666114940999925 ], [ -60.68479, -34.666599 ], [ -60.684790241999956, -34.666600538999951 ], [ -60.684945548999963, -34.667589509999964 ], [ -60.685119, -34.668694 ], [ -60.685353315999976, -34.669176620999963 ], [ -60.685654998999958, -34.669798 ], [ -60.685703, -34.670815 ], [ -60.685302526999976, -34.671153713999956 ], [ -60.684659, -34.671698 ], [ -60.684116322999955, -34.671993221999962 ], [ -60.683840998999983, -34.672143 ], [ -60.683493, -34.672665 ], [ -60.683086, -34.673567 ], [ -60.682343, -34.674177 ], [ -60.681699, -34.675054 ], [ -60.681842, -34.675598 ], [ -60.682278, -34.676381 ], [ -60.682301616999958, -34.676872732999968 ], [ -60.682303102999988, -34.676903683999967 ], [ -60.682334, -34.677547 ], [ -60.682049, -34.678373 ], [ -60.681819031999964, -34.679262917999949 ], [ -60.681811, -34.679294 ], [ -60.681976357999986, -34.679854883999944 ], [ -60.682158, -34.680471 ], [ -60.681818, -34.682032 ], [ -60.68179620899997, -34.682183429999952 ], [ -60.681621, -34.683401 ], [ -60.681456, -34.68473 ], [ -60.681894, -34.685691 ], [ -60.681883, -34.686223 ], [ -60.68160399899994, -34.686680981999984 ], [ -60.681565, -34.686745 ], [ -60.681561139999985, -34.686839120999934 ], [ -60.681539, -34.687379 ], [ -60.681718707999948, -34.68767851399997 ], [ -60.681944, -34.688054 ], [ -60.681980369999962, -34.688190390999978 ], [ -60.682088, -34.688594 ], [ -60.681815, -34.689095 ], [ -60.682173, -34.689802 ], [ -60.682178, -34.690411 ], [ -60.681923, -34.691135 ], [ -60.681046, -34.692832 ], [ -60.681167972999958, -34.693185488999973 ], [ -60.681203, -34.693287 ], [ -60.68121466499997, -34.693293232999963 ], [ -60.682236, -34.693839 ], [ -60.682804, -34.693823 ], [ -60.683160606999934, -34.694082200999958 ], [ -60.683236, -34.694137 ], [ -60.683240186999967, -34.694142866999982 ], [ -60.683687, -34.694769 ], [ -60.683697449999954, -34.694777025999947 ], [ -60.683701, -34.694782 ], [ -60.68388716599997, -34.694925307999945 ], [ -60.684240134999982, -34.695197017999924 ], [ -60.683968823999969, -34.695293412999952 ], [ -60.683818, -34.695347 ], [ -60.685156380999956, -34.701344315999954 ], [ -60.685302033999967, -34.701996992999959 ], [ -60.686444484999988, -34.707116335999963 ], [ -60.686479, -34.707271 ], [ -60.686373, -34.707647 ], [ -60.685745, -34.708155 ], [ -60.684798, -34.708421 ], [ -60.683954, -34.708374 ], [ -60.68373, -34.708391 ], [ -60.683077, -34.708499 ], [ -60.682231, -34.708103 ], [ -60.681334010999933, -34.707906927999943 ], [ -60.681084118999934, -34.707852304999953 ], [ -60.681069, -34.707849 ], [ -60.680484010999983, -34.707708122999968 ], [ -60.680446311999958, -34.70769904399998 ], [ -60.679653, -34.707508 ], [ -60.679272, -34.707354 ], [ -60.678656, -34.70687 ], [ -60.677295116999971, -34.706222859999968 ], [ -60.677287, -34.706219 ], [ -60.676690175999973, -34.705291702999951 ], [ -60.676009, -34.705257 ], [ -60.675064, -34.705767 ], [ -60.673945, -34.705511 ], [ -60.672549, -34.705084 ], [ -60.671428, -34.705004 ], [ -60.67008, -34.704924 ], [ -60.669507998999961, -34.704544 ], [ -60.66843, -34.704271 ], [ -60.667746, -34.704381 ], [ -60.667092, -34.704825 ], [ -60.666459, -34.704898 ], [ -60.665748, -34.70565 ], [ -60.665689, -34.706086 ], [ -60.665186, -34.706489 ], [ -60.664396, -34.706978 ], [ -60.663848, -34.707942 ], [ -60.663218, -34.708311 ], [ -60.662603998999941, -34.708344 ], [ -60.66134, -34.708182 ], [ -60.660239, -34.708284 ], [ -60.659676, -34.708417 ], [ -60.658752, -34.70878 ], [ -60.657707, -34.709275 ], [ -60.657565, -34.70992 ], [ -60.65795, -34.71058 ], [ -60.657889, -34.710911 ], [ -60.657833, -34.711532 ], [ -60.657485, -34.711819 ], [ -60.65676, -34.712205 ], [ -60.656448, -34.712712 ], [ -60.655948, -34.713481 ], [ -60.655809, -34.71428 ], [ -60.655283, -34.714825 ], [ -60.654900998999956, -34.715502 ], [ -60.654661, -34.716388 ], [ -60.654541, -34.716968 ], [ -60.654142, -34.717488 ], [ -60.653710998999941, -34.719005 ], [ -60.653948, -34.719683 ], [ -60.653589, -34.72015 ], [ -60.652715, -34.7211 ], [ -60.652228998999988, -34.721866 ], [ -60.650939, -34.723176 ], [ -60.651074, -34.724324 ], [ -60.650292, -34.725741 ], [ -60.6493, -34.726736 ], [ -60.648079, -34.728389 ], [ -60.647477, -34.728883 ], [ -60.646567, -34.72925 ], [ -60.645704, -34.729446 ], [ -60.644439, -34.729574 ], [ -60.64353, -34.729353 ], [ -60.64256, -34.729375 ], [ -60.64195, -34.7299 ], [ -60.642004, -34.730136 ], [ -60.642048, -34.731311 ], [ -60.640673, -34.732632 ], [ -60.639905, -34.73367 ], [ -60.639798, -34.734099 ], [ -60.63904, -34.73419 ], [ -60.638369, -34.734716 ], [ -60.637718, -34.73519 ], [ -60.637512, -34.735748 ], [ -60.63678, -34.736588 ], [ -60.636129, -34.737061 ], [ -60.635686, -34.737081 ], [ -60.635076, -34.737241 ], [ -60.634485, -34.737261 ], [ -60.633287, -34.737772 ], [ -60.631274, -34.738461 ], [ -60.630443, -34.739288 ], [ -60.630489, -34.74039 ], [ -60.629547, -34.741422 ], [ -60.628417, -34.742647 ], [ -60.627869, -34.74265 ], [ -60.627133, -34.743019 ], [ -60.62612, -34.743007 ], [ -60.625764, -34.743357 ], [ -60.625617649999981, -34.744109512999948 ], [ -60.625616, -34.744118 ], [ -60.626012592999984, -34.744545697999961 ], [ -60.626024, -34.744558 ], [ -60.626238767999958, -34.744616188999942 ], [ -60.626632053999977, -34.744722743999944 ], [ -60.626633, -34.744723 ], [ -60.627144, -34.74526 ], [ -60.627337, -34.745676 ], [ -60.626376, -34.746918 ], [ -60.626132, -34.748138 ], [ -60.626456, -34.749233 ], [ -60.626692, -34.74965 ], [ -60.626828, -34.751007 ], [ -60.626987, -34.751751 ], [ -60.627563, -34.752601 ], [ -60.627611, -34.753384 ], [ -60.627882323999977, -34.753723889999954 ], [ -60.627888, -34.753731 ], [ -60.628206, -34.753956 ], [ -60.628553115999978, -34.754256000999931 ], [ -60.628567, -34.754268 ], [ -60.628658, -34.755051 ], [ -60.629212, -34.755796 ], [ -60.629363, -34.756196 ], [ -60.628863, -34.757139 ], [ -60.628213, -34.7577 ], [ -60.628222, -34.758284 ], [ -60.627898, -34.758984 ], [ -60.627629, -34.759647 ], [ -60.626998, -34.759935 ], [ -60.626324, -34.760124 ], [ -60.62569, -34.759971 ], [ -60.624552, -34.760272 ], [ -60.623631, -34.76127 ], [ -60.622875, -34.761691 ], [ -60.621947, -34.761801 ], [ -60.62134, -34.762535 ], [ -60.620591, -34.762777 ], [ -60.618986, -34.763801 ], [ -60.618741, -34.764829 ], [ -60.617695, -34.766053 ], [ -60.617258, -34.766319 ], [ -60.6157, -34.766754 ], [ -60.615155, -34.767227 ], [ -60.614891, -34.768674 ], [ -60.614243, -34.76953 ], [ -60.613400998999964, -34.769865 ], [ -60.613071, -34.770929 ], [ -60.612484, -34.771588 ], [ -60.611959683999942, -34.771322497999961 ], [ -60.6117, -34.771191 ], [ -60.610748998999952, -34.771039 ], [ -60.610600437999949, -34.77120887699995 ], [ -60.610519, -34.771302 ], [ -60.610335, -34.772103 ], [ -60.610379393999942, -34.772412770999942 ], [ -60.61038, -34.772417 ], [ -60.611577874999966, -34.773290883999955 ], [ -60.611589, -34.773299 ], [ -60.612018, -34.774176 ], [ -60.611916, -34.774725 ], [ -60.610635, -34.775515 ], [ -60.61007, -34.776231 ], [ -60.608644, -34.776726 ], [ -60.608103, -34.776996 ], [ -60.607769, -34.777503 ], [ -60.607713, -34.778496 ], [ -60.606731998999983, -34.780068 ], [ -60.60659, -34.780904 ], [ -60.60611, -34.781568 ], [ -60.60599, -34.782544 ], [ -60.605478, -34.783419 ], [ -60.605210145999941, -34.783754475999956 ], [ -60.605173, -34.783801 ], [ -60.605128166999975, -34.784122544999946 ], [ -60.605015998999924, -34.784927 ], [ -60.604427, -34.785226 ], [ -60.603689999, -34.785508 ], [ -60.602699, -34.785722 ], [ -60.60222, -34.786525 ], [ -60.601423, -34.787347 ], [ -60.601569, -34.787911 ], [ -60.602232, -34.788988 ], [ -60.602129998999942, -34.789528 ], [ -60.601731, -34.789808 ], [ -60.601410698999977, -34.789798312999949 ], [ -60.600739, -34.789778 ], [ -60.600107, -34.790008 ], [ -60.600075879999963, -34.790045068 ], [ -60.599814, -34.790357 ], [ -60.600307, -34.791347 ], [ -60.600206, -34.792096 ], [ -60.599804, -34.792613 ], [ -60.598813998999958, -34.792914 ], [ -60.597949169999936, -34.792963068999939 ], [ -60.597700281999948, -34.792977189999931 ], [ -60.597545, -34.792986 ], [ -60.597521455999981, -34.792981402999928 ], [ -60.596956, -34.792871 ], [ -60.596741645999941, -34.792999774999949 ], [ -60.59643, -34.793187 ], [ -60.596223, -34.793693 ], [ -60.595888, -34.794043 ], [ -60.595693522999966, -34.79512747099993 ], [ -60.595685, -34.795175 ], [ -60.595919814999938, -34.795898270999949 ], [ -60.595922, -34.795905 ], [ -60.595960855999969, -34.79592562299996 ], [ -60.59641, -34.796164 ], [ -60.597315441999967, -34.796160010999984 ], [ -60.597318, -34.79616 ], [ -60.597701, -34.796628 ], [ -60.597281, -34.797353 ], [ -60.597647, -34.79843 ], [ -60.597463, -34.799179 ], [ -60.596856, -34.799966 ], [ -60.59595, -34.800249 ], [ -60.595153, -34.800984 ], [ -60.594250998999946, -34.801806 ], [ -60.593831, -34.803105 ], [ -60.593624, -34.803646 ], [ -60.59253, -34.804243 ], [ -60.591481998999939, -34.80531 ], [ -60.590243, -34.806152 ], [ -60.589891, -34.806586 ], [ -60.589832, -34.807842 ], [ -60.590114, -34.808669 ], [ -60.590101, -34.809853 ], [ -60.590656, -34.810668 ], [ -60.59068, -34.811103 ], [ -60.589738, -34.812152 ], [ -60.589767, -34.813354 ], [ -60.58903, -34.814307 ], [ -60.588918307999961, -34.814662457999923 ], [ -60.588493, -34.816016 ], [ -60.588055, -34.816749 ], [ -60.585442, -34.817562 ], [ -60.584674050999986, -34.817566228999965 ], [ -60.584534, -34.817567 ], [ -60.583649, -34.817884 ], [ -60.582001, -34.817788 ], [ -60.581453, -34.81793 ], [ -60.581015071999964, -34.817940643999982 ], [ -60.580867995999938, -34.817944218999969 ], [ -60.580301, -34.817958 ], [ -60.580016318999974, -34.818073120999934 ], [ -60.578523, -34.818677 ], [ -60.578503124999941, -34.818683074999953 ], [ -60.577584, -34.818964 ], [ -60.576633, -34.818811 ], [ -60.575516, -34.8192 ], [ -60.575501980999952, -34.819262571999957 ], [ -60.575434, -34.819566 ], [ -60.574686, -34.819894 ], [ -60.574409346999971, -34.819909267999947 ], [ -60.574233, -34.819919 ], [ -60.573619, -34.819783 ], [ -60.572796, -34.81977 ], [ -60.571865, -34.819635 ], [ -60.571390975999982, -34.819732234999947 ], [ -60.570188, -34.819979 ], [ -60.569748, -34.820486 ], [ -60.569997719999947, -34.820842045999939 ], [ -60.570944, -34.821338 ], [ -60.571559, -34.821753 ], [ -60.572342, -34.821923 ], [ -60.572914, -34.822129 ], [ -60.572914764999958, -34.822138564999918 ], [ -60.57296, -34.822704 ], [ -60.572201, -34.822899 ], [ -60.571587036999979, -34.822957169999938 ], [ -60.57085, -34.823027 ], [ -60.57062360599997, -34.823109853999938 ], [ -60.569839, -34.823397 ], [ -60.569268998999981, -34.82347 ], [ -60.568707975999985, -34.823355014999947 ], [ -60.567937, -34.823197 ], [ -60.567499852999966, -34.823302436999946 ], [ -60.567199, -34.823375 ], [ -60.567013, -34.823968 ], [ -60.567313, -34.824593 ], [ -60.567147, -34.824994 ], [ -60.566577998999946, -34.82524 ], [ -60.566032248999932, -34.825199172999923 ], [ -60.565923, -34.825191 ], [ -60.565344249999953, -34.825348399999939 ], [ -60.565206, -34.825386 ], [ -60.56519745099996, -34.825380240999948 ], [ -60.564103, -34.824643 ], [ -60.563363, -34.824559 ], [ -60.562794, -34.824683 ], [ -60.562465404999948, -34.824966771999975 ], [ -60.561753, -34.825582 ], [ -60.561061, -34.826425 ], [ -60.560431, -34.826863 ], [ -60.559319, -34.828 ], [ -60.558715, -34.829239 ], [ -60.558273, -34.829572 ], [ -60.557829, -34.829417 ], [ -60.556646, -34.829335 ], [ -60.556434070999963, -34.829186341999957 ], [ -60.555266, -34.828367 ], [ -60.553486277999987, -34.827068229999952 ], [ -60.553475, -34.82706 ], [ -60.552518758999959, -34.82538334499997 ], [ -60.552514, -34.825375 ], [ -60.551591386999974, -34.824811345999933 ], [ -60.551580998999945, -34.824805 ], [ -60.551029507999949, -34.823789301999966 ], [ -60.551025, -34.823781 ], [ -60.550436480999963, -34.823489712999958 ], [ -60.550430998999957, -34.823487 ], [ -60.549771, -34.82269 ], [ -60.549491199999977, -34.821703232999937 ], [ -60.548847, -34.821262 ], [ -60.547883, -34.821295 ], [ -60.547722860999954, -34.821396932999946 ], [ -60.54681, -34.821978 ], [ -60.545566, -34.822158 ], [ -60.545471909999939, -34.822141314999953 ], [ -60.544128, -34.821903 ], [ -60.543364, -34.821384 ], [ -60.542793, -34.821317 ], [ -60.541866, -34.821635 ], [ -60.540809, -34.821518 ], [ -60.540339, -34.821821 ], [ -60.540247541999975, -34.821884549999936 ], [ -60.539464, -34.822429 ], [ -60.539227181999934, -34.822430084999944 ], [ -60.538809, -34.822432 ], [ -60.538313, -34.822676 ], [ -60.538084731999959, -34.82277149599998 ], [ -60.537027, -34.823214 ], [ -60.535342, -34.824022 ], [ -60.534689972999963, -34.824036160999974 ], [ -60.534329, -34.824044 ], [ -60.533929, -34.824219 ], [ -60.533892727999955, -34.824323328999981 ], [ -60.533638, -34.825056 ], [ -60.533438, -34.825412 ], [ -60.532941, -34.825903 ], [ -60.532078, -34.826376 ], [ -60.53147, -34.82711 ], [ -60.531285, -34.827894 ], [ -60.530632, -34.82821 ], [ -60.529812, -34.828754 ], [ -60.528821, -34.829054 ], [ -60.528182, -34.829466 ], [ -60.527897, -34.829824 ], [ -60.527989, -34.831094 ], [ -60.528568998999958, -34.832212 ], [ -60.529799604999944, -34.833732568999949 ], [ -60.529804, -34.833738 ], [ -60.530428832, -34.834230410999965 ], [ -60.530440998999943, -34.83424 ], [ -60.530867, -34.835033 ], [ -60.530597998999959, -34.837667 ], [ -60.530122, -34.839401 ], [ -60.529849, -34.840921 ], [ -60.529283, -34.84162 ], [ -60.527907, -34.841934 ], [ -60.527311, -34.841858 ], [ -60.526527, -34.841444 ], [ -60.525958, -34.841345 ], [ -60.525746, -34.841366 ], [ -60.525471, -34.841421 ], [ -60.524985, -34.84152 ], [ -60.523864, -34.841299 ], [ -60.522133998999948, -34.841602 ], [ -60.521271, -34.842059 ], [ -60.520236, -34.84215 ], [ -60.51939, -34.84191 ], [ -60.518059, -34.841881 ], [ -60.516811, -34.841608 ], [ -60.515009397999954, -34.840815038999949 ], [ -60.514848, -34.840744 ], [ -60.514563720999945, -34.840778224999937 ], [ -60.511999, -34.841087 ], [ -60.510731, -34.84104 ], [ -60.509483, -34.840697 ], [ -60.507696, -34.839599 ], [ -60.507042, -34.839041 ], [ -60.506388, -34.838717 ], [ -60.505212, -34.838623 ], [ -60.502551, -34.839666 ], [ -60.50129616199996, -34.83906151799993 ], [ -60.500855, -34.838849 ], [ -60.500732849999963, -34.838797654999951 ], [ -60.498928, -34.838039 ], [ -60.498042, -34.838321 ], [ -60.497324, -34.838393 ], [ -60.496774, -34.838291 ], [ -60.496635672999957, -34.838299623999944 ], [ -60.495571, -34.838366 ], [ -60.494684, -34.838491 ], [ -60.494483584999948, -34.838574341999959 ], [ -60.493056, -34.839168 ], [ -60.492174, -34.840059 ], [ -60.491961, -34.840679 ], [ -60.492034, -34.841417 ], [ -60.491976, -34.842393 ], [ -60.491833, -34.843072 ], [ -60.490846, -34.844155 ], [ -60.490278, -34.844471 ], [ -60.490095817999986, -34.844495518999956 ], [ -60.488948, -34.84465 ], [ -60.487776, -34.844679 ], [ -60.485935, -34.844181 ], [ -60.48545, -34.844183 ], [ -60.485447941999944, -34.844184089999942 ], [ -60.48455606899995, -34.844656484999966 ], [ -60.484523, -34.844674 ], [ -60.484520049999965, -34.844719159999954 ], [ -60.484465, -34.845562 ], [ -60.484129, -34.845947 ], [ -60.483341, -34.846366 ], [ -60.482886, -34.846509 ], [ -60.482767569999972, -34.846516910999988 ], [ -60.481853, -34.846578 ], [ -60.481112, -34.846655 ], [ -60.480955694999977, -34.846746053999929 ], [ -60.479428, -34.847636 ], [ -60.479208, -34.847925 ], [ -60.478603, -34.84932 ], [ -60.477847, -34.850106 ], [ -60.47746, -34.852544 ], [ -60.476726, -34.853532 ], [ -60.475839, -34.853657 ], [ -60.475166, -34.854234 ], [ -60.475044, -34.854931 ], [ -60.474095, -34.855248 ], [ -60.473619, -34.855665 ], [ -60.473698, -34.856068 ], [ -60.473488, -34.856312 ], [ -60.47258007999995, -34.856282403999963 ], [ -60.472537, -34.856281 ], [ -60.472379225999987, -34.856412165999977 ], [ -60.472116, -34.856631 ], [ -60.47177187799997, -34.856621494999956 ], [ -60.470704, -34.856592 ], [ -60.469773182, -34.856584072999965 ], [ -60.46906, -34.856578 ], [ -60.468554, -34.856702 ], [ -60.46805, -34.857313 ], [ -60.46765, -34.857454 ], [ -60.467080998999961, -34.857734 ], [ -60.466579, -34.858642 ], [ -60.466268, -34.859652 ], [ -60.465995, -34.860019 ], [ -60.465447, -34.8603 ], [ -60.464454, -34.860303 ], [ -60.46361, -34.86055 ], [ -60.462768, -34.861024 ], [ -60.462176, -34.860974 ], [ -60.461712, -34.861184 ], [ -60.460766, -34.862058 ], [ -60.460279, -34.862375 ], [ -60.459679, -34.862556 ], [ -60.459431514999949, -34.862563284999965 ], [ -60.459117204999977, -34.862572536999934 ], [ -60.458456, -34.862592 ], [ -60.457989, -34.862563 ], [ -60.457524998999986, -34.862704 ], [ -60.457494174999965, -34.862730342999953 ], [ -60.456789, -34.863333 ], [ -60.456346, -34.863561 ], [ -60.45546, -34.863826 ], [ -60.455145, -34.864192 ], [ -60.454897, -34.865151 ], [ -60.454603, -34.866066 ], [ -60.454141, -34.86652 ], [ -60.454038, -34.867147 ], [ -60.454147, -34.867739 ], [ -60.454213, -34.868226 ], [ -60.453944, -34.869167 ], [ -60.453992585999977, -34.869551273999946 ], [ -60.45424, -34.869709 ], [ -60.454812, -34.869968 ], [ -60.454840660999928, -34.870049148999954 ], [ -60.454903284999943, -34.870226462999938 ], [ -60.45501166899998, -34.870275538999977 ], [ -60.455301998999971, -34.870407 ], [ -60.455474, -34.870894 ], [ -60.455371, -34.871347 ], [ -60.45491, -34.872097 ], [ -60.454859298999956, -34.872388407999949 ], [ -60.454833283999967, -34.872537932999933 ], [ -60.455194459, -34.872894638999981 ], [ -60.455234437999934, -34.872915856999953 ], [ -60.455295, -34.872948 ], [ -60.455699, -34.873347 ], [ -60.455595, -34.873783 ], [ -60.45526, -34.874237 ], [ -60.454374, -34.874588 ], [ -60.453532, -34.875096 ], [ -60.453114, -34.876107 ], [ -60.452993, -34.877152 ], [ -60.45278, -34.877507 ], [ -60.452022, -34.877962 ], [ -60.450945, -34.87814 ], [ -60.449721, -34.878388 ], [ -60.448962, -34.878809 ], [ -60.44884647899994, -34.879041882999957 ], [ -60.448711, -34.879315 ], [ -60.44918, -34.879825 ], [ -60.450335, -34.881738 ], [ -60.450397, -34.882066 ], [ -60.450599094999973, -34.882331784999963 ], [ -60.451057, -34.882934 ], [ -60.451225998999973, -34.883517 ], [ -60.450872, -34.884354 ], [ -60.451023, -34.884963 ], [ -60.450794, -34.88559 ], [ -60.450946, -34.886355 ], [ -60.450564, -34.886737 ], [ -60.449814, -34.887343 ], [ -60.449031, -34.887912 ], [ -60.448905804999981, -34.88841614599994 ], [ -60.448845, -34.888661 ], [ -60.448983739999953, -34.88889983699994 ], [ -60.449143, -34.889174 ], [ -60.449335, -34.889574 ], [ -60.449153, -34.891019 ], [ -60.448711, -34.891439 ], [ -60.448272, -34.892311 ], [ -60.44795604899997, -34.893220900999943 ], [ -60.447939, -34.89327 ], [ -60.448065550999956, -34.893872693999981 ], [ -60.4482, -34.894513 ], [ -60.447847, -34.895785 ], [ -60.44786590599994, -34.896182411 ], [ -60.447895, -34.896794 ], [ -60.448175, -34.897698 ], [ -60.448353, -34.898047 ], [ -60.448827003999952, -34.898581979999946 ], [ -60.449069, -34.898658 ], [ -60.449345, -34.898988 ], [ -60.449345253999986, -34.899029992999949 ], [ -60.449349, -34.89965 ], [ -60.449098, -34.90026 ], [ -60.44923, -34.901147 ], [ -60.449041, -34.901409 ], [ -60.448874, -34.90181 ], [ -60.449136, -34.903271 ], [ -60.449229, -34.904654 ], [ -60.449887, -34.905261 ], [ -60.450551, -34.906895 ], [ -60.450429, -34.907748 ], [ -60.450476, -34.908479 ], [ -60.450055, -34.909532 ], [ -60.450205, -34.909897 ], [ -60.450291, -34.910228 ], [ -60.449957998999935, -34.911082 ], [ -60.44996, -34.911465 ], [ -60.450195, -34.911917 ], [ -60.450178, -34.9127 ], [ -60.450561, -34.913221 ], [ -60.451119, -34.913994 ], [ -60.451137, -34.91474 ], [ -60.450939, -34.91567 ], [ -60.450586, -34.916942 ], [ -60.450507, -34.91797 ], [ -60.450785, -34.918543 ], [ -60.451175341999935, -34.918774530999933 ], [ -60.451252, -34.91882 ], [ -60.451303870999944, -34.91899856699996 ], [ -60.451605627999982, -34.919177937999969 ], [ -60.451742, -34.919259 ], [ -60.451809228999934, -34.919490201999956 ], [ -60.452029, -34.920246 ], [ -60.452413, -34.920835 ], [ -60.452814, -34.921644 ], [ -60.452824998999972, -34.92287 ], [ -60.452954057999925, -34.923357363999962 ], [ -60.453156535999938, -34.923567191999943 ], [ -60.453189391999963, -34.923589736999915 ], [ -60.453353, -34.923702 ], [ -60.453656, -34.924016 ], [ -60.454228998999952, -34.924327 ], [ -60.454991, -34.924481 ], [ -60.455666134999944, -34.924868443999969 ], [ -60.455925, -34.925017 ], [ -60.456244, -34.925416 ], [ -60.456373998999936, -34.925973 ], [ -60.456573871999986, -34.926473527999974 ], [ -60.456929, -34.926569 ], [ -60.457162646999961, -34.926938941999936 ], [ -60.457419, -34.927008 ], [ -60.45758063899995, -34.927263928999935 ], [ -60.458055, -34.927418 ], [ -60.458586, -34.927851 ], [ -60.458588753999948, -34.927892678999967 ], [ -60.458609, -34.928199 ], [ -60.458167998999954, -34.92874 ], [ -60.457975556999948, -34.928846844999946 ], [ -60.457851, -34.928916 ], [ -60.457359623999942, -34.928738020999958 ], [ -60.457089, -34.92864 ], [ -60.456581, -34.928659 ], [ -60.455738, -34.929202 ], [ -60.454872998999967, -34.929606 ], [ -60.453966, -34.929853 ], [ -60.453331998999943, -34.929977 ], [ -60.453038, -34.930413 ], [ -60.453146, -34.930709 ], [ -60.453592710999942, -34.931029354999971 ], [ -60.453636, -34.931148 ], [ -60.454186775999965, -34.931542984999965 ], [ -60.454336, -34.93165 ], [ -60.454540228999981, -34.931848960999957 ], [ -60.454995, -34.932292 ], [ -60.456094, -34.932166 ], [ -60.457177, -34.932241 ], [ -60.457808, -34.932211 ], [ -60.458407580999953, -34.932339243999941 ], [ -60.458528, -34.932365 ], [ -60.458891372999965, -34.932769823999941 ], [ -60.459203, -34.933117 ], [ -60.459802, -34.933422 ], [ -60.460522, -34.933472 ], [ -60.461944, -34.934389 ], [ -60.462807037999944, -34.934646268999984 ], [ -60.46289, -34.934671 ], [ -60.463181706999926, -34.934966868999936 ], [ -60.463948, -34.935184 ], [ -60.465119, -34.935342 ], [ -60.46639, -34.935522 ], [ -60.466907, -34.935722 ], [ -60.467204508999949, -34.936086148999955 ], [ -60.467849, -34.936875 ], [ -60.468, -34.93738 ], [ -60.468395373999954, -34.937498824999977 ], [ -60.468742, -34.937603 ], [ -60.468859045999977, -34.937606608999936 ], [ -60.470103998999953, -34.937645 ], [ -60.470948, -34.937814 ], [ -60.471444769999948, -34.937941633999969 ], [ -60.471811929999944, -34.938035967999951 ], [ -60.472283, -34.938157 ], [ -60.472386336999932, -34.938232556999942 ], [ -60.473239, -34.938856 ], [ -60.474109, -34.939473 ], [ -60.474216326999972, -34.939639857999964 ], [ -60.474599, -34.939912 ], [ -60.475221, -34.940878 ], [ -60.475497, -34.941527 ], [ -60.475331, -34.942033 ], [ -60.474785, -34.942801 ], [ -60.474681947999962, -34.943622352999959 ], [ -60.474640321999971, -34.943954122999983 ], [ -60.474583, -34.944411 ], [ -60.474988, -34.945001 ], [ -60.475099, -34.945871 ], [ -60.474845171999959, -34.946396026999921 ], [ -60.474836, -34.946415 ], [ -60.474027, -34.947024 ], [ -60.473579564999966, -34.948056013999974 ], [ -60.473505, -34.948228 ], [ -60.473297, -34.948873 ], [ -60.473559752999968, -34.949634614999979 ], [ -60.473583, -34.949702 ], [ -60.474921, -34.950764 ], [ -60.476743523999971, -34.951575936999966 ], [ -60.477233, -34.951794 ], [ -60.477235, -34.952229 ], [ -60.477682, -34.95268 ], [ -60.477702077999936, -34.95284152399995 ], [ -60.477749, -34.953219 ], [ -60.477507951999947, -34.953507396999946 ], [ -60.477413, -34.953621 ], [ -60.476718, -34.954216 ], [ -60.476138, -34.955326 ], [ -60.476756, -34.956124 ], [ -60.477162, -34.956923 ], [ -60.47721, -34.957759 ], [ -60.477380037999986, -34.958239851999963 ], [ -60.477529, -34.958344 ], [ -60.478293998999959, -34.958771 ], [ -60.478659, -34.958923 ], [ -60.479098, -34.958999 ], [ -60.479432152999941, -34.959410488999929 ], [ -60.479589, -34.959438 ], [ -60.480388518999973, -34.960422560999966 ], [ -60.480505, -34.960566 ], [ -60.481206, -34.96112 ], [ -60.481757, -34.96117 ], [ -60.482573842999948, -34.961381345999939 ], [ -60.482816, -34.961444 ], [ -60.483115, -34.961896 ], [ -60.483331577999934, -34.962709632999967 ], [ -60.483374, -34.962869 ], [ -60.483186, -34.963236 ], [ -60.48288804799995, -34.963529235999935 ], [ -60.482554, -34.963858 ], [ -60.482518, -34.964972 ], [ -60.482861, -34.965702 ], [ -60.482759, -34.966276 ], [ -60.483038, -34.966954 ], [ -60.483931, -34.967786 ], [ -60.48426, -34.968807 ], [ -60.485009, -34.969694 ], [ -60.485054, -34.970701 ], [ -60.484676, -34.97119 ], [ -60.48487, -34.971816 ], [ -60.485045303999975, -34.972008074999962 ], [ -60.485424, -34.972423 ], [ -60.486081, -34.97256 ], [ -60.486739, -34.972993 ], [ -60.487600250999954, -34.973308645999957 ], [ -60.487821, -34.973714 ], [ -60.487762, -34.974801 ], [ -60.487153, -34.975569 ], [ -60.487134, -34.976092 ], [ -60.48675, -34.976592 ], [ -60.486441, -34.976982 ], [ -60.486466, -34.977504 ], [ -60.485814, -34.978151 ], [ -60.485652, -34.979388 ], [ -60.485378, -34.980286 ], [ -60.484831, -34.980706 ], [ -60.484179, -34.981492 ], [ -60.48373, -34.982535 ], [ -60.48347, -34.983253 ], [ -60.483009, -34.983968 ], [ -60.482228, -34.984816 ], [ -60.482023, -34.985966 ], [ -60.481518, -34.986628 ], [ -60.480508, -34.987503 ], [ -60.480276, -34.988184 ], [ -60.48024, -34.988688 ], [ -60.479905, -34.989351 ], [ -60.479462, -34.989893 ], [ -60.478324, -34.99083 ], [ -60.477591, -34.992156 ], [ -60.476875, -34.992768 ], [ -60.476382, -34.993815 ], [ -60.47618, -34.994266 ], [ -60.475891, -34.994565 ], [ -60.47602, -34.994948 ], [ -60.475367, -34.995438 ], [ -60.474685998999981, -34.995991 ], [ -60.474081, -34.9968 ], [ -60.473888, -34.997143 ], [ -60.473912, -34.997613 ], [ -60.473363, -34.997789 ], [ -60.472686, -34.997896 ], [ -60.472412, -34.998071 ], [ -60.472289, -34.99875 ], [ -60.47166, -34.999045 ], [ -60.471278, -34.999607 ], [ -60.470582, -35.000045 ], [ -60.46999, -35.000135 ], [ -60.468848, -35.000261 ], [ -60.468298, -35.000632 ], [ -60.467542, -35.001397 ], [ -60.466941, -35.001912 ], [ -60.466193, -35.002431 ], [ -60.465739, -35.0027 ], [ -60.464999, -35.002825 ], [ -60.463118, -35.003267 ], [ -60.462825, -35.003492 ], [ -60.462212, -35.004072 ], [ -60.461792, -35.004648 ], [ -60.461754, -35.005379 ], [ -60.461594, -35.0063 ], [ -60.461292, -35.007166 ], [ -60.4608, -35.007626 ], [ -60.460555, -35.007906 ], [ -60.459804, -35.008211 ], [ -60.45857, -35.008569 ], [ -60.457238, -35.008974 ], [ -60.456582, -35.009011 ], [ -60.45601, -35.00877 ], [ -60.454638, -35.00793 ], [ -60.453852, -35.008027 ], [ -60.453602, -35.008066 ], [ -60.453409, -35.008156 ], [ -60.45227, -35.008612 ], [ -60.45149, -35.009154 ], [ -60.448947, -35.00996 ], [ -60.448045, -35.010229 ], [ -60.447052, -35.010424 ], [ -60.445951, -35.010446 ], [ -60.444364, -35.010504 ], [ -60.44251, -35.010445 ], [ -60.441453, -35.010744 ], [ -60.440905, -35.011164 ], [ -60.439825, -35.01205 ], [ -60.439324, -35.012441 ], [ -60.43882, -35.013296 ], [ -60.438287, -35.013759 ], [ -60.435906, -35.015388 ], [ -60.434912, -35.016392 ], [ -60.434933, -35.016765 ], [ -60.435005, -35.017149 ], [ -60.435175998999974, -35.017566 ], [ -60.435807, -35.01822 ], [ -60.436177, -35.018625 ], [ -60.436306998999953, -35.019094 ], [ -60.436182, -35.019478 ], [ -60.436059, -35.020387 ], [ -60.436191, -35.02074 ], [ -60.436661285999953, -35.021123605999946 ], [ -60.436701, -35.021156 ], [ -60.436698996999958, -35.021192863999936 ], [ -60.436669, -35.021745 ], [ -60.436930998999969, -35.023465 ], [ -60.437067, -35.024215 ], [ -60.437272, -35.024914 ], [ -60.437631, -35.025859 ], [ -60.438005, -35.027291 ], [ -60.438163, -35.029118 ], [ -60.438422, -35.030022 ], [ -60.438894, -35.031117 ], [ -60.439323, -35.032264 ], [ -60.43922, -35.033652 ], [ -60.439587, -35.034174 ], [ -60.439579322999982, -35.034753328999948 ], [ -60.439572, -35.035306 ], [ -60.440043, -35.036314 ], [ -60.440024, -35.036784 ], [ -60.439602998999987, -35.037255 ], [ -60.438822, -35.037624 ], [ -60.437996, -35.037749 ], [ -60.437257, -35.038117 ], [ -60.43654, -35.038607 ], [ -60.43593, -35.039288 ], [ -60.435382, -35.039934 ], [ -60.434707, -35.040389 ], [ -60.434145, -35.040579 ], [ -60.433617, -35.040576 ], [ -60.432854, -35.039918 ], [ -60.431938125999977, -35.040852444999977 ], [ -60.431917, -35.040874 ], [ -60.420658, -35.052858 ], [ -60.419897, -35.053677 ], [ -60.415137535999975, -35.058733509999961 ], [ -60.409995, -35.064197 ], [ -60.408452, -35.065853 ], [ -60.405337035999942, -35.070647450999957 ], [ -60.405184, -35.070883 ], [ -60.404613462999976, -35.070651253999976 ], [ -60.40415, -35.070463 ], [ -60.403744598999936, -35.071111246999976 ], [ -60.400047280999964, -35.077023352999959 ], [ -60.400045, -35.077027 ], [ -60.399450740999953, -35.07676982199996 ], [ -60.398446, -35.076335 ], [ -60.393783, -35.082007 ], [ -60.388695, -35.088229 ], [ -60.378308, -35.09636 ], [ -60.366518468999971, -35.105536925999957 ], [ -60.366449, -35.105591 ], [ -60.362599247999981, -35.102304831999952 ], [ -60.36233, -35.102075 ], [ -60.354324, -35.108198 ], [ -60.35109, -35.11073 ], [ -60.349005, -35.112304 ], [ -60.346226, -35.11439 ], [ -60.344067, -35.116019 ], [ -60.339865, -35.119217 ], [ -60.334084648, -35.123647351999978 ], [ -60.329242, -35.127359 ], [ -60.329092, -35.127511 ], [ -60.328936, -35.127661 ], [ -60.329162555999972, -35.127846484999949 ], [ -60.329447249999987, -35.128079566999936 ], [ -60.329962, -35.128501 ], [ -60.330434, -35.128895 ], [ -60.336776, -35.134555 ], [ -60.342815998999988, -35.139893 ], [ -60.349112, -35.145466 ], [ -60.355417, -35.150969 ], [ -60.362540299999985, -35.157343356999938 ], [ -60.364824487999947, -35.15938707399993 ], [ -60.36504005299998, -35.159579945999944 ], [ -60.36483401899995, -35.159733745999972 ], [ -60.364831, -35.159736 ], [ -60.35088, -35.170281 ], [ -60.350015, -35.170904 ], [ -60.346355, -35.173747 ], [ -60.34102, -35.177863 ], [ -60.340000680999935, -35.178631377999977 ], [ -60.33853, -35.17974 ], [ -60.338661, -35.179861 ], [ -60.339061436999948, -35.18023142 ], [ -60.346145, -35.186784 ], [ -60.347211, -35.187828 ], [ -60.351283, -35.191517 ], [ -60.353836, -35.193833 ], [ -60.353566336999961, -35.19404049599995 ], [ -60.343651, -35.20167 ], [ -60.342402, -35.202597 ], [ -60.342235, -35.202851 ], [ -60.331924, -35.210809 ], [ -60.331776, -35.211085 ], [ -60.324172, -35.216833 ], [ -60.322422, -35.218122 ], [ -60.315786998999954, -35.223135 ], [ -60.316078088999973, -35.223407774999934 ], [ -60.316089, -35.223418 ], [ -60.316513200999964, -35.22379518199994 ], [ -60.319373, -35.226338 ], [ -60.319389710999985, -35.226355425999934 ], [ -60.319864, -35.226777 ], [ -60.320331376999953, -35.227264366999982 ], [ -60.320355, -35.227289 ], [ -60.322603734, -35.229282680999972 ], [ -60.323097, -35.22972 ], [ -60.327489, -35.23361 ], [ -60.329256, -35.235114 ], [ -60.332858, -35.238284 ], [ -60.3385, -35.243353 ], [ -60.340904, -35.245464 ], [ -60.34245, -35.246884 ], [ -60.342729, -35.247085 ], [ -60.347833, -35.251677 ], [ -60.349153998999959, -35.252831 ], [ -60.352087, -35.2555 ], [ -60.360486, -35.263039 ], [ -60.366309042999951, -35.26836541299997 ], [ -60.366372, -35.268423 ], [ -60.367395872999964, -35.268448317999955 ], [ -60.367747, -35.268457 ], [ -60.367997, -35.268715 ], [ -60.369508, -35.270083 ], [ -60.371048180999942, -35.271461863999946 ], [ -60.375429919999988, -35.275384663999937 ], [ -60.379046, -35.278622 ], [ -60.387859, -35.286436 ], [ -60.396414, -35.294083 ], [ -60.400383, -35.2976 ], [ -60.410056, -35.30636 ], [ -60.410505, -35.306769 ], [ -60.420939, -35.31617 ], [ -60.421216, -35.316424 ], [ -60.427911201999954, -35.322460088999946 ], [ -60.431445, -35.325646 ], [ -60.431727, -35.325874 ], [ -60.438851, -35.332335 ], [ -60.445075, -35.33698 ], [ -60.445501, -35.337223 ], [ -60.496201165999935, -35.381912869999944 ], [ -60.504533, -35.389257 ], [ -60.504746, -35.389451 ], [ -60.505059, -35.389735 ], [ -60.510272312999973, -35.394441558999965 ], [ -60.516324, -35.399905 ], [ -60.518531913999936, -35.401862275999981 ], [ -60.523047720999955, -35.405865456999948 ], [ -60.527907172999953, -35.410173272999934 ], [ -60.528049, -35.410299 ], [ -60.537806, -35.402758 ], [ -60.539181713999938, -35.401693791999939 ], [ -60.547959373999959, -35.394903676999945 ], [ -60.580528540999985, -35.36970921999994 ], [ -60.580693, -35.369582 ], [ -60.581692680999936, -35.368767179999963 ], [ -60.581953, -35.368555 ], [ -60.582956876999958, -35.367793954999961 ], [ -60.611437, -35.346203 ], [ -60.61301, -35.345043 ], [ -60.613379, -35.344758 ], [ -60.614521471999986, -35.343871105999938 ], [ -60.614577, -35.343828 ], [ -60.615775, -35.342899 ], [ -60.626067, -35.334873 ], [ -60.631325210999933, -35.330499669999945 ], [ -60.640685, -35.322715 ], [ -60.641279, -35.322256 ], [ -60.642249074999938, -35.321483902999937 ], [ -60.647399, -35.317385 ], [ -60.655981, -35.310728 ], [ -60.667066, -35.302084 ], [ -60.677658, -35.293814 ], [ -60.677915, -35.293612 ], [ -60.682487, -35.29003 ], [ -60.682836, -35.289712 ], [ -60.70613288, -35.27147201899993 ], [ -60.712666, -35.266357 ], [ -60.713345851999975, -35.265821584999969 ], [ -60.713041, -35.265533 ], [ -60.71345958399997, -35.265213947999939 ], [ -60.720859, -35.259574 ], [ -60.727253, -35.254708 ], [ -60.730982, -35.251873 ], [ -60.73475955899994, -35.249026747999949 ], [ -60.735376566999953, -35.248561854999927 ], [ -60.735602, -35.248392 ], [ -60.742187, -35.243349 ], [ -60.751889, -35.235942 ], [ -60.752529, -35.235418 ], [ -60.753239, -35.234897 ], [ -60.75835160599997, -35.231261303999915 ], [ -60.763676, -35.227475 ], [ -60.773531, -35.219814 ], [ -60.784318, -35.211345 ], [ -60.784756852999983, -35.211002002999976 ], [ -60.79336, -35.204278 ], [ -60.80584, -35.194651 ], [ -60.828743, -35.176488 ], [ -60.83885, -35.168391 ], [ -60.847119, -35.16186 ], [ -60.857344, -35.154037 ], [ -60.868635051999945, -35.145430640999948 ], [ -60.86912, -35.145061 ], [ -60.869693, -35.14555 ], [ -60.869907091999956, -35.145747315999984 ], [ -60.869912885999959, -35.145752656999946 ], [ -60.869961, -35.145797 ], [ -60.870007350999963, -35.145760515999932 ], [ -60.87144739699994, -35.144627019 ], [ -60.872662765999962, -35.143670371 ], [ -60.872611, -35.143619 ], [ -60.872267, -35.143362 ], [ -60.86843, -35.140063 ], [ -60.867468998999982, -35.139239 ], [ -60.867219023999958, -35.139026845999979 ], [ -60.864356, -35.136597 ], [ -60.861986, -35.134564 ], [ -60.859783, -35.132669 ], [ -60.859494, -35.132421 ], [ -60.855357, -35.128865 ], [ -60.854067, -35.127756 ], [ -60.849589, -35.123908 ], [ -60.846893, -35.121576 ], [ -60.844572, -35.119567 ], [ -60.844093, -35.119152 ], [ -60.840948, -35.116429 ], [ -60.838633447999939, -35.114423218999946 ], [ -60.838122, -35.11398 ], [ -60.83784, -35.113675 ], [ -60.835217, -35.111432 ], [ -60.833121, -35.109657 ], [ -60.829264998999975, -35.106386 ], [ -60.825712, -35.103346 ], [ -60.818464, -35.097151 ], [ -60.81623, -35.095249 ], [ -60.810022, -35.089965 ], [ -60.809842, -35.089812 ], [ -60.809535, -35.08955 ], [ -60.800583808999932, -35.081870719999984 ], [ -60.799239, -35.080717 ], [ -60.792689, -35.075111 ], [ -60.791925, -35.074472 ], [ -60.789113, -35.071911 ], [ -60.779109, -35.063109 ], [ -60.777961, -35.062098 ], [ -60.765282557999967, -35.050974890999953 ], [ -60.758764, -35.045256 ], [ -60.757695, -35.044392 ], [ -60.754227, -35.041402 ], [ -60.754843782999956, -35.040924459999928 ], [ -60.762085, -35.035318 ], [ -60.770029, -35.029124 ], [ -60.772706, -35.02703 ], [ -60.777676, -35.023162 ], [ -60.785175, -35.017336 ], [ -60.785516, -35.017064 ], [ -60.790578, -35.013107 ], [ -60.795452, -35.00932 ], [ -60.800709, -35.005225 ], [ -60.805986, -35.001112 ], [ -60.810065410999989, -34.997704178999982 ], [ -60.81073, -34.997149 ], [ -60.811000170999932, -34.996971917999929 ], [ -60.811116, -34.996896 ], [ -60.813353626999969, -34.995128299999962 ], [ -60.813353674, -34.995128262999955 ], [ -60.813353721999931, -34.995128225999956 ], [ -60.81633, -34.992777 ], [ -60.816594, -34.992508 ], [ -60.81901, -34.990661 ], [ -60.824408998999957, -34.986372 ], [ -60.828211144999955, -34.983371625999951 ], [ -60.836089, -34.977155 ], [ -60.840457, -34.97376 ], [ -60.843527, -34.971327 ], [ -60.847361, -34.968271 ], [ -60.847692, -34.968081 ], [ -60.841407, -34.962571 ], [ -60.83835, -34.959921 ], [ -60.830449, -34.953074 ], [ -60.823607536999987, -34.947170904999943 ], [ -60.821248, -34.945135 ], [ -60.81758299899996, -34.941917 ], [ -60.814032, -34.938792 ], [ -60.811357, -34.936409 ], [ -60.80843699899998, -34.933883 ], [ -60.807381, -34.932976 ], [ -60.802929, -34.929048 ], [ -60.802748, -34.928884 ], [ -60.802566, -34.92872 ], [ -60.798405, -34.925158 ], [ -60.795753, -34.922857 ], [ -60.795329, -34.922497 ], [ -60.792902, -34.920437 ], [ -60.791684, -34.919405 ], [ -60.787952, -34.916196 ], [ -60.781682146999962, -34.910735493999937 ], [ -60.781282, -34.910387 ], [ -60.780268, -34.909582 ], [ -60.777224, -34.906935 ], [ -60.764058, -34.89555 ], [ -60.763847, -34.895347 ], [ -60.761911, -34.893647 ], [ -60.761773, -34.893525 ], [ -60.761414, -34.893208 ], [ -60.760742, -34.892694 ], [ -60.757652, -34.889999 ], [ -60.757193, -34.88961 ], [ -60.756795, -34.889276 ], [ -60.754004, -34.886821 ], [ -60.75373, -34.886581 ], [ -60.75316, -34.886082 ], [ -60.751723, -34.884872 ], [ -60.749066, -34.882836 ], [ -60.747197, -34.881197 ], [ -60.744771, -34.879078 ], [ -60.743792, -34.878658 ], [ -60.742383, -34.877464 ], [ -60.740599, -34.875866 ], [ -60.740179, -34.875541 ], [ -60.735946, -34.871801 ], [ -60.73176, -34.868139 ], [ -60.728222, -34.864973 ], [ -60.723955998999941, -34.861231 ], [ -60.725325749999975, -34.860171861999959 ], [ -60.729239, -34.857146 ], [ -60.734181, -34.853348 ], [ -60.734353, -34.85318 ], [ -60.734571, -34.853017 ], [ -60.739327, -34.849219 ], [ -60.745267412999958, -34.844538081999929 ], [ -60.746015, -34.843949 ], [ -60.752856, -34.838732 ], [ -60.755734, -34.83656 ], [ -60.756058, -34.83631 ], [ -60.758264773999947, -34.834663078999931 ], [ -60.759168, -34.833989 ], [ -60.765067549999969, -34.829703663999965 ], [ -60.767245, -34.828122 ], [ -60.776216, -34.821119 ], [ -60.783265, -34.815528 ], [ -60.78588, -34.8135 ], [ -60.786221, -34.813232 ], [ -60.787682705999941, -34.811977245999977 ], [ -60.789583, -34.810346 ], [ -60.79062, -34.809544 ], [ -60.792848, -34.807775 ], [ -60.795577055999964, -34.805619181999916 ], [ -60.796052, -34.805244 ], [ -60.796303, -34.805062 ], [ -60.799609, -34.802435 ], [ -60.802607, -34.80005 ], [ -60.803305, -34.799478 ], [ -60.80689, -34.796736 ], [ -60.807215, -34.796495 ], [ -60.808690019999972, -34.795306564999962 ], [ -60.810684, -34.7937 ], [ -60.811372122999948, -34.793146452999956 ], [ -60.812353226999967, -34.792357222999939 ], [ -60.812963981999978, -34.791865912999981 ], [ -60.815683, -34.789652 ], [ -60.815398777999974, -34.789407288999939 ], [ -60.799462, -34.775686 ], [ -60.785207, -34.763278 ], [ -60.781737899999939, -34.760138023999957 ], [ -60.769809024, -34.749340874999966 ], [ -60.766951, -34.746754 ], [ -60.767325350999954, -34.746417176999941 ], [ -60.768956, -34.74495 ], [ -60.768772228999978, -34.744788896999978 ], [ -60.764489, -34.741034 ], [ -60.764820831999934, -34.740781956 ], [ -60.791127, -34.720801 ], [ -60.795509, -34.717472 ], [ -60.795307, -34.717313 ], [ -60.795230639999943, -34.717246109999955 ], [ -60.789257283, -34.712013424999945 ], [ -60.787959998999952, -34.710877 ], [ -60.78772, -34.710629 ], [ -60.780184003999977, -34.70409614099998 ], [ -60.776534, -34.700932 ], [ -60.775030998999966, -34.699593 ], [ -60.774625, -34.69931 ], [ -60.765505, -34.691772 ], [ -60.76375, -34.690275 ], [ -60.763497406999932, -34.690057336999985 ], [ -60.759657, -34.686748 ], [ -60.751585, -34.679797 ], [ -60.749699195999945, -34.678106105999966 ], [ -60.747739407999966, -34.676348872999945 ], [ -60.744493, -34.673438 ], [ -60.744221, -34.673154 ], [ -60.741636, -34.670881 ], [ -60.741871, -34.670697 ], [ -60.731917966999951, -34.66216232599993 ], [ -60.731317, -34.661647 ], [ -60.73056038899994, -34.661033472999968 ], [ -60.729223, -34.659949 ], [ -60.728355, -34.659217 ], [ -60.72515880299995, -34.656534040999922 ], [ -60.719752274999969, -34.651995681999942 ], [ -60.71868007799997, -34.651095655999946 ], [ -60.717626033999977, -34.650210867999938 ], [ -60.716344488999937, -34.649135110999957 ], [ -60.714236448999941, -34.647365575999984 ], [ -60.71413276199997, -34.647278537999959 ], [ -60.714069131999963, -34.647225125999967 ], [ -60.713957256999947, -34.647131215999934 ], [ -60.713742, -34.647212 ], [ -60.713370354999931, -34.647123173999951 ], [ -60.712855, -34.647 ], [ -60.712678482999934, -34.647054821 ], [ -60.712401, -34.647141 ] ] ] ] } },
{ "type": "Feature", "properties": { "id": null }, "geometry": { "type": "MultiPolygon", "coordinates": [ [ [ [ -60.906516924999949, -33.887308798999975 ], [ -60.90657, -33.887353 ], [ -60.909681991999946, -33.890081500999941 ], [ -60.91822088899994, -33.897071661999973 ], [ -60.923687339999958, -33.901546638999932 ], [ -60.929015, -33.906038 ], [ -60.931958, -33.908529 ], [ -60.936112, -33.912059 ], [ -60.937714, -33.913335 ], [ -60.941047, -33.916228 ], [ -60.941903255999939, -33.91694733199995 ], [ -60.949114, -33.923005 ], [ -60.948989275999971, -33.923122951999964 ], [ -60.948383710999963, -33.923695637999977 ], [ -60.945983, -33.925966 ], [ -60.94609, -33.92606 ], [ -60.946254741999958, -33.926203776999948 ], [ -60.950631338999983, -33.93002338899997 ], [ -60.952505800999965, -33.931659297999929 ], [ -60.952653573999953, -33.931782973999923 ], [ -60.953257, -33.932288 ], [ -60.955302, -33.933987 ], [ -60.956769, -33.935218 ], [ -60.958427, -33.936607 ], [ -60.962818, -33.94037 ], [ -60.963589, -33.941053 ], [ -60.974137079999942, -33.950005494999971 ], [ -60.974112822999984, -33.950025360999973 ], [ -60.97404, -33.950085 ], [ -60.974743290999982, -33.950681289999977 ], [ -60.993382734999955, -33.967192672999936 ], [ -60.99451366999994, -33.968111698999962 ], [ -60.998372590999971, -33.971247550999983 ], [ -61.001532501999975, -33.973815369999954 ], [ -61.006543517999951, -33.977887441999947 ], [ -61.007676387999943, -33.978808040999979 ], [ -61.011351179999963, -33.981794263999959 ], [ -61.011572338999947, -33.981973983999978 ], [ -61.011614706999985, -33.982008411999971 ], [ -61.011721160999969, -33.982094918999962 ], [ -61.012750220999983, -33.983311169999979 ], [ -61.014264826999977, -33.985101290999978 ], [ -61.014640490999973, -33.985545288999951 ], [ -61.014845, -33.985787 ], [ -61.015950576999956, -33.987113915999949 ], [ -61.016216922999938, -33.987433586999948 ], [ -61.018796, -33.990529 ], [ -61.020314142999958, -33.992332428999923 ], [ -61.020642035999977, -33.992721938999985 ], [ -61.021374188999964, -33.993591676999984 ], [ -61.022792400999947, -33.995276396999941 ], [ -61.022984, -33.995504 ], [ -61.024481, -33.997253 ], [ -61.024702966999946, -33.997498706999977 ], [ -61.025009278999967, -33.997837779999948 ], [ -61.02948379299994, -34.002790845999989 ], [ -61.029689, -34.003018 ], [ -61.029794213999942, -34.003138028999942 ], [ -61.030108, -34.003496 ], [ -61.033194093999946, -34.007308034999951 ], [ -61.034099469999951, -34.008426380999929 ], [ -61.034661, -34.00912 ], [ -61.034914, -34.009495 ], [ -61.036888808999954, -34.01194203499994 ], [ -61.037700124999958, -34.012947356999966 ], [ -61.038799, -34.014309 ], [ -61.040415466999946, -34.01631950299997 ], [ -61.041118042999983, -34.017193341999985 ], [ -61.041430010999939, -34.017581357999973 ], [ -61.042046558999971, -34.018348197999956 ], [ -61.042327, -34.018697 ], [ -61.042770479999945, -34.019261515999972 ], [ -61.043723, -34.020474 ], [ -61.045029964999969, -34.022086313999978 ], [ -61.045174, -34.022264 ], [ -61.045225998999967, -34.022321 ], [ -61.04562408299995, -34.022810222999972 ], [ -61.046247497999957, -34.023576363999943 ], [ -61.046645898999948, -34.02407158499993 ], [ -61.048145, -34.025935 ], [ -61.049094, -34.027095 ], [ -61.049109206999958, -34.02711423899995 ], [ -61.049539318999969, -34.02765837499993 ], [ -61.051406815999933, -34.030020954999934 ], [ -61.051527, -34.030173 ], [ -61.052531166999984, -34.030344318999937 ], [ -61.053895, -34.030577 ], [ -61.054147615999966, -34.030704238999931 ], [ -61.054646968, -34.030989645999973 ], [ -61.055043, -34.031216 ], [ -61.055647796999949, -34.031483358999935 ], [ -61.056536, -34.031876 ], [ -61.05752, -34.032454 ], [ -61.057596285999985, -34.032542218999936 ], [ -61.058626, -34.033733 ], [ -61.059246392999974, -34.034586772999951 ], [ -61.059281706999968, -34.034635370999979 ], [ -61.059777394999969, -34.035317525999972 ], [ -61.059949395999979, -34.035554229999939 ], [ -61.060767305999946, -34.036679820999943 ], [ -61.061089109999955, -34.037122680999957 ], [ -61.06117, -34.037234 ], [ -61.061196, -34.037395 ], [ -61.061254892999955, -34.037589188999959 ], [ -61.061528671999952, -34.038250001999977 ], [ -61.061544, -34.038287 ], [ -61.061567356999944, -34.038310112999973 ], [ -61.062024, -34.038762 ], [ -61.062449878999985, -34.039155460999943 ], [ -61.062588094999974, -34.039283155999954 ], [ -61.062694, -34.039381 ], [ -61.062939, -34.039447 ], [ -61.063237, -34.039489 ], [ -61.064477, -34.03905 ], [ -61.064643053999987, -34.039060218999957 ], [ -61.064802, -34.03907 ], [ -61.065277438999949, -34.039383640999972 ], [ -61.065415891999976, -34.039474975999951 ], [ -61.065464227999939, -34.039506861999939 ], [ -61.065948, -34.039826 ], [ -61.066954824999982, -34.041024422999939 ], [ -61.06702, -34.041102 ], [ -61.067402914999946, -34.041237560999946 ], [ -61.06745434099998, -34.041255766999939 ], [ -61.067455, -34.041256 ], [ -61.068110796999967, -34.04167119899995 ], [ -61.06824, -34.041753 ], [ -61.068315109999965, -34.041795060999959 ], [ -61.068347971999977, -34.041813463999972 ], [ -61.068615, -34.041963 ], [ -61.069251, -34.041961 ], [ -61.069687973999976, -34.042004486999922 ], [ -61.069874, -34.042023 ], [ -61.070228, -34.042178 ], [ -61.070799, -34.042353 ], [ -61.071888033999983, -34.042409852999974 ], [ -61.07191, -34.042411 ], [ -61.072089460999962, -34.042502376999956 ], [ -61.072564, -34.042744 ], [ -61.072626655999954, -34.042809592999951 ], [ -61.072756, -34.042945 ], [ -61.07333, -34.043436 ], [ -61.073542576999962, -34.043551597999965 ], [ -61.073878, -34.043734 ], [ -61.074038, -34.043963 ], [ -61.074080651999964, -34.044115581999961 ], [ -61.07451819399995, -34.045680835999981 ], [ -61.074542, -34.045766 ], [ -61.074686, -34.045933 ], [ -61.074760544999947, -34.045985664999932 ], [ -61.07517999899995, -34.046282 ], [ -61.075478, -34.046301 ], [ -61.076018998999984, -34.046252 ], [ -61.076615, -34.046246 ], [ -61.077592, -34.046441 ], [ -61.077889, -34.046416 ], [ -61.078438238999979, -34.046223614999967 ], [ -61.078617, -34.046161 ], [ -61.078997, -34.046226 ], [ -61.079065656999951, -34.046249487999944 ], [ -61.079187, -34.046291 ], [ -61.079324551999953, -34.04636103799993 ], [ -61.079405, -34.046402 ], [ -61.079430484999939, -34.046432338999978 ], [ -61.079624236999969, -34.046662995999945 ], [ -61.079762, -34.046827 ], [ -61.080035998999968, -34.047073 ], [ -61.080408237999968, -34.047256426999979 ], [ -61.08057204399995, -34.047337145999975 ], [ -61.080935, -34.047516 ], [ -61.081507, -34.047736 ], [ -61.082235, -34.04783 ], [ -61.08257833699998, -34.048023126999965 ], [ -61.082586103, -34.048027495999968 ], [ -61.082596, -34.048053 ], [ -61.082699337999941, -34.04809118999998 ], [ -61.082955, -34.048235 ], [ -61.083056826999957, -34.048529075999966 ], [ -61.083071, -34.048581 ], [ -61.083077574999948, -34.048759932999928 ], [ -61.083085, -34.048962 ], [ -61.082999851999944, -34.049093136999943 ], [ -61.082898, -34.04925 ], [ -61.080717, -34.04961 ], [ -61.080270399999954, -34.049840661999951 ], [ -61.080262, -34.049845 ], [ -61.079972263999942, -34.050429055999977 ], [ -61.079945725999956, -34.050490388999947 ], [ -61.079943004999969, -34.05057371699997 ], [ -61.079935271999943, -34.050810530999961 ], [ -61.079933401999945, -34.050867794999924 ], [ -61.07993, -34.050972 ], [ -61.08011, -34.051317 ], [ -61.080286648999959, -34.051415844999951 ], [ -61.08038, -34.05148 ], [ -61.080400057999952, -34.05147930399994 ], [ -61.080753367999939, -34.05146703999997 ], [ -61.080985, -34.051459 ], [ -61.081846607999971, -34.051204705999965 ], [ -61.082014501999936, -34.051226894999949 ], [ -61.082584, -34.051535 ], [ -61.083125483999936, -34.051779588999977 ], [ -61.08327713999995, -34.051848091999943 ], [ -61.083744631999927, -34.051958089999957 ], [ -61.083997604999979, -34.051972334999959 ], [ -61.084702, -34.052012 ], [ -61.085764, -34.052521 ], [ -61.086063, -34.052586 ], [ -61.086354663999934, -34.052700225999963 ], [ -61.086852, -34.052895 ], [ -61.08699, -34.053119 ], [ -61.087046, -34.053231 ], [ -61.087092975999951, -34.053292376999927 ], [ -61.087183, -34.05341 ], [ -61.087254497999943, -34.053470022999939 ], [ -61.08775, -34.053886 ], [ -61.08791361699997, -34.053972201999954 ], [ -61.088439, -34.054249 ], [ -61.088631662999944, -34.054283511999976 ], [ -61.089014, -34.054352 ], [ -61.089455143999942, -34.05446060799995 ], [ -61.089737, -34.05453 ], [ -61.090384, -34.054524 ], [ -61.090865, -34.054645 ], [ -61.090995386999964, -34.054719409999954 ], [ -61.091103112999967, -34.054780886999936 ], [ -61.091247, -34.054863 ], [ -61.091613, -34.055128 ], [ -61.091638371, -34.055184702999952 ], [ -61.091735343999972, -34.055401431999933 ], [ -61.091779, -34.055499 ], [ -61.09246, -34.05632 ], [ -61.092722, -34.056595 ], [ -61.093027215999946, -34.056870438999965 ], [ -61.093911, -34.057668 ], [ -61.095083917999951, -34.057807914999955 ], [ -61.095596, -34.057869 ], [ -61.096522, -34.057937 ], [ -61.096906237999974, -34.057995515999949 ], [ -61.09740849199995, -34.058072005999975 ], [ -61.097809, -34.058133 ], [ -61.098938, -34.058169 ], [ -61.099807, -34.058162 ], [ -61.100712, -34.058077 ], [ -61.102070968999961, -34.058377579999934 ], [ -61.102152665999931, -34.058395649999966 ], [ -61.102588497999939, -34.058492047999948 ], [ -61.102742, -34.058526 ], [ -61.10303107499994, -34.058559707999954 ], [ -61.103308, -34.058592 ], [ -61.103735330999946, -34.05887220499995 ], [ -61.104379610999949, -34.059405401999975 ], [ -61.105056613999984, -34.060001198999935 ], [ -61.105495, -34.060387 ], [ -61.106064009999955, -34.061062348999947 ], [ -61.106132669999965, -34.061151732999974 ], [ -61.106265998999952, -34.061348 ], [ -61.106528, -34.061607 ], [ -61.107092332999969, -34.062041478999951 ], [ -61.107219, -34.062139 ], [ -61.107664, -34.062243 ], [ -61.108519, -34.062558 ], [ -61.109305, -34.063274 ], [ -61.109512, -34.063503 ], [ -61.109902, -34.063668 ], [ -61.10996989299997, -34.063714613999927 ], [ -61.110074005999941, -34.063786096999927 ], [ -61.110340327999957, -34.063968949999939 ], [ -61.110529324999966, -34.064098711999975 ], [ -61.110722, -34.064231 ], [ -61.111084972999947, -34.064728904999974 ], [ -61.111157635999973, -34.064828577999947 ], [ -61.111336355999988, -34.065073733999952 ], [ -61.111373, -34.065124 ], [ -61.111748, -34.065474 ], [ -61.111985930999936, -34.065588020999932 ], [ -61.112114213999973, -34.065649495999928 ], [ -61.11219, -34.065709 ], [ -61.112274007999986, -34.065811320999963 ], [ -61.112378970999941, -34.065939165999957 ], [ -61.112399910999954, -34.06597316999995 ], [ -61.112571, -34.066251 ], [ -61.112744959999986, -34.066456911999971 ], [ -61.112816, -34.066541 ], [ -61.113162, -34.066853 ], [ -61.113448733999974, -34.06705132999997 ], [ -61.113535, -34.067111 ], [ -61.113606148999963, -34.067141008999954 ], [ -61.11404, -34.067324 ], [ -61.114139256, -34.067393873999954 ], [ -61.114140967999958, -34.06739507899993 ], [ -61.114317, -34.067519 ], [ -61.114675674999951, -34.067818128999932 ], [ -61.114829, -34.067946 ], [ -61.11491095699995, -34.067998566999968 ], [ -61.115156881999958, -34.068156303999949 ], [ -61.115303452999967, -34.068250313999947 ], [ -61.116137318999961, -34.068785154999937 ], [ -61.11657665499996, -34.069066944999975 ], [ -61.116661445999966, -34.069121329999966 ], [ -61.116866836999975, -34.069253067999966 ], [ -61.116936047999964, -34.069309358999931 ], [ -61.117002469999932, -34.069368076999972 ], [ -61.11700582199996, -34.069371039999965 ], [ -61.117205998999971, -34.069548 ], [ -61.11797, -34.070014 ], [ -61.118404618999932, -34.070185863999939 ], [ -61.118665168999947, -34.070288895999958 ], [ -61.119307921999962, -34.070543063999935 ], [ -61.119923564999972, -34.070855451999932 ], [ -61.120166268999974, -34.070978603999947 ], [ -61.121869069999953, -34.071842632999946 ], [ -61.122057328999979, -34.071938158999949 ], [ -61.122069901999964, -34.071944538999944 ], [ -61.122081144999989, -34.071950243999943 ], [ -61.122202580999961, -34.072011862999943 ], [ -61.122867, -34.072349 ], [ -61.122952389999966, -34.072420386999958 ], [ -61.124611, -34.073807 ], [ -61.126264120999963, -34.074808777999962 ], [ -61.126480344999948, -34.074948295999938 ], [ -61.126734865999943, -34.075112524999952 ], [ -61.126846533999981, -34.075184578999938 ], [ -61.127106, -34.075352 ], [ -61.12724910999998, -34.075495626999945 ], [ -61.127374954999937, -34.075621925999933 ], [ -61.127393456999982, -34.075659243999944 ], [ -61.127492, -34.075858 ], [ -61.127506683999961, -34.075868935999942 ], [ -61.127882499999934, -34.076148812999968 ], [ -61.12806, -34.076281 ], [ -61.128066477999937, -34.076280882999981 ], [ -61.128075, -34.076287 ], [ -61.128117, -34.076356 ], [ -61.129027, -34.076628 ], [ -61.133171503999968, -34.07768118499996 ], [ -61.133218, -34.077693 ], [ -61.134140430999942, -34.078037935999923 ], [ -61.134991, -34.078356 ], [ -61.135353701999982, -34.078455277999971 ], [ -61.135634, -34.078532 ], [ -61.136484038999981, -34.078562640999969 ], [ -61.136824324999971, -34.078711460999948 ], [ -61.137235663999945, -34.078891353999943 ], [ -61.137454463999973, -34.078952974999936 ], [ -61.139078814999941, -34.079400423999964 ], [ -61.139404, -34.07949 ], [ -61.140411313999955, -34.07977611299998 ], [ -61.140451, -34.079787 ], [ -61.14057291599994, -34.07983811899993 ], [ -61.140700960999936, -34.079891807999964 ], [ -61.14099, -34.080013 ], [ -61.141914998999937, -34.080035 ], [ -61.142141949999932, -34.080059221999925 ], [ -61.1428, -34.080142 ], [ -61.143742491999944, -34.080467539999965 ], [ -61.143877, -34.080514 ], [ -61.14396443, -34.080537899999968 ], [ -61.144137405999963, -34.080597755999982 ], [ -61.144141, -34.080599 ], [ -61.144614729999944, -34.080715380999948 ], [ -61.144781998999974, -34.080761 ], [ -61.145507, -34.081166 ], [ -61.145559938999952, -34.081185389999966 ], [ -61.14632432999997, -34.081465363999939 ], [ -61.14683, -34.081658 ], [ -61.148086000999967, -34.081715576999947 ], [ -61.148357, -34.081728 ], [ -61.148901, -34.081775 ], [ -61.149396, -34.081933 ], [ -61.149736474999941, -34.082070906999945 ], [ -61.149991, -34.082174 ], [ -61.150258177999952, -34.082459138999987 ], [ -61.150363322999972, -34.082581713999957 ], [ -61.150721997999931, -34.083207000999948 ], [ -61.151066277999973, -34.083725472999944 ], [ -61.151574947999961, -34.084476068999948 ], [ -61.151985, -34.08467 ], [ -61.152503, -34.08492 ], [ -61.152533, -34.084962 ], [ -61.152614, -34.085091 ], [ -61.152889, -34.085285 ], [ -61.153145, -34.085279 ], [ -61.153268, -34.085321 ], [ -61.153395, -34.085417 ], [ -61.153564, -34.085512 ], [ -61.153615998999953, -34.085667 ], [ -61.153667, -34.08572 ], [ -61.153747, -34.08591 ], [ -61.153786, -34.085915 ], [ -61.153852, -34.085876 ], [ -61.153904, -34.085882 ], [ -61.154077, -34.085968 ], [ -61.154146, -34.086051 ], [ -61.154196, -34.086104 ], [ -61.15423470099995, -34.08612980099997 ], [ -61.154352, -34.086208 ], [ -61.154476, -34.086323 ], [ -61.154587, -34.086376 ], [ -61.154677, -34.086391 ], [ -61.15478, -34.086373 ], [ -61.154813302999969, -34.086359327999965 ], [ -61.154875, -34.086334 ], [ -61.154978, -34.086342 ], [ -61.155042, -34.08638 ], [ -61.155097998999963, -34.086416 ], [ -61.155167, -34.086441 ], [ -61.155171648999961, -34.086445386999955 ], [ -61.15522, -34.086491 ], [ -61.155258, -34.086558 ], [ -61.155468998999943, -34.086617 ], [ -61.155563, -34.086765 ], [ -61.155752, -34.086873 ], [ -61.155961, -34.086954 ], [ -61.156065, -34.086977 ], [ -61.156162, -34.087034 ], [ -61.156321, -34.087048 ], [ -61.156476, -34.08704 ], [ -61.156651, -34.087098 ], [ -61.156689805, -34.087110837999951 ], [ -61.157053, -34.087231 ], [ -61.157226680999948, -34.087386816999974 ], [ -61.157228, -34.087388 ], [ -61.15737, -34.087476 ], [ -61.157386, -34.08753 ], [ -61.157474, -34.087581 ], [ -61.157568, -34.087661 ], [ -61.157791, -34.087735 ], [ -61.157921, -34.087809 ], [ -61.158064, -34.087922 ], [ -61.158187, -34.087959 ], [ -61.158311, -34.088038 ], [ -61.158363, -34.088101 ], [ -61.158635, -34.088253 ], [ -61.158671, -34.088323 ], [ -61.158811270999934, -34.088414095999951 ], [ -61.158845, -34.088436 ], [ -61.15905, -34.088525 ], [ -61.159212, -34.08855 ], [ -61.159292, -34.088634 ], [ -61.159384, -34.088655 ], [ -61.159419, -34.08873 ], [ -61.15947, -34.088822 ], [ -61.159571, -34.088895 ], [ -61.15964, -34.089017 ], [ -61.159761, -34.089026 ], [ -61.160161, -34.089174 ], [ -61.16033, -34.089322 ], [ -61.16044199899995, -34.089438 ], [ -61.160536, -34.089454 ], [ -61.160907, -34.089463 ], [ -61.161193, -34.0896 ], [ -61.161240998999979, -34.089668 ], [ -61.161413, -34.089734 ], [ -61.161555, -34.089827 ], [ -61.161855, -34.090022 ], [ -61.162055, -34.09017 ], [ -61.162545, -34.090344 ], [ -61.162586998999984, -34.090512 ], [ -61.162677, -34.090582 ], [ -61.16283, -34.090613 ], [ -61.162994, -34.090657 ], [ -61.163198, -34.090758 ], [ -61.163301, -34.090768 ], [ -61.163472, -34.090802 ], [ -61.163657, -34.090925 ], [ -61.163716, -34.090963 ], [ -61.16381, -34.090965 ], [ -61.163899, -34.09099 ], [ -61.164017, -34.091054 ], [ -61.164179, -34.091182 ], [ -61.164329246999962, -34.091224927999981 ], [ -61.164360998999939, -34.091234 ], [ -61.164508, -34.091325 ], [ -61.164655, -34.09139 ], [ -61.164706, -34.091445 ], [ -61.164777, -34.091456 ], [ -61.164848998999958, -34.091457 ], [ -61.164935, -34.091521 ], [ -61.165129, -34.091668 ], [ -61.165221374999987, -34.091748746999947 ], [ -61.165272, -34.091793 ], [ -61.165482, -34.091916 ], [ -61.165718, -34.091998 ], [ -61.165795744999976, -34.092009899999937 ], [ -61.165914, -34.092028 ], [ -61.166093, -34.09203 ], [ -61.166232998999988, -34.092071 ], [ -61.166372, -34.092125 ], [ -61.166428998999947, -34.092172 ], [ -61.166435, -34.092308 ], [ -61.166476, -34.092336 ], [ -61.166484, -34.092378 ], [ -61.166556, -34.092424 ], [ -61.166642998999976, -34.092715 ], [ -61.166592, -34.09283 ], [ -61.166595431999951, -34.092852702999949 ], [ -61.166605, -34.092916 ], [ -61.16666694099996, -34.09299121399993 ], [ -61.166714000999946, -34.09301415099997 ], [ -61.166759933999963, -34.09302964099993 ], [ -61.166768482999942, -34.093032068999939 ], [ -61.16692491799995, -34.09307532899993 ], [ -61.168207330999962, -34.09342995999998 ], [ -61.168504, -34.093512 ], [ -61.168614877999971, -34.093487061999951 ], [ -61.168793, -34.093447 ], [ -61.168810031999953, -34.093452526999947 ], [ -61.168817, -34.093451 ], [ -61.168950811999927, -34.093494784999962 ], [ -61.169100546999978, -34.093543779999955 ], [ -61.169195, -34.093523 ], [ -61.16921503399994, -34.093498342999965 ], [ -61.169234, -34.093475 ], [ -61.169377, -34.093448 ], [ -61.169487912999955, -34.093474052999959 ], [ -61.169614204999952, -34.093503718999948 ], [ -61.169675, -34.093518 ], [ -61.169957998999969, -34.093625 ], [ -61.170057402999987, -34.093635865999929 ], [ -61.170205, -34.093652 ], [ -61.170289998999984, -34.093724 ], [ -61.170330968999956, -34.093760963999955 ], [ -61.170423, -34.093844 ], [ -61.17055628899994, -34.093862326999954 ], [ -61.170583, -34.093866 ], [ -61.17076, -34.093832 ], [ -61.170994386999958, -34.093900658999928 ], [ -61.171057, -34.093919 ], [ -61.171278, -34.094047 ], [ -61.171386, -34.09414 ], [ -61.171617, -34.094199 ], [ -61.17184, -34.094295 ], [ -61.172069, -34.094351 ], [ -61.172232, -34.094367 ], [ -61.172379, -34.094411 ], [ -61.17255, -34.09452 ], [ -61.17267, -34.094653 ], [ -61.172795362999985, -34.094659307999954 ], [ -61.172988, -34.094669 ], [ -61.173413, -34.094775 ], [ -61.173606, -34.094937 ], [ -61.173651192999962, -34.095076687999949 ], [ -61.173672, -34.095141 ], [ -61.173938, -34.095212 ], [ -61.174144121, -34.095201562999932 ], [ -61.174254, -34.095196 ], [ -61.174526, -34.095167 ], [ -61.174705, -34.095237 ], [ -61.174843631999984, -34.095323644999951 ], [ -61.175017, -34.095284 ], [ -61.175211816999941, -34.095401795999976 ], [ -61.175513853999981, -34.095584422999934 ], [ -61.176957654999974, -34.096457418999925 ], [ -61.17744336, -34.096751100999938 ], [ -61.177460692999944, -34.096761581999935 ], [ -61.177554, -34.096818 ], [ -61.17825501599998, -34.097400035999954 ], [ -61.179952, -34.098809 ], [ -61.180700461999947, -34.099430374999933 ], [ -61.181389, -34.100002 ], [ -61.181693, -34.100254 ], [ -61.181722128999979, -34.100278184999958 ], [ -61.182082354999977, -34.100577274999978 ], [ -61.182294, -34.100753 ], [ -61.182764, -34.101143 ], [ -61.183644, -34.101669 ], [ -61.184344, -34.102063 ], [ -61.184526958999975, -34.102216911999953 ], [ -61.184829, -34.102471 ], [ -61.188347, -34.105443 ], [ -61.189153, -34.106147 ], [ -61.189381, -34.106439 ], [ -61.189823891999943, -34.106818621999935 ], [ -61.195543010999984, -34.111720722999962 ], [ -61.19657, -34.112601 ], [ -61.196944, -34.112912 ], [ -61.197954146999969, -34.11374997099994 ], [ -61.202213966999977, -34.117283715999967 ], [ -61.204659, -34.119312 ], [ -61.205019, -34.119611 ], [ -61.205104, -34.119681 ], [ -61.209891, -34.125642 ], [ -61.210038415, -34.125526779999973 ], [ -61.210293056999937, -34.12532774899995 ], [ -61.211109, -34.12469 ], [ -61.214193977999969, -34.122201815999972 ], [ -61.216993503999959, -34.119943863999943 ], [ -61.21838508899998, -34.118821483999966 ], [ -61.229912527999943, -34.109524047999976 ], [ -61.230809, -34.108801 ], [ -61.234191631999984, -34.106063613999929 ], [ -61.23888741199994, -34.102263566999966 ], [ -61.244586, -34.097652 ], [ -61.255416, -34.088758 ], [ -61.260940199999943, -34.084242738999933 ], [ -61.26372188999995, -34.081969096999948 ], [ -61.274114, -34.073475 ], [ -61.275764788999943, -34.07210681399993 ], [ -61.281994, -34.066944 ], [ -61.291783559999935, -34.058828837999947 ], [ -61.293734, -34.057212 ], [ -61.311908, -34.041973 ], [ -61.319537, -34.035592 ], [ -61.323516365999978, -34.032261437999971 ], [ -61.325265882999986, -34.030797166999939 ], [ -61.329056, -34.027625 ], [ -61.330310953999962, -34.026586875999939 ], [ -61.331409408999946, -34.025678210999949 ], [ -61.312778789999982, -34.008404474999963 ], [ -61.237255149999953, -33.938381279999938 ], [ -61.185339238999973, -33.890048658999945 ], [ -61.125228833999984, -33.83404890199995 ], [ -61.125074101999985, -33.83390475199996 ], [ -61.102867573999958, -33.813216815999951 ], [ -61.101218115999977, -33.811680155999959 ], [ -61.088411660999952, -33.799749469999938 ], [ -60.975993438999986, -33.694336548999964 ], [ -60.972410010999972, -33.690976420999959 ], [ -60.967736801999934, -33.686562224999932 ], [ -60.966892524999935, -33.685764742999922 ], [ -60.938725737999967, -33.659159104999951 ], [ -60.93739338599994, -33.657900598999952 ], [ -60.937194361999957, -33.657712604999958 ], [ -60.934033209999932, -33.65472666099997 ], [ -60.934037386999933, -33.654707322999975 ], [ -60.934226439999975, -33.653832209999962 ], [ -60.933442098999926, -33.651988609999933 ], [ -60.933144998999978, -33.651958789999973 ], [ -60.932919199999958, -33.651710328999975 ], [ -60.932550269999979, -33.651379760999923 ], [ -60.932187819999967, -33.650849439999931 ], [ -60.932200929999965, -33.650587209999962 ], [ -60.932214040999945, -33.650442979999973 ], [ -60.932345159999954, -33.65039053899995 ], [ -60.932397608999963, -33.650259419999941 ], [ -60.932594279999932, -33.650102079999961 ], [ -60.932935179999959, -33.649813629999976 ], [ -60.93310562999995, -33.649616958999957 ], [ -60.933171188999957, -33.649433390999945 ], [ -60.93268605999998, -33.647794449999935 ], [ -60.932384490999937, -33.646981538999967 ], [ -60.932030479999987, -33.646548858999957 ], [ -60.931676469999957, -33.646273510999954 ], [ -60.931283120999979, -33.646076839999978 ], [ -60.930929109999965, -33.64568349099995 ], [ -60.929893299999954, -33.644647679999935 ], [ -60.929421288999947, -33.643992108999946 ], [ -60.929237720999943, -33.643624979999956 ], [ -60.928857489999977, -33.643126740999953 ], [ -60.928595259999959, -33.642982519999975 ], [ -60.928136358999957, -33.642641619999942 ], [ -60.927585669999985, -33.642156489999934 ], [ -60.927533220999983, -33.64156646999993 ], [ -60.926182738999955, -33.640727330999937 ], [ -60.925881169999975, -33.640307760999967 ], [ -60.925632049999926, -33.640137310999933 ], [ -60.925369819999958, -33.639875080999957 ], [ -60.924661799999967, -33.639442399999936 ], [ -60.923796438999936, -33.638826159999951 ], [ -60.923062189999932, -33.638223029999949 ], [ -60.922681958999988, -33.637711679999946 ], [ -60.922419728999948, -33.637528119999949 ], [ -60.922039489999982, -33.637410110999944 ], [ -60.921855929999936, -33.637121659999927 ], [ -60.921803479999944, -33.636649648999928 ], [ -60.921829708999958, -33.636387410999923 ], [ -60.921829708999958, -33.635954730999977 ], [ -60.92175103899995, -33.635469608999983 ], [ -60.921855839999985, -33.63516234999998 ], [ -60.922027159999971, -33.635019580999931 ], [ -60.922134239999941, -33.634876818999942 ], [ -60.922127099999948, -33.634655528999936 ], [ -60.922077129999941, -33.634491339999961 ], [ -60.92200575, -33.634355710999948 ], [ -60.922119959999968, -33.634134420999949 ], [ -60.922141378999981, -33.633884579999979 ], [ -60.921998609999946, -33.633641878999974 ], [ -60.921991469999966, -33.633327788999964 ], [ -60.921962919999942, -33.632685329999951 ], [ -60.921870119999937, -33.632449768999948 ], [ -60.92177017999996, -33.631964358999937 ], [ -60.921855839999985, -33.631564608999945 ], [ -60.92182728999996, -33.631264790999971 ], [ -60.921877259, -33.63119340999998 ], [ -60.921962919999942, -33.631157719999969 ], [ -60.922084269999971, -33.631007809999986 ], [ -60.922119959999968, -33.630836489999979 ], [ -60.922255589999963, -33.63072227899994 ], [ -60.922562539999944, -33.630550958999955 ], [ -60.922648199999969, -33.630415328999952 ], [ -60.922348389999968, -33.629994159999967 ], [ -60.922362668999938, -33.629694349999959 ], [ -60.922341249999924, -33.629601549999954 ], [ -60.921927228999948, -33.628459409999934 ], [ -60.921905809999942, -33.628088210999969 ], [ -60.921791598999967, -33.62768846099992 ], [ -60.921798730999974, -33.626888968999936 ], [ -60.921912949999985, -33.626367860999949 ], [ -60.922048579999966, -33.626082329999974 ], [ -60.922205619999943, -33.625861039999954 ], [ -60.922255589999963, -33.625461289999976 ], [ -60.92219848099996, -33.625332799999967 ], [ -60.922148518999961, -33.62523286 ], [ -60.922262729999943, -33.624697479999945 ], [ -60.922384079999972, -33.624269179999935 ], [ -60.922469739999947, -33.624126409999967 ], [ -60.922755279999933, -33.623990779999929 ], [ -60.922776689999978, -33.623733799999968 ], [ -60.922783829999958, -33.62363386 ], [ -60.922548260999982, -33.623241249999971 ], [ -60.922398359999931, -33.62314844999996 ], [ -60.922205619999943, -33.62294143999997 ], [ -60.922234178999979, -33.62271301 ], [ -60.922455468999942, -33.621927789999972 ], [ -60.922441189999972, -33.621342439999978 ], [ -60.922498298999983, -33.621121149999958 ], [ -60.92260537, -33.620971248999979 ], [ -60.922783829999958, -33.620907 ], [ -60.923019399999987, -33.620907 ], [ -60.923162168999966, -33.620849889999938 ], [ -60.923226409999984, -33.62061432899997 ], [ -60.923162168999966, -33.620478699999971 ], [ -60.923062229999978, -33.620314510999954 ], [ -60.923047949999955, -33.620093220999934 ], [ -60.923219269999954, -33.618744069999927 ], [ -60.92344769999994, -33.61842283999993 ], [ -60.923533359999965, -33.618130169999979 ], [ -60.923547639999988, -33.61767330999993 ], [ -60.923461979999963, -33.617052270999984 ], [ -60.923490529999981, -33.616324159999969 ], [ -60.923476250999954, -33.616074318999942 ], [ -60.923369179999959, -33.615881579999943 ], [ -60.923390590999979, -33.615596040999947 ], [ -60.923404869999956, -33.61538902999996 ], [ -60.923319209999939, -33.615189158999954 ], [ -60.923297798999954, -33.614982139999931 ], [ -60.923340628999945, -33.614760849999982 ], [ -60.923454839999984, -33.614439628999946 ], [ -60.923511949, -33.614303998999965 ], [ -60.923476250999954, -33.614211198999961 ], [ -60.923304930999954, -33.614018459999961 ], [ -60.92320499899995, -33.61384 ], [ -60.923162168999966, -33.613625849999941 ], [ -60.923112198999945, -33.613425978999935 ], [ -60.923147889999939, -33.613147579999968 ], [ -60.923090779999939, -33.612883459999985 ], [ -60.923047949999955, -33.612540818999953 ], [ -60.923033671, -33.612390909999917 ], [ -60.923019399999987, -33.612133929999963 ], [ -60.92295514999995, -33.611934049999945 ], [ -60.922662479999978, -33.611184519999938 ], [ -60.922533989999977, -33.610313639999951 ], [ -60.922569679999981, -33.609921029999946 ], [ -60.922648199999969, -33.609749709999953 ], [ -60.922576819999954, -33.609499860999968 ], [ -60.922448329999952, -33.609342819999938 ], [ -60.922369808999981, -33.609228608999963 ], [ -60.922398359999931, -33.609057280999927 ], [ -60.922526849999947, -33.608621839999962 ], [ -60.922612509999972, -33.6085576 ], [ -60.922583958999958, -33.608364859999938 ], [ -60.922448329999952, -33.608150709999961 ], [ -60.922469739999947, -33.607972249999925 ], [ -60.922398359999931, -33.607729548999941 ], [ -60.922284140999984, -33.607629609999947 ], [ -60.922119959999968, -33.607451149999974 ], [ -60.922119959999968, -33.607294100999972 ], [ -60.922177069999975, -33.60692290999998 ], [ -60.922284140999984, -33.606523159999938 ], [ -60.922227039999946, -33.606301869999974 ], [ -60.922048579999966, -33.606101990999946 ], [ -60.921670240999958, -33.605923530999988 ], [ -60.921520339999979, -33.605780768999978 ], [ -60.921520339999979, -33.605552339999967 ], [ -60.921570308999947, -33.605331049999961 ], [ -60.92152747899997, -33.604966989999973 ], [ -60.921398988999947, -33.604809948999957 ], [ -60.921363289999981, -33.604574379999967 ], [ -60.921470369999959, -33.60431739999995 ], [ -60.921848699999941, -33.603960479999948 ], [ -60.921970058999932, -33.60380343099996 ], [ -60.921998609999946, -33.603639249999958 ], [ -60.921855839999985, -33.603482209999974 ], [ -60.921401173999989, -33.603325057999932 ], [ -60.921346318999944, -33.60311934899994 ], [ -60.921377569999954, -33.60286117 ], [ -60.921283478999953, -33.60258696999994 ], [ -60.92131332099995, -33.60221157899997 ], [ -60.921053131999948, -33.601077034999946 ], [ -60.920934989999978, -33.600791038999958 ], [ -60.920984068999985, -33.600679050999929 ], [ -60.920757951, -33.599865029999933 ], [ -60.920585209999949, -33.59964175999994 ], [ -60.920413889999963, -33.598992160999956 ], [ -60.920414337999951, -33.598746990999985 ], [ -60.920449579999968, -33.598392539999971 ], [ -60.920435300999941, -33.598164109999971 ], [ -60.920392469999967, -33.598014208999984 ], [ -60.920235877999971, -33.597795206999933 ], [ -60.92016928299995, -33.597545479999951 ], [ -60.92020722999996, -33.597343878999943 ], [ -60.920363919999943, -33.597050520999957 ], [ -60.920328229999946, -33.596843509999921 ], [ -60.919914199999937, -33.596543699999977 ], [ -60.919857090999976, -33.596408069999939 ], [ -60.919849958999976, -33.596015459999926 ], [ -60.919750019999981, -33.595629988999967 ], [ -60.919493038999967, -33.594951839999965 ], [ -60.919393099999979, -33.594773379999921 ], [ -60.919371680999973, -33.594573508999929 ], [ -60.919428789999984, -33.594430739999957 ], [ -60.919764298999951, -33.594188029999941 ], [ -60.919721468999967, -33.593845389999956 ], [ -60.919778569999956, -33.593652650999942 ], [ -60.919935618999943, -33.59338853099996 ], [ -60.919992720999971, -33.593088719999969 ], [ -60.919892788999967, -33.592960229999967 ], [ -60.91964293999996, -33.592917399999976 ], [ -60.919421649999947, -33.592988780999974 ], [ -60.91915039099996, -33.592931678999946 ], [ -60.91895729799996, -33.592644449999966 ], [ -60.91890204799995, -33.592423448999959 ], [ -60.91881829799997, -33.592088451999984 ], [ -60.918993349999944, -33.591875198999965 ], [ -60.91898620999995, -33.59176097999994 ], [ -60.918921968999939, -33.591496859999943 ], [ -60.918893409999946, -33.59133981999998 ], [ -60.91898620999995, -33.591104249999958 ], [ -60.91904331999995, -33.590940069999924 ], [ -60.91904331999995, -33.590761609999952 ], [ -60.919029039999948, -33.590611699999954 ], [ -60.91886486, -33.590490349999982 ], [ -60.918707810999933, -33.59020481899995 ], [ -60.918615018999958, -33.590033490999922 ], [ -60.918465109999943, -33.589954969999951 ], [ -60.918300928999948, -33.589819339999963 ], [ -60.918272369999954, -33.589705129999963 ], [ -60.918243819999986, -33.589191160999981 ], [ -60.918329479999962, -33.58892704099997 ], [ -60.918300928999948, -33.588741448999933 ], [ -60.918108189999941, -33.588370249999969 ], [ -60.91754425999995, -33.587891979999938 ], [ -60.917030290999953, -33.587627859999927 ], [ -60.916730479999963, -33.587627859999948 ], [ -60.916465702999965, -33.587697676999937 ], [ -60.916252209999982, -33.587606440999927 ], [ -60.916145138999987, -33.587535059999936 ], [ -60.916102308999939, -33.587378018999964 ], [ -60.916097372999957, -33.587138126999939 ], [ -60.91598482899996, -33.586941170999971 ], [ -60.915188589999964, -33.585936059999931 ], [ -60.914810259999967, -33.585600559999932 ], [ -60.914360539999961, -33.585407819999936 ], [ -60.913982208999983, -33.585222220999974 ], [ -60.913853710999945, -33.585050899999942 ], [ -60.913853710999945, -33.584865300999979 ], [ -60.914303090999965, -33.584323078999937 ], [ -60.914417648999965, -33.584187159999949 ], [ -60.914410509999982, -33.584022978999933 ], [ -60.914353399999982, -33.583930178999928 ], [ -60.914160661, -33.583851650999982 ], [ -60.913917959999928, -33.583830239999934 ], [ -60.913760918999976, -33.583680329999943 ], [ -60.913575318999953, -33.583501870999953 ], [ -60.913489658999936, -33.583380519999935 ], [ -60.91350393099998, -33.583230610999969 ], [ -60.913546760999964, -33.583059290999984 ], [ -60.913453960999959, -33.582930799999922 ], [ -60.913189840999955, -33.582887969999945 ], [ -60.91294, -33.582780898999928 ], [ -60.912818649999963, -33.582630989999984 ], [ -60.912564337999974, -33.582573149 ], [ -60.912226159999925, -33.582595299999973 ], [ -60.912026289999972, -33.582509639999955 ], [ -60.911917349999953, -33.582413769999974 ], [ -60.911847829999942, -33.582352590999953 ], [ -60.911719339999941, -33.582031368999935 ], [ -60.911548018999952, -33.581860048999935 ], [ -60.911523672, -33.581831642999923 ], [ -60.911333868999975, -33.581610199999943 ], [ -60.91119109999994, -33.581324668999962 ], [ -60.911106933999967, -33.580992519999946 ], [ -60.910430998999971, -33.580894 ], [ -60.907145726999943, -33.583581508999934 ], [ -60.902308, -33.587539 ], [ -60.897592, -33.591327 ], [ -60.897553, -33.591296 ], [ -60.891932, -33.595913 ], [ -60.889873, -33.597643 ], [ -60.888444440999933, -33.598873770999944 ], [ -60.888089, -33.59918 ], [ -60.884859, -33.602074 ], [ -60.88402805, -33.602835602999946 ], [ -60.882115, -33.604589 ], [ -60.878106149999958, -33.608169637999936 ], [ -60.876423, -33.609673 ], [ -60.874632, -33.611361 ], [ -60.873003, -33.612931 ], [ -60.870537, -33.616294 ], [ -60.870455, -33.61644 ], [ -60.864503, -33.624317 ], [ -60.864313, -33.624366 ], [ -60.859046, -33.631309 ], [ -60.858801, -33.631928 ], [ -60.858566, -33.632264 ], [ -60.856304998999974, -33.635204313999971 ], [ -60.851197, -33.641847 ], [ -60.850428015999967, -33.642620191999974 ], [ -60.849630503999947, -33.64342206699996 ], [ -60.842972, -33.650117 ], [ -60.843107240999984, -33.650234238999936 ], [ -60.843265, -33.650371 ], [ -60.843197, -33.650426 ], [ -60.842267, -33.651203 ], [ -60.84185467399994, -33.651542280999927 ], [ -60.840590566999936, -33.652582446999922 ], [ -60.83796, -33.654747 ], [ -60.837050823999959, -33.655395427999956 ], [ -60.836919, -33.655498 ], [ -60.832646, -33.658541 ], [ -60.832525221999958, -33.658623668999958 ], [ -60.831635, -33.659233 ], [ -60.826933, -33.662733 ], [ -60.824756, -33.664436 ], [ -60.82121, -33.667072 ], [ -60.819028, -33.668679 ], [ -60.818691, -33.668941 ], [ -60.816328, -33.67067 ], [ -60.813461, -33.672783 ], [ -60.812625, -33.673401 ], [ -60.811403451999986, -33.674342721999942 ], [ -60.810809, -33.674801 ], [ -60.81283461299995, -33.676456126999945 ], [ -60.815008, -33.678232 ], [ -60.819683, -33.682001 ], [ -60.822389, -33.68409 ], [ -60.822773, -33.68439 ], [ -60.833928, -33.693572 ], [ -60.843961, -33.701887 ], [ -60.844304, -33.702199 ], [ -60.847745, -33.705073 ], [ -60.851835, -33.708485 ], [ -60.853338, -33.709732 ], [ -60.856024, -33.711984 ], [ -60.857461, -33.713181 ], [ -60.859049, -33.714503 ], [ -60.863175, -33.717941 ], [ -60.864293, -33.718873 ], [ -60.864601998999944, -33.71913 ], [ -60.875786, -33.728402 ], [ -60.87975499899995, -33.731718 ], [ -60.88357, -33.734888 ], [ -60.883857, -33.735124 ], [ -60.887486, -33.738113 ], [ -60.894743626999976, -33.744127997999954 ], [ -60.895736573999955, -33.744950935999938 ], [ -60.900854998999932, -33.749193 ], [ -60.901015774999969, -33.749344639999947 ], [ -60.90102368799996, -33.749352103999968 ], [ -60.900608467999973, -33.749693936999961 ], [ -60.899600356999947, -33.750493055999989 ], [ -60.897631070999978, -33.752054088999969 ], [ -60.888446, -33.759335 ], [ -60.87455, -33.770378 ], [ -60.869737, -33.774219 ], [ -60.861294, -33.780965 ], [ -60.864005, -33.783467 ], [ -60.870694080999954, -33.789623291999924 ], [ -60.873961, -33.79263 ], [ -60.87462200899995, -33.79323021099998 ], [ -60.88018, -33.798277 ], [ -60.881965515999987, -33.799926358999976 ], [ -60.886068, -33.803716 ], [ -60.890261, -33.807524 ], [ -60.89461, -33.811459 ], [ -60.900053, -33.816471 ], [ -60.905394, -33.821487 ], [ -60.911131, -33.826913 ], [ -60.915382, -33.830939 ], [ -60.917278, -33.83277 ], [ -60.920093, -33.835492 ], [ -60.921762218999966, -33.837140661999953 ], [ -60.922935, -33.838299 ], [ -60.929274, -33.844142 ], [ -60.929318830999932, -33.84418433299993 ], [ -60.933582, -33.84821 ], [ -60.938551, -33.852847 ], [ -60.942796, -33.85686 ], [ -60.942641, -33.856949 ], [ -60.92699245599993, -33.869950148999969 ], [ -60.922668, -33.873543 ], [ -60.9174, -33.877919 ], [ -60.917711, -33.878188 ], [ -60.917306, -33.87851 ], [ -60.915088763999968, -33.880305288999971 ], [ -60.914831, -33.880514 ], [ -60.914525, -33.880761 ], [ -60.914048848999983, -33.881146838999939 ], [ -60.913402, -33.881671 ], [ -60.911694, -33.883053 ], [ -60.908849, -33.885391 ], [ -60.906571167999971, -33.887264191999968 ], [ -60.906516924999949, -33.887308798999975 ] ] ] ] } },
{ "type": "Feature", "properties": { "id": null }, "geometry": { "type": "MultiPolygon", "coordinates": [ [ [ [ -61.246724, -34.668183 ], [ -61.226173, -34.685152 ], [ -61.218203, -34.691597 ], [ -61.216094, -34.693252 ], [ -61.205683765999943, -34.701715470999957 ], [ -61.204736, -34.702486 ], [ -61.208804227999956, -34.705874786999971 ], [ -61.211502, -34.708122 ], [ -61.217759, -34.713357 ], [ -61.219605, -34.714899 ], [ -61.222551, -34.717368 ], [ -61.215318998999983, -34.723432 ], [ -61.212581338999939, -34.725738346999947 ], [ -61.21, -34.727913 ], [ -61.203099, -34.733742 ], [ -61.202588, -34.734141 ], [ -61.202059, -34.734613 ], [ -61.201702, -34.734922 ], [ -61.196050216999936, -34.739656718999981 ], [ -61.18831, -34.746141 ], [ -61.187776, -34.746611 ], [ -61.185606, -34.748421 ], [ -61.175340998999957, -34.757047 ], [ -61.172899729999983, -34.759082636999942 ], [ -61.152296245999935, -34.776262717999941 ], [ -61.151998516999974, -34.776510977999976 ], [ -61.151757174999943, -34.776712218999933 ], [ -61.151439075999981, -34.776977462999966 ], [ -61.151165, -34.777206 ], [ -61.16085, -34.785 ], [ -61.164132, -34.78761 ], [ -61.169381, -34.791818 ], [ -61.182368, -34.802214 ], [ -61.175433, -34.807965 ], [ -61.174450540999949, -34.80877158199997 ], [ -61.168618, -34.81356 ], [ -61.166879677999987, -34.81496026699994 ], [ -61.162576, -34.818427 ], [ -61.162238, -34.818751 ], [ -61.161948011999982, -34.818991580999977 ], [ -61.158147, -34.822145 ], [ -61.155639576999931, -34.824148313999963 ], [ -61.15184, -34.827184 ], [ -61.146027, -34.831975 ], [ -61.145211790999952, -34.832671324999971 ], [ -61.145183947999953, -34.832695106999942 ], [ -61.145067, -34.832795 ], [ -61.139625, -34.837475 ], [ -61.137106, -34.839718 ], [ -61.131278, -34.844473 ], [ -61.128168161999959, -34.84701528599993 ], [ -61.127689, -34.847407 ], [ -61.12822, -34.847865 ], [ -61.134085, -34.852897 ], [ -61.140206, -34.858139 ], [ -61.142020498999955, -34.859693254999975 ], [ -61.143225, -34.860725 ], [ -61.146068998999958, -34.86317 ], [ -61.153344, -34.869477 ], [ -61.153878, -34.869923 ], [ -61.162313, -34.87726 ], [ -61.163049, -34.877898 ], [ -61.171622, -34.885301 ], [ -61.17863907199996, -34.891358701999934 ], [ -61.179929, -34.890314 ], [ -61.179940616999943, -34.890323552999966 ], [ -61.191273998999982, -34.899644 ], [ -61.19593, -34.903498 ], [ -61.196293, -34.903816 ], [ -61.202252998999946, -34.908658 ], [ -61.205136, -34.91103 ], [ -61.205891, -34.911619 ], [ -61.206162, -34.911839 ], [ -61.207032, -34.912591 ], [ -61.215166, -34.919149 ], [ -61.219614724999978, -34.922766555999935 ], [ -61.222852, -34.925399 ], [ -61.223187, -34.925673 ], [ -61.232324998999957, -34.93314 ], [ -61.254155927999932, -34.951208069999943 ], [ -61.257748, -34.954181 ], [ -61.259009, -34.955245 ], [ -61.273118, -34.966922 ], [ -61.279068, -34.971842 ], [ -61.286479, -34.978012 ], [ -61.293867, -34.98406 ], [ -61.294282212, -34.984394694999935 ], [ -61.298863998999934, -34.988088 ], [ -61.310048, -34.997035 ], [ -61.319016, -35.00445 ], [ -61.319750114999984, -35.005053343999975 ], [ -61.328913, -35.012584 ], [ -61.340145, -35.022034 ], [ -61.349128, -35.02956 ], [ -61.3602, -35.038796 ], [ -61.360544, -35.039107 ], [ -61.392122, -35.065308 ], [ -61.40697, -35.077533 ], [ -61.407872, -35.078323 ], [ -61.412355800999933, -35.081943659999979 ], [ -61.419662682999956, -35.08784395199995 ], [ -61.419742, -35.087908 ], [ -61.419417, -35.088226 ], [ -61.406694828999953, -35.098759572999938 ], [ -61.405931, -35.099392 ], [ -61.399302, -35.104839 ], [ -61.391004, -35.111691 ], [ -61.386497, -35.115416 ], [ -61.384079, -35.117401 ], [ -61.380779, -35.12011 ], [ -61.372064, -35.127254 ], [ -61.361888, -35.135622 ], [ -61.360798, -35.136522 ], [ -61.360408, -35.136817 ], [ -61.35038283899997, -35.145046965999931 ], [ -61.345263, -35.14925 ], [ -61.344929, -35.14954 ], [ -61.341792, -35.152122 ], [ -61.341213, -35.152529 ], [ -61.335146, -35.157503 ], [ -61.335051944999982, -35.157579274999925 ], [ -61.325354, -35.165444 ], [ -61.324997, -35.16572 ], [ -61.315623, -35.173241 ], [ -61.315283998999973, -35.173513 ], [ -61.31133, -35.176742 ], [ -61.305549, -35.181433 ], [ -61.300941158999933, -35.185201864999947 ], [ -61.300952136999967, -35.185211133999928 ], [ -61.305259429999985, -35.188847660999954 ], [ -61.308401, -35.1915 ], [ -61.31676, -35.19856 ], [ -61.318092, -35.199691 ], [ -61.320657, -35.201861 ], [ -61.324142, -35.204792 ], [ -61.330099, -35.209809 ], [ -61.332587, -35.211897 ], [ -61.336523963999987, -35.215174071999975 ], [ -61.338917, -35.217166 ], [ -61.339956, -35.218035 ], [ -61.347222, -35.224082 ], [ -61.348468, -35.225106 ], [ -61.350389, -35.226685 ], [ -61.352081, -35.228075 ], [ -61.354362, -35.229947 ], [ -61.358166, -35.233079 ], [ -61.36029705899994, -35.234847823999921 ], [ -61.360984, -35.235418 ], [ -61.365186, -35.238906 ], [ -61.369592, -35.242531 ], [ -61.369954, -35.242828 ], [ -61.370735, -35.243469 ], [ -61.376605, -35.248293 ], [ -61.380417, -35.251438 ], [ -61.381121, -35.252018 ], [ -61.383713308999972, -35.254162078999968 ], [ -61.385661, -35.255773 ], [ -61.386707, -35.25664 ], [ -61.391084, -35.260268 ], [ -61.393231, -35.262047 ], [ -61.396959, -35.265188 ], [ -61.397112, -35.265317 ], [ -61.400841, -35.268458 ], [ -61.40457, -35.271599 ], [ -61.404723, -35.271728 ], [ -61.407019, -35.273661 ], [ -61.413221998999973, -35.278877 ], [ -61.413452, -35.279071 ], [ -61.417688, -35.282638 ], [ -61.417842, -35.282767 ], [ -61.420932, -35.285368 ], [ -61.421085, -35.285497 ], [ -61.421915, -35.286196 ], [ -61.42203, -35.286293 ], [ -61.42286, -35.286991 ], [ -61.422975, -35.287088 ], [ -61.424739, -35.288573 ], [ -61.424854, -35.288669 ], [ -61.425955, -35.289596 ], [ -61.42607, -35.289693 ], [ -61.427172, -35.29062 ], [ -61.427287, -35.290717 ], [ -61.429435, -35.292525 ], [ -61.429323, -35.292689 ], [ -61.431317, -35.294367 ], [ -61.432207, -35.295098 ], [ -61.43264, -35.295481 ], [ -61.438466, -35.300383 ], [ -61.438584, -35.300446 ], [ -61.438687, -35.300516 ], [ -61.445606, -35.306309 ], [ -61.446988, -35.307475 ], [ -61.452048998999949, -35.311704 ], [ -61.452399998999965, -35.311997 ], [ -61.453298, -35.312747 ], [ -61.460926, -35.31912 ], [ -61.461363, -35.318801 ], [ -61.470998242999947, -35.32664742999998 ], [ -61.471413998999928, -35.326986 ], [ -61.471816, -35.327313 ], [ -61.483178, -35.336555 ], [ -61.484762, -35.337847 ], [ -61.498416561999932, -35.349649211999974 ], [ -61.50022, -35.351208 ], [ -61.503987, -35.354466 ], [ -61.511353, -35.360835 ], [ -61.515343, -35.364284 ], [ -61.515693, -35.364587 ], [ -61.523936, -35.371712 ], [ -61.530374144999939, -35.377204039999981 ], [ -61.530897719999984, -35.377650674999984 ], [ -61.531714, -35.378347 ], [ -61.531743862999974, -35.378372382999942 ], [ -61.531934, -35.378534 ], [ -61.53188, -35.378576 ], [ -61.531947792999965, -35.378525770999943 ], [ -61.5321, -35.378413 ], [ -61.533918177999972, -35.380160971999942 ], [ -61.53513, -35.381326 ], [ -61.53522271199995, -35.381243588999943 ], [ -61.535544, -35.380958 ], [ -61.547827, -35.391101 ], [ -61.548106, -35.391494 ], [ -61.558254999, -35.399754 ], [ -61.558433, -35.400081 ], [ -61.566578, -35.406581 ], [ -61.566805, -35.406993 ], [ -61.569688, -35.409362 ], [ -61.57499556199997, -35.41373570199994 ], [ -61.577355, -35.41568 ], [ -61.583016, -35.420358 ], [ -61.587811, -35.424292 ], [ -61.599896, -35.434348 ], [ -61.605465, -35.438961 ], [ -61.605824, -35.439126 ], [ -61.615517, -35.447068 ], [ -61.616008, -35.447468 ], [ -61.621406, -35.451869 ], [ -61.623557, -35.453614 ], [ -61.623643, -35.453839 ], [ -61.632988, -35.461552 ], [ -61.633351, -35.461825 ], [ -61.634508, -35.462774 ], [ -61.641218, -35.468279 ], [ -61.649128, -35.474792 ], [ -61.650589, -35.476001 ], [ -61.650917, -35.476292 ], [ -61.660965, -35.484535 ], [ -61.665058, -35.487861 ], [ -61.673747, -35.495011 ], [ -61.673962, -35.495417 ], [ -61.687545, -35.50691 ], [ -61.688757, -35.507969 ], [ -61.691138998999975, -35.510007 ], [ -61.696408, -35.514434 ], [ -61.697436, -35.515305 ], [ -61.700920909999979, -35.518236345999973 ], [ -61.724739, -35.537384 ], [ -61.732453, -35.543754 ], [ -61.735680018999979, -35.546430750999953 ], [ -61.736693, -35.547271 ], [ -61.73681, -35.547367 ], [ -61.737329, -35.547794 ], [ -61.740376710999961, -35.550344075999931 ], [ -61.742350998999939, -35.551996 ], [ -61.74361799899998, -35.553009 ], [ -61.744014657999969, -35.553342780999962 ], [ -61.745479, -35.554575 ], [ -61.74673, -35.5556 ], [ -61.748818, -35.557392 ], [ -61.751401, -35.559495 ], [ -61.758285508999968, -35.565061602999954 ], [ -61.759383, -35.565949 ], [ -61.771377, -35.575724 ], [ -61.778888, -35.581869 ], [ -61.783275157999981, -35.585449353999934 ], [ -61.783495, -35.585282 ], [ -61.80653222799998, -35.566930993999954 ], [ -61.807475, -35.56618 ], [ -61.80763, -35.566056 ], [ -61.807712355999968, -35.565969392999939 ], [ -61.807785, -35.565893 ], [ -61.808307, -35.565409 ], [ -61.820101122999979, -35.555874685999974 ], [ -61.826031, -35.551081 ], [ -61.826596675999951, -35.550581930999954 ], [ -61.826616998999945, -35.550564 ], [ -61.826744780999945, -35.550461249999948 ], [ -61.826744803999986, -35.550461230999936 ], [ -61.826744826999978, -35.550461212999956 ], [ -61.830096301999959, -35.547766270999936 ], [ -61.844979, -35.535799 ], [ -61.847112226999968, -35.534068458999975 ], [ -61.858056237999961, -35.525190333999944 ], [ -61.85827556199996, -35.52501241099997 ], [ -61.863448142999964, -35.520816250999921 ], [ -61.865671, -35.519013 ], [ -61.874815, -35.511633 ], [ -61.875263, -35.51129 ], [ -61.898341, -35.492139 ], [ -61.898972733999983, -35.491607929999923 ], [ -61.898972753999949, -35.491607913999928 ], [ -61.903480326999947, -35.487818603999983 ], [ -61.906309, -35.485611 ], [ -61.906692, -35.485303 ], [ -61.937724, -35.459342 ], [ -61.948844, -35.45018 ], [ -61.949196, -35.449911 ], [ -61.953591998999961, -35.446296 ], [ -61.956083, -35.44429 ], [ -61.963441, -35.438258 ], [ -61.963741, -35.438044 ], [ -61.967247, -35.435157 ], [ -61.971092, -35.431993 ], [ -61.978128, -35.42623 ], [ -61.978478, -35.425944 ], [ -61.985799, -35.419873 ], [ -61.993307, -35.413696 ], [ -61.993488, -35.413548 ], [ -61.998364, -35.409556 ], [ -61.999751998999955, -35.408386 ], [ -62.004533, -35.404285 ], [ -62.006987998999925, -35.402145 ], [ -62.007255, -35.401931 ], [ -62.010111, -35.399582 ], [ -62.010338, -35.399403 ], [ -62.016320437999987, -35.394623791999948 ], [ -62.02063, -35.391181 ], [ -62.027128, -35.38601 ], [ -62.029625, -35.384025 ], [ -62.029180169999961, -35.383438260999981 ], [ -62.029136, -35.38338 ], [ -62.029338, -35.383224 ], [ -62.04533, -35.370021 ], [ -62.045832, -35.369609 ], [ -62.053173, -35.363556 ], [ -62.058412, -35.359244 ], [ -62.062995998999952, -35.355417 ], [ -62.078144, -35.342897 ], [ -62.079713, -35.341549 ], [ -62.089452, -35.333664 ], [ -62.097501, -35.327223 ], [ -62.099209, -35.325782 ], [ -62.114741, -35.312852 ], [ -62.123707, -35.30536 ], [ -62.128781, -35.301125 ], [ -62.132343, -35.298089 ], [ -62.140821, -35.291067 ], [ -62.149282, -35.28393 ], [ -62.149079567999927, -35.283769282999963 ], [ -62.145065, -35.280582 ], [ -62.145240159999965, -35.280447304999932 ], [ -62.146, -35.279863 ], [ -62.146213, -35.279692 ], [ -62.150685, -35.275953 ], [ -62.155387, -35.272069 ], [ -62.157487, -35.270318 ], [ -62.160189, -35.268064 ], [ -62.163348, -35.265413 ], [ -62.166575, -35.262796 ], [ -62.171945384999958, -35.258317532999968 ], [ -62.172265, -35.258051 ], [ -62.17259, -35.257779 ], [ -62.172787036999978, -35.25792579899997 ], [ -62.178866, -35.252819 ], [ -62.179792, -35.252056 ], [ -62.183433, -35.248985 ], [ -62.18723, -35.245815 ], [ -62.191059, -35.242591 ], [ -62.191308, -35.242396 ], [ -62.195157, -35.239134 ], [ -62.195423, -35.238909 ], [ -62.195657, -35.238711 ], [ -62.201233, -35.234088 ], [ -62.202648, -35.232868 ], [ -62.2072, -35.229093 ], [ -62.210367, -35.226424 ], [ -62.213002998999976, -35.224195 ], [ -62.2189, -35.219316 ], [ -62.224749, -35.214386 ], [ -62.225018, -35.214139 ], [ -62.224730166999954, -35.213902947999934 ], [ -62.216664552999987, -35.207288336999966 ], [ -62.210043, -35.201858 ], [ -62.210447, -35.201544 ], [ -62.211177030999984, -35.200925422999937 ], [ -62.217056, -35.195944 ], [ -62.223272, -35.190652 ], [ -62.224186, -35.189879 ], [ -62.224287110999974, -35.189962108999964 ], [ -62.224523, -35.190156 ], [ -62.225165240999956, -35.189608405999941 ], [ -62.225268998999972, -35.189694 ], [ -62.231314998999949, -35.184538 ], [ -62.239144, -35.177862 ], [ -62.244383, -35.173383 ], [ -62.247890724999934, -35.170348022999974 ], [ -62.255216, -35.16401 ], [ -62.256397, -35.162976 ], [ -62.256602, -35.162814 ], [ -62.266685, -35.154762 ], [ -62.267981, -35.153743 ], [ -62.26868573999996, -35.153217844 ], [ -62.268745611, -35.153172778999931 ], [ -62.270500414999958, -35.151851986999922 ], [ -62.270612, -35.151768 ], [ -62.26068868599998, -35.143812590999957 ], [ -62.260688657999935, -35.143812567999916 ], [ -62.234172415999979, -35.122554796999964 ], [ -62.231013, -35.120042 ], [ -62.228271, -35.117792 ], [ -62.227411, -35.117086 ], [ -62.218365998999957, -35.109662 ], [ -62.212879210999979, -35.105225322999949 ], [ -62.20882, -35.101943 ], [ -62.208561, -35.101611 ], [ -62.205476, -35.099097 ], [ -62.202389, -35.096581 ], [ -62.202027, -35.09631 ], [ -62.198999, -35.093859 ], [ -62.190621, -35.08706 ], [ -62.184108, -35.0817 ], [ -62.183757, -35.081398 ], [ -62.177889, -35.076597 ], [ -62.177642, -35.07642 ], [ -62.171587, -35.071511 ], [ -62.166223, -35.067128 ], [ -62.166112, -35.066904 ], [ -62.16601, -35.066643 ], [ -62.166266986999979, -35.066433734999976 ], [ -62.169618, -35.063705 ], [ -62.174011, -35.060125 ], [ -62.175817, -35.058625 ], [ -62.178996, -35.055983 ], [ -62.182579998999984, -35.053004 ], [ -62.185372, -35.0507 ], [ -62.185232825999947, -35.050587220999937 ], [ -62.181971, -35.047944 ], [ -62.167046, -35.035722 ], [ -62.166652, -35.035492 ], [ -62.159603, -35.02976 ], [ -62.149127, -35.021328 ], [ -62.144795, -35.017831 ], [ -62.144228, -35.017372 ], [ -62.139885, -35.013838 ], [ -62.136834, -35.011335 ], [ -62.133350427999972, -35.00853392199997 ], [ -62.125162694999972, -35.001950309999984 ], [ -62.124635, -35.001526 ], [ -62.12434, -35.001282 ], [ -62.114668, -34.993142 ], [ -62.109731, -34.988994 ], [ -62.104559, -34.984689 ], [ -62.104229, -34.984403 ], [ -62.095123, -34.977045 ], [ -62.089611499999933, -34.97254449999997 ], [ -62.0841, -34.968044 ], [ -62.073870305999947, -34.959643861999957 ], [ -62.068604652999973, -34.955319957999954 ], [ -62.063015, -34.95073 ], [ -62.062561, -34.950364 ], [ -62.0529, -34.942454 ], [ -62.043365, -34.934623 ], [ -62.03745, -34.929748 ], [ -62.034356, -34.927224 ], [ -62.032517, -34.925723 ], [ -62.028255037999934, -34.922246883999954 ], [ -62.024268, -34.918995 ], [ -62.011994, -34.909043 ], [ -62.003893, -34.902441 ], [ -61.993994, -34.894886 ], [ -61.98326048399997, -34.886080618999976 ], [ -61.983231958999973, -34.886057217999955 ], [ -61.9832, -34.886031 ], [ -61.982692, -34.886425 ], [ -61.978351, -34.890079 ], [ -61.977400022999973, -34.890872361999982 ], [ -61.97739999199996, -34.890872386999945 ], [ -61.977399961999943, -34.89087241199995 ], [ -61.969892, -34.897136 ], [ -61.942861, -34.919565 ], [ -61.942376, -34.919985 ], [ -61.942889, -34.920412 ], [ -61.939055, -34.923487 ], [ -61.937491099999924, -34.924749725999966 ], [ -61.927278, -34.932996 ], [ -61.921241, -34.937825 ], [ -61.920866, -34.938147 ], [ -61.91685, -34.941429 ], [ -61.903374535999951, -34.952226341999953 ], [ -61.902716, -34.952754 ], [ -61.902123, -34.952314 ], [ -61.898057, -34.949104 ], [ -61.893431, -34.945357 ], [ -61.884107998999987, -34.937806 ], [ -61.879292, -34.933985 ], [ -61.878469, -34.933307 ], [ -61.877691998999985, -34.93269 ], [ -61.872181, -34.928152 ], [ -61.862809, -34.920557 ], [ -61.862219, -34.920016 ], [ -61.856172, -34.915071 ], [ -61.84965, -34.909826 ], [ -61.842176, -34.903794 ], [ -61.837837453999953, -34.900276309999981 ], [ -61.837472, -34.89998 ], [ -61.836197, -34.898969 ], [ -61.829138, -34.893169 ], [ -61.819210293999959, -34.884886870999942 ], [ -61.817241, -34.883244 ], [ -61.815889, -34.882167 ], [ -61.803842, -34.872558 ], [ -61.8011, -34.87037 ], [ -61.800749, -34.870063 ], [ -61.795869580999977, -34.86556821299996 ], [ -61.79295355499994, -34.862882049999932 ], [ -61.791095, -34.86117 ], [ -61.785283, -34.856071 ], [ -61.771986, -34.845761 ], [ -61.771475, -34.845391 ], [ -61.765726, -34.840831 ], [ -61.765361, -34.840553 ], [ -61.754089, -34.831124 ], [ -61.741788031999924, -34.821195439999933 ], [ -61.740665, -34.820289 ], [ -61.741215, -34.819815 ], [ -61.744308400999955, -34.817338477999954 ], [ -61.745337, -34.816515 ], [ -61.742616, -34.814298 ], [ -61.740137356999981, -34.813994385999926 ], [ -61.739775, -34.81395 ], [ -61.73438, -34.809731 ], [ -61.732440880999953, -34.808191168999933 ], [ -61.730422, -34.806588 ], [ -61.72538, -34.802612 ], [ -61.724209, -34.801668 ], [ -61.722877381999979, -34.800609524999963 ], [ -61.713273998999966, -34.792976 ], [ -61.704963, -34.786236 ], [ -61.703481, -34.785023 ], [ -61.683869, -34.769197 ], [ -61.673472, -34.760952 ], [ -61.674032482999955, -34.76047937699996 ], [ -61.685516, -34.750796 ], [ -61.693175, -34.744289 ], [ -61.702581, -34.736312 ], [ -61.705037, -34.734236 ], [ -61.709357161999939, -34.730503775999971 ], [ -61.71150741799994, -34.728646150999964 ], [ -61.712723, -34.727596 ], [ -61.714585, -34.725999 ], [ -61.716837138999949, -34.724077221999949 ], [ -61.720291, -34.72113 ], [ -61.72741, -34.715054 ], [ -61.742778998999945, -34.701863 ], [ -61.743509819999979, -34.701249638999954 ], [ -61.756237, -34.690568 ], [ -61.765058, -34.683124 ], [ -61.765436, -34.682788 ], [ -61.772899, -34.676405 ], [ -61.772631, -34.676189 ], [ -61.755845, -34.662858 ], [ -61.743545, -34.652943 ], [ -61.742458, -34.652091 ], [ -61.733199, -34.644839 ], [ -61.732489, -34.644277 ], [ -61.727663100999962, -34.640514019999955 ], [ -61.726959, -34.639965 ], [ -61.726688, -34.639741 ], [ -61.725335, -34.638693 ], [ -61.720469998999988, -34.634887 ], [ -61.720116206999933, -34.63460948799996 ], [ -61.713077, -34.629088 ], [ -61.712429, -34.628596 ], [ -61.711613, -34.628025 ], [ -61.648616396999955, -34.680308194999959 ], [ -61.645006475999935, -34.683304201999931 ], [ -61.644585, -34.683654 ], [ -61.630457, -34.671979 ], [ -61.62897951299994, -34.670769504999953 ], [ -61.623968, -34.666667 ], [ -61.617556, -34.66146 ], [ -61.61170556899998, -34.656769211 ], [ -61.611629379999954, -34.656708123999969 ], [ -61.611618, -34.656699 ], [ -61.608234374999938, -34.659619223999982 ], [ -61.604842, -34.662547 ], [ -61.604527, -34.662826 ], [ -61.597947, -34.668441 ], [ -61.597610071999959, -34.668709751999977 ], [ -61.597606, -34.668713 ], [ -61.584713, -34.658716 ], [ -61.581172, -34.655861 ], [ -61.575453, -34.651205 ], [ -61.56459, -34.642219 ], [ -61.545388, -34.626603 ], [ -61.528869, -34.613231 ], [ -61.516416367999966, -34.603210147999953 ], [ -61.516404998999967, -34.603201 ], [ -61.516267840999944, -34.603319264999989 ], [ -61.516209, -34.60337 ], [ -61.500292932999969, -34.616653731999975 ], [ -61.495736, -34.620457 ], [ -61.495301, -34.620863 ], [ -61.485892, -34.628846 ], [ -61.481616939999981, -34.632451329999988 ], [ -61.480479, -34.633411 ], [ -61.479595, -34.634151 ], [ -61.475684, -34.637303 ], [ -61.475302, -34.637633 ], [ -61.470776, -34.641562 ], [ -61.466081, -34.64568 ], [ -61.463175, -34.648221 ], [ -61.459732, -34.651215 ], [ -61.456288, -34.654152 ], [ -61.456012, -34.654441 ], [ -61.451512, -34.658224 ], [ -61.446835, -34.662151 ], [ -61.437182099, -34.670502973999923 ], [ -61.436677, -34.67094 ], [ -61.436414699999951, -34.671158911999946 ], [ -61.436411, -34.671162 ], [ -61.430113, -34.666097 ], [ -61.417490702999942, -34.655831637999938 ], [ -61.410523, -34.650165 ], [ -61.410289, -34.649975 ], [ -61.407712, -34.647881 ], [ -61.405307, -34.645926 ], [ -61.404958, -34.645628 ], [ -61.396242, -34.638566 ], [ -61.395901, -34.63834 ], [ -61.39096821399994, -34.634364553999944 ], [ -61.383012312999938, -34.627952708999942 ], [ -61.382940594999987, -34.627894910999935 ], [ -61.382901, -34.627863 ], [ -61.376969, -34.623081 ], [ -61.369172, -34.616766 ], [ -61.359572998999958, -34.609037 ], [ -61.355961, -34.606116 ], [ -61.354079652999985, -34.604597867999978 ], [ -61.351061, -34.602162 ], [ -61.347704, -34.599459 ], [ -61.343941449999939, -34.596482709999961 ], [ -61.340937586999985, -34.594106563999951 ], [ -61.338607, -34.592263 ], [ -61.33848356499994, -34.592168823999934 ], [ -61.336126862999954, -34.594106563999951 ], [ -61.333209783999969, -34.596505060999945 ], [ -61.329306848999984, -34.599714152999987 ], [ -61.324233, -34.603886 ], [ -61.314619, -34.611837 ], [ -61.313696028999964, -34.612597809999954 ], [ -61.305711236999961, -34.619179721999956 ], [ -61.291135, -34.631195 ], [ -61.28155, -34.639025 ], [ -61.262877, -34.654512 ], [ -61.248893328999941, -34.666347 ], [ -61.246724, -34.668183 ] ] ] ] } },
{ "type": "Feature", "properties": { "id": null }, "geometry": { "type": "MultiPolygon", "coordinates": [ [ [ [ -60.904151, -34.810719 ], [ -60.903991, -34.810841 ], [ -60.886476, -34.795935 ], [ -60.878699536999932, -34.789286420999929 ], [ -60.875734, -34.786751 ], [ -60.874941, -34.786051 ], [ -60.873230232999958, -34.784408525999943 ], [ -60.872460998999948, -34.78367 ], [ -60.867874, -34.77951 ], [ -60.8671, -34.779267 ], [ -60.865879, -34.777437 ], [ -60.85534598899995, -34.768305700999974 ], [ -60.849248105999948, -34.763019311999969 ], [ -60.840169614999979, -34.770015053999941 ], [ -60.839292793999959, -34.770690718999958 ], [ -60.838957875999938, -34.770944108999963 ], [ -60.837643986999986, -34.771938161999962 ], [ -60.837552998999968, -34.772007 ], [ -60.837317356999954, -34.772194518999981 ], [ -60.836843, -34.772572 ], [ -60.835883, -34.77333 ], [ -60.835367, -34.773773 ], [ -60.834711509999984, -34.774291165999948 ], [ -60.83383, -34.774988 ], [ -60.831003, -34.777318 ], [ -60.829783, -34.778323 ], [ -60.827221, -34.780379 ], [ -60.823983, -34.783014 ], [ -60.82146, -34.785014 ], [ -60.817741, -34.788041 ], [ -60.816319336999982, -34.789157379999942 ], [ -60.815841, -34.789533 ], [ -60.815683, -34.789652 ], [ -60.812963981999978, -34.791865912999981 ], [ -60.812353226999967, -34.792357222999939 ], [ -60.811372122999948, -34.793146452999956 ], [ -60.810684, -34.7937 ], [ -60.808690019999972, -34.795306564999962 ], [ -60.807215, -34.796495 ], [ -60.80689, -34.796736 ], [ -60.803305, -34.799478 ], [ -60.802607, -34.80005 ], [ -60.799609, -34.802435 ], [ -60.796303, -34.805062 ], [ -60.796052, -34.805244 ], [ -60.795577055999964, -34.805619181999916 ], [ -60.792848, -34.807775 ], [ -60.79062, -34.809544 ], [ -60.789583, -34.810346 ], [ -60.787682705999941, -34.811977245999977 ], [ -60.786221, -34.813232 ], [ -60.78588, -34.8135 ], [ -60.783265, -34.815528 ], [ -60.776216, -34.821119 ], [ -60.767245, -34.828122 ], [ -60.765067549999969, -34.829703663999965 ], [ -60.759168, -34.833989 ], [ -60.758264773999947, -34.834663078999931 ], [ -60.756058, -34.83631 ], [ -60.755734, -34.83656 ], [ -60.752856, -34.838732 ], [ -60.746015, -34.843949 ], [ -60.745267412999958, -34.844538081999929 ], [ -60.739327, -34.849219 ], [ -60.734571, -34.853017 ], [ -60.734353, -34.85318 ], [ -60.734181, -34.853348 ], [ -60.729239, -34.857146 ], [ -60.725325749999975, -34.860171861999959 ], [ -60.723955998999941, -34.861231 ], [ -60.728222, -34.864973 ], [ -60.73176, -34.868139 ], [ -60.735946, -34.871801 ], [ -60.740179, -34.875541 ], [ -60.740599, -34.875866 ], [ -60.742383, -34.877464 ], [ -60.743792, -34.878658 ], [ -60.744771, -34.879078 ], [ -60.747197, -34.881197 ], [ -60.749066, -34.882836 ], [ -60.751723, -34.884872 ], [ -60.75316, -34.886082 ], [ -60.75373, -34.886581 ], [ -60.754004, -34.886821 ], [ -60.756795, -34.889276 ], [ -60.757193, -34.88961 ], [ -60.757652, -34.889999 ], [ -60.760742, -34.892694 ], [ -60.761414, -34.893208 ], [ -60.761773, -34.893525 ], [ -60.761911, -34.893647 ], [ -60.763847, -34.895347 ], [ -60.764058, -34.89555 ], [ -60.777224, -34.906935 ], [ -60.780268, -34.909582 ], [ -60.781282, -34.910387 ], [ -60.781682146999962, -34.910735493999937 ], [ -60.787952, -34.916196 ], [ -60.791684, -34.919405 ], [ -60.792902, -34.920437 ], [ -60.795329, -34.922497 ], [ -60.795753, -34.922857 ], [ -60.798405, -34.925158 ], [ -60.802566, -34.92872 ], [ -60.802748, -34.928884 ], [ -60.802929, -34.929048 ], [ -60.807381, -34.932976 ], [ -60.80843699899998, -34.933883 ], [ -60.811357, -34.936409 ], [ -60.814032, -34.938792 ], [ -60.81758299899996, -34.941917 ], [ -60.821248, -34.945135 ], [ -60.823607536999987, -34.947170904999943 ], [ -60.830449, -34.953074 ], [ -60.83835, -34.959921 ], [ -60.841407, -34.962571 ], [ -60.847692, -34.968081 ], [ -60.847361, -34.968271 ], [ -60.843527, -34.971327 ], [ -60.840457, -34.97376 ], [ -60.836089, -34.977155 ], [ -60.828211144999955, -34.983371625999951 ], [ -60.824408998999957, -34.986372 ], [ -60.81901, -34.990661 ], [ -60.816594, -34.992508 ], [ -60.81633, -34.992777 ], [ -60.813353721999931, -34.995128225999956 ], [ -60.813353674, -34.995128262999955 ], [ -60.813353626999969, -34.995128299999962 ], [ -60.811116, -34.996896 ], [ -60.811000170999932, -34.996971917999929 ], [ -60.81073, -34.997149 ], [ -60.810065410999989, -34.997704178999982 ], [ -60.805986, -35.001112 ], [ -60.800709, -35.005225 ], [ -60.795452, -35.00932 ], [ -60.790578, -35.013107 ], [ -60.785516, -35.017064 ], [ -60.785175, -35.017336 ], [ -60.777676, -35.023162 ], [ -60.772706, -35.02703 ], [ -60.770029, -35.029124 ], [ -60.762085, -35.035318 ], [ -60.754843782999956, -35.040924459999928 ], [ -60.754227, -35.041402 ], [ -60.757695, -35.044392 ], [ -60.758764, -35.045256 ], [ -60.765282557999967, -35.050974890999953 ], [ -60.777961, -35.062098 ], [ -60.779109, -35.063109 ], [ -60.789113, -35.071911 ], [ -60.791925, -35.074472 ], [ -60.792689, -35.075111 ], [ -60.799239, -35.080717 ], [ -60.800583808999932, -35.081870719999984 ], [ -60.809535, -35.08955 ], [ -60.809842, -35.089812 ], [ -60.810022, -35.089965 ], [ -60.81623, -35.095249 ], [ -60.818464, -35.097151 ], [ -60.825712, -35.103346 ], [ -60.829264998999975, -35.106386 ], [ -60.833121, -35.109657 ], [ -60.835217, -35.111432 ], [ -60.83784, -35.113675 ], [ -60.838122, -35.11398 ], [ -60.838633447999939, -35.114423218999946 ], [ -60.840948, -35.116429 ], [ -60.844093, -35.119152 ], [ -60.844572, -35.119567 ], [ -60.846893, -35.121576 ], [ -60.849589, -35.123908 ], [ -60.854067, -35.127756 ], [ -60.855357, -35.128865 ], [ -60.859494, -35.132421 ], [ -60.859783, -35.132669 ], [ -60.861986, -35.134564 ], [ -60.864356, -35.136597 ], [ -60.867219023999958, -35.139026845999979 ], [ -60.867468998999982, -35.139239 ], [ -60.86843, -35.140063 ], [ -60.872267, -35.143362 ], [ -60.872611, -35.143619 ], [ -60.872662765999962, -35.143670371 ], [ -60.87144739699994, -35.144627019 ], [ -60.870007350999963, -35.145760515999932 ], [ -60.871565004999979, -35.147093328999972 ], [ -60.872454, -35.147854 ], [ -60.874828478, -35.149891439999983 ], [ -60.882289, -35.156293 ], [ -60.886456, -35.159927 ], [ -60.88721163799994, -35.160583573999929 ], [ -60.888874, -35.162028 ], [ -60.891836, -35.164645 ], [ -60.900736, -35.172919 ], [ -60.90427, -35.176006 ], [ -60.904683, -35.176302 ], [ -60.911429, -35.182319 ], [ -60.918058, -35.188316 ], [ -60.919996, -35.190069 ], [ -60.926704, -35.196137 ], [ -60.927536, -35.196893 ], [ -60.927946, -35.197221 ], [ -60.931701, -35.200573 ], [ -60.932971550999987, -35.201721889999931 ], [ -60.936766, -35.205153 ], [ -60.937805, -35.206092 ], [ -60.940887, -35.208888 ], [ -60.943079773999955, -35.21084325299995 ], [ -60.945226, -35.212757 ], [ -60.945479, -35.213036 ], [ -60.945928, -35.213444 ], [ -60.947272, -35.214654 ], [ -60.948276, -35.215557 ], [ -60.949121998999949, -35.216319 ], [ -60.949314, -35.216492 ], [ -60.95047, -35.217532 ], [ -60.951461998999946, -35.218426 ], [ -60.952493, -35.219354 ], [ -60.953566, -35.220321 ], [ -60.954615, -35.221272 ], [ -60.958203225999966, -35.224537808999983 ], [ -60.958321, -35.224645 ], [ -60.962648, -35.228532 ], [ -60.965073, -35.230707 ], [ -60.966678, -35.231523 ], [ -60.968766, -35.233236 ], [ -60.972968365999982, -35.236803301999934 ], [ -60.976217, -35.239561 ], [ -60.980181, -35.242877 ], [ -60.980969, -35.243537 ], [ -60.984631, -35.2466 ], [ -60.993234, -35.239915 ], [ -60.993533, -35.239684 ], [ -60.997158, -35.236849 ], [ -60.999216, -35.235234 ], [ -60.999535, -35.234984 ], [ -61.00297, -35.232373 ], [ -61.005832, -35.230225 ], [ -61.00776, -35.228773 ], [ -61.009178, -35.227707 ], [ -61.02131843899997, -35.218531223999946 ], [ -61.021318469999983, -35.218531202999948 ], [ -61.026283, -35.214779 ], [ -61.026672, -35.214482 ], [ -61.034671, -35.208356 ], [ -61.038993, -35.205169 ], [ -61.04007699899995, -35.204317 ], [ -61.04084, -35.203742 ], [ -61.049871, -35.196588 ], [ -61.050207, -35.196349 ], [ -61.059212, -35.189397 ], [ -61.061886015999967, -35.187274970999944 ], [ -61.062511, -35.186779 ], [ -61.062721, -35.186947 ], [ -61.06743, -35.190752 ], [ -61.067767, -35.191068 ], [ -61.068892, -35.191995 ], [ -61.069147, -35.192161 ], [ -61.075215, -35.1972 ], [ -61.078101405, -35.199674966999964 ], [ -61.087513, -35.207745 ], [ -61.088608, -35.208574 ], [ -61.091777, -35.211245 ], [ -61.096842, -35.215459 ], [ -61.105489, -35.222712 ], [ -61.117222, -35.232548 ], [ -61.125987, -35.23987 ], [ -61.138314, -35.250149 ], [ -61.143638, -35.254569 ], [ -61.147772, -35.258067 ], [ -61.155019, -35.264171 ], [ -61.162836872999954, -35.258035477999961 ], [ -61.163444, -35.257559 ], [ -61.168114, -35.253823 ], [ -61.172102, -35.250643 ], [ -61.174902, -35.248438 ], [ -61.178829, -35.245329 ], [ -61.18413, -35.241168 ], [ -61.191386, -35.235435 ], [ -61.192018596999958, -35.234933355999942 ], [ -61.195922, -35.231838 ], [ -61.198556, -35.22975 ], [ -61.213774, -35.217671 ], [ -61.215302237999936, -35.216794277999952 ], [ -61.220717, -35.212539 ], [ -61.230327, -35.204604 ], [ -61.233094899999969, -35.202405129999917 ], [ -61.235632748999926, -35.200389016999964 ], [ -61.237641, -35.1988 ], [ -61.237971, -35.198567 ], [ -61.23859891099994, -35.198054671999948 ], [ -61.241073, -35.196036 ], [ -61.256796530999964, -35.183674096999937 ], [ -61.257469138999973, -35.183145289999977 ], [ -61.258285500999939, -35.182463991999953 ], [ -61.258151, -35.182355 ], [ -61.262659, -35.178592 ], [ -61.263809227999964, -35.177647670999924 ], [ -61.274607261999961, -35.168782552999964 ], [ -61.278178, -35.165851 ], [ -61.287309, -35.173646 ], [ -61.300713550999937, -35.185009409999957 ], [ -61.300798, -35.185081 ], [ -61.300941158999933, -35.185201864999947 ], [ -61.305549, -35.181433 ], [ -61.31133, -35.176742 ], [ -61.315283998999973, -35.173513 ], [ -61.315623, -35.173241 ], [ -61.324997, -35.16572 ], [ -61.325354, -35.165444 ], [ -61.335051944999982, -35.157579274999925 ], [ -61.335146, -35.157503 ], [ -61.341213, -35.152529 ], [ -61.341792, -35.152122 ], [ -61.344929, -35.14954 ], [ -61.345263, -35.14925 ], [ -61.35038283899997, -35.145046965999931 ], [ -61.360408, -35.136817 ], [ -61.360798, -35.136522 ], [ -61.361888, -35.135622 ], [ -61.372064, -35.127254 ], [ -61.380779, -35.12011 ], [ -61.384079, -35.117401 ], [ -61.386497, -35.115416 ], [ -61.391004, -35.111691 ], [ -61.399302, -35.104839 ], [ -61.405931, -35.099392 ], [ -61.406694828999953, -35.098759572999938 ], [ -61.419417, -35.088226 ], [ -61.419742, -35.087908 ], [ -61.419662682999956, -35.08784395199995 ], [ -61.412355800999933, -35.081943659999979 ], [ -61.407872, -35.078323 ], [ -61.40697, -35.077533 ], [ -61.392122, -35.065308 ], [ -61.360544, -35.039107 ], [ -61.3602, -35.038796 ], [ -61.349128, -35.02956 ], [ -61.340145, -35.022034 ], [ -61.328913, -35.012584 ], [ -61.319750114999984, -35.005053343999975 ], [ -61.319016, -35.00445 ], [ -61.310048, -34.997035 ], [ -61.298863998999934, -34.988088 ], [ -61.294282212, -34.984394694999935 ], [ -61.293867, -34.98406 ], [ -61.286479, -34.978012 ], [ -61.279068, -34.971842 ], [ -61.273118, -34.966922 ], [ -61.259009, -34.955245 ], [ -61.257748, -34.954181 ], [ -61.254155927999932, -34.951208069999943 ], [ -61.232324998999957, -34.93314 ], [ -61.223187, -34.925673 ], [ -61.222852, -34.925399 ], [ -61.219614724999978, -34.922766555999935 ], [ -61.215166, -34.919149 ], [ -61.207032, -34.912591 ], [ -61.206162, -34.911839 ], [ -61.205891, -34.911619 ], [ -61.205136, -34.91103 ], [ -61.202252998999946, -34.908658 ], [ -61.196293, -34.903816 ], [ -61.19593, -34.903498 ], [ -61.191273998999982, -34.899644 ], [ -61.179940616999943, -34.890323552999966 ], [ -61.179929, -34.890314 ], [ -61.17863907199996, -34.891358701999934 ], [ -61.171622, -34.885301 ], [ -61.163049, -34.877898 ], [ -61.162313, -34.87726 ], [ -61.153878, -34.869923 ], [ -61.153344, -34.869477 ], [ -61.146068998999958, -34.86317 ], [ -61.143225, -34.860725 ], [ -61.142020498999955, -34.859693254999975 ], [ -61.140206, -34.858139 ], [ -61.134085, -34.852897 ], [ -61.12822, -34.847865 ], [ -61.127689, -34.847407 ], [ -61.128168161999959, -34.84701528599993 ], [ -61.131278, -34.844473 ], [ -61.137106, -34.839718 ], [ -61.139625, -34.837475 ], [ -61.145067, -34.832795 ], [ -61.145183947999953, -34.832695106999942 ], [ -61.145211790999952, -34.832671324999971 ], [ -61.146027, -34.831975 ], [ -61.15184, -34.827184 ], [ -61.155639576999931, -34.824148313999963 ], [ -61.158147, -34.822145 ], [ -61.161948011999982, -34.818991580999977 ], [ -61.162238, -34.818751 ], [ -61.162576, -34.818427 ], [ -61.166879677999987, -34.81496026699994 ], [ -61.168618, -34.81356 ], [ -61.174450540999949, -34.80877158199997 ], [ -61.175433, -34.807965 ], [ -61.182368, -34.802214 ], [ -61.169381, -34.791818 ], [ -61.164132, -34.78761 ], [ -61.16085, -34.785 ], [ -61.151165, -34.777206 ], [ -61.150740661999976, -34.776873950999963 ], [ -61.150605991999953, -34.776766681999952 ], [ -61.150113, -34.776374 ], [ -61.149977146999959, -34.776262976999931 ], [ -61.149661527999974, -34.776005042999941 ], [ -61.149307823999948, -34.775715982999934 ], [ -61.148688470999964, -34.775209826999969 ], [ -61.147995051999942, -34.774643141999952 ], [ -61.145703, -34.77277 ], [ -61.145136, -34.772345 ], [ -61.144893003999975, -34.77214746099996 ], [ -61.144497857999966, -34.771826233999938 ], [ -61.141529414999972, -34.769413091999965 ], [ -61.141095206999985, -34.769060109999934 ], [ -61.140730793999978, -34.768763866999961 ], [ -61.13970597399998, -34.767930758999967 ], [ -61.138625, -34.767052 ], [ -61.138362883999946, -34.766840072999962 ], [ -61.137321070999974, -34.765997743999939 ], [ -61.137268422999966, -34.76595517699996 ], [ -61.135058, -34.764168 ], [ -61.135632889999954, -34.76366226499993 ], [ -61.135881, -34.763444 ], [ -61.132804620999934, -34.760950906999931 ], [ -61.132342, -34.760576 ], [ -61.131188093999988, -34.759617135999974 ], [ -61.128334750999954, -34.757246085999952 ], [ -61.127828823999955, -34.756825674999959 ], [ -61.126059, -34.755355 ], [ -61.125629385999964, -34.754998324999967 ], [ -61.12547, -34.754866 ], [ -61.121225310999925, -34.751399750999944 ], [ -61.120559274999955, -34.750855860999934 ], [ -61.118594, -34.749251 ], [ -61.118256, -34.748963 ], [ -61.117314589999985, -34.748214888999946 ], [ -61.11698, -34.747949 ], [ -61.116594, -34.747647 ], [ -61.11527939299998, -34.746588480999947 ], [ -61.114078318999987, -34.745621378999935 ], [ -61.110953, -34.743104876999951 ], [ -61.108976, -34.741513 ], [ -61.100852, -34.73501 ], [ -61.099852, -34.734241 ], [ -61.099247, -34.733785 ], [ -61.090282, -34.726555 ], [ -61.089805048999949, -34.726171217999941 ], [ -61.086975, -34.723894 ], [ -61.084422492999977, -34.72185081099996 ], [ -61.080074, -34.71837 ], [ -61.077769, -34.716519 ], [ -61.073935, -34.71344 ], [ -61.072534, -34.712324 ], [ -61.065129, -34.706337 ], [ -61.064836, -34.7061 ], [ -61.063681, -34.705166 ], [ -61.062605, -34.704288 ], [ -61.058856, -34.701246 ], [ -61.058437, -34.700922 ], [ -61.054031, -34.697525 ], [ -61.048353, -34.69305 ], [ -61.048176, -34.692906 ], [ -61.03267532099995, -34.705651420999978 ], [ -61.027546, -34.709869 ], [ -61.023001714999971, -34.713605370999957 ], [ -61.007972, -34.725963 ], [ -60.992267, -34.738474 ], [ -60.988104, -34.741908 ], [ -60.9866, -34.743117 ], [ -60.982864932999981, -34.746214862999963 ], [ -60.980505637999954, -34.748124004999966 ], [ -60.977935483999943, -34.750203773999935 ], [ -60.975953, -34.751808 ], [ -60.968906, -34.757546 ], [ -60.948598, -34.774259 ], [ -60.937339, -34.783528 ], [ -60.93591313799994, -34.784632768999977 ], [ -60.934719, -34.785558 ], [ -60.932733, -34.787179 ], [ -60.92869287499996, -34.790501369999944 ], [ -60.925939, -34.792766 ], [ -60.925596, -34.793042 ], [ -60.922400128999975, -34.795710965999938 ], [ -60.921884, -34.796142 ], [ -60.918734, -34.79877 ], [ -60.91505, -34.80179 ], [ -60.913714, -34.80286 ], [ -60.911587, -34.804641 ], [ -60.908648, -34.807045 ], [ -60.907407, -34.80806 ], [ -60.904429117999939, -34.810491875999944 ], [ -60.904151, -34.810719 ] ] ] ] } },
{ "type": "Feature", "properties": { "id": null }, "geometry": { "type": "MultiPolygon", "coordinates": [ [ [ [ -61.513147763999939, -34.332828463999931 ], [ -61.508861, -34.336846 ], [ -61.505115, -34.333972 ], [ -61.5, -34.330071 ], [ -61.499604, -34.329755 ], [ -61.496681, -34.327426 ], [ -61.494667, -34.32582 ], [ -61.490792, -34.322731 ], [ -61.486937998999963, -34.319641 ], [ -61.479259, -34.313483 ], [ -61.478911, -34.313192 ], [ -61.472019097999976, -34.307682248999981 ], [ -61.471674889999967, -34.307407070999943 ], [ -61.469781, -34.309023 ], [ -61.467135, -34.311281 ], [ -61.46082, -34.316669 ], [ -61.459755, -34.31761 ], [ -61.45237169699994, -34.323952125999924 ], [ -61.450047, -34.325949 ], [ -61.449618, -34.326314 ], [ -61.443132, -34.331749 ], [ -61.433828, -34.3395 ], [ -61.433344, -34.339902 ], [ -61.433885450999981, -34.340355242999969 ], [ -61.433921, -34.340385 ], [ -61.418776, -34.353358 ], [ -61.414020791999974, -34.357457148999977 ], [ -61.395408, -34.373502 ], [ -61.395555, -34.373638 ], [ -61.396901, -34.374815 ], [ -61.416972, -34.392317 ], [ -61.416583, -34.392645 ], [ -61.41634199899994, -34.392861 ], [ -61.405926, -34.40136 ], [ -61.404268, -34.402708 ], [ -61.398029, -34.407779 ], [ -61.397131692999956, -34.408516284999955 ], [ -61.392573, -34.412262 ], [ -61.387315, -34.416568 ], [ -61.382387, -34.420621 ], [ -61.376654, -34.425308 ], [ -61.376601221999977, -34.425267472999963 ], [ -61.376591722999926, -34.42526017899997 ], [ -61.369088998999977, -34.419499 ], [ -61.368796, -34.419726 ], [ -61.368679379999946, -34.419824376999941 ], [ -61.368446109999979, -34.420021156999951 ], [ -61.359354, -34.427691 ], [ -61.349535, -34.435961 ], [ -61.345272, -34.439584 ], [ -61.344042, -34.440629 ], [ -61.332117221999972, -34.45076068599996 ], [ -61.330742172999969, -34.451871973999957 ], [ -61.330459553999951, -34.452100381999962 ], [ -61.329812003999962, -34.452623719999963 ], [ -61.329596335999952, -34.452798018999935 ], [ -61.329167, -34.453145 ], [ -61.33481, -34.457625 ], [ -61.340729, -34.462325 ], [ -61.340953465999981, -34.462500018999947 ], [ -61.34693, -34.46716 ], [ -61.354102, -34.472852 ], [ -61.355509, -34.473947 ], [ -61.355373, -34.47406 ], [ -61.347640204999948, -34.480550897999933 ], [ -61.332620998999964, -34.493158 ], [ -61.322996, -34.501042 ], [ -61.283352, -34.534657 ], [ -61.280687, -34.536733 ], [ -61.279368, -34.537701 ], [ -61.275199, -34.541214 ], [ -61.278273661999947, -34.543709097999965 ], [ -61.280467, -34.545489 ], [ -61.286638, -34.550423 ], [ -61.288372148999947, -34.551829369999936 ], [ -61.292828, -34.555443 ], [ -61.293574, -34.556091 ], [ -61.294289, -34.556623 ], [ -61.29659, -34.558446 ], [ -61.306375, -34.566381 ], [ -61.310913, -34.570026 ], [ -61.311634555999937, -34.570607066999962 ], [ -61.315746, -34.573918 ], [ -61.325268, -34.581571 ], [ -61.332018, -34.586979 ], [ -61.338084535999947, -34.591842646999957 ], [ -61.338307, -34.592021 ], [ -61.338471998999985, -34.59216 ], [ -61.33848356499994, -34.592168823999934 ], [ -61.338607, -34.592263 ], [ -61.340937586999985, -34.594106563999951 ], [ -61.343941449999939, -34.596482709999961 ], [ -61.347704, -34.599459 ], [ -61.351061, -34.602162 ], [ -61.354079652999985, -34.604597867999978 ], [ -61.355961, -34.606116 ], [ -61.359572998999958, -34.609037 ], [ -61.369172, -34.616766 ], [ -61.376969, -34.623081 ], [ -61.382901, -34.627863 ], [ -61.382940594999987, -34.627894910999935 ], [ -61.383012312999938, -34.627952708999942 ], [ -61.39096821399994, -34.634364553999944 ], [ -61.395901, -34.63834 ], [ -61.396242, -34.638566 ], [ -61.404958, -34.645628 ], [ -61.405307, -34.645926 ], [ -61.407712, -34.647881 ], [ -61.410289, -34.649975 ], [ -61.410523, -34.650165 ], [ -61.417490702999942, -34.655831637999938 ], [ -61.430113, -34.666097 ], [ -61.436411, -34.671162 ], [ -61.436414699999951, -34.671158911999946 ], [ -61.436677, -34.67094 ], [ -61.437182099, -34.670502973999923 ], [ -61.446835, -34.662151 ], [ -61.451512, -34.658224 ], [ -61.456012, -34.654441 ], [ -61.456288, -34.654152 ], [ -61.459732, -34.651215 ], [ -61.463175, -34.648221 ], [ -61.466081, -34.64568 ], [ -61.470776, -34.641562 ], [ -61.475302, -34.637633 ], [ -61.475684, -34.637303 ], [ -61.479595, -34.634151 ], [ -61.480479, -34.633411 ], [ -61.481616939999981, -34.632451329999988 ], [ -61.485892, -34.628846 ], [ -61.495301, -34.620863 ], [ -61.495736, -34.620457 ], [ -61.500292932999969, -34.616653731999975 ], [ -61.516209, -34.60337 ], [ -61.516267840999944, -34.603319264999989 ], [ -61.516404998999967, -34.603201 ], [ -61.516416367999966, -34.603210147999953 ], [ -61.528869, -34.613231 ], [ -61.545388, -34.626603 ], [ -61.56459, -34.642219 ], [ -61.575453, -34.651205 ], [ -61.581172, -34.655861 ], [ -61.584713, -34.658716 ], [ -61.597606, -34.668713 ], [ -61.597610071999959, -34.668709751999977 ], [ -61.597947, -34.668441 ], [ -61.604527, -34.662826 ], [ -61.604842, -34.662547 ], [ -61.608234374999938, -34.659619223999982 ], [ -61.611618, -34.656699 ], [ -61.611629379999954, -34.656708123999969 ], [ -61.61170556899998, -34.656769211 ], [ -61.617556, -34.66146 ], [ -61.623968, -34.666667 ], [ -61.62897951299994, -34.670769504999953 ], [ -61.630457, -34.671979 ], [ -61.644585, -34.683654 ], [ -61.645006475999935, -34.683304201999931 ], [ -61.648616396999955, -34.680308194999959 ], [ -61.711613, -34.628025 ], [ -61.710567, -34.627116 ], [ -61.710685403999946, -34.627004592999974 ], [ -61.710787, -34.626909 ], [ -61.71092, -34.626771 ], [ -61.726287471999967, -34.613584104999966 ], [ -61.727115, -34.612874 ], [ -61.733461, -34.607446 ], [ -61.735489, -34.605691 ], [ -61.745499, -34.597087 ], [ -61.755005, -34.588905 ], [ -61.768976669999972, -34.57698080199998 ], [ -61.769417, -34.576605 ], [ -61.769608, -34.576422 ], [ -61.777115427999945, -34.582500911999944 ], [ -61.794897, -34.596899 ], [ -61.834323436999973, -34.628546354999969 ], [ -61.845370045999978, -34.637413399999957 ], [ -61.850964, -34.632717 ], [ -61.855271, -34.629052 ], [ -61.860162, -34.624966 ], [ -61.865825, -34.620106 ], [ -61.876494, -34.611082 ], [ -61.890424, -34.599244 ], [ -61.89200511699994, -34.597965788999943 ], [ -61.892846, -34.597286 ], [ -61.896095, -34.594461 ], [ -61.910880050999936, -34.581900628999961 ], [ -61.911899, -34.581035 ], [ -61.91592, -34.577635 ], [ -61.916111, -34.57748 ], [ -61.916281, -34.577334 ], [ -61.918144, -34.575689 ], [ -61.928009, -34.567147 ], [ -61.934021, -34.561892 ], [ -61.934309, -34.561641 ], [ -61.934525, -34.561443 ], [ -61.937649, -34.558669 ], [ -61.944753, -34.552438 ], [ -61.944887, -34.552327 ], [ -61.947655, -34.549892 ], [ -61.948064, -34.549481 ], [ -61.95826, -34.540628 ], [ -61.959044, -34.539988 ], [ -61.959445, -34.539679 ], [ -61.971703, -34.528948 ], [ -61.982321, -34.519707 ], [ -61.983941, -34.518249 ], [ -61.983825686999971, -34.518156070999972 ], [ -61.974941539999975, -34.510996488999979 ], [ -61.963917, -34.502112 ], [ -61.96015, -34.498786 ], [ -61.954765, -34.494527 ], [ -61.950470700999979, -34.491171390999966 ], [ -61.929009, -34.474401 ], [ -61.928753, -34.474228 ], [ -61.92853, -34.474065 ], [ -61.922051, -34.468942 ], [ -61.91671, -34.464757 ], [ -61.915251998999963, -34.463621 ], [ -61.911136, -34.460384 ], [ -61.905508, -34.455944 ], [ -61.904776, -34.455367 ], [ -61.900689, -34.452152 ], [ -61.899786, -34.451442 ], [ -61.899455, -34.451182 ], [ -61.894616735999932, -34.447345906999928 ], [ -61.894381, -34.447159 ], [ -61.890053, -34.443778 ], [ -61.889489, -34.443304 ], [ -61.886441, -34.440896 ], [ -61.883268, -34.43839 ], [ -61.880777331999987, -34.436427194999972 ], [ -61.874907, -34.431801 ], [ -61.869511, -34.427463 ], [ -61.869199, -34.427192 ], [ -61.868287, -34.426573 ], [ -61.862307, -34.422002 ], [ -61.861551, -34.421432 ], [ -61.86135, -34.421274 ], [ -61.854226, -34.41567 ], [ -61.842372, -34.406367 ], [ -61.840682, -34.405034 ], [ -61.836484, -34.401721 ], [ -61.833939890999936, -34.399711153999924 ], [ -61.833383998999977, -34.399272 ], [ -61.828472, -34.395432 ], [ -61.82448, -34.392295 ], [ -61.823671, -34.39165 ], [ -61.819939, -34.388675 ], [ -61.817745, -34.386939 ], [ -61.816383344999963, -34.38579735199994 ], [ -61.816149729999957, -34.385601482999959 ], [ -61.719753407999967, -34.385554687999957 ], [ -61.717649964999964, -34.383606956999976 ], [ -61.709070151999981, -34.375662281999936 ], [ -61.709070106999945, -34.375662239999933 ], [ -61.709069761999963, -34.375661919999963 ], [ -61.64838840699997, -34.319472618999946 ], [ -61.646598077999954, -34.320947333999982 ], [ -61.643592, -34.323528 ], [ -61.639427, -34.32708 ], [ -61.637002, -34.329132 ], [ -61.635754494999951, -34.330349139999953 ], [ -61.634537, -34.331537 ], [ -61.629897835999941, -34.335847021999939 ], [ -61.628138, -34.337482 ], [ -61.627049, -34.338416 ], [ -61.624276, -34.340804 ], [ -61.619382, -34.345163 ], [ -61.61771343799996, -34.346629735999954 ], [ -61.610784, -34.352721 ], [ -61.610702421999974, -34.352654317999956 ], [ -61.61058472499996, -34.352558109999968 ], [ -61.603775823999968, -34.346992436999983 ], [ -61.590016, -34.335745 ], [ -61.57759028199996, -34.326217749999955 ], [ -61.572808, -34.322551 ], [ -61.564973, -34.31623 ], [ -61.553239196999982, -34.306744885999933 ], [ -61.549084, -34.303386 ], [ -61.548437371999967, -34.30390695199997 ], [ -61.544914810999963, -34.306744885999919 ], [ -61.542884, -34.308381 ], [ -61.534001, -34.315625 ], [ -61.53094666599997, -34.318062233999967 ], [ -61.528022, -34.320396 ], [ -61.527283, -34.320976 ], [ -61.520895, -34.326181 ], [ -61.514402, -34.331653 ], [ -61.513147763999939, -34.332828463999931 ] ] ] ] } },
{ "type": "Feature", "properties": { "id": null }, "geometry": { "type": "MultiPolygon", "coordinates": [ [ [ [ -61.210038415, -34.125526779999973 ], [ -61.209891, -34.125642 ], [ -61.205104, -34.119681 ], [ -61.205019, -34.119611 ], [ -61.204659, -34.119312 ], [ -61.202213966999977, -34.117283715999967 ], [ -61.197954146999969, -34.11374997099994 ], [ -61.196944, -34.112912 ], [ -61.19657, -34.112601 ], [ -61.195543010999984, -34.111720722999962 ], [ -61.189823891999943, -34.106818621999935 ], [ -61.189381, -34.106439 ], [ -61.189153, -34.106147 ], [ -61.188347, -34.105443 ], [ -61.184829, -34.102471 ], [ -61.184526958999975, -34.102216911999953 ], [ -61.184344, -34.102063 ], [ -61.183644, -34.101669 ], [ -61.182764, -34.101143 ], [ -61.182294, -34.100753 ], [ -61.182082354999977, -34.100577274999978 ], [ -61.181722128999979, -34.100278184999958 ], [ -61.181693, -34.100254 ], [ -61.181389, -34.100002 ], [ -61.180700461999947, -34.099430374999933 ], [ -61.179952, -34.098809 ], [ -61.17825501599998, -34.097400035999954 ], [ -61.177554, -34.096818 ], [ -61.177460692999944, -34.096761581999935 ], [ -61.17744336, -34.096751100999938 ], [ -61.176957654999974, -34.096457418999925 ], [ -61.175513853999981, -34.095584422999934 ], [ -61.175211816999941, -34.095401795999976 ], [ -61.175017, -34.095284 ], [ -61.174843631999984, -34.095323644999951 ], [ -61.174705, -34.095237 ], [ -61.174526, -34.095167 ], [ -61.174254, -34.095196 ], [ -61.174144121, -34.095201562999932 ], [ -61.173938, -34.095212 ], [ -61.173672, -34.095141 ], [ -61.173651192999962, -34.095076687999949 ], [ -61.173606, -34.094937 ], [ -61.173413, -34.094775 ], [ -61.172988, -34.094669 ], [ -61.172795362999985, -34.094659307999954 ], [ -61.17267, -34.094653 ], [ -61.17255, -34.09452 ], [ -61.172379, -34.094411 ], [ -61.172232, -34.094367 ], [ -61.172069, -34.094351 ], [ -61.17184, -34.094295 ], [ -61.171617, -34.094199 ], [ -61.171386, -34.09414 ], [ -61.171278, -34.094047 ], [ -61.171057, -34.093919 ], [ -61.170994386999958, -34.093900658999928 ], [ -61.17076, -34.093832 ], [ -61.170583, -34.093866 ], [ -61.17055628899994, -34.093862326999954 ], [ -61.170423, -34.093844 ], [ -61.170330968999956, -34.093760963999955 ], [ -61.170289998999984, -34.093724 ], [ -61.170205, -34.093652 ], [ -61.170057402999987, -34.093635865999929 ], [ -61.169957998999969, -34.093625 ], [ -61.169675, -34.093518 ], [ -61.169614204999952, -34.093503718999948 ], [ -61.169487912999955, -34.093474052999959 ], [ -61.169377, -34.093448 ], [ -61.169234, -34.093475 ], [ -61.16921503399994, -34.093498342999965 ], [ -61.169195, -34.093523 ], [ -61.169100546999978, -34.093543779999955 ], [ -61.168950811999927, -34.093494784999962 ], [ -61.168817, -34.093451 ], [ -61.168810031999953, -34.093452526999947 ], [ -61.168793, -34.093447 ], [ -61.168614877999971, -34.093487061999951 ], [ -61.168504, -34.093512 ], [ -61.168207330999962, -34.09342995999998 ], [ -61.16692491799995, -34.09307532899993 ], [ -61.166768482999942, -34.093032068999939 ], [ -61.166759933999963, -34.09302964099993 ], [ -61.166714000999946, -34.09301415099997 ], [ -61.16666694099996, -34.09299121399993 ], [ -61.166605, -34.092916 ], [ -61.166595431999951, -34.092852702999949 ], [ -61.166592, -34.09283 ], [ -61.166642998999976, -34.092715 ], [ -61.166556, -34.092424 ], [ -61.166484, -34.092378 ], [ -61.166476, -34.092336 ], [ -61.166435, -34.092308 ], [ -61.166428998999947, -34.092172 ], [ -61.166372, -34.092125 ], [ -61.166232998999988, -34.092071 ], [ -61.166093, -34.09203 ], [ -61.165914, -34.092028 ], [ -61.165795744999976, -34.092009899999937 ], [ -61.165718, -34.091998 ], [ -61.165482, -34.091916 ], [ -61.165272, -34.091793 ], [ -61.165221374999987, -34.091748746999947 ], [ -61.165129, -34.091668 ], [ -61.164935, -34.091521 ], [ -61.164848998999958, -34.091457 ], [ -61.164777, -34.091456 ], [ -61.164706, -34.091445 ], [ -61.164655, -34.09139 ], [ -61.164508, -34.091325 ], [ -61.164360998999939, -34.091234 ], [ -61.164329246999962, -34.091224927999981 ], [ -61.164179, -34.091182 ], [ -61.164017, -34.091054 ], [ -61.163899, -34.09099 ], [ -61.16381, -34.090965 ], [ -61.163716, -34.090963 ], [ -61.163657, -34.090925 ], [ -61.163472, -34.090802 ], [ -61.163301, -34.090768 ], [ -61.163198, -34.090758 ], [ -61.162994, -34.090657 ], [ -61.16283, -34.090613 ], [ -61.162677, -34.090582 ], [ -61.162586998999984, -34.090512 ], [ -61.162545, -34.090344 ], [ -61.162055, -34.09017 ], [ -61.161855, -34.090022 ], [ -61.161555, -34.089827 ], [ -61.161413, -34.089734 ], [ -61.161240998999979, -34.089668 ], [ -61.161193, -34.0896 ], [ -61.160907, -34.089463 ], [ -61.160536, -34.089454 ], [ -61.16044199899995, -34.089438 ], [ -61.16033, -34.089322 ], [ -61.160161, -34.089174 ], [ -61.159761, -34.089026 ], [ -61.15964, -34.089017 ], [ -61.159571, -34.088895 ], [ -61.15947, -34.088822 ], [ -61.159419, -34.08873 ], [ -61.159384, -34.088655 ], [ -61.159292, -34.088634 ], [ -61.159212, -34.08855 ], [ -61.15905, -34.088525 ], [ -61.158845, -34.088436 ], [ -61.158811270999934, -34.088414095999951 ], [ -61.158671, -34.088323 ], [ -61.158635, -34.088253 ], [ -61.158363, -34.088101 ], [ -61.158311, -34.088038 ], [ -61.158187, -34.087959 ], [ -61.158064, -34.087922 ], [ -61.157921, -34.087809 ], [ -61.157791, -34.087735 ], [ -61.157568, -34.087661 ], [ -61.157474, -34.087581 ], [ -61.157386, -34.08753 ], [ -61.15737, -34.087476 ], [ -61.157228, -34.087388 ], [ -61.157226680999948, -34.087386816999974 ], [ -61.157053, -34.087231 ], [ -61.156689805, -34.087110837999951 ], [ -61.156651, -34.087098 ], [ -61.156476, -34.08704 ], [ -61.156321, -34.087048 ], [ -61.156162, -34.087034 ], [ -61.156065, -34.086977 ], [ -61.155961, -34.086954 ], [ -61.155752, -34.086873 ], [ -61.155563, -34.086765 ], [ -61.155468998999943, -34.086617 ], [ -61.155258, -34.086558 ], [ -61.15522, -34.086491 ], [ -61.155171648999961, -34.086445386999955 ], [ -61.155167, -34.086441 ], [ -61.155097998999963, -34.086416 ], [ -61.155042, -34.08638 ], [ -61.154978, -34.086342 ], [ -61.154875, -34.086334 ], [ -61.154813302999969, -34.086359327999965 ], [ -61.15478, -34.086373 ], [ -61.154677, -34.086391 ], [ -61.154587, -34.086376 ], [ -61.154476, -34.086323 ], [ -61.154352, -34.086208 ], [ -61.15423470099995, -34.08612980099997 ], [ -61.154196, -34.086104 ], [ -61.154146, -34.086051 ], [ -61.154077, -34.085968 ], [ -61.153904, -34.085882 ], [ -61.153852, -34.085876 ], [ -61.153786, -34.085915 ], [ -61.153747, -34.08591 ], [ -61.153667, -34.08572 ], [ -61.153615998999953, -34.085667 ], [ -61.153564, -34.085512 ], [ -61.153395, -34.085417 ], [ -61.153268, -34.085321 ], [ -61.153145, -34.085279 ], [ -61.152889, -34.085285 ], [ -61.152614, -34.085091 ], [ -61.152533, -34.084962 ], [ -61.152503, -34.08492 ], [ -61.151985, -34.08467 ], [ -61.151574947999961, -34.084476068999948 ], [ -61.151066277999973, -34.083725472999944 ], [ -61.150721997999931, -34.083207000999948 ], [ -61.150363322999972, -34.082581713999957 ], [ -61.150258177999952, -34.082459138999987 ], [ -61.149991, -34.082174 ], [ -61.149736474999941, -34.082070906999945 ], [ -61.149396, -34.081933 ], [ -61.148901, -34.081775 ], [ -61.148357, -34.081728 ], [ -61.148086000999967, -34.081715576999947 ], [ -61.14683, -34.081658 ], [ -61.14632432999997, -34.081465363999939 ], [ -61.145559938999952, -34.081185389999966 ], [ -61.145507, -34.081166 ], [ -61.144781998999974, -34.080761 ], [ -61.144614729999944, -34.080715380999948 ], [ -61.144141, -34.080599 ], [ -61.144137405999963, -34.080597755999982 ], [ -61.14396443, -34.080537899999968 ], [ -61.143877, -34.080514 ], [ -61.143742491999944, -34.080467539999965 ], [ -61.1428, -34.080142 ], [ -61.142141949999932, -34.080059221999925 ], [ -61.141914998999937, -34.080035 ], [ -61.14099, -34.080013 ], [ -61.140700960999936, -34.079891807999964 ], [ -61.14057291599994, -34.07983811899993 ], [ -61.140451, -34.079787 ], [ -61.140411313999955, -34.07977611299998 ], [ -61.139404, -34.07949 ], [ -61.139078814999941, -34.079400423999964 ], [ -61.137454463999973, -34.078952974999936 ], [ -61.137235663999945, -34.078891353999943 ], [ -61.136824324999971, -34.078711460999948 ], [ -61.136484038999981, -34.078562640999969 ], [ -61.135634, -34.078532 ], [ -61.135353701999982, -34.078455277999971 ], [ -61.134991, -34.078356 ], [ -61.134140430999942, -34.078037935999923 ], [ -61.133218, -34.077693 ], [ -61.133171503999968, -34.07768118499996 ], [ -61.129027, -34.076628 ], [ -61.128117, -34.076356 ], [ -61.128075, -34.076287 ], [ -61.128066477999937, -34.076280882999981 ], [ -61.12806, -34.076281 ], [ -61.127882499999934, -34.076148812999968 ], [ -61.127506683999961, -34.075868935999942 ], [ -61.127492, -34.075858 ], [ -61.127393456999982, -34.075659243999944 ], [ -61.127374954999937, -34.075621925999933 ], [ -61.12724910999998, -34.075495626999945 ], [ -61.127106, -34.075352 ], [ -61.126846533999981, -34.075184578999938 ], [ -61.126734865999943, -34.075112524999952 ], [ -61.126480344999948, -34.074948295999938 ], [ -61.126264120999963, -34.074808777999962 ], [ -61.124611, -34.073807 ], [ -61.122952389999966, -34.072420386999958 ], [ -61.122867, -34.072349 ], [ -61.122202580999961, -34.072011862999943 ], [ -61.122081144999989, -34.071950243999943 ], [ -61.119842, -34.073885 ], [ -61.113935, -34.078767 ], [ -61.113527, -34.079106 ], [ -61.110299074999951, -34.081770252999938 ], [ -61.108144, -34.083549 ], [ -61.102974992999982, -34.087848744999974 ], [ -61.100818, -34.089643 ], [ -61.100306, -34.09007 ], [ -61.098057, -34.091947 ], [ -61.09515331099994, -34.094364966999933 ], [ -61.088235, -34.100126 ], [ -61.087897, -34.100417 ], [ -61.084365, -34.103364 ], [ -61.08075924099996, -34.106352505999951 ], [ -61.079312, -34.107552 ], [ -61.078643, -34.108136 ], [ -61.078084, -34.108611 ], [ -61.077962272999969, -34.108728514999932 ], [ -61.077795, -34.10889 ], [ -61.077781604999984, -34.108885569999984 ], [ -61.077776, -34.108891 ], [ -61.077632723999962, -34.108843712999949 ], [ -61.077284252999959, -34.108728703999923 ], [ -61.074857084999969, -34.111137458999949 ], [ -61.073599, -34.112386 ], [ -61.071208, -34.114206 ], [ -61.06837, -34.116572 ], [ -61.065453, -34.118927 ], [ -61.065164, -34.11918 ], [ -61.060943998999953, -34.122703 ], [ -61.060594, -34.12298 ], [ -61.057023870999956, -34.12594102099996 ], [ -61.055694, -34.127044 ], [ -61.054623830999965, -34.127930764999967 ], [ -61.051166, -34.130796 ], [ -61.048513041999968, -34.132999016999982 ], [ -61.042074, -34.138346 ], [ -61.041940346999986, -34.138443103999975 ], [ -61.039735444999955, -34.140307559999926 ], [ -61.038465, -34.14144 ], [ -61.036752, -34.142836 ], [ -61.034997929999975, -34.144251272999945 ], [ -61.034008, -34.14505 ], [ -61.031512, -34.147063 ], [ -61.030481484999932, -34.147894442999984 ], [ -61.029705773999979, -34.148520303999923 ], [ -61.028968028999941, -34.149122303999931 ], [ -61.028651, -34.149381 ], [ -61.02741, -34.150458 ], [ -61.026976, -34.150835 ], [ -61.025411998999964, -34.152174 ], [ -61.023364, -34.153839 ], [ -61.022728, -34.154303 ], [ -61.021869, -34.154968 ], [ -61.021105453999944, -34.155556986999962 ], [ -61.020548, -34.155987 ], [ -61.020267, -34.156225 ], [ -61.016217, -34.1592 ], [ -61.01172, -34.162664 ], [ -61.010430129999975, -34.163658066999972 ], [ -61.010172, -34.163857 ], [ -61.00853, -34.165099 ], [ -61.007108734999974, -34.166249073999943 ], [ -61.003959998999967, -34.168797 ], [ -61.00369, -34.169085 ], [ -61.000584360999945, -34.172515305999973 ], [ -61.000409, -34.172709 ], [ -60.999226, -34.173682 ], [ -60.996832, -34.17568 ], [ -60.993970540999953, -34.17804761099994 ], [ -60.990773442999973, -34.180692933999971 ], [ -60.98923, -34.18197 ], [ -60.988891, -34.182262 ], [ -60.985605979999946, -34.184966445999976 ], [ -60.981292, -34.188518 ], [ -60.975513142999944, -34.193243492999962 ], [ -60.974391794999981, -34.194160441999941 ], [ -60.973704773999941, -34.194722235999961 ], [ -60.973595, -34.194812 ], [ -60.973267, -34.195084 ], [ -60.972409658999936, -34.195798448999945 ], [ -60.970375, -34.197494 ], [ -60.965741, -34.201333 ], [ -60.965599, -34.201429 ], [ -60.963719, -34.203009 ], [ -60.963373, -34.203278 ], [ -60.962086, -34.204343 ], [ -60.961694609999938, -34.204653203999953 ], [ -60.960794, -34.205367 ], [ -60.957879, -34.207785 ], [ -60.957660016999974, -34.207987329999973 ], [ -60.957616, -34.208028 ], [ -60.957122480999949, -34.208431540999975 ], [ -60.957034612999962, -34.208503389999976 ], [ -60.95500841299998, -34.210160178999949 ], [ -60.952153, -34.212495 ], [ -60.950766, -34.213643 ], [ -60.94708, -34.216667 ], [ -60.943862, -34.219379 ], [ -60.942729, -34.2203 ], [ -60.941413, -34.221413 ], [ -60.941178778999976, -34.221607171999949 ], [ -60.938746, -34.223624 ], [ -60.938155501999965, -34.224112489999975 ], [ -60.937513, -34.224644 ], [ -60.936093787999937, -34.225826549999965 ], [ -60.935642, -34.226203 ], [ -60.933713, -34.227806 ], [ -60.932692, -34.228639 ], [ -60.931715, -34.229464 ], [ -60.927964, -34.232587 ], [ -60.927668, -34.232843 ], [ -60.923632915999974, -34.236311362999963 ], [ -60.922449, -34.237329 ], [ -60.921847, -34.237776 ], [ -60.917593099, -34.241302563999966 ], [ -60.917256706999986, -34.241581439999948 ], [ -60.91725, -34.241587 ], [ -60.922087, -34.245702 ], [ -60.926499998999986, -34.249462 ], [ -60.926811998999938, -34.249759 ], [ -60.930849989999956, -34.253177432999955 ], [ -60.931843378999986, -34.254018403999964 ], [ -60.934241998999937, -34.256049 ], [ -60.940855, -34.261777 ], [ -60.942016, -34.262775 ], [ -60.947263503, -34.267305046999979 ], [ -60.947369986999945, -34.267396971999972 ], [ -60.950339553999989, -34.269960529999921 ], [ -60.953265, -34.272486 ], [ -60.958191965999958, -34.276612064999924 ], [ -60.958291, -34.276695 ], [ -60.95871597099994, -34.276352990999953 ], [ -60.961839317999932, -34.273839372999944 ], [ -60.962552563999964, -34.273265363999933 ], [ -60.967573, -34.269225 ], [ -60.96793, -34.268939 ], [ -60.969481187999975, -34.267684817999957 ], [ -60.975082891999939, -34.263330085999939 ], [ -60.975409, -34.263061 ], [ -60.977143, -34.261632 ], [ -60.977964, -34.260954 ], [ -60.978131657999931, -34.26081570599996 ], [ -60.979831, -34.259414 ], [ -60.982028, -34.257633 ], [ -60.982931, -34.25689 ], [ -60.98928, -34.25166 ], [ -60.989665998999961, -34.251328 ], [ -60.992294342999969, -34.249221410999958 ], [ -60.992754, -34.248853 ], [ -60.99625363399997, -34.24595777199994 ], [ -60.99937799899994, -34.243373 ], [ -61.00249, -34.241108 ], [ -61.003388, -34.240357 ], [ -61.007956, -34.236538 ], [ -61.008096241999972, -34.23642073499996 ], [ -61.008487, -34.236094 ], [ -61.013252502999933, -34.232127327999933 ], [ -61.013852534999955, -34.231627877999976 ], [ -61.013862, -34.23162 ], [ -61.015439, -34.232922 ], [ -61.019022097999937, -34.23590093699994 ], [ -61.019033, -34.23591 ], [ -61.020204541999988, -34.236886284999962 ], [ -61.022621, -34.2389 ], [ -61.024237, -34.240246 ], [ -61.026574, -34.242189 ], [ -61.029390998999986, -34.244522 ], [ -61.034279, -34.248573 ], [ -61.035614412999969, -34.249676081999951 ], [ -61.037981275999989, -34.251631165999989 ], [ -61.03836, -34.251944 ], [ -61.038915, -34.252402 ], [ -61.039725, -34.25307 ], [ -61.039836255999937, -34.253161797999951 ], [ -61.040211, -34.253471 ], [ -61.041993, -34.254941 ], [ -61.042089, -34.254988 ], [ -61.044026, -34.256599 ], [ -61.051861, -34.263044 ], [ -61.056633519999941, -34.266972088999964 ], [ -61.058937, -34.268868 ], [ -61.059003812999947, -34.268923347999923 ], [ -61.059106, -34.269008 ], [ -61.05534008799998, -34.272072563999984 ], [ -61.055340015999946, -34.272072621999939 ], [ -61.055339943999961, -34.272072680999933 ], [ -61.045927182999954, -34.279732446999951 ], [ -61.045832593999933, -34.279809419999928 ], [ -61.041595738999952, -34.283257220999928 ], [ -61.041553, -34.283292 ], [ -61.043485608999958, -34.284913325999973 ], [ -61.055364151999989, -34.294878604999951 ], [ -61.056351070999931, -34.295706560999982 ], [ -61.056708, -34.296006 ], [ -61.070040422999966, -34.307165805999944 ], [ -61.070098, -34.307214 ], [ -61.077424949999966, -34.30136866099997 ], [ -61.077831868999972, -34.301044026999925 ], [ -61.080258124999943, -34.299108393999958 ], [ -61.080353302999981, -34.299032461999957 ], [ -61.087985, -34.292944 ], [ -61.088168998999947, -34.292787 ], [ -61.093060011999967, -34.288741920999946 ], [ -61.093124, -34.288689 ], [ -61.09751161999997, -34.285058407999941 ], [ -61.097694814999954, -34.284906820999922 ], [ -61.098149, -34.284531 ], [ -61.109976374999974, -34.294337731999967 ], [ -61.112637394999979, -34.296544130999962 ], [ -61.125595, -34.307288 ], [ -61.128719345999976, -34.309888147999978 ], [ -61.130393, -34.311281 ], [ -61.130434375999982, -34.311315017999952 ], [ -61.130759502999979, -34.311582324999961 ], [ -61.138344, -34.317818 ], [ -61.128827, -34.325534 ], [ -61.130671168999974, -34.327141446999981 ], [ -61.131580415999963, -34.32793398099993 ], [ -61.133960294999959, -34.330008372999941 ], [ -61.135184, -34.331075 ], [ -61.135348, -34.331187 ], [ -61.13965804299994, -34.33483308499995 ], [ -61.144981370999979, -34.339336357999976 ], [ -61.14716407699995, -34.341182819999965 ], [ -61.148227, -34.342082 ], [ -61.148369998999947, -34.342189 ], [ -61.154184, -34.347223 ], [ -61.154274, -34.347316 ], [ -61.154419, -34.347442 ], [ -61.164357816999932, -34.355927257999944 ], [ -61.166061984999942, -34.357382189999953 ], [ -61.168395, -34.359374 ], [ -61.168531, -34.359483 ], [ -61.176566, -34.366204 ], [ -61.17834, -34.365974 ], [ -61.179895, -34.36549 ], [ -61.181452, -34.365231 ], [ -61.18217, -34.364822 ], [ -61.182945, -34.364445 ], [ -61.183723, -34.364299 ], [ -61.184517, -34.364117 ], [ -61.185221, -34.363869 ], [ -61.18605, -34.363445 ], [ -61.187932, -34.363241 ], [ -61.189116409999933, -34.363538551999966 ], [ -61.189565198999958, -34.363651297999972 ], [ -61.190997, -34.364011 ], [ -61.192758, -34.364599 ], [ -61.193368, -34.36505 ], [ -61.193596610999982, -34.365300155999918 ], [ -61.193941, -34.365677 ], [ -61.194013400999943, -34.365796163999967 ], [ -61.19439, -34.366416 ], [ -61.195091912999942, -34.36758096899996 ], [ -61.195204, -34.367767 ], [ -61.195656, -34.368713 ], [ -61.196337, -34.36964 ], [ -61.196722, -34.370294 ], [ -61.197406, -34.37148 ], [ -61.198579, -34.373559 ], [ -61.19917, -34.375529 ], [ -61.199276, -34.376314 ], [ -61.199329, -34.376781 ], [ -61.199124, -34.377101 ], [ -61.198839998999972, -34.377417 ], [ -61.198703908999967, -34.377561207999975 ], [ -61.198118998999973, -34.378181 ], [ -61.196947, -34.37971 ], [ -61.196825870999987, -34.380270082999971 ], [ -61.196724194999945, -34.380740218999968 ], [ -61.196584489999971, -34.381386192999969 ], [ -61.196511, -34.381726 ], [ -61.196483, -34.382404 ], [ -61.196275, -34.383742 ], [ -61.195907459999944, -34.38417170799994 ], [ -61.195335, -34.384841 ], [ -61.194587, -34.385475 ], [ -61.193856, -34.386285 ], [ -61.193807, -34.386838 ], [ -61.193935, -34.387694 ], [ -61.193535998999955, -34.388306 ], [ -61.193221, -34.389143 ], [ -61.193047998999987, -34.389654 ], [ -61.193184998999982, -34.390666 ], [ -61.193798, -34.391459 ], [ -61.194046, -34.391727 ], [ -61.194555, -34.393119 ], [ -61.194848, -34.393721 ], [ -61.194769, -34.394269 ], [ -61.194900998999969, -34.394953 ], [ -61.194872625999956, -34.395511671999941 ], [ -61.194843, -34.396095 ], [ -61.19488099899997, -34.396811 ], [ -61.195054485999947, -34.397452312999974 ], [ -61.195059, -34.397469 ], [ -61.195536, -34.400929 ], [ -61.195633, -34.40201 ], [ -61.195121, -34.403345 ], [ -61.194938, -34.4039 ], [ -61.194572, -34.405009 ], [ -61.194444, -34.406038 ], [ -61.193983998999961, -34.407228 ], [ -61.193663, -34.408179 ], [ -61.19353, -34.408852 ], [ -61.19339899899996, -34.409723 ], [ -61.192839, -34.410597 ], [ -61.1928, -34.41119 ], [ -61.192479, -34.412102 ], [ -61.192430257999945, -34.412323201999975 ], [ -61.192368224999939, -34.41260472099998 ], [ -61.192165, -34.413527 ], [ -61.191462, -34.414403 ], [ -61.191386, -34.415747 ], [ -61.192182, -34.418291 ], [ -61.193118, -34.420376 ], [ -61.194057, -34.422737 ], [ -61.196274, -34.424296 ], [ -61.199109, -34.42573 ], [ -61.200601168999974, -34.425863676999946 ], [ -61.200895, -34.42589 ], [ -61.201486, -34.425786 ], [ -61.202319, -34.425542 ], [ -61.202485600999978, -34.425514489999948 ], [ -61.203076, -34.425417 ], [ -61.203505, -34.425412 ], [ -61.203686, -34.425251 ], [ -61.203959, -34.425199 ], [ -61.204341, -34.425304 ], [ -61.204707, -34.425162 ], [ -61.205266, -34.425351 ], [ -61.205754, -34.425633 ], [ -61.206097854999939, -34.425586698999943 ], [ -61.206764, -34.425497 ], [ -61.207075260999936, -34.425510672999962 ], [ -61.207537998999953, -34.425531 ], [ -61.207749, -34.4257 ], [ -61.207826, -34.425928 ], [ -61.208072, -34.426242 ], [ -61.208602, -34.426754 ], [ -61.209053, -34.4273 ], [ -61.209444, -34.427896 ], [ -61.21014, -34.428656 ], [ -61.210407664999927, -34.429241911999945 ], [ -61.21141, -34.431436 ], [ -61.211835, -34.431632 ], [ -61.212323, -34.43196 ], [ -61.212871, -34.432272 ], [ -61.21421, -34.432975 ], [ -61.21613, -34.434263 ], [ -61.216451, -34.434193 ], [ -61.216735, -34.434357 ], [ -61.217119, -34.434503 ], [ -61.217442, -34.434567 ], [ -61.217826, -34.434613 ], [ -61.21847, -34.434657 ], [ -61.219479, -34.434763 ], [ -61.220185, -34.434923 ], [ -61.220629, -34.434985 ], [ -61.220898, -34.435449 ], [ -61.220893, -34.436064 ], [ -61.220685, -34.437402 ], [ -61.221137, -34.437787 ], [ -61.222362, -34.437524 ], [ -61.223801998999939, -34.436876 ], [ -61.224626, -34.436973 ], [ -61.22686, -34.436584 ], [ -61.227861, -34.436259 ], [ -61.228080841999947, -34.436170101999934 ], [ -61.228593, -34.435963 ], [ -61.229131790999986, -34.435211395999936 ], [ -61.229231, -34.435073 ], [ -61.229418, -34.434869 ], [ -61.233509221999959, -34.433576316999954 ], [ -61.234215998999957, -34.433353 ], [ -61.234209, -34.43282 ], [ -61.231867, -34.429913 ], [ -61.23162, -34.429235 ], [ -61.231812, -34.428232 ], [ -61.231545124999968, -34.426341866999955 ], [ -61.231521, -34.426171 ], [ -61.230662588999969, -34.424273597999964 ], [ -61.230537, -34.423996 ], [ -61.231129, -34.423278 ], [ -61.230982, -34.42267 ], [ -61.231158, -34.422136 ], [ -61.231703, -34.421712 ], [ -61.232056, -34.42068 ], [ -61.233041, -34.418881 ], [ -61.232849, -34.418312 ], [ -61.232794, -34.417703 ], [ -61.232616, -34.416971 ], [ -61.232657, -34.416448 ], [ -61.232545836, -34.416330892999945 ], [ -61.232021, -34.415778 ], [ -61.232029841999974, -34.415713615999934 ], [ -61.232195, -34.414511 ], [ -61.232219312, -34.414048394999945 ], [ -61.232231, -34.413826 ], [ -61.232224, -34.413369 ], [ -61.232584, -34.412794 ], [ -61.232798, -34.411764 ], [ -61.232890494999936, -34.411557757999958 ], [ -61.233786, -34.409561 ], [ -61.236313, -34.406414 ], [ -61.237657, -34.40404 ], [ -61.237970067999989, -34.403685477999929 ], [ -61.238317, -34.403511 ], [ -61.239142, -34.403312 ], [ -61.239822494999942, -34.402842434999968 ], [ -61.239845, -34.402837 ], [ -61.2413, -34.401833 ], [ -61.241889098999941, -34.401373025999931 ], [ -61.242374, -34.401224 ], [ -61.242495212999977, -34.400927801999948 ], [ -61.24264, -34.400574 ], [ -61.24282, -34.400305 ], [ -61.243154, -34.39984 ], [ -61.243290757999944, -34.40022665999993 ], [ -61.243432, -34.400626 ], [ -61.243685, -34.401187 ], [ -61.243939280999946, -34.401392700999949 ], [ -61.244758, -34.402055 ], [ -61.244802611999937, -34.402103073999974 ], [ -61.245164289999927, -34.402492812999974 ], [ -61.245338, -34.40268 ], [ -61.245721, -34.402856 ], [ -61.247326, -34.402863 ], [ -61.247919, -34.402518 ], [ -61.248189, -34.402426 ], [ -61.248541, -34.402354 ], [ -61.249994, -34.402713 ], [ -61.250533, -34.402524 ], [ -61.251078, -34.402541 ], [ -61.251636, -34.402766 ], [ -61.252847, -34.403469 ], [ -61.25317199899996, -34.403616 ], [ -61.255199, -34.403741 ], [ -61.256477, -34.403348 ], [ -61.256897457999962, -34.402959884999966 ], [ -61.25718, -34.402873 ], [ -61.25822, -34.401913 ], [ -61.258400319999957, -34.401785429999961 ], [ -61.259214597999971, -34.401483755999941 ], [ -61.260021, -34.401185 ], [ -61.261566, -34.400257 ], [ -61.262600980999935, -34.400743664999936 ], [ -61.262674, -34.400778 ], [ -61.262883030999944, -34.400828684999958 ], [ -61.263272, -34.400923 ], [ -61.264187, -34.400762 ], [ -61.264575, -34.400623 ], [ -61.265213, -34.400711 ], [ -61.266543442999932, -34.401082170999985 ], [ -61.266549998999949, -34.401084 ], [ -61.267003, -34.401091 ], [ -61.267709, -34.400978 ], [ -61.268795, -34.400685 ], [ -61.270325, -34.400763 ], [ -61.270757, -34.400746 ], [ -61.271647, -34.40062 ], [ -61.271871360999967, -34.40063319799998 ], [ -61.272157, -34.40065 ], [ -61.273589998999974, -34.400858 ], [ -61.274786, -34.401268 ], [ -61.275807, -34.401731 ], [ -61.275699, -34.4018 ], [ -61.275520998999987, -34.401972 ], [ -61.275489240999946, -34.402018453999972 ], [ -61.275204, -34.402175 ], [ -61.274911, -34.402343 ], [ -61.274622, -34.402515 ], [ -61.274284, -34.402655 ], [ -61.274004, -34.402864 ], [ -61.27390023799996, -34.402997770999946 ], [ -61.2738, -34.403127 ], [ -61.273688, -34.403425 ], [ -61.273675, -34.403737 ], [ -61.273595, -34.403917 ], [ -61.273455, -34.404068 ], [ -61.273267, -34.404179 ], [ -61.273048, -34.404239 ], [ -61.27295948699998, -34.404240154999961 ], [ -61.272818, -34.404242 ], [ -61.272727, -34.404245 ], [ -61.272643, -34.404274 ], [ -61.272575998999969, -34.404325 ], [ -61.272534, -34.404391 ], [ -61.272521, -34.404466 ], [ -61.272506, -34.404557 ], [ -61.272455, -34.40464 ], [ -61.272373, -34.404703 ], [ -61.272341711999964, -34.404714042999949 ], [ -61.272271, -34.404739 ], [ -61.27216, -34.404745 ], [ -61.272050879999938, -34.404719817999926 ], [ -61.272024, -34.404721 ], [ -61.27194, -34.404749 ], [ -61.271873, -34.4048 ], [ -61.271831, -34.404866 ], [ -61.271818, -34.404941 ], [ -61.271803, -34.405033 ], [ -61.271752, -34.405115 ], [ -61.271671, -34.405178 ], [ -61.271568, -34.405214 ], [ -61.271457, -34.40522 ], [ -61.271223, -34.405166 ], [ -61.270981, -34.405158 ], [ -61.270783320999961, -34.405188731999935 ], [ -61.270742998999935, -34.405195 ], [ -61.270521, -34.405276 ], [ -61.270328, -34.405397 ], [ -61.270244, -34.40547 ], [ -61.270168, -34.405549 ], [ -61.270101, -34.405633 ], [ -61.270043, -34.405721 ], [ -61.269995, -34.405814 ], [ -61.269927, -34.405899 ], [ -61.269822, -34.405953 ], [ -61.269699, -34.405963 ], [ -61.27031501099998, -34.406456952999982 ], [ -61.275513, -34.410625 ], [ -61.277562558999939, -34.412263194999966 ], [ -61.278299448999967, -34.412852184999963 ], [ -61.282852, -34.416491 ], [ -61.288068, -34.420527 ], [ -61.288550604999955, -34.420903814999974 ], [ -61.291015, -34.422828 ], [ -61.291302789999975, -34.423055313999953 ], [ -61.299162, -34.429263 ], [ -61.299422, -34.429468 ], [ -61.307777453999961, -34.436091702999938 ], [ -61.310524, -34.438269 ], [ -61.310590335999962, -34.438321935999959 ], [ -61.314500589999966, -34.441442275999975 ], [ -61.317683587999973, -34.443982273999943 ], [ -61.317984, -34.444222 ], [ -61.318527998999969, -34.444656060999925 ], [ -61.322118479, -34.447520931999975 ], [ -61.323150294999948, -34.448344224999971 ], [ -61.32617157, -34.450754923999959 ], [ -61.327772589999938, -34.452032389999943 ], [ -61.329167, -34.453145 ], [ -61.329596335999952, -34.452798018999935 ], [ -61.329812003999962, -34.452623719999963 ], [ -61.330459553999951, -34.452100381999962 ], [ -61.330742172999969, -34.451871973999957 ], [ -61.332117221999972, -34.45076068599996 ], [ -61.344042, -34.440629 ], [ -61.345272, -34.439584 ], [ -61.349535, -34.435961 ], [ -61.359354, -34.427691 ], [ -61.368446109999979, -34.420021156999951 ], [ -61.368679379999946, -34.419824376999941 ], [ -61.368796, -34.419726 ], [ -61.369088998999977, -34.419499 ], [ -61.376591722999926, -34.42526017899997 ], [ -61.376601221999977, -34.425267472999963 ], [ -61.376654, -34.425308 ], [ -61.382387, -34.420621 ], [ -61.387315, -34.416568 ], [ -61.392573, -34.412262 ], [ -61.397131692999956, -34.408516284999955 ], [ -61.398029, -34.407779 ], [ -61.404268, -34.402708 ], [ -61.405926, -34.40136 ], [ -61.41634199899994, -34.392861 ], [ -61.416583, -34.392645 ], [ -61.416972, -34.392317 ], [ -61.396901, -34.374815 ], [ -61.395555, -34.373638 ], [ -61.395408, -34.373502 ], [ -61.414020791999974, -34.357457148999977 ], [ -61.418776, -34.353358 ], [ -61.433921, -34.340385 ], [ -61.433885450999981, -34.340355242999969 ], [ -61.433344, -34.339902 ], [ -61.433828, -34.3395 ], [ -61.443132, -34.331749 ], [ -61.449618, -34.326314 ], [ -61.450047, -34.325949 ], [ -61.45237169699994, -34.323952125999924 ], [ -61.459755, -34.31761 ], [ -61.46082, -34.316669 ], [ -61.467135, -34.311281 ], [ -61.469781, -34.309023 ], [ -61.471674889999967, -34.307407070999943 ], [ -61.472019097999976, -34.307682248999981 ], [ -61.478911, -34.313192 ], [ -61.479259, -34.313483 ], [ -61.486937998999963, -34.319641 ], [ -61.490792, -34.322731 ], [ -61.494667, -34.32582 ], [ -61.496681, -34.327426 ], [ -61.499604, -34.329755 ], [ -61.5, -34.330071 ], [ -61.505115, -34.333972 ], [ -61.508861, -34.336846 ], [ -61.513147763999939, -34.332828463999931 ], [ -61.514402, -34.331653 ], [ -61.520895, -34.326181 ], [ -61.527283, -34.320976 ], [ -61.528022, -34.320396 ], [ -61.53094666599997, -34.318062233999967 ], [ -61.534001, -34.315625 ], [ -61.542884, -34.308381 ], [ -61.544914810999963, -34.306744885999919 ], [ -61.548437371999967, -34.30390695199997 ], [ -61.549084, -34.303386 ], [ -61.553239196999982, -34.306744885999933 ], [ -61.564973, -34.31623 ], [ -61.572808, -34.322551 ], [ -61.57759028199996, -34.326217749999955 ], [ -61.590016, -34.335745 ], [ -61.603775823999968, -34.346992436999983 ], [ -61.61058472499996, -34.352558109999968 ], [ -61.610702421999974, -34.352654317999956 ], [ -61.610784, -34.352721 ], [ -61.61771343799996, -34.346629735999954 ], [ -61.619382, -34.345163 ], [ -61.624276, -34.340804 ], [ -61.627049, -34.338416 ], [ -61.628138, -34.337482 ], [ -61.629897835999941, -34.335847021999939 ], [ -61.634537, -34.331537 ], [ -61.635754494999951, -34.330349139999953 ], [ -61.637002, -34.329132 ], [ -61.639427, -34.32708 ], [ -61.643592, -34.323528 ], [ -61.646598077999954, -34.320947333999982 ], [ -61.64838840699997, -34.319472618999946 ], [ -61.56582253899996, -34.243018848999938 ], [ -61.331409408999946, -34.025678210999949 ], [ -61.330310953999962, -34.026586875999939 ], [ -61.329056, -34.027625 ], [ -61.325265882999986, -34.030797166999939 ], [ -61.323516365999978, -34.032261437999971 ], [ -61.319537, -34.035592 ], [ -61.311908, -34.041973 ], [ -61.293734, -34.057212 ], [ -61.291783559999935, -34.058828837999947 ], [ -61.281994, -34.066944 ], [ -61.275764788999943, -34.07210681399993 ], [ -61.274114, -34.073475 ], [ -61.26372188999995, -34.081969096999948 ], [ -61.260940199999943, -34.084242738999933 ], [ -61.255416, -34.088758 ], [ -61.244586, -34.097652 ], [ -61.23888741199994, -34.102263566999966 ], [ -61.234191631999984, -34.106063613999929 ], [ -61.230809, -34.108801 ], [ -61.229912527999943, -34.109524047999976 ], [ -61.21838508899998, -34.118821483999966 ], [ -61.216993503999959, -34.119943863999943 ], [ -61.214193977999969, -34.122201815999972 ], [ -61.211109, -34.12469 ], [ -61.210293056999937, -34.12532774899995 ], [ -61.210038415, -34.125526779999973 ] ] ] ] } },
{ "type": "Feature", "properties": { "id": null }, "geometry": { "type": "MultiPolygon", "coordinates": [ [ [ [ -62.36867, -34.650056 ], [ -62.362558684999954, -34.651167391999941 ], [ -62.358170282999936, -34.651965458999932 ], [ -62.357465213999951, -34.652093680999947 ], [ -62.353076182999985, -34.652891861999933 ], [ -62.352359067999949, -34.653022274999962 ], [ -62.352176676999939, -34.653055443999961 ], [ -62.351102535999985, -34.653250785999937 ], [ -62.34902901199996, -34.653627872999948 ], [ -62.348747275999983, -34.653679108999938 ], [ -62.348528029999954, -34.653718980999948 ], [ -62.348208707999959, -34.653777051999953 ], [ -62.348176, -34.653783 ], [ -62.348165651999977, -34.653784848999976 ], [ -62.348164536999946, -34.653781627999926 ], [ -62.34564222399996, -34.654230245999926 ], [ -62.343209872999978, -34.654662862999935 ], [ -62.343119910999974, -34.654678862999951 ], [ -62.334942, -34.65614 ], [ -62.315889, -34.659614 ], [ -62.304646452999968, -34.661604935999939 ], [ -62.297068, -34.662947 ], [ -62.289875616999943, -34.664167028999934 ], [ -62.284517, -34.665076 ], [ -62.268640998999956, -34.667942 ], [ -62.263362188999963, -34.668941912999962 ], [ -62.263362155999964, -34.668941919999952 ], [ -62.251684, -34.671154 ], [ -62.219765, -34.676876 ], [ -62.188183, -34.682722 ], [ -62.197437, -34.690168 ], [ -62.21154456499994, -34.701429961999963 ], [ -62.248213706999934, -34.730702658999974 ], [ -62.259512, -34.739722 ], [ -62.26380399899994, -34.743064 ], [ -62.243403522999984, -34.75948963899998 ], [ -62.240236, -34.76204 ], [ -62.253039074999947, -34.771643732999962 ], [ -62.253702, -34.772141 ], [ -62.278241, -34.791293 ], [ -62.289931926999941, -34.800692476999977 ], [ -62.291737567999974, -34.802144207999959 ], [ -62.294751, -34.804567 ], [ -62.302453, -34.810719 ], [ -62.304127, -34.812048 ], [ -62.304742019999942, -34.812562175999965 ], [ -62.305054, -34.812823 ], [ -62.288957922999934, -34.813409499999977 ], [ -62.285843, -34.813523 ], [ -62.28561, -34.813533 ], [ -62.285605415999953, -34.813589469999954 ], [ -62.285187, -34.818744 ], [ -62.285147656999982, -34.819062750999926 ], [ -62.284755, -34.822244 ], [ -62.28468593599996, -34.823549933999971 ], [ -62.284337, -34.830148 ], [ -62.284233871999959, -34.832298181999924 ], [ -62.283104003999945, -34.855855533999943 ], [ -62.28306, -34.856773 ], [ -62.282853, -34.856768 ], [ -62.22259, -34.854785 ], [ -62.221189, -34.880718 ], [ -62.220666, -34.891339 ], [ -62.21191, -34.890574 ], [ -62.211099, -34.890503 ], [ -62.205554, -34.890125 ], [ -62.195845, -34.900721 ], [ -62.183371466999972, -34.914271606999925 ], [ -62.182469, -34.915252 ], [ -62.182267998999983, -34.915428 ], [ -62.182301465999963, -34.915455029999976 ], [ -62.183353013999977, -34.916304371999956 ], [ -62.184855188999954, -34.917517686999929 ], [ -62.185201, -34.917797 ], [ -62.18502, -34.91795 ], [ -62.183241648999974, -34.91938941799998 ], [ -62.17822, -34.923454 ], [ -62.166908035999938, -34.93264660199997 ], [ -62.165218, -34.93402 ], [ -62.155418, -34.942226 ], [ -62.150066759999959, -34.946743475999931 ], [ -62.145457, -34.950635 ], [ -62.145107, -34.950926 ], [ -62.144553686999977, -34.951389244999973 ], [ -62.137195565999953, -34.957549610999919 ], [ -62.132114, -34.961804 ], [ -62.120883, -34.971219 ], [ -62.119256, -34.972566 ], [ -62.111679, -34.978889 ], [ -62.105302819999963, -34.984083078999952 ], [ -62.104559, -34.984689 ], [ -62.109731, -34.988994 ], [ -62.114668, -34.993142 ], [ -62.12434, -35.001282 ], [ -62.124635, -35.001526 ], [ -62.125162694999972, -35.001950309999984 ], [ -62.133350427999972, -35.00853392199997 ], [ -62.136834, -35.011335 ], [ -62.139885, -35.013838 ], [ -62.144228, -35.017372 ], [ -62.144795, -35.017831 ], [ -62.149127, -35.021328 ], [ -62.159603, -35.02976 ], [ -62.166652, -35.035492 ], [ -62.167046, -35.035722 ], [ -62.181971, -35.047944 ], [ -62.185232825999947, -35.050587220999937 ], [ -62.185372, -35.0507 ], [ -62.182579998999984, -35.053004 ], [ -62.178996, -35.055983 ], [ -62.175817, -35.058625 ], [ -62.174011, -35.060125 ], [ -62.169618, -35.063705 ], [ -62.166266986999979, -35.066433734999976 ], [ -62.16601, -35.066643 ], [ -62.166112, -35.066904 ], [ -62.166223, -35.067128 ], [ -62.171587, -35.071511 ], [ -62.177642, -35.07642 ], [ -62.177889, -35.076597 ], [ -62.183757, -35.081398 ], [ -62.184108, -35.0817 ], [ -62.190621, -35.08706 ], [ -62.198999, -35.093859 ], [ -62.202027, -35.09631 ], [ -62.202389, -35.096581 ], [ -62.205476, -35.099097 ], [ -62.208561, -35.101611 ], [ -62.20882, -35.101943 ], [ -62.212879210999979, -35.105225322999949 ], [ -62.218365998999957, -35.109662 ], [ -62.227411, -35.117086 ], [ -62.228271, -35.117792 ], [ -62.231013, -35.120042 ], [ -62.234172415999979, -35.122554796999964 ], [ -62.260688657999935, -35.143812567999916 ], [ -62.26068868599998, -35.143812590999957 ], [ -62.270612, -35.151768 ], [ -62.277544743999961, -35.157500964999926 ], [ -62.285185, -35.163819 ], [ -62.285348, -35.16368 ], [ -62.285514, -35.163524 ], [ -62.29109, -35.158949 ], [ -62.296501830999944, -35.154500042999985 ], [ -62.297177, -35.153945 ], [ -62.301367, -35.150451 ], [ -62.316317, -35.138245 ], [ -62.322548, -35.133054 ], [ -62.323745, -35.132037 ], [ -62.332273, -35.124992 ], [ -62.338243, -35.120065 ], [ -62.341862, -35.117067 ], [ -62.347680998999977, -35.11225 ], [ -62.348261407999985, -35.111746851999953 ], [ -62.34859, -35.111462 ], [ -62.351469, -35.109072 ], [ -62.35514, -35.106061 ], [ -62.361535927999974, -35.100650853999966 ], [ -62.37077, -35.09284 ], [ -62.37111, -35.092563 ], [ -62.389914, -35.077115 ], [ -62.396424, -35.071756 ], [ -62.400939998999945, -35.068106 ], [ -62.405057, -35.06473 ], [ -62.40889, -35.06153 ], [ -62.409227, -35.061254 ], [ -62.412419, -35.058686 ], [ -62.413981077999949, -35.057445623999968 ], [ -62.421164, -35.051742 ], [ -62.42526, -35.048431 ], [ -62.430865, -35.043966 ], [ -62.437634, -35.038496 ], [ -62.440305, -35.036364 ], [ -62.440726, -35.036043 ], [ -62.442933, -35.034275 ], [ -62.45015, -35.02833 ], [ -62.456857, -35.022764 ], [ -62.460838660999976, -35.019449800999944 ], [ -62.461164, -35.019179 ], [ -62.461734, -35.018691 ], [ -62.465888, -35.015224 ], [ -62.471445, -35.010657 ], [ -62.477008, -35.0153 ], [ -62.479023, -35.016967 ], [ -62.479458, -35.017327 ], [ -62.483049, -35.020256 ], [ -62.499113, -35.033565 ], [ -62.504093, -35.03765 ], [ -62.507973, -35.040843 ], [ -62.509114998999962, -35.041734 ], [ -62.524832, -35.05457 ], [ -62.528307, -35.057408 ], [ -62.536244, -35.063914 ], [ -62.53830899899998, -35.065586 ], [ -62.54431, -35.070465 ], [ -62.548554, -35.073872 ], [ -62.568919, -35.057124 ], [ -62.576986, -35.050471 ], [ -62.579838, -35.048174 ], [ -62.580306, -35.047815 ], [ -62.583833653999932, -35.044740522 ], [ -62.586837, -35.042123 ], [ -62.598429, -35.032676 ], [ -62.60387, -35.028235 ], [ -62.610560975999981, -35.022772163999946 ], [ -62.610626526999965, -35.022718644999934 ], [ -62.61215520899998, -35.021461077999945 ], [ -62.62135, -35.013897 ], [ -62.621643, -35.013653 ], [ -62.625122715999964, -35.010805025999957 ], [ -62.631475, -35.005606 ], [ -62.642162, -34.996989 ], [ -62.641482158999963, -34.996982790999944 ], [ -62.638877, -34.996959 ], [ -62.622187, -34.996808 ], [ -62.607069, -34.996705 ], [ -62.606722, -34.99671 ], [ -62.606729564999974, -34.996521960999921 ], [ -62.6072, -34.984828 ], [ -62.60755, -34.976862 ], [ -62.608158, -34.963083 ], [ -62.608225, -34.961626 ], [ -62.608707, -34.94971 ], [ -62.608839006999972, -34.946886621999958 ], [ -62.609011, -34.943208 ], [ -62.609547, -34.930222 ], [ -62.609898, -34.923064 ], [ -62.610025, -34.917426 ], [ -62.610646, -34.904654 ], [ -62.61083, -34.90006 ], [ -62.610863, -34.899233 ], [ -62.610979, -34.897179 ], [ -62.611166998999977, -34.892369 ], [ -62.611468, -34.884885 ], [ -62.611399, -34.883407 ], [ -62.611597, -34.878211 ], [ -62.612086, -34.867017 ], [ -62.612256779999946, -34.862503538999931 ], [ -62.612296, -34.861467 ], [ -62.612709, -34.85193 ], [ -62.612965, -34.846712 ], [ -62.613903, -34.824338 ], [ -62.614191, -34.815621 ], [ -62.614259952999987, -34.813111720999984 ], [ -62.614439, -34.806596 ], [ -62.615292, -34.789863 ], [ -62.615529513999945, -34.785334055999954 ], [ -62.615718, -34.78174 ], [ -62.616613, -34.766188 ], [ -62.616941, -34.761261 ], [ -62.617519688999941, -34.745352356999952 ], [ -62.61774693499995, -34.739105169999966 ], [ -62.61776, -34.738746 ], [ -62.617987, -34.732785 ], [ -62.618369, -34.722809 ], [ -62.618628, -34.715947 ], [ -62.618767, -34.712041 ], [ -62.618847485999929, -34.709934897999972 ], [ -62.61906, -34.704374 ], [ -62.619120332999955, -34.702807593999978 ], [ -62.619407, -34.695365 ], [ -62.619442, -34.694909 ], [ -62.620162, -34.671921 ], [ -62.620173, -34.671115 ], [ -62.620189, -34.670831 ], [ -62.620252, -34.669412 ], [ -62.62045952699998, -34.666775036999972 ], [ -62.621012479999941, -34.659748866999962 ], [ -62.621444998999941, -34.654253 ], [ -62.621723, -34.645952 ], [ -62.62189, -34.641244 ], [ -62.622172848999973, -34.632501678 ], [ -62.622173, -34.632497 ], [ -62.62122092299996, -34.632766815999943 ], [ -62.610211, -34.635887 ], [ -62.609605, -34.636037 ], [ -62.599839, -34.645324 ], [ -62.594748861999953, -34.65016057499998 ], [ -62.59472, -34.650188 ], [ -62.594635, -34.649817 ], [ -62.594528809999979, -34.649392685999942 ], [ -62.592949, -34.64308 ], [ -62.591472, -34.637176 ], [ -62.589293, -34.628464 ], [ -62.588675370999965, -34.626019688999975 ], [ -62.58703, -34.619508 ], [ -62.586908, -34.619006 ], [ -62.586872063, -34.61886020999998 ], [ -62.584917998999977, -34.610933 ], [ -62.584849367999936, -34.61069129699996 ], [ -62.584849, -34.61069 ], [ -62.583880109999939, -34.61087141999996 ], [ -62.568886, -34.613679 ], [ -62.567873, -34.613837 ], [ -62.558252, -34.615598 ], [ -62.552954170999953, -34.616579855999923 ], [ -62.552828587999961, -34.616602587999971 ], [ -62.547694, -34.617532 ], [ -62.546982, -34.617664 ], [ -62.546948130999972, -34.617669769999956 ], [ -62.544155820999947, -34.618145457999958 ], [ -62.542104, -34.618495 ], [ -62.537227, -34.61941 ], [ -62.531658998999944, -34.62041 ], [ -62.518526, -34.622803 ], [ -62.510664, -34.624252 ], [ -62.503577998999965, -34.625502996999963 ], [ -62.503285525999956, -34.625557655999948 ], [ -62.49848857999995, -34.626454082999935 ], [ -62.498382, -34.626474 ], [ -62.488124, -34.628274 ], [ -62.479218998999954, -34.62989 ], [ -62.474072910999958, -34.630806806999942 ], [ -62.46892556499995, -34.631816581999935 ], [ -62.468412, -34.631919 ], [ -62.465197, -34.632502 ], [ -62.464583208999962, -34.63261333699996 ], [ -62.459123402999978, -34.633603703999938 ], [ -62.454524, -34.634438 ], [ -62.449424, -34.635363 ], [ -62.446202, -34.635947 ], [ -62.438501, -34.637352 ], [ -62.426767, -34.639501 ], [ -62.421847, -34.640407 ], [ -62.403639, -34.643707 ], [ -62.399789162999987, -34.644412056999954 ], [ -62.393058103, -34.645644778999959 ], [ -62.383930275999944, -34.647316443999948 ], [ -62.381552, -34.647752 ], [ -62.377638, -34.648451607999952 ], [ -62.3772, -34.64853 ], [ -62.372638742999975, -34.649346 ], [ -62.372628608999946, -34.649347812999963 ], [ -62.36867, -34.650056 ] ] ] ] } },
{ "type": "Feature", "properties": { "id": null }, "geometry": { "type": "MultiPolygon", "coordinates": [ [ [ [ -60.81823507099994, -33.54369824999997 ], [ -60.818006648999983, -33.54385529099995 ], [ -60.817556928999977, -33.544147969999983 ], [ -60.817357049999941, -33.54411941099994 ], [ -60.817235699999976, -33.544090859999976 ], [ -60.816900198999981, -33.544147969999983 ], [ -60.816379090999988, -33.544126549999937 ], [ -60.816199908999977, -33.543996388999965 ], [ -60.815693809999978, -33.543848158999928 ], [ -60.815314059999935, -33.543882049999972 ], [ -60.815201259999981, -33.543869569999963 ], [ -60.814851479999966, -33.543976648999944 ], [ -60.814737268999977, -33.544076580999956 ], [ -60.814591729999961, -33.544665658999968 ], [ -60.814247019999982, -33.54513684199997 ], [ -60.813873519999959, -33.545311520999959 ], [ -60.813402389999972, -33.545468569999954 ], [ -60.81305260999995, -33.545539949999977 ], [ -60.812774209999986, -33.545647029999927 ], [ -60.812487015999977, -33.545809988999956 ], [ -60.812410149999955, -33.545875458999951 ], [ -60.81233162999996, -33.546111019999955 ], [ -60.812452457999932, -33.546259239999983 ], [ -60.812659998999948, -33.54657501999997 ], [ -60.812617168999971, -33.546803448999981 ], [ -60.812495810999955, -33.54696763 ], [ -60.812148860999969, -33.547291146999946 ], [ -60.811924739999931, -33.547345960999955 ], [ -60.811674899999957, -33.547367379999969 ], [ -60.81127378999998, -33.547260460999951 ], [ -60.810982478999954, -33.547274579999957 ], [ -60.810775460999935, -33.547345960999969 ], [ -60.810602210999939, -33.547529092999973 ], [ -60.810344877999967, -33.547882928999975 ], [ -60.810290050999988, -33.54810262999996 ], [ -60.810161559999976, -33.548288229999969 ], [ -60.80993923699998, -33.54850415899994 ], [ -60.809676149999973, -33.548730809999931 ], [ -60.809583350999958, -33.548966378999978 ], [ -60.80963712199997, -33.549261239999964 ], [ -60.809590940999954, -33.549492148999946 ], [ -60.809470915999952, -33.549697906999938 ], [ -60.809290679999947, -33.549744459999943 ], [ -60.809069389999941, -33.549915779999935 ], [ -60.808998008999943, -33.550144209999921 ], [ -60.808919189999983, -33.550525167999979 ], [ -60.80875529999998, -33.550908018999962 ], [ -60.808460696999987, -33.551098282999931 ], [ -60.807865830999958, -33.551871609999978 ], [ -60.807794442999985, -33.551934073 ], [ -60.807577469999963, -33.552250029999989 ], [ -60.807310146999953, -33.552567287999977 ], [ -60.807142028999969, -33.552728300999938 ], [ -60.807084919999966, -33.553020979999921 ], [ -60.807084919999966, -33.553427868999961 ], [ -60.807013538999968, -33.553677709999931 ], [ -60.807027809999958, -33.553884719999928 ], [ -60.807099198999943, -33.553948969999958 ], [ -60.807283170999945, -33.553924029999962 ], [ -60.807648849999964, -33.553913278999964 ], [ -60.80809856999997, -33.553906139999974 ], [ -60.808326730999966, -33.553967818999979 ], [ -60.808655360999978, -33.553941829999928 ], [ -60.80892874999995, -33.55389670899995 ], [ -60.809062249999961, -33.553863308999944 ], [ -60.809219298999949, -33.553899 ], [ -60.809275509999964, -33.554022801999963 ], [ -60.809319229999964, -33.554198809999939 ], [ -60.809462, -33.554377269999982 ], [ -60.809876028999959, -33.554562869999984 ], [ -60.810111590999945, -33.554555729999954 ], [ -60.810581687999957, -33.554364650999958 ], [ -60.810780670999982, -33.554489017999963 ], [ -60.810804018999931, -33.554648529999959 ], [ -60.810682661, -33.554848400999951 ], [ -60.810211529999954, -33.555298119999975 ], [ -60.809726119999944, -33.555897748999932 ], [ -60.809440588999955, -33.555961989999957 ], [ -60.809169375999936, -33.555919272999958 ], [ -60.808726749999956, -33.556233249999927 ], [ -60.808426938999958, -33.556425988999933 ], [ -60.807948800999945, -33.556654580999975 ], [ -60.807687371999975, -33.556868477999956 ], [ -60.806973532999962, -33.55740385699994 ], [ -60.806853861999969, -33.557503581999981 ], [ -60.806431665999973, -33.557748912999948 ], [ -60.806349668999985, -33.557796558999939 ], [ -60.805545857999952, -33.558296152999951 ], [ -60.805418548999967, -33.558525309999936 ], [ -60.805414539999958, -33.558724548999969 ], [ -60.805248422999966, -33.558831531999942 ], [ -60.805081720999965, -33.558956560999945 ], [ -60.804879159999977, -33.559217090999923 ], [ -60.804393329999975, -33.559437539999983 ], [ -60.80424383999997, -33.559702500999947 ], [ -60.804122489999941, -33.559866688999925 ], [ -60.80387264899997, -33.559902379999983 ], [ -60.803722739999955, -33.559873828999962 ], [ -60.803615669999942, -33.559664342999952 ], [ -60.803480038999965, -33.55952404099996 ], [ -60.803351548999963, -33.559481210999941 ], [ -60.803230189999972, -33.559509769999977 ], [ -60.803066009999952, -33.559688229999949 ], [ -60.802988856999946, -33.559960856999957 ], [ -60.80292324, -33.560187910999964 ], [ -60.802630499999964, -33.560415219999982 ], [ -60.802393070999983, -33.561032532999945 ], [ -60.80265198099994, -33.561349089999958 ], [ -60.802497049999943, -33.561587089999939 ], [ -60.802571530999963, -33.561984318999976 ], [ -60.802444969999961, -33.562229489999936 ], [ -60.802224030999973, -33.562230448999976 ], [ -60.802088049999959, -33.562258048999972 ], [ -60.802035787999955, -33.562198614999943 ], [ -60.801959569999944, -33.562111938999976 ], [ -60.801831069999935, -33.562074828999975 ], [ -60.801640709999958, -33.562110519999969 ], [ -60.801578538999941, -33.562262077999939 ], [ -60.801343279999969, -33.562979019999936 ], [ -60.800962568999985, -33.563252659999932 ], [ -60.800712719999972, -33.563347839999942 ], [ -60.800558059999958, -33.563621478999956 ], [ -60.800308210999965, -33.563645269999931 ], [ -60.800013055999962, -33.56367423599994 ], [ -60.799511098999979, -33.563859419999972 ], [ -60.798942851999975, -33.564244806999973 ], [ -60.798547410999952, -33.564763619999951 ], [ -60.798585932999963, -33.564958642999962 ], [ -60.798725869999942, -33.56515622999995 ], [ -60.79877345999995, -33.565596429999978 ], [ -60.798499820999957, -33.566084219999929 ], [ -60.797976339999927, -33.566262679999959 ], [ -60.797574661999938, -33.566326832999941 ], [ -60.797107839999967, -33.566084219999937 ], [ -60.79678660999997, -33.566048528999929 ], [ -60.796417798999983, -33.566369750999961 ], [ -60.796227439999946, -33.566750469999931 ], [ -60.796258531999968, -33.567137230999954 ], [ -60.796248102999982, -33.567272790999937 ], [ -60.796405899999975, -33.56765465999996 ], [ -60.795632570999949, -33.568392298999974 ], [ -60.794803219999956, -33.568413197999966 ], [ -60.794574010999952, -33.568507952999937 ], [ -60.794279019, -33.568644105999958 ], [ -60.79394315899998, -33.568951469999952 ], [ -60.793455368999957, -33.569510639999983 ], [ -60.793336390999968, -33.569855660999956 ], [ -60.793086549999948, -33.570057919999947 ], [ -60.792532839999986, -33.570149840999925 ], [ -60.792385567999979, -33.570242855999936 ], [ -60.79096882999994, -33.570510018999983 ], [ -60.79055242099998, -33.570533809999965 ], [ -60.790100328999984, -33.570771758999982 ], [ -60.789850480999966, -33.570974009999922 ], [ -60.789831499999941, -33.571150200999952 ], [ -60.789755309, -33.571438008999955 ], [ -60.789362690999951, -33.571735439999934 ], [ -60.788985268999973, -33.571853259999948 ], [ -60.788830142999977, -33.572097027999973 ], [ -60.788651682999955, -33.572870351999931 ], [ -60.788552299999942, -33.573019429999924 ], [ -60.78824434899996, -33.573686598999984 ], [ -60.787839839999954, -33.574031619999971 ], [ -60.786986060999936, -33.574476488999942 ], [ -60.786510169999985, -33.575011868999979 ], [ -60.786305088999939, -33.57525703999994 ], [ -60.784547668999949, -33.575963208999944 ], [ -60.784249680999956, -33.576201598999937 ], [ -60.78403233999996, -33.576318628999957 ], [ -60.78324747999995, -33.576994049999939 ], [ -60.782827039999972, -33.577067530999955 ], [ -60.782703031, -33.577153381999949 ], [ -60.782108166999933, -33.577569788999945 ], [ -60.781998259999959, -33.577993419999984 ], [ -60.782147718999973, -33.578044419999955 ], [ -60.782367079999979, -33.578374138999955 ], [ -60.781950669999958, -33.578969 ], [ -60.781688929999973, -33.57904038099997 ], [ -60.781332009999964, -33.578980899999983 ], [ -60.780547211999988, -33.578626928999938 ], [ -60.780331710999981, -33.578529729999957 ], [ -60.779284794999967, -33.578552590999934 ], [ -60.77856439899994, -33.578766750999925 ], [ -60.778333709999977, -33.578861479999951 ], [ -60.777762819999964, -33.579242639999954 ], [ -60.776941909999948, -33.579432998999941 ], [ -60.775799768999946, -33.57954006999995 ], [ -60.775120739999977, -33.579386380999956 ], [ -60.77469331899993, -33.579278329999966 ], [ -60.774573383999943, -33.57945077699997 ], [ -60.774540379999962, -33.579498229999956 ], [ -60.774288809999973, -33.580158729999944 ], [ -60.774086550999975, -33.580242009999949 ], [ -60.773908090999953, -33.580111139999914 ], [ -60.773527379999962, -33.580146830999979 ], [ -60.772992, -33.580313398999969 ], [ -60.772050891999982, -33.580253322999958 ], [ -60.77149293999998, -33.580337189999973 ], [ -60.771281618999986, -33.580544112999981 ], [ -60.771183609999973, -33.58089636099993 ], [ -60.77102894899997, -33.58093205899997 ], [ -60.770327008999971, -33.581098619999977 ], [ -60.769604409999943, -33.581138838999948 ], [ -60.769268269999941, -33.58129162999996 ], [ -60.769113479999987, -33.581574509999939 ], [ -60.768785828999967, -33.581675098999938 ], [ -60.768292568999989, -33.581883839999932 ], [ -60.768233677999945, -33.581901159999973 ], [ -60.768214770999975, -33.581906720999939 ], [ -60.767888059999962, -33.582002809999949 ], [ -60.767364578999953, -33.582074198999969 ], [ -60.766983859999982, -33.581979019999942 ], [ -60.766739995999956, -33.581870176999921 ], [ -60.766638889999975, -33.581825049999949 ], [ -60.766115359999958, -33.581824350999973 ], [ -60.765925, -33.581907630999979 ], [ -60.765817928999986, -33.582050399999957 ], [ -60.765805838999945, -33.582248238999966 ], [ -60.765901209999974, -33.582550089999977 ], [ -60.765823874999967, -33.582698804999957 ], [ -60.765746540999942, -33.582847519999966 ], [ -60.765461009999974, -33.583073569999954 ], [ -60.765032708999975, -33.583073569999975 ], [ -60.764515328999948, -33.582956435999961 ], [ -60.764331225999975, -33.583038259999974 ], [ -60.764325739999954, -33.583040697999941 ], [ -60.763580352999952, -33.583371980999956 ], [ -60.76324810999995, -33.58378740999995 ], [ -60.76264924099997, -33.584015680999983 ], [ -60.76256908199997, -33.584085818999938 ], [ -60.761713358999948, -33.584429859999936 ], [ -60.760987619999987, -33.584417968999958 ], [ -60.760669367999981, -33.584798692999982 ], [ -60.760511729999969, -33.58508421899996 ], [ -60.760368959999937, -33.585131800999925 ], [ -60.760107219999952, -33.585131800999939 ], [ -60.759881169999971, -33.585024729999915 ], [ -60.759274409999939, -33.585048519999916 ], [ -60.758975009999972, -33.584931707999942 ], [ -60.75873686999995, -33.584953356999961 ], [ -60.758419101999948, -33.585053195999933 ], [ -60.758326880999967, -33.585082169999964 ], [ -60.758025189999948, -33.585310260999961 ], [ -60.757619830999943, -33.585846060999977 ], [ -60.757226989999943, -33.585971578999924 ], [ -60.756609409999946, -33.586285839999945 ], [ -60.755756558999963, -33.586551329999963 ], [ -60.755636661999972, -33.586671226999947 ], [ -60.755538658999967, -33.586785529999922 ], [ -60.755431579999936, -33.586904499999932 ], [ -60.75544347899995, -33.587059169999968 ], [ -60.755773010999974, -33.587276030999931 ], [ -60.755895570999947, -33.587392289999961 ], [ -60.755907469999954, -33.587523159999925 ], [ -60.755824189999935, -33.587761109999981 ], [ -60.755586248999975, -33.587951468999968 ], [ -60.755146040999939, -33.587963359999947 ], [ -60.754777229999952, -33.58783249 ], [ -60.754348928999953, -33.587642138999968 ], [ -60.753932519999978, -33.587475569999981 ], [ -60.753527130999935, -33.587238602999946 ], [ -60.752683299999944, -33.587178139999928 ], [ -60.752283469999945, -33.587349329999924 ], [ -60.751833710999968, -33.587585625999964 ], [ -60.75121993099998, -33.587606440999934 ], [ -60.750845760999937, -33.587373695999929 ], [ -60.750422810999972, -33.587511268999947 ], [ -60.749304469999977, -33.587487469999921 ], [ -60.74854181599995, -33.587474808999957 ], [ -60.748431264999965, -33.587537633999929 ], [ -60.747223939999969, -33.588223739999925 ], [ -60.747115559999934, -33.588288930999965 ], [ -60.746771348999971, -33.588398260999952 ], [ -60.746234959999981, -33.588379769999946 ], [ -60.745782868999981, -33.588225100999985 ], [ -60.745342668999974, -33.588118029999976 ], [ -60.744747799999978, -33.588022849999952 ], [ -60.744698149999977, -33.587997950999984 ], [ -60.744404610999929, -33.587850740999947 ], [ -60.744035829999966, -33.587558139999935 ], [ -60.743678909999979, -33.587146878999931 ], [ -60.743441922999978, -33.58708763099996 ], [ -60.742987, -33.587166239999924 ], [ -60.742643950999941, -33.587440347999959 ], [ -60.742011419999983, -33.587808699999975 ], [ -60.741559319999965, -33.587832489999982 ], [ -60.740928768999936, -33.587642138999968 ], [ -60.73996508099998, -33.587487469999935 ], [ -60.737628368999935, -33.587055579999969 ], [ -60.736907478999967, -33.586987780999941 ], [ -60.735812920999926, -33.587011579999967 ], [ -60.735574975999953, -33.586849686999976 ], [ -60.735015800999975, -33.586595169999953 ], [ -60.734534629999985, -33.586530351999947 ], [ -60.734390445999964, -33.586510928999928 ], [ -60.733329215999966, -33.586790199999932 ], [ -60.732139485999937, -33.586790199999932 ], [ -60.731128212999977, -33.586849686999969 ], [ -60.730350152999961, -33.586849686999983 ], [ -60.729878997999947, -33.586849686999983 ], [ -60.729782037999932, -33.58686679799996 ], [ -60.728867726999965, -33.587028145999959 ], [ -60.728153887999952, -33.587325578999987 ], [ -60.727329822999934, -33.587025918999984 ], [ -60.726845182999966, -33.586849686999969 ], [ -60.726526232999959, -33.586865633999928 ], [ -60.725655452999952, -33.586909171999942 ], [ -60.72464418199997, -33.587028145999959 ], [ -60.723751885999938, -33.587325578999987 ], [ -60.722383695999952, -33.587741982999937 ], [ -60.721431910999968, -33.588039416999948 ], [ -60.720274162999942, -33.588130900999936 ], [ -60.719203406999952, -33.587714497999968 ], [ -60.718787000999953, -33.58729809099998 ], [ -60.718013676999988, -33.587119630999943 ], [ -60.717359323, -33.58729809099998 ], [ -60.717002405999949, -33.587238602999939 ], [ -60.716169592999961, -33.587417062999968 ], [ -60.715658889999979, -33.587417062999975 ], [ -60.715658843999961, -33.587417063999958 ], [ -60.71414705199998, -33.587536036999957 ], [ -60.713505478999942, -33.587570749999941 ], [ -60.712291949999958, -33.587975259999943 ], [ -60.711827077999949, -33.588249876999946 ], [ -60.71129257999997, -33.588760479999962 ], [ -60.710721509999985, -33.588605818999952 ], [ -60.710525710999953, -33.588385555999942 ], [ -60.710367416999986, -33.587713519999951 ], [ -60.710367416999986, -33.587623009999952 ], [ -60.709951010999987, -33.587266090999933 ], [ -60.708971722999927, -33.586881682999945 ], [ -60.708079426999973, -33.586822196999933 ], [ -60.707187128999976, -33.586762710999956 ], [ -60.706294830999973, -33.586643738999939 ], [ -60.705224072999947, -33.586346306999936 ], [ -60.704093829999984, -33.585929900999936 ], [ -60.70343947799995, -33.585632467999972 ], [ -60.702277249999952, -33.58530303699996 ], [ -60.701483370999938, -33.585086524999937 ], [ -60.700968545999956, -33.584946117999948 ], [ -60.700314192999933, -33.585065089999937 ], [ -60.698886517999945, -33.585065089999944 ], [ -60.697934732999961, -33.585065089999937 ], [ -60.697168757999968, -33.585090118999972 ], [ -60.696955446999937, -33.585097089999984 ], [ -60.696241608999976, -33.584978116999928 ], [ -60.695706229999985, -33.584680682999917 ], [ -60.694575985999968, -33.584680682999938 ], [ -60.693743174999952, -33.584561709999932 ], [ -60.693326768999952, -33.584502221999976 ], [ -60.692695522999941, -33.58435369499994 ], [ -60.692315497999978, -33.584264277999978 ], [ -60.691357160999985, -33.584197829999937 ], [ -60.690627379999967, -33.584147228999932 ], [ -60.690292955999958, -33.584264277999978 ], [ -60.689519630999932, -33.584502221999969 ], [ -60.688329900999975, -33.584442737999957 ], [ -60.687794520999944, -33.58444273799995 ], [ -60.687497089999972, -33.584680682999924 ], [ -60.686247871999967, -33.584918628999951 ], [ -60.685593521, -33.585037601999943 ], [ -60.684582248999959, -33.585156576999957 ], [ -60.68398738299998, -33.585424262999929 ], [ -60.683598480999933, -33.586195332999978 ], [ -60.682765669999981, -33.586552251999926 ], [ -60.681694910999965, -33.587028145999973 ], [ -60.68068364099998, -33.58708763099996 ], [ -60.680036110999943, -33.587187367999945 ], [ -60.678241868999976, -33.587677829999961 ], [ -60.676754699999954, -33.588213208999946 ], [ -60.676124140999953, -33.588665300999928 ], [ -60.675065280999952, -33.588843759999968 ], [ -60.674327649999952, -33.588736689999955 ], [ -60.673708989999966, -33.588962738999946 ], [ -60.673517863999962, -33.589134770999976 ], [ -60.672950391999954, -33.58964555099994 ], [ -60.670722769999948, -33.590747329999942 ], [ -60.669202740999935, -33.591311175999969 ], [ -60.667299171999957, -33.591608608999927 ], [ -60.665871496999948, -33.592025012999947 ], [ -60.664800738999986, -33.592322446999958 ], [ -60.66456266199998, -33.592590283999975 ], [ -60.664324846999932, -33.592857825999936 ], [ -60.663611008999958, -33.593690636999952 ], [ -60.662480762999969, -33.594404472999933 ], [ -60.661647951999953, -33.594999340999955 ], [ -60.660517708999976, -33.595653690999939 ], [ -60.660099426999977, -33.597117679999933 ], [ -60.660098496999971, -33.597120933999975 ], [ -60.660041816999971, -33.59731931299995 ], [ -60.659800521999955, -33.597962767999945 ], [ -60.659684897999959, -33.59827109899993 ], [ -60.659327978999947, -33.599222881999928 ], [ -60.659090031999938, -33.599877235999934 ], [ -60.65858037999994, -33.600731549999978 ], [ -60.657752328999948, -33.60066492899994 ], [ -60.657139634999972, -33.600606681999984 ], [ -60.656967007999981, -33.600937529999946 ], [ -60.656933789999975, -33.601645260999923 ], [ -60.656532110999926, -33.602387658999923 ], [ -60.656532110999926, -33.603030019999949 ], [ -60.656353651999957, -33.60380334599995 ], [ -60.655461352999964, -33.604517183 ], [ -60.654212137999934, -33.605528456999934 ], [ -60.652811372999956, -33.606520663999959 ], [ -60.65278446099996, -33.60653972599993 ], [ -60.652249080999979, -33.607372537999929 ], [ -60.65147575799994, -33.607550996999969 ], [ -60.650167052999969, -33.607134590999976 ], [ -60.649334241999952, -33.607015618999981 ], [ -60.648203998999975, -33.607432022999951 ], [ -60.647609131999957, -33.608205348999945 ], [ -60.646538375999967, -33.609097646999928 ], [ -60.64606248299998, -33.609811482999923 ], [ -60.644932239999939, -33.610703780999984 ], [ -60.644277887999976, -33.611179672999981 ], [ -60.643798688999937, -33.611556188999948 ], [ -60.643522276999931, -33.612091360999948 ], [ -60.643623535999957, -33.612428890999972 ], [ -60.643266616999945, -33.61302375799994 ], [ -60.642076886999966, -33.613559135999935 ], [ -60.641422532999968, -33.61427297299997 ], [ -60.640768181999931, -33.615343730999925 ], [ -60.639697425999934, -33.61611705699994 ], [ -60.639102559999976, -33.616295516999969 ], [ -60.638969967999977, -33.616224120999952 ], [ -60.638569717999985, -33.616008600999976 ], [ -60.637615396999934, -33.616176542999938 ], [ -60.636782585999981, -33.616771408999966 ], [ -60.63600926099997, -33.617128327999978 ], [ -60.635354760999981, -33.617697617999973 ], [ -60.635208430999967, -33.617814679999981 ], [ -60.634673055999933, -33.618290568999953 ], [ -60.63443510999997, -33.61876646099995 ], [ -60.634241030999981, -33.618984800999939 ], [ -60.632312639999952, -33.619748810999972 ], [ -60.631936675999953, -33.619777730999957 ], [ -60.63157975699994, -33.620015678999948 ], [ -60.631520270999935, -33.620313110999973 ], [ -60.63157975699994, -33.620729517999969 ], [ -60.631401297999957, -33.620967461999939 ], [ -60.631163350999948, -33.621324381999941 ], [ -60.630568485999966, -33.621859760999932 ], [ -60.630390026999983, -33.622097707999963 ], [ -60.630033107999971, -33.622395139999973 ], [ -60.629676187999962, -33.622573599999953 ], [ -60.629378755999937, -33.622930518999972 ], [ -60.629081321999941, -33.623049490999954 ], [ -60.628843376999953, -33.623168462999949 ], [ -60.628664917999963, -33.622633085999951 ], [ -60.628453631999953, -33.622572717999958 ], [ -60.628248510999974, -33.622514111999962 ], [ -60.627891591999962, -33.622752058999943 ], [ -60.627802506999963, -33.62297477399995 ], [ -60.62777261999998, -33.623049490999961 ], [ -60.627951078999963, -33.62322795099994 ], [ -60.628189022999948, -33.623406409999966 ], [ -60.628189022999948, -33.623584870999942 ], [ -60.626669876999983, -33.624504656999932 ], [ -60.625480145999973, -33.625456439999937 ], [ -60.624528360999925, -33.625753872999958 ], [ -60.623695549999972, -33.625932332999966 ], [ -60.622267872999934, -33.625991818999985 ], [ -60.62125660199996, -33.625872846999989 ], [ -60.620542762999939, -33.626229765999938 ], [ -60.620515262999959, -33.626618682999947 ], [ -60.620030833, -33.627902049999939 ], [ -60.619920397999977, -33.628343791999946 ], [ -60.619174572999952, -33.628668711999978 ], [ -60.618466460999976, -33.628432674999935 ], [ -60.618282276999935, -33.628371280999943 ], [ -60.617865870999935, -33.627954876999979 ], [ -60.617897856999953, -33.627392007999958 ], [ -60.618222789999948, -33.626705657999942 ], [ -60.617925355999937, -33.625991818999978 ], [ -60.617568437999985, -33.625456439999923 ], [ -60.616557166999939, -33.625396952999949 ], [ -60.615623901999982, -33.625671442999938 ], [ -60.614746990999947, -33.626067070999959 ], [ -60.614534622999933, -33.626527198999952 ], [ -60.613766687999941, -33.626791092999952 ], [ -60.613404380999953, -33.626646170999948 ], [ -60.612757905999949, -33.626565362999941 ], [ -60.612452596999958, -33.626527198999952 ], [ -60.611322351999945, -33.626824630999977 ], [ -60.610608512999931, -33.627419497999938 ], [ -60.609025800999973, -33.629262142999941 ], [ -60.608677442999976, -33.629414549999979 ], [ -60.608261039999945, -33.62977146899992 ], [ -60.607725660999968, -33.629949928999963 ], [ -60.607249768999964, -33.630128387999953 ], [ -60.606904129999975, -33.630222651999929 ], [ -60.60654307, -33.630284820999961 ], [ -60.605937179999955, -33.630389149999928 ], [ -60.605077469999976, -33.629886685999971 ], [ -60.603833739999978, -33.629427849999956 ], [ -60.603062790999957, -33.628647388999973 ], [ -60.602729669999974, -33.627762229999973 ], [ -60.60183499, -33.627352959999932 ], [ -60.600169369999946, -33.627943068999969 ], [ -60.599431420999956, -33.628893798999968 ], [ -60.597618589999975, -33.62980856099994 ], [ -60.596094299999955, -33.630256537999969 ], [ -60.595736882999972, -33.630274849999971 ], [ -60.594606639999945, -33.630929200999951 ], [ -60.593714340999952, -33.630750740999929 ], [ -60.592616082999946, -33.631139659 ], [ -60.592251889999943, -33.631422919999977 ], [ -60.591470059999949, -33.631597919999919 ], [ -60.590318399999951, -33.632045259999984 ], [ -60.589404689999981, -33.63195959899997 ], [ -60.588182092999951, -33.63134560799994 ], [ -60.587418739999983, -33.631059348999933 ], [ -60.58639242299995, -33.631556062999948 ], [ -60.586813905999975, -33.632356877999939 ], [ -60.587111336999961, -33.633130200999965 ], [ -60.586978267999946, -33.633751192999966 ], [ -60.586932877999971, -33.63396301299997 ], [ -60.586878301999946, -33.63409945099994 ], [ -60.585981091999948, -33.634379419999959 ], [ -60.585148281, -33.634498390999966 ], [ -60.583944090999978, -33.634674717999921 ], [ -60.583661118999942, -33.634438907999936 ], [ -60.582768820999952, -33.634319932999965 ], [ -60.581876521999959, -33.634795825999952 ], [ -60.581164087999973, -33.635353498999947 ], [ -60.581164043999941, -33.635353533999925 ], [ -60.580195928999956, -33.636074487999949 ], [ -60.579794492999952, -33.636104528999958 ], [ -60.579021168999986, -33.636282988999938 ], [ -60.577890925999959, -33.636937340999957 ], [ -60.576165368999966, -33.637889210999965 ], [ -60.574223728999982, -33.637965358999963 ], [ -60.573523519999974, -33.637382730999953 ], [ -60.572834119999982, -33.636899359999973 ], [ -60.571758608999964, -33.636889839999974 ], [ -60.570625979999924, -33.637175378999984 ], [ -60.570514595999953, -33.638365017999938 ], [ -60.57015767799998, -33.639495259999933 ], [ -60.570071657999961, -33.639575135999962 ], [ -60.569324865999938, -33.640268585999912 ], [ -60.56789718999994, -33.641041910999952 ], [ -60.566442011999982, -33.641847232999957 ], [ -60.56590663299994, -33.642204150999923 ], [ -60.565073821999938, -33.642680042999977 ], [ -60.564300498999948, -33.64315593699996 ], [ -60.563820720999956, -33.643285829999968 ], [ -60.562747649999956, -33.644340329999977 ], [ -60.562158982999961, -33.644702586999976 ], [ -60.561212830999978, -33.64520843899993 ], [ -60.559528178999976, -33.645579629999929 ], [ -60.558205199, -33.645988899999956 ], [ -60.557624608999959, -33.646360090999956 ], [ -60.556948839999968, -33.646598039999965 ], [ -60.556453909999959, -33.646598039999965 ], [ -60.555892359999973, -33.646483828999969 ], [ -60.555368879999946, -33.646436239999957 ], [ -60.553541449999962, -33.646474309999974 ], [ -60.552456419999949, -33.646103109999963 ], [ -60.552018598999943, -33.646150699999971 ], [ -60.551295239999945, -33.646302989999981 ], [ -60.550714649999975, -33.646559969999942 ], [ -60.549924669999939, -33.646702738999963 ], [ -60.548849159, -33.646759840999941 ], [ -60.548335189999932, -33.646645629999966 ], [ -60.547973509999956, -33.646512379999933 ], [ -60.547583279999976, -33.646464789999975 ], [ -60.547174010999981, -33.646645629999966 ], [ -60.546755229999974, -33.646797918999937 ], [ -60.546355479999939, -33.646807430999942 ], [ -60.545793928999956, -33.646721769999935 ], [ -60.545089608999945, -33.646702738999977 ], [ -60.544480460999985, -33.646731289999927 ], [ -60.543804699999953, -33.646816949999959 ], [ -60.542995679999933, -33.64695971999997 ], [ -60.542215219999953, -33.647159590999934 ], [ -60.541777398999955, -33.647311879999947 ], [ -60.541320539999958, -33.647302359999962 ], [ -60.54078753999994, -33.64712152 ], [ -60.540502008999965, -33.646988269999952 ], [ -60.540168879999953, -33.646950199999935 ], [ -60.539388419999966, -33.647026340999957 ], [ -60.538312899999937, -33.647264289999953 ], [ -60.537323048999959, -33.64741657899998 ], [ -60.536666310999976, -33.647673558999941 ], [ -60.53642980799998, -33.647907736999969 ], [ -60.535933439999958, -33.648178 ], [ -60.535655491999933, -33.648239779999983 ], [ -60.535371889999965, -33.648273179999933 ], [ -60.534973168999954, -33.648069199999952 ], [ -60.534465761999975, -33.647942348999948 ], [ -60.53392852799994, -33.648121426999971 ], [ -60.533382659999972, -33.648444499999975 ], [ -60.532615059999955, -33.648559248999966 ], [ -60.532502706999935, -33.648596699999977 ], [ -60.531831249999982, -33.648634859999952 ], [ -60.531222109999987, -33.64858726999995 ], [ -60.530540849999966, -33.648314680999938 ], [ -60.529487360999951, -33.648406288999979 ], [ -60.529071078999948, -33.648634859999959 ], [ -60.528328679999966, -33.648891839999976 ], [ -60.527922242999978, -33.648894130999949 ], [ -60.527062809999961, -33.648844249999975 ], [ -60.526632023999987, -33.64850315499995 ], [ -60.525616099999979, -33.648082820999939 ], [ -60.525378149999938, -33.64802571999995 ], [ -60.525149719999938, -33.648054269999939 ], [ -60.524888430999972, -33.648120807999931 ], [ -60.524159869999956, -33.648615820999964 ], [ -60.523807708999982, -33.648711 ], [ -60.523331818999957, -33.648730039999961 ], [ -60.523150978999986, -33.648606308999945 ], [ -60.522922549999976, -33.648434980999973 ], [ -60.522867081999941, -33.648240972999922 ], [ -60.522786529999962, -33.647959229999962 ], [ -60.522808330999965, -33.646912129999976 ], [ -60.522865439999975, -33.646483828999976 ], [ -60.522589419999974, -33.646074559999924 ], [ -60.522104009999971, -33.645589149999971 ], [ -60.521656670999967, -33.645436860999951 ], [ -60.521247408999955, -33.645284579999945 ], [ -60.52015285899995, -33.644684950999938 ], [ -60.519724549999978, -33.644703989999982 ], [ -60.519505639999984, -33.644665919999966 ], [ -60.519029749999966, -33.644370868999943 ], [ -60.518687109, -33.644256649999924 ], [ -60.517963749999986, -33.64446604099993 ], [ -60.517278468999962, -33.644713509999981 ], [ -60.516688359999932, -33.64478964999995 ], [ -60.515879339999977, -33.644599290999956 ], [ -60.515051289999974, -33.644561219999957 ], [ -60.51402336099995, -33.644494598999984 ], [ -60.513604579999935, -33.644599290999956 ], [ -60.513242899999966, -33.644742059999935 ], [ -60.512890739999932, -33.644723028999977 ], [ -60.512557618999942, -33.644646879999975 ], [ -60.512310149999962, -33.644684950999945 ], [ -60.511919919999961, -33.64484675999995 ], [ -60.510904298999954, -33.64548992899995 ], [ -60.510130568999955, -33.645988899999963 ], [ -60.509664189999974, -33.646112629999941 ], [ -60.509407209999949, -33.646065039999932 ], [ -60.508985098999979, -33.645890648999966 ], [ -60.508636260999936, -33.645808059999986 ], [ -60.508169889999976, -33.645750949999979 ], [ -60.507551229999926, -33.645846129999931 ], [ -60.506430940999962, -33.645955877999938 ], [ -60.506056929999943, -33.646036489999979 ], [ -60.505571519999933, -33.645969859999965 ], [ -60.504858939999963, -33.645788660999983 ], [ -60.503878798999949, -33.645746045999942 ], [ -60.503410969999941, -33.645874680999952 ], [ -60.502572821999941, -33.645653606999929 ], [ -60.502117309999967, -33.645552380999966 ], [ -60.501983289999941, -33.645360719999928 ], [ -60.501669199999981, -33.645056149999952 ], [ -60.501250418999973, -33.644856278999953 ], [ -60.501002949999986, -33.644646879999975 ], [ -60.500498508999954, -33.644513629999942 ], [ -60.499870329999965, -33.64446604099993 ], [ -60.499156489999969, -33.644513629999949 ], [ -60.497928689999981, -33.644542188999928 ], [ -60.497652669999979, -33.644427969999974 ], [ -60.496976908999947, -33.64414243899995 ], [ -60.496101259999932, -33.643914009999953 ], [ -60.495530189999947, -33.64359039999993 ], [ -60.495054299999943, -33.643266798999932 ], [ -60.494673588999945, -33.642876560999973 ], [ -60.494245280999962, -33.642848009999966 ], [ -60.49348385899998, -33.642943189999976 ], [ -60.492884229999959, -33.642895599999974 ], [ -60.491374199999939, -33.64332830099994 ], [ -60.490445732999952, -33.643421370999931 ], [ -60.489762379999945, -33.643333419999976 ], [ -60.48949394999994, -33.643123938999963 ], [ -60.489315039999958, -33.642886079999975 ], [ -60.489077090999963, -33.642571989999965 ], [ -60.488658309999956, -33.642419708999959 ], [ -60.488011098999941, -33.642353079999964 ], [ -60.487630379999985, -33.642219829999924 ], [ -60.48737339999996, -33.642096099999932 ], [ -60.486916540999971, -33.641677318999932 ], [ -60.486535829999987, -33.641563099999928 ], [ -60.485955239999953, -33.641525029999961 ], [ -60.484466770999973, -33.641475576999923 ], [ -60.484384001999956, -33.641449889999933 ], [ -60.483921920999933, -33.641306485999955 ], [ -60.483109408999951, -33.640754080999955 ], [ -60.482490748999972, -33.640401920999984 ], [ -60.481129690999985, -33.639469178999953 ], [ -60.480853678999942, -33.639164600999948 ], [ -60.480358749999937, -33.638926659999981 ], [ -60.47879578, -33.638427470999943 ], [ -60.478667400999946, -33.638365017999938 ], [ -60.477477670999967, -33.637889122999972 ], [ -60.477113160999984, -33.637584639999943 ], [ -60.476399328999946, -33.637489460999966 ], [ -60.475573059999988, -33.637719977999943 ], [ -60.474860262999989, -33.63782963899996 ], [ -60.474438649999968, -33.638070049999953 ], [ -60.473286989999963, -33.638070049999953 ], [ -60.472877720999975, -33.63803197999993 ], [ -60.472699148999943, -33.637914913999964 ], [ -60.472373699999935, -33.637701559999982 ], [ -60.472116298999936, -33.637403800999948 ], [ -60.471431009999947, -33.637165859999975 ], [ -60.470736209999977, -33.637213448999951 ], [ -60.469898639999933, -33.637508499999967 ], [ -60.469489369999962, -33.637584639999936 ], [ -60.468990570999949, -33.637791835999963 ], [ -60.468548600999952, -33.637749741999983 ], [ -60.468146831999952, -33.637479929999984 ], [ -60.467947479999964, -33.63734669899997 ], [ -60.467899889999956, -33.637146819999934 ], [ -60.46791892899995, -33.637004050999963 ], [ -60.468052179, -33.636785140999976 ], [ -60.468071209999948, -33.636585269999962 ], [ -60.46814496099995, -33.636025308999926 ], [ -60.467793531999973, -33.635498168999959 ], [ -60.46759531999998, -33.635490718999954 ], [ -60.466795819999966, -33.635509749999983 ], [ -60.465929699999947, -33.635443129999942 ], [ -60.465558499999986, -33.635566859999976 ], [ -60.465168269999943, -33.635357468999985 ], [ -60.464416359999973, -33.635071929999981 ], [ -60.463845289999938, -33.634824469999948 ], [ -60.463407469999929, -33.63461507899995 ], [ -60.46300771999995, -33.634310500999959 ], [ -60.462817359999974, -33.634186769999928 ], [ -60.462531829999932, -33.633958340999982 ], [ -60.462431323999965, -33.633718672999983 ], [ -60.462408098999965, -33.633663289999951 ], [ -60.462299698999963, -33.633147695999988 ], [ -60.462070660999984, -33.632832770999975 ], [ -60.462028538999959, -33.632685339999966 ], [ -60.462141598999956, -33.632340309999961 ], [ -60.462131655999947, -33.632225988999949 ], [ -60.462122559999955, -33.632121399999967 ], [ -60.461817989999986, -33.631702618999959 ], [ -60.461599079999985, -33.631502739999966 ], [ -60.461151739999941, -33.631417079999956 ], [ -60.460466458999967, -33.631512259999951 ], [ -60.460054328999952, -33.631657420999943 ], [ -60.459572226999974, -33.63146457999995 ], [ -60.458917875999987, -33.629977416999971 ], [ -60.458433732999936, -33.629263946999963 ], [ -60.457830009999959, -33.628561728999941 ], [ -60.457749508999939, -33.628253548999957 ], [ -60.457592068999986, -33.628019209999927 ], [ -60.457506408999961, -33.627619459999956 ], [ -60.457468330999973, -33.627238748999957 ], [ -60.457534959999975, -33.626838998999972 ], [ -60.45772814299994, -33.62650586999996 ], [ -60.458048919999953, -33.626106119999953 ], [ -60.458277349999953, -33.625734928999968 ], [ -60.458515298999934, -33.625335178999926 ], [ -60.458600959999956, -33.625078198999965 ], [ -60.458510975999964, -33.624858048999954 ], [ -60.458427798999935, -33.624572151999985 ], [ -60.457847117999954, -33.624088249999943 ], [ -60.457586239999948, -33.62385108899997 ], [ -60.457154249, -33.623688589999972 ], [ -60.456973408999936, -33.623488718999958 ], [ -60.456954373999956, -33.623336429999931 ], [ -60.456935338999976, -33.623184140999967 ], [ -60.456992439999965, -33.622927159999961 ], [ -60.457116170999939, -33.622717769999952 ], [ -60.457358963999987, -33.62259460599995 ], [ -60.457517638999946, -33.622514112999973 ], [ -60.458083142999961, -33.622227241999944 ], [ -60.458176539999947, -33.622157192999971 ], [ -60.458677099999939, -33.621899238999958 ], [ -60.458838900999979, -33.621689839999931 ], [ -60.458943599999948, -33.62147092999993 ], [ -60.458924560999947, -33.621280578999972 ], [ -60.458857939999973, -33.62110925099995 ], [ -60.458762759999964, -33.620833238999978 ], [ -60.458667579999933, -33.620452519999958 ], [ -60.458572400999962, -33.620014699999956 ], [ -60.458477228999989, -33.619529289999946 ], [ -60.458305900999967, -33.619186649999961 ], [ -60.458125068999955, -33.618920149999958 ], [ -60.45794422899997, -33.618501368999951 ], [ -60.457839529999944, -33.618025469999957 ], [ -60.457830009999959, -33.617644759999955 ], [ -60.457991818999965, -33.617368739999954 ], [ -60.458372529999963, -33.616169490999944 ], [ -60.458315419999963, -33.615836369999947 ], [ -60.45820120999997, -33.615198670999966 ], [ -60.458343978999949, -33.614722779999958 ], [ -60.45872468999994, -33.614085088999957 ], [ -60.458972150999962, -33.613666299999977 ], [ -60.459114919999934, -33.613295100999935 ], [ -60.459096332999934, -33.613023757999933 ], [ -60.458962638999935, -33.612752589999957 ], [ -60.459046715999932, -33.612428319999921 ], [ -60.459405838999935, -33.611839219999979 ], [ -60.460164260999932, -33.610898989999946 ], [ -60.460499769999956, -33.610213699999967 ], [ -60.460532110999971, -33.609698091999981 ], [ -60.460532113999932, -33.609698050999953 ], [ -60.460532118999943, -33.609697976999946 ], [ -60.460566541999981, -33.609216039999964 ], [ -60.460391937999987, -33.608801848999967 ], [ -60.460307029999967, -33.60860042999996 ], [ -60.460035769999941, -33.608329169999934 ], [ -60.459810172999937, -33.608264835999925 ], [ -60.459186308999961, -33.608150709999954 ], [ -60.458815109999932, -33.608000800999946 ], [ -60.458600959999956, -33.607643880999944 ], [ -60.458536709999969, -33.607322659999966 ], [ -60.458756767999951, -33.606966049999983 ], [ -60.459086369999959, -33.606694479999923 ], [ -60.459057810999987, -33.606309008999972 ], [ -60.45884365999995, -33.605837870999949 ], [ -60.458451049999951, -33.605552339999967 ], [ -60.457615859999976, -33.604945578999946 ], [ -60.457366019999938, -33.604574379999981 ], [ -60.457159000999987, -33.604131799999941 ], [ -60.45688061, -33.603503619999955 ], [ -60.45688061, -33.603203809999968 ], [ -60.456666458999955, -33.602504249999974 ], [ -60.456643586999981, -33.602372294999959 ], [ -60.456480859999942, -33.60143348999997 ], [ -60.456500667999933, -33.601374062999966 ], [ -60.456587930999937, -33.601112260999976 ], [ -60.456744979999947, -33.600669680999943 ], [ -60.456616489999988, -33.60024137999995 ], [ -60.456759258999973, -33.599670309999965 ], [ -60.457009099999929, -33.59892791999993 ], [ -60.457451679999963, -33.598349709999972 ], [ -60.457683674999942, -33.598046329999931 ], [ -60.456914456999989, -33.598484959999944 ], [ -60.45691640299998, -33.598478471999968 ], [ -60.456807, -33.598559 ], [ -60.456221004, -33.599003317999966 ], [ -60.455506984999943, -33.599544705999953 ], [ -60.454792965999964, -33.600086094999931 ], [ -60.453939753, -33.600733023999972 ], [ -60.448619065999935, -33.604767311999986 ], [ -60.435961, -33.614365 ], [ -60.434523, -33.615447 ], [ -60.433075727999949, -33.616541323999961 ], [ -60.432973, -33.616619 ], [ -60.431535, -33.617718 ], [ -60.42997, -33.618907 ], [ -60.429335, -33.619387 ], [ -60.428433, -33.618573 ], [ -60.427482, -33.617705 ], [ -60.426687450999971, -33.616995177999968 ], [ -60.426638, -33.616951 ], [ -60.419556502999974, -33.622343387999919 ], [ -60.417314, -33.624051 ], [ -60.412239068999952, -33.627878620999972 ], [ -60.406654, -33.632091 ], [ -60.405662, -33.632827 ], [ -60.404708, -33.633554 ], [ -60.403714, -33.634302 ], [ -60.402763998999944, -33.635017 ], [ -60.401763, -33.635761 ], [ -60.401253772999951, -33.636144312999924 ], [ -60.400392, -33.636793 ], [ -60.399004, -33.63783 ], [ -60.397897, -33.638651 ], [ -60.39516, -33.640719 ], [ -60.393426, -33.642014 ], [ -60.391743111999972, -33.640462359999951 ], [ -60.389964, -33.638822 ], [ -60.389488951999972, -33.638383085999969 ], [ -60.387545, -33.636587 ], [ -60.387450067999971, -33.636658670999964 ], [ -60.381574, -33.641095 ], [ -60.381655039999941, -33.641256281999965 ], [ -60.381777, -33.641499 ], [ -60.381411, -33.641708 ], [ -60.377057840999953, -33.644903567999961 ], [ -60.37659, -33.645247 ], [ -60.375245396999965, -33.646253899999977 ], [ -60.37096, -33.649463 ], [ -60.36939, -33.650782 ], [ -60.367945, -33.651933 ], [ -60.366666, -33.652931 ], [ -60.364669, -33.654451 ], [ -60.361227, -33.656805 ], [ -60.359083, -33.658424 ], [ -60.358972, -33.658517 ], [ -60.355962680999937, -33.660789817999955 ], [ -60.355350808999958, -33.661251939999936 ], [ -60.353411, -33.662717 ], [ -60.352151, -33.663702 ], [ -60.352130525999939, -33.663718012999922 ], [ -60.348044, -33.666914 ], [ -60.347951, -33.667065 ], [ -60.347908029999978, -33.667096915999927 ], [ -60.345296, -33.669037 ], [ -60.342522, -33.671163 ], [ -60.340607, -33.672644 ], [ -60.33876130699997, -33.674073882999949 ], [ -60.337479928999976, -33.675066583999964 ], [ -60.330309, -33.680622 ], [ -60.328391, -33.682099 ], [ -60.327036, -33.683138 ], [ -60.326792, -33.68327 ], [ -60.326702, -33.683051 ], [ -60.326686, -33.682839 ], [ -60.326697625999948, -33.682770951999935 ], [ -60.32672, -33.68264 ], [ -60.326605, -33.682313 ], [ -60.326515, -33.682059 ], [ -60.326515, -33.681766 ], [ -60.326517, -33.681512 ], [ -60.326559, -33.681312 ], [ -60.326677, -33.68111 ], [ -60.326725, -33.680998 ], [ -60.326822, -33.680874 ], [ -60.326952, -33.680698 ], [ -60.327125, -33.680517 ], [ -60.327287, -33.680269 ], [ -60.327382, -33.679897 ], [ -60.327492, -33.67962 ], [ -60.327687, -33.679432 ], [ -60.327854, -33.67912 ], [ -60.328014, -33.678731 ], [ -60.327871, -33.678378 ], [ -60.327713, -33.677891 ], [ -60.327695427999977, -33.677788900999921 ], [ -60.327655, -33.677554 ], [ -60.327683655999977, -33.677369821999946 ], [ -60.327758, -33.676892 ], [ -60.327884, -33.676224 ], [ -60.32789, -33.675802 ], [ -60.327843, -33.675467 ], [ -60.327667, -33.675129 ], [ -60.327559, -33.674893 ], [ -60.327321, -33.674736 ], [ -60.327165, -33.674485 ], [ -60.327, -33.674094 ], [ -60.326849, -33.673742 ], [ -60.326734, -33.673168 ], [ -60.326588, -33.672852 ], [ -60.326776, -33.672553 ], [ -60.327186, -33.672367 ], [ -60.327462, -33.672142 ], [ -60.327461650999965, -33.67213842599994 ], [ -60.327432, -33.671835 ], [ -60.327226, -33.671606 ], [ -60.32692, -33.671573 ], [ -60.326816932999975, -33.671606008999959 ], [ -60.326614, -33.671671 ], [ -60.326305, -33.671729 ], [ -60.326105, -33.671569 ], [ -60.325899, -33.671422 ], [ -60.325784, -33.671183 ], [ -60.325613, -33.670989 ], [ -60.325098, -33.67081 ], [ -60.324715, -33.670495 ], [ -60.32455, -33.670091 ], [ -60.324432, -33.669769 ], [ -60.324426993999957, -33.669610001999956 ], [ -60.324424, -33.66947 ], [ -60.324278938999953, -33.669366104999931 ], [ -60.324202, -33.669311 ], [ -60.324091, -33.669231 ], [ -60.323797, -33.668705 ], [ -60.323753581999938, -33.668622084999981 ], [ -60.323642, -33.668409 ], [ -60.323469, -33.668093 ], [ -60.323346, -33.667826 ], [ -60.323250082999948, -33.667749105999967 ], [ -60.322988, -33.667539 ], [ -60.322683, -33.666941 ], [ -60.322737116, -33.666804978999956 ], [ -60.322782509999968, -33.666690880999965 ], [ -60.322794, -33.666662 ], [ -60.322887043999977, -33.66657255399997 ], [ -60.322975, -33.666488 ], [ -60.323041, -33.666353 ], [ -60.323069, -33.666238 ], [ -60.323069, -33.666174 ], [ -60.323015070999979, -33.666145797999953 ], [ -60.32296, -33.666117 ], [ -60.32288, -33.666065 ], [ -60.322865999, -33.66597 ], [ -60.322848117999968, -33.66594615799994 ], [ -60.322809, -33.665894 ], [ -60.322791539999976, -33.665887196999961 ], [ -60.322732, -33.665864 ], [ -60.322612, -33.665807 ], [ -60.322453, -33.66581 ], [ -60.322325, -33.665743 ], [ -60.322241998999971, -33.665677 ], [ -60.322136, -33.665656 ], [ -60.322084, -33.665676 ], [ -60.32192999899997, -33.665681 ], [ -60.321788, -33.665667 ], [ -60.321679, -33.665568 ], [ -60.321574, -33.665452 ], [ -60.321505, -33.665309 ], [ -60.321485, -33.665231 ], [ -60.321533, -33.665164 ], [ -60.321575, -33.665102 ], [ -60.321580865999977, -33.66501106599997 ], [ -60.321581, -33.665009 ], [ -60.321575, -33.664902 ], [ -60.321486, -33.664777 ], [ -60.321463816999945, -33.664751427999931 ], [ -60.321414, -33.664694 ], [ -60.321312, -33.664606 ], [ -60.321177, -33.664529 ], [ -60.321046, -33.664462 ], [ -60.320886, -33.66446 ], [ -60.320713, -33.664456 ], [ -60.320539, -33.664423 ], [ -60.320491, -33.664335 ], [ -60.320453, -33.664157 ], [ -60.32041, -33.664003 ], [ -60.32048, -33.663893 ], [ -60.320520231999986, -33.663840451999931 ], [ -60.320529, -33.663829 ], [ -60.320531, -33.663739 ], [ -60.320517251999952, -33.663675039999916 ], [ -60.320508, -33.663632 ], [ -60.320502, -33.663501 ], [ -60.320486998999961, -33.663342 ], [ -60.320438, -33.663188 ], [ -60.320397, -33.662983 ], [ -60.320330998999971, -33.662822 ], [ -60.320323076999948, -33.66273906999993 ], [ -60.320316, -33.662665 ], [ -60.320302, -33.662579 ], [ -60.320293798999955, -33.662516672999963 ], [ -60.320287, -33.662465 ], [ -60.320226, -33.662318 ], [ -60.320092, -33.662207 ], [ -60.320051, -33.662062 ], [ -60.319985, -33.661919 ], [ -60.319881998999961, -33.661756 ], [ -60.319689, -33.661651 ], [ -60.319526, -33.661604 ], [ -60.319349, -33.661505 ], [ -60.319215, -33.66141 ], [ -60.319189, -33.661305 ], [ -60.319112, -33.661155 ], [ -60.319015, -33.661026 ], [ -60.318909, -33.660917 ], [ -60.31888, -33.660753 ], [ -60.318862, -33.660563 ], [ -60.31884758099995, -33.660513034999951 ], [ -60.318819, -33.660414 ], [ -60.31875, -33.660307 ], [ -60.318639684999944, -33.660162211999939 ], [ -60.318638, -33.66016 ], [ -60.318507, -33.660044 ], [ -60.318492, -33.659923 ], [ -60.318489544, -33.65977482299995 ], [ -60.318489, -33.659742 ], [ -60.31844, -33.65964 ], [ -60.318357, -33.659488 ], [ -60.31833263, -33.659405140999972 ], [ -60.318321998999977, -33.659369 ], [ -60.31833, -33.659226 ], [ -60.318344, -33.659129 ], [ -60.318358, -33.659029 ], [ -60.318431, -33.658932 ], [ -60.318511, -33.658829 ], [ -60.318536, -33.658715 ], [ -60.318513, -33.658589 ], [ -60.318393, -33.658501 ], [ -60.318253, -33.658416 ], [ -60.318146998999957, -33.658328 ], [ -60.318036, -33.658243 ], [ -60.317828, -33.658177 ], [ -60.317656, -33.658083 ], [ -60.317488, -33.657929 ], [ -60.317362, -33.657758 ], [ -60.31733, -33.657561 ], [ -60.31731, -33.657369 ], [ -60.317266993999965, -33.657212615999974 ], [ -60.317255, -33.657169 ], [ -60.317246196, -33.657153962999985 ], [ -60.317166, -33.657017 ], [ -60.317073998999938, -33.656921 ], [ -60.316937, -33.656802 ], [ -60.316726, -33.656582 ], [ -60.316557, -33.656375 ], [ -60.316517, -33.656209 ], [ -60.316438, -33.656005 ], [ -60.316352, -33.65578 ], [ -60.316161, -33.655573 ], [ -60.315984, -33.655398 ], [ -60.31585, -33.655279 ], [ -60.315769, -33.655125 ], [ -60.315669, -33.654851 ], [ -60.315502, -33.654598 ], [ -60.315394, -33.654461 ], [ -60.315308, -33.654406 ], [ -60.315188, -33.654323 ], [ -60.315112046999957, -33.654298648999941 ], [ -60.315057, -33.654281 ], [ -60.314977, -33.654119 ], [ -60.314899, -33.653935 ], [ -60.314889998999945, -33.65379 ], [ -60.314881, -33.653628 ], [ -60.314795, -33.653495 ], [ -60.314714998999939, -33.6534 ], [ -60.314646, -33.653182 ], [ -60.314608, -33.652999 ], [ -60.314571, -33.652773 ], [ -60.314469, -33.652612 ], [ -60.314381, -33.652513 ], [ -60.314195, -33.652304 ], [ -60.314033, -33.652202 ], [ -60.313879, -33.652072 ], [ -60.31377, -33.65197 ], [ -60.31371, -33.651841 ], [ -60.313602998999954, -33.651728 ], [ -60.313404, -33.651603 ], [ -60.31327, -33.65146 ], [ -60.313249, -33.651341 ], [ -60.313229, -33.651223 ], [ -60.313175, -33.651123 ], [ -60.312989, -33.651099 ], [ -60.312658964999976, -33.651145957999972 ], [ -60.312244, -33.651205 ], [ -60.311221324999963, -33.651389535999954 ], [ -60.309307826999934, -33.65173481599993 ], [ -60.306991478, -33.652152787999967 ], [ -60.306619, -33.65222 ], [ -60.306183, -33.65231 ], [ -60.303453, -33.652818 ], [ -60.300902767999958, -33.653290720999969 ], [ -60.295582, -33.654277 ], [ -60.293267, -33.654693 ], [ -60.291007, -33.655108 ], [ -60.288854, -33.655503 ], [ -60.286747, -33.655888 ], [ -60.28034721299997, -33.657030592999938 ], [ -60.279684, -33.657149 ], [ -60.279321, -33.657242 ], [ -60.271219, -33.658705 ], [ -60.26293, -33.660231 ], [ -60.262589, -33.660294 ], [ -60.254697, -33.661696 ], [ -60.245149, -33.663462 ], [ -60.239394, -33.664507 ], [ -60.23943, -33.663287 ], [ -60.239616, -33.662272 ], [ -60.239834186999985, -33.661663913999973 ], [ -60.240231, -33.660558 ], [ -60.241088, -33.658505 ], [ -60.24122, -33.657446 ], [ -60.241599, -33.656515 ], [ -60.241644, -33.654898 ], [ -60.241723, -33.654424 ], [ -60.242151, -33.653071 ], [ -60.24215, -33.652891 ], [ -60.242067, -33.652012 ], [ -60.241741, -33.650809 ], [ -60.241846, -33.650164 ], [ -60.242315, -33.649418 ], [ -60.242511, -33.649053 ], [ -60.242538998999976, -33.648841 ], [ -60.235654998999955, -33.650071 ], [ -60.224487, -33.652103 ], [ -60.223758998999983, -33.652289 ], [ -60.21286, -33.654369 ], [ -60.200262, -33.656677 ], [ -60.191866046999969, -33.658249105999957 ], [ -60.188513719999946, -33.658876814999935 ], [ -60.173133291999939, -33.661756734999983 ], [ -60.172988201999949, -33.661783901999968 ], [ -60.17224, -33.661924 ], [ -60.175072234999966, -33.673402062999969 ], [ -60.175136733999977, -33.673663448999939 ], [ -60.16818, -33.681019 ], [ -60.16729199699995, -33.68197065 ], [ -60.165278, -33.684129 ], [ -60.164921628999934, -33.684505731999934 ], [ -60.159765, -33.689957 ], [ -60.159700077999958, -33.689967994999968 ], [ -60.141242, -33.693094 ], [ -60.141194624999976, -33.693449364999921 ], [ -60.141134955999973, -33.693896953999968 ], [ -60.141062972999968, -33.694436903999922 ], [ -60.139474, -33.706356 ], [ -60.139320326999943, -33.707377393999934 ], [ -60.138795, -33.710869 ], [ -60.138770998999973, -33.711128 ], [ -60.14035099899997, -33.714183 ], [ -60.146714, -33.726662 ], [ -60.148798281, -33.730746432999979 ], [ -60.150678, -33.73443 ], [ -60.150727617999962, -33.734527639999946 ], [ -60.154560740999955, -33.742070500999937 ], [ -60.15540761799997, -33.74365701499994 ], [ -60.156338782999967, -33.745401432999969 ], [ -60.15637908399998, -33.745476930999985 ], [ -60.156709086999967, -33.746095150999949 ], [ -60.16046, -33.753122 ], [ -60.160927, -33.75405 ], [ -60.161392999, -33.754978 ], [ -60.16186, -33.755906 ], [ -60.162327, -33.756833 ], [ -60.162794, -33.757761 ], [ -60.163213, -33.758602 ], [ -60.163632, -33.759442 ], [ -60.164051, -33.760282 ], [ -60.164192875999959, -33.760566089999941 ], [ -60.164471, -33.761123 ], [ -60.164618512999937, -33.761418730999928 ], [ -60.16489, -33.761963 ], [ -60.165309, -33.762804 ], [ -60.165728, -33.763644 ], [ -60.166148, -33.764484 ], [ -60.166567, -33.765325 ], [ -60.166986, -33.766165 ], [ -60.167406, -33.767005 ], [ -60.167825, -33.767846 ], [ -60.168268, -33.768725 ], [ -60.16871, -33.769605 ], [ -60.169153, -33.770484 ], [ -60.169596, -33.771364 ], [ -60.170038, -33.772243 ], [ -60.170480998999949, -33.773123 ], [ -60.170923, -33.774002 ], [ -60.171366, -33.774882 ], [ -60.171809, -33.775761 ], [ -60.172252, -33.776641 ], [ -60.172694, -33.77752 ], [ -60.173137, -33.7784 ], [ -60.17358, -33.779279 ], [ -60.174022, -33.780159 ], [ -60.174465, -33.781038 ], [ -60.174895, -33.78189 ], [ -60.175326, -33.782742 ], [ -60.175756, -33.783594 ], [ -60.176187, -33.784446 ], [ -60.176617, -33.785298 ], [ -60.177048, -33.78615 ], [ -60.177478, -33.787002 ], [ -60.177909, -33.787854 ], [ -60.178339, -33.788706 ], [ -60.17877, -33.789558 ], [ -60.1792, -33.79041 ], [ -60.179631, -33.791262 ], [ -60.180062, -33.792114 ], [ -60.180489, -33.792956 ], [ -60.180917, -33.793799 ], [ -60.181345, -33.794641 ], [ -60.181377695999977, -33.794705397999955 ], [ -60.18150176499995, -33.794949766999935 ], [ -60.181501781999941, -33.794949800999966 ], [ -60.181501798999932, -33.794949834999947 ], [ -60.181773, -33.795484 ], [ -60.182200998999981, -33.796326 ], [ -60.182629, -33.797169 ], [ -60.183057, -33.798011 ], [ -60.183485, -33.798854 ], [ -60.183914, -33.799696 ], [ -60.184342, -33.800539 ], [ -60.18477, -33.801382 ], [ -60.185208, -33.802242 ], [ -60.185646, -33.803102 ], [ -60.186084, -33.803962 ], [ -60.186522, -33.804822 ], [ -60.18696, -33.805682 ], [ -60.187398, -33.806542 ], [ -60.187836998999948, -33.807402 ], [ -60.188275, -33.808262 ], [ -60.188713, -33.809123 ], [ -60.189151, -33.809983 ], [ -60.189589, -33.810843 ], [ -60.190027, -33.811703 ], [ -60.190466, -33.812563 ], [ -60.190904, -33.813423 ], [ -60.191366, -33.814359 ], [ -60.191827, -33.815295 ], [ -60.192289, -33.81623 ], [ -60.192750998999941, -33.817166 ], [ -60.193213, -33.818102 ], [ -60.193695, -33.819028 ], [ -60.194178, -33.819954 ], [ -60.19466, -33.82088 ], [ -60.195143, -33.821806 ], [ -60.195625, -33.822732 ], [ -60.196108, -33.823658 ], [ -60.19659, -33.824584 ], [ -60.19737, -33.825594 ], [ -60.198149, -33.826603 ], [ -60.198929, -33.827613 ], [ -60.199512, -33.8284 ], [ -60.200096, -33.829188 ], [ -60.200367449999987, -33.829554433999931 ], [ -60.200679, -33.829975 ], [ -60.201262, -33.830762 ], [ -60.201846, -33.831549 ], [ -60.202429, -33.832337 ], [ -60.203012, -33.833124 ], [ -60.203596, -33.833911 ], [ -60.204178998999964, -33.834698 ], [ -60.204762, -33.835486 ], [ -60.205346, -33.836273 ], [ -60.205968, -33.83708 ], [ -60.206591, -33.837886 ], [ -60.207214, -33.838693 ], [ -60.207837, -33.8395 ], [ -60.208459, -33.840306 ], [ -60.209082, -33.841113 ], [ -60.209705, -33.841919 ], [ -60.210328, -33.842726 ], [ -60.21095, -33.843533 ], [ -60.211573, -33.844339 ], [ -60.212196, -33.845146 ], [ -60.212818998999978, -33.845953 ], [ -60.213442, -33.846759 ], [ -60.214042, -33.847537 ], [ -60.214642, -33.848315 ], [ -60.215242, -33.849093 ], [ -60.215842, -33.849872 ], [ -60.216442, -33.85065 ], [ -60.217042, -33.851428 ], [ -60.217642, -33.852206 ], [ -60.218242, -33.852984 ], [ -60.218842, -33.853762 ], [ -60.219442, -33.85454 ], [ -60.220042, -33.855318 ], [ -60.220642, -33.856096 ], [ -60.221242, -33.856874 ], [ -60.221842, -33.857652 ], [ -60.222442, -33.858431 ], [ -60.223044, -33.859188 ], [ -60.223646, -33.859945 ], [ -60.223916649999978, -33.86028533599994 ], [ -60.224248, -33.860702 ], [ -60.224849, -33.861459 ], [ -60.225451, -33.862216 ], [ -60.226053, -33.862973 ], [ -60.226655, -33.86373 ], [ -60.227257, -33.864488 ], [ -60.227858, -33.865245 ], [ -60.22846, -33.866002 ], [ -60.229062, -33.866759 ], [ -60.229664, -33.867516 ], [ -60.230266, -33.868273 ], [ -60.230868, -33.86903 ], [ -60.231469, -33.869787 ], [ -60.231495, -33.87069 ], [ -60.23152, -33.871594 ], [ -60.231528821999973, -33.871900387999965 ], [ -60.231546, -33.872497 ], [ -60.231571, -33.8734 ], [ -60.231597, -33.874303 ], [ -60.231622, -33.875207 ], [ -60.231648, -33.87611 ], [ -60.231673, -33.877013 ], [ -60.231698, -33.877916 ], [ -60.231724, -33.878819 ], [ -60.231759, -33.879743 ], [ -60.231793998999933, -33.880667 ], [ -60.231829, -33.881591 ], [ -60.231864, -33.882515 ], [ -60.231899, -33.883439 ], [ -60.231934, -33.884362 ], [ -60.23197, -33.885286 ], [ -60.232005, -33.88621 ], [ -60.23204, -33.887134 ], [ -60.232075, -33.888057 ], [ -60.23211, -33.888981 ], [ -60.232144998999956, -33.889966 ], [ -60.232181, -33.890952 ], [ -60.232217, -33.891937 ], [ -60.232252, -33.892922 ], [ -60.232288, -33.893907 ], [ -60.232323, -33.894893 ], [ -60.232358999, -33.895878 ], [ -60.232394, -33.896863 ], [ -60.23243, -33.897848 ], [ -60.232464, -33.898783 ], [ -60.232489392999987, -33.899481298999937 ], [ -60.232498, -33.899718 ], [ -60.232533, -33.900653 ], [ -60.232567, -33.901587 ], [ -60.232601, -33.902522 ], [ -60.232635, -33.903457 ], [ -60.23267, -33.904392 ], [ -60.232704, -33.905327 ], [ -60.232738, -33.906261 ], [ -60.232772, -33.907196 ], [ -60.232807, -33.908131 ], [ -60.232841, -33.909066 ], [ -60.232889, -33.910071 ], [ -60.232937, -33.911077 ], [ -60.232985, -33.912082 ], [ -60.233032, -33.913088 ], [ -60.233063, -33.914039 ], [ -60.233094, -33.914991 ], [ -60.233125, -33.915942 ], [ -60.233155, -33.916894 ], [ -60.233186, -33.917846 ], [ -60.233216998999971, -33.918797 ], [ -60.233248, -33.919749 ], [ -60.233278, -33.9207 ], [ -60.233309, -33.921652 ], [ -60.23334, -33.922604 ], [ -60.233371, -33.923556 ], [ -60.233402, -33.924508 ], [ -60.233434, -33.92546 ], [ -60.233465, -33.926412 ], [ -60.233496, -33.927364 ], [ -60.233527, -33.928316 ], [ -60.233561, -33.929225 ], [ -60.233594, -33.930133 ], [ -60.233628, -33.931042 ], [ -60.233661, -33.93195 ], [ -60.233695, -33.932859 ], [ -60.233728, -33.933767 ], [ -60.233762, -33.934676 ], [ -60.233795, -33.935584 ], [ -60.233829, -33.936493 ], [ -60.233862, -33.937401 ], [ -60.233896, -33.93831 ], [ -60.233929, -33.939218 ], [ -60.233963, -33.940127 ], [ -60.233996, -33.941035 ], [ -60.23403, -33.941944 ], [ -60.234063, -33.942852 ], [ -60.234096, -33.943761 ], [ -60.23413, -33.944669 ], [ -60.234164, -33.945578 ], [ -60.234197, -33.946486 ], [ -60.234230998999976, -33.947395 ], [ -60.234227, -33.947568 ], [ -60.234267, -33.948515 ], [ -60.234307, -33.949463 ], [ -60.234347, -33.95041 ], [ -60.23438699899998, -33.951358 ], [ -60.234427, -33.952305 ], [ -60.234467, -33.953253 ], [ -60.234507, -33.9542 ], [ -60.234547, -33.955148 ], [ -60.234587, -33.956095 ], [ -60.234625, -33.957213 ], [ -60.234662, -33.958331 ], [ -60.234698998999932, -33.959449 ], [ -60.234736, -33.960566 ], [ -60.234796, -33.96166 ], [ -60.234856, -33.962755 ], [ -60.234865559999953, -33.962959077999969 ], [ -60.234905, -33.963801 ], [ -60.234954, -33.964847 ], [ -60.235004, -33.965893 ], [ -60.235053, -33.966939 ], [ -60.235097, -33.968273 ], [ -60.235141, -33.969607 ], [ -60.235184, -33.970555 ], [ -60.235227, -33.971503 ], [ -60.23527, -33.972451 ], [ -60.235313, -33.973399 ], [ -60.235356, -33.974347 ], [ -60.235394, -33.975251 ], [ -60.235431, -33.976154 ], [ -60.235469, -33.977058 ], [ -60.235506, -33.977962 ], [ -60.235544, -33.978866 ], [ -60.235569, -33.979115 ], [ -60.235612, -33.980233 ], [ -60.235654998999955, -33.981352 ], [ -60.235687, -33.982477 ], [ -60.235718, -33.983603 ], [ -60.235751998999945, -33.98456 ], [ -60.235785, -33.985517 ], [ -60.235775, -33.985706 ], [ -60.235802, -33.985873 ], [ -60.235884, -33.987663 ], [ -60.235885078999956, -33.987794108999928 ], [ -60.235888, -33.988149 ], [ -60.235884, -33.988306 ], [ -60.235926, -33.989277 ], [ -60.236022, -33.991044 ], [ -60.236017, -33.991343 ], [ -60.236032, -33.992279 ], [ -60.236046, -33.993214 ], [ -60.236061, -33.99415 ], [ -60.236076, -33.994815 ], [ -60.236102, -33.996612 ], [ -60.236144, -33.996884 ], [ -60.236134, -33.997841 ], [ -60.236125, -33.998797 ], [ -60.236116, -33.999753 ], [ -60.236107, -34.000709 ], [ -60.236098, -34.001665 ], [ -60.236096, -34.002568 ], [ -60.236094, -34.003471 ], [ -60.236092, -34.004374 ], [ -60.23609, -34.005277 ], [ -60.236088, -34.006179 ], [ -60.236086, -34.007082 ], [ -60.236083998999959, -34.007985 ], [ -60.236081, -34.008888 ], [ -60.236329, -34.009797 ], [ -60.236577, -34.010707 ], [ -60.236792602999969, -34.010794041999922 ], [ -60.237538984999965, -34.011095366999932 ], [ -60.237799998999954, -34.010892 ], [ -60.238339721999971, -34.010530786999936 ], [ -60.238701, -34.010289 ], [ -60.240031311999985, -34.009105002999938 ], [ -60.240083, -34.009059 ], [ -60.240098171999932, -34.009053170999948 ], [ -60.240804, -34.008782 ], [ -60.241526, -34.008305 ], [ -60.242277, -34.007953 ], [ -60.243013151999953, -34.007936705999953 ], [ -60.243068, -34.007914 ], [ -60.243220822999952, -34.00793210899996 ], [ -60.243542, -34.007925 ], [ -60.243615131999938, -34.007934572999936 ], [ -60.245619998999985, -34.008197 ], [ -60.246433, -34.008245 ], [ -60.246639649999956, -34.008117547999987 ], [ -60.246827, -34.008002 ], [ -60.24754, -34.007636 ], [ -60.24801, -34.007459 ], [ -60.248394366999946, -34.007558975999977 ], [ -60.248579, -34.007607 ], [ -60.249377, -34.008469 ], [ -60.249718, -34.008644 ], [ -60.250798, -34.008926 ], [ -60.251307, -34.009015 ], [ -60.251513, -34.009068 ], [ -60.253074, -34.00994 ], [ -60.254613, -34.010342 ], [ -60.254894, -34.010387 ], [ -60.255554, -34.010205 ], [ -60.256019, -34.010069 ], [ -60.256539, -34.01005 ], [ -60.257058, -34.010112 ], [ -60.257545, -34.009994 ], [ -60.257847998999978, -34.009894 ], [ -60.258216, -34.009893 ], [ -60.258411, -34.009929 ], [ -60.258693, -34.009946 ], [ -60.258941, -34.009918 ], [ -60.259233, -34.009792 ], [ -60.260022, -34.009348 ], [ -60.260239, -34.009339 ], [ -60.260834, -34.009392 ], [ -60.261051, -34.009391 ], [ -60.261343, -34.009264 ], [ -60.261548, -34.009138 ], [ -60.261991, -34.008911 ], [ -60.262175, -34.008911 ], [ -60.263032479999936, -34.009021812999947 ], [ -60.263475, -34.009079 ], [ -60.263853998999934, -34.009088 ], [ -60.2642, -34.009042 ], [ -60.264568, -34.009059 ], [ -60.265066, -34.009166 ], [ -60.266051, -34.008885 ], [ -60.266484, -34.008929 ], [ -60.267221, -34.00945 ], [ -60.267829, -34.009791 ], [ -60.268408, -34.00991 ], [ -60.270006, -34.01012 ], [ -60.270395, -34.010092 ], [ -60.270947, -34.009839 ], [ -60.27126, -34.009667 ], [ -60.272114, -34.009313 ], [ -60.272601, -34.009204 ], [ -60.2743, -34.009038 ], [ -60.274949, -34.008915 ], [ -60.27654, -34.00887 ], [ -60.276876, -34.00878 ], [ -60.27734, -34.008526 ], [ -60.27761, -34.0083 ], [ -60.27793399899997, -34.008137 ], [ -60.278952, -34.008081 ], [ -60.279352, -34.00799 ], [ -60.280076, -34.007447 ], [ -60.280605, -34.007266 ], [ -60.280833, -34.007274 ], [ -60.281233, -34.007336 ], [ -60.281712101999972, -34.007048665999939 ], [ -60.28199, -34.006882 ], [ -60.282317, -34.006652 ], [ -60.283242, -34.005871 ], [ -60.283177016999957, -34.005423416999967 ], [ -60.283153, -34.005258 ], [ -60.283282, -34.004744 ], [ -60.283378, -34.004492 ], [ -60.283399255999939, -34.004469314999938 ], [ -60.283497, -34.004365 ], [ -60.283735, -34.004211 ], [ -60.284357796999984, -34.003885807999943 ], [ -60.28448, -34.003822 ], [ -60.284739, -34.003659 ], [ -60.285009, -34.003424 ], [ -60.285364998999967, -34.003035 ], [ -60.285461998999956, -34.002909 ], [ -60.285537, -34.002738 ], [ -60.285591, -34.002521 ], [ -60.285796441999935, -34.002110773999952 ], [ -60.285871998999937, -34.002028 ], [ -60.286091, -34.001606 ], [ -60.286091974999984, -34.001603627999948 ], [ -60.286204, -34.001474 ], [ -60.286582, -34.001166 ], [ -60.287112, -34.001111 ], [ -60.287611, -34.001218 ], [ -60.287936, -34.001371 ], [ -60.288924, -34.002306 ], [ -60.289173, -34.002414 ], [ -60.290018, -34.002403 ], [ -60.290851, -34.002337 ], [ -60.291024, -34.00231 ], [ -60.293035, -34.001321 ], [ -60.294137, -34.000986 ], [ -60.295621998999941, -33.999603 ], [ -60.296312, -33.99941 ], [ -60.296804, -33.999408 ], [ -60.297363, -33.999407 ], [ -60.297724, -33.999269 ], [ -60.298104724999973, -33.999003781999939 ], [ -60.298313998999959, -33.998858 ], [ -60.298588971999948, -33.99886888199994 ], [ -60.298971, -33.998884 ], [ -60.299756998999953, -33.999032 ], [ -60.301238998999963, -33.99907 ], [ -60.302611, -33.998795 ], [ -60.302972385999965, -33.998948459999951 ], [ -60.303869717999987, -33.999329503999938 ], [ -60.304356, -33.999536 ], [ -60.30512517599994, -33.999604289999979 ], [ -60.305497421999974, -33.999637338999939 ], [ -60.30563, -33.999617 ], [ -60.30582187899995, -33.999594727999984 ], [ -60.305854, -33.999591 ], [ -60.306009, -33.999599 ], [ -60.306161, -33.999628 ], [ -60.306308, -33.999676 ], [ -60.306463815999962, -33.999723137999979 ], [ -60.308332, -33.999889 ], [ -60.308945205999976, -34.000124906999915 ], [ -60.309061976999942, -34.000169829999948 ], [ -60.311468617999935, -34.001095687999957 ], [ -60.31153, -34.001164 ], [ -60.311689, -34.001281 ], [ -60.311771, -34.001334 ], [ -60.311865, -34.001366 ], [ -60.311932, -34.001347 ], [ -60.312015, -34.001349 ], [ -60.312151, -34.001394 ], [ -60.312245584999971, -34.001394594999958 ], [ -60.3124, -34.001454 ], [ -60.313357, -34.002333 ], [ -60.31505186399994, -34.003885807999943 ], [ -60.315089157999978, -34.003919975999963 ], [ -60.327415031999976, -34.015212745999975 ], [ -60.330108, -34.01768 ], [ -60.338974998999966, -34.025671 ], [ -60.351349, -34.03683 ], [ -60.36288, -34.047321 ], [ -60.372319, -34.055788 ], [ -60.382289, -34.064851 ], [ -60.391516, -34.073115 ], [ -60.404867, -34.085049 ], [ -60.411385, -34.090942 ], [ -60.413958505999979, -34.093276688999929 ], [ -60.414176, -34.093474 ], [ -60.408887130999972, -34.097397120999972 ], [ -60.408739, -34.097507 ], [ -60.41145583399998, -34.100016031999928 ], [ -60.413498, -34.101902 ], [ -60.415706, -34.103941 ], [ -60.42051080799996, -34.108260939999987 ], [ -60.426111, -34.113296 ], [ -60.434525, -34.12086 ], [ -60.442318, -34.127879 ], [ -60.449821, -34.134574 ], [ -60.449976817999989, -34.134712002999947 ], [ -60.459078254999952, -34.142772872999956 ], [ -60.462696, -34.145977 ], [ -60.462750190999941, -34.146024856999922 ], [ -60.467590691999987, -34.150299577999917 ], [ -60.471414, -34.153676 ], [ -60.475266502999936, -34.157324621999969 ], [ -60.47906521699997, -34.160922301999946 ], [ -60.48039291799995, -34.162179739999942 ], [ -60.490106426999937, -34.170836128999952 ], [ -60.493577, -34.173929 ], [ -60.496269437999956, -34.176354063999945 ], [ -60.496386952999956, -34.176459908999959 ], [ -60.496428740999932, -34.176429955999936 ], [ -60.496451, -34.176414 ], [ -60.497286177999968, -34.17553576399996 ], [ -60.49737431199997, -34.175443085999973 ], [ -60.497479, -34.175333 ], [ -60.49737163399994, -34.174978590999949 ], [ -60.497336882999946, -34.174863881999947 ], [ -60.497263, -34.17462 ], [ -60.496504, -34.174252 ], [ -60.495968836999964, -34.174173116999945 ], [ -60.495466, -34.174099 ], [ -60.49500805699995, -34.173982465999984 ], [ -60.494963, -34.173971 ], [ -60.494821066999982, -34.173748359999927 ], [ -60.494708, -34.173571 ], [ -60.494751469999976, -34.172818401999962 ], [ -60.494764313999951, -34.172596028999969 ], [ -60.494807, -34.171857 ], [ -60.494622, -34.171621 ], [ -60.494640799999964, -34.171364720999968 ], [ -60.494641, -34.171362 ], [ -60.494799, -34.171087 ], [ -60.495055666999981, -34.170993008999979 ], [ -60.495722, -34.170749 ], [ -60.495755402999976, -34.170363469999984 ], [ -60.495780160999963, -34.170077724999949 ], [ -60.495794, -34.169918 ], [ -60.495764052999959, -34.169866855999942 ], [ -60.495699122999959, -34.169755967999954 ], [ -60.495551, -34.169503 ], [ -60.495601643999969, -34.169082640999932 ], [ -60.495644924999972, -34.168722968999923 ], [ -60.495655625999973, -34.168634104999974 ], [ -60.495757622, -34.168612443999955 ], [ -60.49600361499995, -34.168560201999988 ], [ -60.49624, -34.16851 ], [ -60.496646, -34.168373 ], [ -60.496826737999974, -34.168098934999925 ], [ -60.496855615999955, -34.168055145999958 ], [ -60.496921, -34.167956 ], [ -60.497529254999954, -34.167400822999973 ], [ -60.497649900999932, -34.167290704999971 ], [ -60.498296152999956, -34.166700846999959 ], [ -60.498341998999933, -34.166659 ], [ -60.498665, -34.166175 ], [ -60.498802, -34.165672 ], [ -60.498753, -34.165227 ], [ -60.498609, -34.164532 ], [ -60.499299, -34.163002 ], [ -60.500504, -34.161095 ], [ -60.500879, -34.160313 ], [ -60.500981373999934, -34.159669119999933 ], [ -60.501145, -34.15864 ], [ -60.501213076999932, -34.158238304999934 ], [ -60.501467, -34.15674 ], [ -60.502159, -34.155524 ], [ -60.502751681999946, -34.155217846999967 ], [ -60.502845, -34.155054 ], [ -60.503449, -34.154741 ], [ -60.504014, -34.154474 ], [ -60.504558, -34.154106 ], [ -60.506363071999942, -34.153173164999941 ], [ -60.507213, -34.152547 ], [ -60.507381664999969, -34.152458134999954 ], [ -60.508534, -34.151851 ], [ -60.509471, -34.151243 ], [ -60.509499058999957, -34.151199625999944 ], [ -60.509922210999946, -34.150924599999932 ], [ -60.510157, -34.150772 ], [ -60.511066436999947, -34.149366860999969 ], [ -60.511555, -34.148612 ], [ -60.512643, -34.147858 ], [ -60.513166, -34.147184 ], [ -60.513913, -34.146053 ], [ -60.514569, -34.144747 ], [ -60.515266732999983, -34.14391038499997 ], [ -60.515502998999978, -34.14378 ], [ -60.517035, -34.143168 ], [ -60.518273552999972, -34.142674554999928 ], [ -60.518915, -34.142419 ], [ -60.520004354999969, -34.142132014999959 ], [ -60.520198, -34.142081 ], [ -60.521775, -34.14152 ], [ -60.523432, -34.140746 ], [ -60.524352, -34.140269 ], [ -60.524736, -34.140191 ], [ -60.52484967099997, -34.14019371499996 ], [ -60.525406, -34.140207 ], [ -60.52648, -34.140151 ], [ -60.528178998999984, -34.139869 ], [ -60.529055, -34.139808 ], [ -60.530171, -34.139867 ], [ -60.531988, -34.139448 ], [ -60.533602, -34.139153 ], [ -60.534292, -34.138863 ], [ -60.53552, -34.138384 ], [ -60.536410738999962, -34.138163601999963 ], [ -60.536494, -34.138143 ], [ -60.53747, -34.138011 ], [ -60.538278, -34.137982 ], [ -60.539155, -34.137959 ], [ -60.540184, -34.13775 ], [ -60.541328, -34.137316 ], [ -60.541654342999948, -34.137070006999977 ], [ -60.541889400999935, -34.136892822999982 ], [ -60.54212, -34.136719 ], [ -60.54391, -34.135367 ], [ -60.544239, -34.135046 ], [ -60.54522, -34.13429 ], [ -60.545361021999952, -34.134239109999946 ], [ -60.545906340999984, -34.134042324999939 ], [ -60.54640152099995, -34.133863632999976 ], [ -60.547351, -34.133521 ], [ -60.547529936999986, -34.133354794999939 ], [ -60.547743435999955, -34.133156487999941 ], [ -60.548658, -34.132307 ], [ -60.548860915999974, -34.132285366999945 ], [ -60.548897671999946, -34.132281447999958 ], [ -60.549596, -34.132207 ], [ -60.549874375999927, -34.131992184999937 ], [ -60.550192736, -34.131746515999957 ], [ -60.550282, -34.131737 ], [ -60.550571069999933, -34.131513932999951 ], [ -60.551020936, -34.131166784999948 ], [ -60.551615, -34.130782 ], [ -60.552365543999933, -34.130570839999962 ], [ -60.552628, -34.130497 ], [ -60.553691, -34.130658 ], [ -60.555071, -34.130637 ], [ -60.55587441299997, -34.130159173999971 ], [ -60.556327, -34.12989 ], [ -60.556439829999931, -34.129759618999969 ], [ -60.556456941999961, -34.12973984499996 ], [ -60.557182, -34.128902 ], [ -60.557569372999971, -34.128776079999966 ], [ -60.558382142999967, -34.128511878999966 ], [ -60.558391, -34.128509 ], [ -60.559273, -34.127968 ], [ -60.559579004999932, -34.12773813899998 ], [ -60.559958, -34.127497 ], [ -60.560383807999983, -34.127177808999932 ], [ -60.560601, -34.127015 ], [ -60.562408369999957, -34.12564827999995 ], [ -60.562470577999932, -34.125607984999931 ], [ -60.563403, -34.125004 ], [ -60.564691, -34.124449 ], [ -60.565452, -34.124206 ], [ -60.566118995999936, -34.123794215999972 ], [ -60.566430573999988, -34.123601856999983 ], [ -60.567156, -34.123154 ], [ -60.568458, -34.122311 ], [ -60.570435, -34.121208 ], [ -60.570904790999975, -34.12085795999996 ], [ -60.57112, -34.120738 ], [ -60.571732, -34.120281 ], [ -60.572239, -34.119757 ], [ -60.572475, -34.119392 ], [ -60.572687907999978, -34.119144698999932 ], [ -60.572735, -34.11909 ], [ -60.572972, -34.118885 ], [ -60.573401, -34.118659 ], [ -60.574578234999933, -34.118285765999929 ], [ -60.574583, -34.11828 ], [ -60.575043, -34.11808 ], [ -60.575056200999938, -34.118073721999956 ], [ -60.575362514999938, -34.117928047999946 ], [ -60.575655188999974, -34.117788859999962 ], [ -60.577224563999948, -34.117042510999958 ], [ -60.577581, -34.116873 ], [ -60.577785757999948, -34.116630478999973 ], [ -60.578060875999931, -34.116499588999936 ], [ -60.578423, -34.11637 ], [ -60.579758, -34.116062 ], [ -60.580265, -34.115996 ], [ -60.58088, -34.116012 ], [ -60.581266, -34.116087 ], [ -60.581788998999968, -34.116091 ], [ -60.582549998999987, -34.116094 ], [ -60.584504, -34.116244 ], [ -60.585012, -34.116286 ], [ -60.585363, -34.116239 ], [ -60.585793, -34.116071 ], [ -60.586092, -34.115865 ], [ -60.586275236999938, -34.115679403999934 ], [ -60.586478, -34.1156 ], [ -60.586643108999965, -34.115486245999932 ], [ -60.586813, -34.115456 ], [ -60.587096, -34.115406 ], [ -60.587565, -34.11543 ], [ -60.588035, -34.115472 ], [ -60.588489, -34.115572 ], [ -60.588975, -34.115768 ], [ -60.58963, -34.115938 ], [ -60.590261, -34.116043 ], [ -60.590938, -34.11604 ], [ -60.591476, -34.116005 ], [ -60.592066331999945, -34.115877276999989 ], [ -60.592234, -34.115841 ], [ -60.592670998999957, -34.115653 ], [ -60.593084, -34.115409 ], [ -60.593514, -34.11524 ], [ -60.593959, -34.115142 ], [ -60.594107796999936, -34.115135932999976 ], [ -60.594474, -34.115121 ], [ -60.594844, -34.115189 ], [ -60.595306, -34.115347 ], [ -60.595537, -34.115352 ], [ -60.595783, -34.115255 ], [ -60.596103998999979, -34.115055 ], [ -60.596665, -34.114931 ], [ -60.597155, -34.114908 ], [ -60.597509, -34.114919 ], [ -60.597747, -34.114854 ], [ -60.598414, -34.114582 ], [ -60.598836, -34.114465 ], [ -60.599335, -34.114398 ], [ -60.599989, -34.114344 ], [ -60.600411, -34.114227 ], [ -60.600787, -34.114065 ], [ -60.601093, -34.11391 ], [ -60.601606, -34.113627 ], [ -60.602143, -34.113413 ], [ -60.602702, -34.113254 ], [ -60.60334, -34.113149 ], [ -60.603988, -34.113076 ], [ -60.604377, -34.113086 ], [ -60.605039, -34.113102 ], [ -60.605623, -34.113074 ], [ -60.606422, -34.113012 ], [ -60.607076, -34.112996 ], [ -60.607552, -34.112971 ], [ -60.607768, -34.112999 ], [ -60.608222, -34.112946 ], [ -60.608733, -34.112984 ], [ -60.609674342999938, -34.112848275999966 ], [ -60.609704, -34.112844 ], [ -60.610374829999955, -34.112822244999961 ], [ -60.6114, -34.112789 ], [ -60.613799, -34.112555 ], [ -60.614609, -34.112666 ], [ -60.615719, -34.112449 ], [ -60.617156, -34.112692 ], [ -60.618096, -34.112472 ], [ -60.618833, -34.112064 ], [ -60.619389, -34.112023 ], [ -60.620363998999956, -34.112499 ], [ -60.620874, -34.112554 ], [ -60.621196, -34.112283 ], [ -60.621981998999949, -34.112221 ], [ -60.62277, -34.112391 ], [ -60.624474, -34.112153 ], [ -60.624836, -34.111988 ], [ -60.626532823999987, -34.11131942399993 ], [ -60.626808, -34.111211 ], [ -60.627165847999954, -34.11106608599993 ], [ -60.627748495999981, -34.110830137999976 ], [ -60.628381, -34.110574 ], [ -60.628670932999967, -34.110331476999932 ], [ -60.628829654999954, -34.110198709999963 ], [ -60.628900387999984, -34.110139542999946 ], [ -60.629017, -34.110042 ], [ -60.629238001999965, -34.109959123999943 ], [ -60.629702, -34.109571 ], [ -60.630117, -34.109415 ], [ -60.630335202999952, -34.109388060999947 ], [ -60.631088998999985, -34.109295 ], [ -60.631115756999982, -34.109285375999939 ], [ -60.631464455999946, -34.109159949999921 ], [ -60.632012, -34.108963 ], [ -60.632331, -34.108327 ], [ -60.632325080999976, -34.108281337999976 ], [ -60.632184, -34.107193 ], [ -60.632431, -34.106776 ], [ -60.633239, -34.105919 ], [ -60.633281, -34.105303 ], [ -60.63355, -34.10471 ], [ -60.633898172999977, -34.104144396999978 ], [ -60.634285, -34.103516 ], [ -60.634447, -34.103108 ], [ -60.634489851999952, -34.103028309999956 ], [ -60.634900888999937, -34.102263925999978 ], [ -60.634903, -34.10226 ], [ -60.634908135999986, -34.102213972999955 ], [ -60.635033, -34.101095 ], [ -60.635428365999985, -34.100129981999942 ], [ -60.635983403999944, -34.09877523199998 ], [ -60.636198998999987, -34.098249 ], [ -60.637054, -34.096642 ], [ -60.637418121999985, -34.096323126999934 ], [ -60.637753181999976, -34.096147487999922 ], [ -60.638148998999945, -34.09594 ], [ -60.638522123999969, -34.095813711999931 ], [ -60.639123998999935, -34.09561 ], [ -60.63995484399998, -34.095238728999959 ], [ -60.640366, -34.095055 ], [ -60.641093669999975, -34.094888138999984 ], [ -60.641103, -34.094886 ], [ -60.642438998999978, -34.094805 ], [ -60.642787, -34.094687 ], [ -60.644096998999942, -34.094648 ], [ -60.644761, -34.09446 ], [ -60.645339, -34.094369 ], [ -60.646397, -34.094035 ], [ -60.647235, -34.093934 ], [ -60.647766, -34.093964 ], [ -60.648653, -34.094261 ], [ -60.649244, -34.094312 ], [ -60.649968, -34.094635 ], [ -60.650687998999963, -34.095056 ], [ -60.65108, -34.094959 ], [ -60.651681398999983, -34.094508633999965 ], [ -60.651765, -34.094488 ], [ -60.65203625799996, -34.094284864999963 ], [ -60.652104592999933, -34.094271301999981 ], [ -60.652562303999957, -34.094180458999965 ], [ -60.652877, -34.094118 ], [ -60.653532, -34.094019 ], [ -60.655302, -34.093142 ], [ -60.655378878999962, -34.093062353999976 ], [ -60.655546378999986, -34.092888823999935 ], [ -60.656052, -34.092365 ], [ -60.656470190999983, -34.092168731999948 ], [ -60.656736, -34.091893 ], [ -60.657157701999957, -34.091695730999959 ], [ -60.657388, -34.091588 ], [ -60.657686059999946, -34.091349248999968 ], [ -60.657981, -34.091113 ], [ -60.658030961999948, -34.09100841999998 ], [ -60.658438222999962, -34.090155939999924 ], [ -60.659056423999971, -34.08993099199995 ], [ -60.65929, -34.089846 ], [ -60.659366451999979, -34.08973827199997 ], [ -60.659502357999934, -34.089546767999927 ], [ -60.659775907999972, -34.089447142999965 ], [ -60.659974, -34.089375 ], [ -60.660282, -34.088941 ], [ -60.66029797199996, -34.088848822999971 ], [ -60.660385132, -34.088345800999946 ], [ -60.660435, -34.088058 ], [ -60.660625005, -34.087501929999974 ], [ -60.660762, -34.087101 ], [ -60.661527, -34.086029 ], [ -60.662042, -34.085468 ], [ -60.662393, -34.084923 ], [ -60.662855, -34.084108 ], [ -60.66336, -34.083595 ], [ -60.664354, -34.082836 ], [ -60.664714753999981, -34.082568640999973 ], [ -60.664737715999941, -34.082551623999954 ], [ -60.665254, -34.082169 ], [ -60.665732743999968, -34.081934265999969 ], [ -60.666032, -34.081705 ], [ -60.666087970999961, -34.081715301999957 ], [ -60.666540780999988, -34.081368833999932 ], [ -60.666717, -34.081234 ], [ -60.66677886399998, -34.081245386999974 ], [ -60.667574233999979, -34.081391782999958 ], [ -60.667644, -34.081178 ], [ -60.667721, -34.080942 ], [ -60.667790099999941, -34.080859130999947 ], [ -60.668804998999967, -34.079642 ], [ -60.669167, -34.078801 ], [ -60.66932, -34.078249 ], [ -60.669569, -34.077731 ], [ -60.670145, -34.076913 ], [ -60.670225, -34.076448 ], [ -60.670891998999942, -34.075561 ], [ -60.670929, -34.07494 ], [ -60.670884, -34.07459 ], [ -60.67112, -34.07374 ], [ -60.671495, -34.073206 ], [ -60.671614838999972, -34.07242221599995 ], [ -60.671756, -34.071499 ], [ -60.671752, -34.071096 ], [ -60.672345, -34.069983 ], [ -60.672346, -34.068854 ], [ -60.672487, -34.067979 ], [ -60.672699168999948, -34.067348279999976 ], [ -60.672817, -34.066998 ], [ -60.67312, -34.066716 ], [ -60.673251998999945, -34.066155 ], [ -60.673437, -34.065898 ], [ -60.674061941999973, -34.065148738999945 ], [ -60.674199123999983, -34.06498426699995 ], [ -60.674744, -34.064331 ], [ -60.674877799999933, -34.064255878999973 ], [ -60.675216, -34.064066 ], [ -60.67527513199996, -34.064044358999979 ], [ -60.675429, -34.06386 ], [ -60.6759, -34.063595 ], [ -60.676289, -34.063453 ], [ -60.676567183999964, -34.063280008999982 ], [ -60.677085, -34.062958 ], [ -60.677304214999943, -34.062762639999953 ], [ -60.677618, -34.062483 ], [ -60.67823, -34.062166 ], [ -60.678438998999987, -34.061973 ], [ -60.678657935999979, -34.061889818999923 ], [ -60.679047, -34.061742 ], [ -60.679496, -34.061249 ], [ -60.679789563999975, -34.060829988999956 ], [ -60.679911678999986, -34.060722507999969 ], [ -60.680252, -34.060554 ], [ -60.680762, -34.060106 ], [ -60.681879, -34.059253 ], [ -60.682175, -34.058857 ], [ -60.682214003999945, -34.058820698999959 ], [ -60.68268, -34.058387 ], [ -60.682832794999968, -34.058360376999914 ], [ -60.683113, -34.057946 ], [ -60.68327, -34.057843 ], [ -60.683692705999931, -34.05762923299995 ], [ -60.683797, -34.057475 ], [ -60.683955, -34.057372 ], [ -60.684392031999948, -34.057150627999924 ], [ -60.68465, -34.056784 ], [ -60.684954, -34.056625 ], [ -60.68525075499997, -34.056430560999949 ], [ -60.68574, -34.05611 ], [ -60.685753249999948, -34.056078339999942 ], [ -60.686424, -34.055638 ], [ -60.686614, -34.055185 ], [ -60.686876, -34.055037 ], [ -60.686945, -34.054789 ], [ -60.687155, -34.0547 ], [ -60.687608, -34.054259 ], [ -60.688075849999969, -34.053910008999935 ], [ -60.688348, -34.053707 ], [ -60.688655, -34.053435 ], [ -60.689323, -34.052605 ], [ -60.689410548999945, -34.052521467999952 ], [ -60.689844665999942, -34.052107271999944 ], [ -60.689846, -34.052106 ], [ -60.689847286999971, -34.052105713999921 ], [ -60.690574, -34.051944 ], [ -60.691038, -34.051807 ], [ -60.696064203999988, -34.051385945999982 ], [ -60.697873, -34.049938 ], [ -60.701166, -34.047242 ], [ -60.70152, -34.046944 ], [ -60.704459090999933, -34.044619567999973 ], [ -60.706995, -34.042614 ], [ -60.715401, -34.035737 ], [ -60.707777, -34.030183 ], [ -60.704184388999977, -34.027533918999943 ], [ -60.703283998999957, -34.02687 ], [ -60.705401, -34.025122 ], [ -60.70942, -34.021876 ], [ -60.709985, -34.021419 ], [ -60.71386625699995, -34.018360861999959 ], [ -60.715285, -34.017243 ], [ -60.7172, -34.015733 ], [ -60.723574273999986, -34.010546065999954 ], [ -60.724979, -34.009403 ], [ -60.730959, -34.004436 ], [ -60.731344663999948, -34.004126536999934 ], [ -60.741719, -33.995802 ], [ -60.747511, -33.991212 ], [ -60.750017, -33.989135 ], [ -60.753134, -33.986637 ], [ -60.755607348999945, -33.984715282999957 ], [ -60.756295, -33.984181 ], [ -60.761663, -33.980029 ], [ -60.763209003, -33.978814219999954 ], [ -60.765173, -33.977271 ], [ -60.766584377999948, -33.976191282999928 ], [ -60.768854, -33.974455 ], [ -60.775154537999981, -33.969563324999967 ], [ -60.77963207899996, -33.966087007999931 ], [ -60.782704, -33.963702 ], [ -60.797385, -33.952372 ], [ -60.797419289999944, -33.952400639999937 ], [ -60.798068, -33.9519 ], [ -60.798244, -33.952047 ], [ -60.802679, -33.955872 ], [ -60.807525440999946, -33.952610859999936 ], [ -60.807925, -33.952342 ], [ -60.809936919999977, -33.950895091999932 ], [ -60.81693476099997, -33.945862468999955 ], [ -60.820039, -33.94363 ], [ -60.829156588999979, -33.937269718999964 ], [ -60.829764, -33.936846 ], [ -60.835874, -33.932211 ], [ -60.836729, -33.931593 ], [ -60.837724, -33.930809 ], [ -60.837937, -33.930653 ], [ -60.838179, -33.930476 ], [ -60.842556, -33.927274 ], [ -60.850078, -33.921781 ], [ -60.851876109999971, -33.920469835999938 ], [ -60.859184, -33.915141 ], [ -60.860296, -33.91426 ], [ -60.860736, -33.913894 ], [ -60.861824, -33.913072 ], [ -60.862438, -33.912592 ], [ -60.866448, -33.909399 ], [ -60.869493059999968, -33.906933851999945 ], [ -60.870822, -33.905858 ], [ -60.871231998999974, -33.905528 ], [ -60.875390161999967, -33.902189560999929 ], [ -60.875422, -33.902164 ], [ -60.876195, -33.901548 ], [ -60.877004, -33.900874 ], [ -60.877635, -33.900363 ], [ -60.877894255999934, -33.900149238999973 ], [ -60.879543969999986, -33.898788959999926 ], [ -60.87954519799996, -33.89878798899997 ], [ -60.880280998999979, -33.898188 ], [ -60.881421, -33.897198 ], [ -60.885097998999981, -33.894508 ], [ -60.889841, -33.890825 ], [ -60.890214, -33.890535 ], [ -60.891451, -33.889572 ], [ -60.893549, -33.887939 ], [ -60.895253, -33.886616 ], [ -60.896507760999953, -33.885643047999963 ], [ -60.898677, -33.883961 ], [ -60.900008896999964, -33.88292807299996 ], [ -60.90015407899994, -33.883049024999934 ], [ -60.901413316999935, -33.884098106999943 ], [ -60.905888, -33.887826 ], [ -60.906516924999949, -33.887308798999975 ], [ -60.906571167999971, -33.887264191999968 ], [ -60.908849, -33.885391 ], [ -60.911694, -33.883053 ], [ -60.913402, -33.881671 ], [ -60.914048848999983, -33.881146838999939 ], [ -60.914525, -33.880761 ], [ -60.914831, -33.880514 ], [ -60.915088763999968, -33.880305288999971 ], [ -60.917306, -33.87851 ], [ -60.917711, -33.878188 ], [ -60.9174, -33.877919 ], [ -60.922668, -33.873543 ], [ -60.92699245599993, -33.869950148999969 ], [ -60.942641, -33.856949 ], [ -60.942796, -33.85686 ], [ -60.938551, -33.852847 ], [ -60.933582, -33.84821 ], [ -60.929318830999932, -33.84418433299993 ], [ -60.929274, -33.844142 ], [ -60.922935, -33.838299 ], [ -60.921762218999966, -33.837140661999953 ], [ -60.920093, -33.835492 ], [ -60.917278, -33.83277 ], [ -60.915382, -33.830939 ], [ -60.911131, -33.826913 ], [ -60.905394, -33.821487 ], [ -60.900053, -33.816471 ], [ -60.89461, -33.811459 ], [ -60.890261, -33.807524 ], [ -60.886068, -33.803716 ], [ -60.881965515999987, -33.799926358999976 ], [ -60.88018, -33.798277 ], [ -60.87462200899995, -33.79323021099998 ], [ -60.873961, -33.79263 ], [ -60.870694080999954, -33.789623291999924 ], [ -60.864005, -33.783467 ], [ -60.861294, -33.780965 ], [ -60.869737, -33.774219 ], [ -60.87455, -33.770378 ], [ -60.888446, -33.759335 ], [ -60.897631070999978, -33.752054088999969 ], [ -60.899600356999947, -33.750493055999989 ], [ -60.900608467999973, -33.749693936999961 ], [ -60.90102368799996, -33.749352103999968 ], [ -60.901015774999969, -33.749344639999947 ], [ -60.900854998999932, -33.749193 ], [ -60.895736573999955, -33.744950935999938 ], [ -60.894743626999976, -33.744127997999954 ], [ -60.887486, -33.738113 ], [ -60.883857, -33.735124 ], [ -60.88357, -33.734888 ], [ -60.87975499899995, -33.731718 ], [ -60.875786, -33.728402 ], [ -60.864601998999944, -33.71913 ], [ -60.864293, -33.718873 ], [ -60.863175, -33.717941 ], [ -60.859049, -33.714503 ], [ -60.857461, -33.713181 ], [ -60.856024, -33.711984 ], [ -60.853338, -33.709732 ], [ -60.851835, -33.708485 ], [ -60.847745, -33.705073 ], [ -60.844304, -33.702199 ], [ -60.843961, -33.701887 ], [ -60.833928, -33.693572 ], [ -60.822773, -33.68439 ], [ -60.822389, -33.68409 ], [ -60.819683, -33.682001 ], [ -60.815008, -33.678232 ], [ -60.81283461299995, -33.676456126999945 ], [ -60.810809, -33.674801 ], [ -60.811403451999986, -33.674342721999942 ], [ -60.812625, -33.673401 ], [ -60.813461, -33.672783 ], [ -60.816328, -33.67067 ], [ -60.818691, -33.668941 ], [ -60.819028, -33.668679 ], [ -60.82121, -33.667072 ], [ -60.824756, -33.664436 ], [ -60.826933, -33.662733 ], [ -60.831635, -33.659233 ], [ -60.832525221999958, -33.658623668999958 ], [ -60.832646, -33.658541 ], [ -60.836919, -33.655498 ], [ -60.837050823999959, -33.655395427999956 ], [ -60.83796, -33.654747 ], [ -60.840590566999936, -33.652582446999922 ], [ -60.84185467399994, -33.651542280999927 ], [ -60.842267, -33.651203 ], [ -60.843197, -33.650426 ], [ -60.843265, -33.650371 ], [ -60.843107240999984, -33.650234238999936 ], [ -60.842972, -33.650117 ], [ -60.849630503999947, -33.64342206699996 ], [ -60.850428015999967, -33.642620191999974 ], [ -60.851197, -33.641847 ], [ -60.856304998999974, -33.635204313999971 ], [ -60.858566, -33.632264 ], [ -60.858801, -33.631928 ], [ -60.859046, -33.631309 ], [ -60.864313, -33.624366 ], [ -60.864503, -33.624317 ], [ -60.870455, -33.61644 ], [ -60.870537, -33.616294 ], [ -60.873003, -33.612931 ], [ -60.874632, -33.611361 ], [ -60.876423, -33.609673 ], [ -60.878106149999958, -33.608169637999936 ], [ -60.882115, -33.604589 ], [ -60.88402805, -33.602835602999946 ], [ -60.884859, -33.602074 ], [ -60.888089, -33.59918 ], [ -60.888444440999933, -33.598873770999944 ], [ -60.889873, -33.597643 ], [ -60.891932, -33.595913 ], [ -60.897553, -33.591296 ], [ -60.897592, -33.591327 ], [ -60.902308, -33.587539 ], [ -60.907145726999943, -33.583581508999934 ], [ -60.910430998999971, -33.580894 ], [ -60.911106933999967, -33.580992519999946 ], [ -60.911076879999932, -33.580824979999925 ], [ -60.910955529999974, -33.580603689999975 ], [ -60.910723268999966, -33.580379472999937 ], [ -60.910525008999969, -33.580188078999981 ], [ -60.910220278999979, -33.580189660999963 ], [ -60.910020399999944, -33.580111139999914 ], [ -60.909984709999947, -33.579946959999965 ], [ -60.90999185, -33.57975421999997 ], [ -60.909927600999936, -33.579618589999924 ], [ -60.90977055999997, -33.579511518999936 ], [ -60.909606378999968, -33.579354469999942 ], [ -60.909499299999936, -33.57911176999994 ], [ -60.909349390999971, -33.578869059999931 ], [ -60.909249458999966, -33.578819090999957 ], [ -60.90879259999997, -33.578719158999945 ], [ -60.908592728999956, -33.578590668999929 ], [ -60.908576518999958, -33.578105166999926 ], [ -60.908278638999946, -33.578005319999932 ], [ -60.908255502999964, -33.577989363999961 ], [ -60.908071620999976, -33.577862549999978 ], [ -60.907964549999981, -33.577705508999948 ], [ -60.907969649999984, -33.577599441999951 ], [ -60.907950269999958, -33.577312898999928 ], [ -60.907864609999933, -33.577134438999963 ], [ -60.907800368999972, -33.576856039999932 ], [ -60.907450580999971, -33.576327799999937 ], [ -60.907272128999985, -33.576135059999956 ], [ -60.907093668999956, -33.575771000999957 ], [ -60.906900929999949, -33.575628238999975 ], [ -60.906551149999984, -33.57550688099996 ], [ -60.906091319999973, -33.575395897999947 ], [ -60.905580329999971, -33.575178519999959 ], [ -60.905209129999946, -33.574778769999959 ], [ -60.90462378899997, -33.574193419999972 ], [ -60.904538120999973, -33.574036379999932 ], [ -60.904575058999967, -33.57375972899996 ], [ -60.904523849999983, -33.573451029999944 ], [ -60.904316830999967, -33.573215460999947 ], [ -60.903874250999941, -33.572972759999963 ], [ -60.902977487999976, -33.572729170999942 ], [ -60.902460858999966, -33.57264438999993 ], [ -60.902339499999982, -33.572530179999944 ], [ -60.902252430999972, -33.572280696999925 ], [ -60.90223242899998, -33.572080459999931 ], [ -60.902161039999953, -33.571852029999938 ], [ -60.902039689999974, -33.571766369999978 ], [ -60.901575698999977, -33.571516529999933 ], [ -60.901148037999967, -33.571461870999947 ], [ -60.90053349, -33.571359480999945 ], [ -60.900454969999949, -33.571245269999963 ], [ -60.900425711999958, -33.570873308999978 ], [ -60.900185051999976, -33.570684765999935 ], [ -60.900055219999949, -33.570417218999978 ], [ -60.899948140999982, -33.57029586099997 ], [ -60.899726850999976, -33.570167370999968 ], [ -60.899424159999967, -33.570155449999966 ], [ -60.899198610999974, -33.570088849999927 ], [ -60.89902134099998, -33.569875227999937 ], [ -60.899020150999945, -33.569767620999983 ], [ -60.89885596999995, -33.569567749999969 ], [ -60.898717289999979, -33.56948378799995 ], [ -60.898399118999976, -33.569289349999963 ], [ -60.898306318999978, -33.569153720999957 ], [ -60.898306318999978, -33.568989539999954 ], [ -60.898284899999965, -33.56886104999996 ], [ -60.898234929999944, -33.568775389999928 ], [ -60.898149269999983, -33.568711140999937 ], [ -60.897906569, -33.568646899999962 ], [ -60.897785719999945, -33.568413409999934 ], [ -60.897628169999962, -33.568232869999974 ], [ -60.897451568999948, -33.56821752899998 ], [ -60.897321219999981, -33.568254288999981 ], [ -60.89701426999995, -33.568175768999929 ], [ -60.896828669999927, -33.568033 ], [ -60.896671628999975, -33.567861678999975 ], [ -60.896590357999969, -33.567712680999925 ], [ -60.896393229999944, -33.567676079999963 ], [ -60.896036309999943, -33.567540449999967 ], [ -60.895907819999934, -33.567447649999963 ], [ -60.895850709999934, -33.567354849999944 ], [ -60.895842610999971, -33.566999406999962 ], [ -60.895793608999945, -33.56681233099993 ], [ -60.895600869999953, -33.566648149999928 ], [ -60.895486650999942, -33.566419719999935 ], [ -60.895258228999978, -33.56624125999997 ], [ -60.894979829999954, -33.566098498999956 ], [ -60.894751399999961, -33.565884340999965 ], [ -60.894473000999938, -33.565563118999933 ], [ -60.894344510999979, -33.56539179899994 ], [ -60.894066118999945, -33.565227609999965 ], [ -60.893766300999971, -33.565191919999961 ], [ -60.893316850999945, -33.565118542999976 ], [ -60.893066739999938, -33.565077708999965 ], [ -60.892742299999952, -33.564819777999965 ], [ -60.892200847999959, -33.564538221999953 ], [ -60.891938879999948, -33.564228239999977 ], [ -60.89190318899994, -33.564106888999952 ], [ -60.891781830999946, -33.563907009999973 ], [ -60.891546268999953, -33.563778519999971 ], [ -60.891232179999967, -33.56372141099996 ], [ -60.891007679999973, -33.563699270999962 ], [ -60.890770690999936, -33.56358077699997 ], [ -60.890668248999987, -33.563421599999963 ], [ -60.890468369999951, -33.56325027999997 ], [ -60.890304189999938, -33.563186038999952 ], [ -60.89011859, -33.562993299999967 ], [ -60.889961548999963, -33.562650658999928 ], [ -60.889683149999946, -33.562372259999961 ], [ -60.88948327099996, -33.562208078999952 ], [ -60.889383338999949, -33.562022479999939 ], [ -60.889333369999981, -33.561851159999947 ], [ -60.889261980999947, -33.561658419999951 ], [ -60.889162049999982, -33.561558480999963 ], [ -60.888933619999932, -33.561422850999975 ], [ -60.888819408999943, -33.561265809999952 ], [ -60.888583839999974, -33.561115900999937 ], [ -60.88826260999997, -33.561073070999953 ], [ -60.887591599999958, -33.560908889999951 ], [ -60.886911290999933, -33.560837456999934 ], [ -60.886535119999969, -33.560773259999969 ], [ -60.88635665999994, -33.56067332099996 ], [ -60.886078268999931, -33.56042347999994 ], [ -60.88587124999998, -33.560316408999945 ], [ -60.885559560999972, -33.559969228999925 ], [ -60.885111319999965, -33.559636858999966 ], [ -60.885021788999957, -33.559352720999982 ], [ -60.884907569999946, -33.559067189999951 ], [ -60.884786219999967, -33.558838759999951 ], [ -60.884564929999947, -33.558724548999969 ], [ -60.884307948999947, -33.558603190999968 ], [ -60.884000998999966, -33.558546088999954 ], [ -60.883786848999939, -33.558453289999925 ], [ -60.883694048999985, -33.558360489999977 ], [ -60.883408509999981, -33.557882218999957 ], [ -60.883137249999947, -33.557603819999947 ], [ -60.882737499999962, -33.557375389999933 ], [ -60.882451969999984, -33.557161239999971 ], [ -60.882302059999979, -33.556811459999949 ], [ -60.882187848999941, -33.556690108999938 ], [ -60.882023660999948, -33.556625859999947 ], [ -60.881716710999967, -33.556640139999971 ], [ -60.881416899999977, -33.556568750999922 ], [ -60.881131368999952, -33.55639742999994 ], [ -60.880952908999973, -33.55619755999993 ], [ -60.880688788999976, -33.555933439999926 ], [ -60.880303310999977, -33.555669319999936 ], [ -60.879937826999935, -33.555534118999958 ], [ -60.879845728999953, -33.555500048999932 ], [ -60.879516518999935, -33.555382472999959 ], [ -60.879161169999982, -33.55501972899998 ], [ -60.879089789999966, -33.554734189999969 ], [ -60.878611518999946, -33.554584280999961 ], [ -60.878354538999986, -33.554527178999919 ], [ -60.878097550999939, -33.55431302899995 ], [ -60.877219529999934, -33.553791919999973 ], [ -60.87647713999997, -33.553527799999976 ], [ -60.876127359999941, -33.553249408999939 ], [ -60.875798990999954, -33.553206578999948 ], [ -60.875520858999948, -33.553199179999979 ], [ -60.875120849999981, -33.553156608999984 ], [ -60.874913838999987, -33.552963869999928 ], [ -60.874887667999985, -33.552778652999962 ], [ -60.874806759999956, -33.552628368999933 ], [ -60.874428428999977, -33.552321418999945 ], [ -60.874171439999941, -33.552200060999937 ], [ -60.873257729999978, -33.552064430999955 ], [ -60.872993609999973, -33.552007329999974 ], [ -60.872850839999948, -33.551885978999955 ], [ -60.872800870999981, -33.551728929999967 ], [ -60.872629549999942, -33.551507639999954 ], [ -60.872236939999937, -33.551464809999977 ], [ -60.871508828999936, -33.551400568999945 ], [ -60.870966309999972, -33.550993678999923 ], [ -60.870109699999951, -33.550572509999931 ], [ -60.86963856999995, -33.550415469999969 ], [ -60.869074038999941, -33.550396508999938 ], [ -60.868893840999981, -33.550275802999977 ], [ -60.86889378799998, -33.550275771999964 ], [ -60.868674889999966, -33.549587418999977 ], [ -60.868095296999968, -33.549122394999976 ], [ -60.868060988999957, -33.54909486899993 ], [ -60.867682649999949, -33.548852159999967 ], [ -60.867652926999931, -33.548810363999955 ], [ -60.867454220999953, -33.548530938999924 ], [ -60.867133, -33.548302508999946 ], [ -60.866897429999938, -33.548323919999973 ], [ -60.866626169999961, -33.548323919999966 ], [ -60.866583339999977, -33.548259678999955 ], [ -60.86606223999997, -33.548081218999975 ], [ -60.865540255999974, -33.547977498999956 ], [ -60.864955789999954, -33.547795679999972 ], [ -60.864463239999971, -33.547688608999977 ], [ -60.86404921899998, -33.547438759999977 ], [ -60.863942139999949, -33.547295990999942 ], [ -60.863770819999964, -33.547088979999955 ], [ -60.863378209999958, -33.54696048999994 ], [ -60.862930757999948, -33.546863101999961 ], [ -60.862507328999982, -33.547003319999938 ], [ -60.862307449999946, -33.54696048999994 ], [ -60.862107578999947, -33.546774889999931 ], [ -60.86171451599995, -33.546544505999961 ], [ -60.861336629999983, -33.546332309999968 ], [ -60.860944019999977, -33.546430848999925 ], [ -60.860558546999982, -33.546430847999943 ], [ -60.860130240999979, -33.546275208999923 ], [ -60.859838799999984, -33.546287359999951 ], [ -60.859109458999974, -33.54634659 ], [ -60.858045838999942, -33.546046779999976 ], [ -60.857596119999975, -33.546125299999972 ], [ -60.856889419999959, -33.546103880999965 ], [ -60.856161299999947, -33.545996809999956 ], [ -60.854954918999965, -33.545918288999935 ], [ -60.854743991999946, -33.545828501999942 ], [ -60.854499249999954, -33.545795299999938 ], [ -60.854258274999957, -33.545835983999943 ], [ -60.853861220999931, -33.545903020999958 ], [ -60.853791359999946, -33.545932560999972 ], [ -60.853541518999975, -33.545953979999979 ], [ -60.852706328999943, -33.545939699999956 ], [ -60.852449340999961, -33.545832628999968 ], [ -60.85220664099996, -33.545717010999965 ], [ -60.852099559999942, -33.54556850899997 ], [ -60.851778338999971, -33.545482848999931 ], [ -60.851528489999964, -33.545482848999939 ], [ -60.851259998999986, -33.545655778999951 ], [ -60.851064498999961, -33.545675579999966 ], [ -60.850679020999962, -33.545618470999955 ], [ -60.849972320999932, -33.545582779999961 ], [ -60.84915854999997, -33.545568508999963 ], [ -60.848705569999943, -33.545479062999952 ], [ -60.848625298999941, -33.545426252999953 ], [ -60.848335797999937, -33.545235791999971 ], [ -60.848094929999938, -33.54485466999995 ], [ -60.848002129999941, -33.544769008999936 ], [ -60.847702319999932, -33.544647650999934 ], [ -60.847531, -33.544647650999927 ], [ -60.847352539999974, -33.544697619999965 ], [ -60.84721596299994, -33.544794367999941 ], [ -60.847181218999935, -33.544818978999949 ], [ -60.846952789999925, -33.544968879999949 ], [ -60.846667249999939, -33.545075959999963 ], [ -60.846210398999972, -33.545168758999978 ], [ -60.84585347999996, -33.545425739999978 ], [ -60.845713549999978, -33.545669085999968 ], [ -60.844775579999983, -33.545989669999983 ], [ -60.844518599999958, -33.546039639999947 ], [ -60.844325860999966, -33.546018220999933 ], [ -60.844154539999977, -33.545953979999979 ], [ -60.843795691999958, -33.545744497999962 ], [ -60.843483530999954, -33.545539949999977 ], [ -60.843305078999947, -33.545489980999946 ], [ -60.843105199999968, -33.545525678999972 ], [ -60.842955290999953, -33.545654168999924 ], [ -60.842791109999951, -33.545825489999963 ], [ -60.842533229999965, -33.545990787999976 ], [ -60.842075198999972, -33.545813619999926 ], [ -60.841820289999987, -33.545611338999947 ], [ -60.841763180999976, -33.545432878999975 ], [ -60.841663248999971, -33.545297249999976 ], [ -60.841499060999979, -33.545233 ], [ -60.84107075999998, -33.545125928999937 ], [ -60.840342648999979, -33.544918909999978 ], [ -60.840214158999977, -33.54479041999997 ], [ -60.839614529999956, -33.544504888999931 ], [ -60.839186229999939, -33.544333568999953 ], [ -60.838867207999961, -33.544320002999932 ], [ -60.838476040999979, -33.544267960999946 ], [ -60.838129748999968, -33.544269319999948 ], [ -60.838001258999952, -33.544362119999953 ], [ -60.837797609999939, -33.544596868999975 ], [ -60.837558678999983, -33.544711899999982 ], [ -60.837365939999977, -33.544754729999966 ], [ -60.837130370999944, -33.544740450999932 ], [ -60.836944778999957, -33.544640518999977 ], [ -60.836185960999948, -33.544294710999957 ], [ -60.835709838999946, -33.544197938999964 ], [ -60.834703320999949, -33.544005199999958 ], [ -60.83347894099996, -33.54401771899996 ], [ -60.832543340999962, -33.544039606999952 ], [ -60.83172662, -33.544069448999949 ], [ -60.831341147999979, -33.543872928999981 ], [ -60.831034190999951, -33.543662559999966 ], [ -60.830666908999937, -33.543703813999961 ], [ -60.830616729999967, -33.543709449999945 ], [ -60.830348909999948, -33.543726799999952 ], [ -60.830099068999978, -33.543655419999936 ], [ -60.829963438999982, -33.543569759999968 ], [ -60.829749288999949, -33.54319142099996 ], [ -60.829712688999962, -33.542969032999949 ], [ -60.829720729999963, -33.542734569999936 ], [ -60.829642209999982, -33.542548969999977 ], [ -60.829492300999959, -33.542341958999934 ], [ -60.829313841, -33.542177770999949 ], [ -60.829099689999957, -33.542134940999965 ], [ -60.828757049999979, -33.542327679999964 ], [ -60.828507655999942, -33.542532222999967 ], [ -60.828031762999963, -33.543365036999951 ], [ -60.82798610899993, -33.543655419999936 ], [ -60.827864749999939, -33.543855290999936 ], [ -60.827664879999986, -33.544012339999945 ], [ -60.827243709999948, -33.544098 ], [ -60.82695817999997, -33.544190799999953 ], [ -60.826572708999954, -33.544233629999944 ], [ -60.82630144899997, -33.544212209999962 ], [ -60.825787479999974, -33.544012339999924 ], [ -60.82542459999997, -33.543866478999973 ], [ -60.824959378999942, -33.543832178999935 ], [ -60.824688169999945, -33.543833879999966 ], [ -60.824466879999939, -33.543712528999933 ], [ -60.824316092999943, -33.543575495999967 ], [ -60.824031439999935, -33.543291359999955 ], [ -60.823674519999948, -33.542984409999967 ], [ -60.823603139999932, -33.542798810999955 ], [ -60.823467509999951, -33.542591799999975 ], [ -60.823296188999961, -33.542470449999939 ], [ -60.822996378999953, -33.542420479999976 ], [ -60.822846469999945, -33.542406199999952 ], [ -60.82275366999994, -33.542341958999927 ], [ -60.822660869999936, -33.542213468999925 ], [ -60.82243957999998, -33.542070699999954 ], [ -60.822089799999958, -33.541899378999972 ], [ -60.821754298999963, -33.541699499999936 ], [ -60.821475899999946, -33.541492489999946 ], [ -60.821126119999967, -33.54125691999996 ], [ -60.82085485999994, -33.541078459999945 ], [ -60.820505079999975, -33.540728679999972 ], [ -60.820283789999955, -33.540578778999922 ], [ -60.819919729999988, -33.540464559999975 ], [ -60.819584229999968, -33.540321790999933 ], [ -60.819298689999982, -33.540200439999971 ], [ -60.818906079999977, -33.540271828999948 ], [ -60.818249349999974, -33.540293239999976 ], [ -60.818056610999982, -33.540428869999985 ], [ -60.817999508999954, -33.540635880999957 ], [ -60.818128, -33.541014219999958 ], [ -60.818092308999951, -33.541435379999939 ], [ -60.817970950999957, -33.541685228999938 ], [ -60.817871018999931, -33.542049279999958 ], [ -60.817949539999972, -33.542563248999947 ], [ -60.818006648999983, -33.542770259999941 ], [ -60.818106579999949, -33.542841640999931 ], [ -60.818335460999954, -33.542891609999955 ], [ -60.818420669999973, -33.543348469999955 ], [ -60.818335460999954, -33.543509053999976 ], [ -60.818312260999953, -33.543552775999963 ], [ -60.81823507099994, -33.54369824999997 ] ] ] ] } },
{ "type": "Feature", "properties": { "id": null }, "geometry": { "type": "MultiPolygon", "coordinates": [ [ [ [ -61.013182, -34.306323 ], [ -61.011179, -34.30797 ], [ -61.008167, -34.310446 ], [ -61.007748, -34.31079 ], [ -61.007222640999949, -34.311220348999939 ], [ -61.00414202799994, -34.313743844999976 ], [ -61.003164, -34.314545 ], [ -61.002988, -34.314688 ], [ -61.002291, -34.315257 ], [ -60.997383, -34.319584 ], [ -60.996921, -34.319975 ], [ -60.995612, -34.321159 ], [ -60.99532, -34.321419 ], [ -60.992047, -34.324283 ], [ -60.988195772999973, -34.32763611699994 ], [ -60.984555, -34.330806 ], [ -60.983068, -34.33202 ], [ -60.978360554999938, -34.335929456999956 ], [ -60.966442788999984, -34.345826969999962 ], [ -60.966157, -34.345568 ], [ -60.95485499899997, -34.336043 ], [ -60.952244, -34.333842 ], [ -60.951674, -34.333891 ], [ -60.950755, -34.334326 ], [ -60.950593, -34.334463 ], [ -60.950187408999973, -34.334743425999939 ], [ -60.95, -34.334873 ], [ -60.949972966999944, -34.33488105899994 ], [ -60.948836, -34.33522 ], [ -60.948593, -34.335335 ], [ -60.947808, -34.335634 ], [ -60.947294, -34.335773 ], [ -60.945773, -34.335852 ], [ -60.944792998999951, -34.335635 ], [ -60.943924, -34.335686 ], [ -60.942747, -34.33591 ], [ -60.94205, -34.335723 ], [ -60.940794998999934, -34.335215 ], [ -60.940551, -34.335239 ], [ -60.940146, -34.335513 ], [ -60.939872045999948, -34.33571138099996 ], [ -60.939769, -34.335786 ], [ -60.939748192999957, -34.335791409999956 ], [ -60.939146, -34.335948 ], [ -60.937135, -34.335706 ], [ -60.935913, -34.335939 ], [ -60.93472, -34.33614 ], [ -60.934202998999972, -34.336054 ], [ -60.933904, -34.336056 ], [ -60.933415, -34.336105 ], [ -60.933063, -34.336175 ], [ -60.932141, -34.336295 ], [ -60.931407422999939, -34.336492993999961 ], [ -60.931111, -34.336573 ], [ -60.930706, -34.336734 ], [ -60.930029998999935, -34.337032 ], [ -60.929546, -34.337136 ], [ -60.928964479999941, -34.336815249999965 ], [ -60.928951075999976, -34.336807856999933 ], [ -60.927956, -34.336259 ], [ -60.927439, -34.336128 ], [ -60.926246998999943, -34.336452 ], [ -60.92502, -34.336454 ], [ -60.924371, -34.336286 ], [ -60.924098, -34.336221 ], [ -60.923772, -34.336223 ], [ -60.922984, -34.336139 ], [ -60.921485, -34.335722 ], [ -60.921076, -34.335635 ], [ -60.920777, -34.335615 ], [ -60.919171, -34.335289 ], [ -60.917650874999943, -34.334453361999984 ], [ -60.91723, -34.334222 ], [ -60.915572, -34.33394 ], [ -60.914672, -34.333745 ], [ -60.914392579999976, -34.333395546999959 ], [ -60.913495, -34.332273 ], [ -60.912714, -34.331841 ], [ -60.911879, -34.331461 ], [ -60.910967, -34.331312 ], [ -60.909843, -34.330831 ], [ -60.909499, -34.330653 ], [ -60.907816, -34.329687 ], [ -60.907358, -34.329544 ], [ -60.906768, -34.329286 ], [ -60.906333, -34.329122 ], [ -60.906139, -34.328973 ], [ -60.905578, -34.328333 ], [ -60.905464, -34.328067 ], [ -60.90551, -34.327674 ], [ -60.905314, -34.327241 ], [ -60.904989998999959, -34.327126 ], [ -60.904402, -34.326805 ], [ -60.90415, -34.326781 ], [ -60.903706, -34.32676 ], [ -60.90367706699994, -34.326753312999983 ], [ -60.903494, -34.326711 ], [ -60.903431901999973, -34.326682633999944 ], [ -60.903331998999931, -34.326637 ], [ -60.902905, -34.326356 ], [ -60.902675, -34.326078 ], [ -60.902236191999975, -34.326441794999944 ], [ -60.902036961999961, -34.326606966999975 ], [ -60.90199, -34.32655 ], [ -60.89488269699995, -34.332442326999967 ], [ -60.891478, -34.335265 ], [ -60.891117, -34.335546 ], [ -60.886901, -34.338801 ], [ -60.878982577999977, -34.34483023599995 ], [ -60.870042998999963, -34.351637 ], [ -60.86964, -34.351925 ], [ -60.864538, -34.355964 ], [ -60.864208, -34.356228 ], [ -60.86304, -34.357124 ], [ -60.861435, -34.358373 ], [ -60.85978, -34.35962 ], [ -60.852809, -34.364912 ], [ -60.850148829999974, -34.366945090999934 ], [ -60.849428, -34.367496 ], [ -60.849096, -34.367789 ], [ -60.833990811999968, -34.379491967999961 ], [ -60.825912323999951, -34.385572410999934 ], [ -60.823483785999947, -34.38740030099995 ], [ -60.819403405999928, -34.390471483999931 ], [ -60.816449745999925, -34.392694617999936 ], [ -60.804816, -34.401451 ], [ -60.803868, -34.402199 ], [ -60.802047, -34.403528 ], [ -60.796813998999937, -34.407414 ], [ -60.79631352499996, -34.407786711999975 ], [ -60.792129, -34.410903 ], [ -60.786908, -34.414826 ], [ -60.786737308999932, -34.414910728999985 ], [ -60.786222, -34.415298 ], [ -60.78597868099996, -34.415418488999926 ], [ -60.782039, -34.418379 ], [ -60.780399, -34.419601 ], [ -60.779954, -34.419896 ], [ -60.778109, -34.421265 ], [ -60.774077, -34.424248 ], [ -60.770578, -34.426786 ], [ -60.767062, -34.429358 ], [ -60.766714, -34.429658 ], [ -60.763243, -34.43218 ], [ -60.759863, -34.434648 ], [ -60.755891, -34.437543 ], [ -60.753414535999973, -34.439334904999953 ], [ -60.753261, -34.439446 ], [ -60.753094, -34.439584 ], [ -60.757159566999974, -34.443051854999972 ], [ -60.758896, -34.444533 ], [ -60.758773160999965, -34.44465334899995 ], [ -60.758748, -34.444678 ], [ -60.752531441999963, -34.449793198999934 ], [ -60.750424782999978, -34.451526630999972 ], [ -60.74935, -34.452411 ], [ -60.744821988999945, -34.456033095999935 ], [ -60.743572, -34.457033 ], [ -60.743395, -34.457167 ], [ -60.741689024999971, -34.458525892999951 ], [ -60.738932, -34.460722 ], [ -60.736773, -34.462439 ], [ -60.735651498999978, -34.463327393999975 ], [ -60.730278, -34.467584 ], [ -60.728944, -34.468629 ], [ -60.72386, -34.472647 ], [ -60.721003, -34.474916 ], [ -60.71807, -34.477244 ], [ -60.717759, -34.477506 ], [ -60.71492, -34.479768 ], [ -60.714568, -34.480049 ], [ -60.707636, -34.485552 ], [ -60.702776998999987, -34.489382 ], [ -60.695741, -34.494933 ], [ -60.692092, -34.497824 ], [ -60.691717, -34.498146 ], [ -60.684405322999964, -34.503730641999937 ], [ -60.680447, -34.506754 ], [ -60.677698358999983, -34.508959186999952 ], [ -60.677205, -34.509355 ], [ -60.673626375999959, -34.512064060999933 ], [ -60.672893380999938, -34.512631582999958 ], [ -60.672424, -34.512995 ], [ -60.671828571999981, -34.513457519999974 ], [ -60.667608, -34.516736 ], [ -60.667279, -34.516993 ], [ -60.663617, -34.519833 ], [ -60.660591196, -34.522192328999949 ], [ -60.655634047999968, -34.526057596999969 ], [ -60.654422357999977, -34.527002395999936 ], [ -60.648753, -34.531423 ], [ -60.647629910999974, -34.532313479999978 ], [ -60.646905204999939, -34.532888088999982 ], [ -60.646701, -34.53305 ], [ -60.646905204999939, -34.533228191999967 ], [ -60.657708482999965, -34.542655287999928 ], [ -60.662085026999939, -34.546474323 ], [ -60.664411, -34.548504 ], [ -60.664619, -34.548666 ], [ -60.666161, -34.549966 ], [ -60.666417, -34.55018 ], [ -60.67051, -34.553803 ], [ -60.674358, -34.557227 ], [ -60.675133, -34.557914 ], [ -60.676410998999984, -34.559034 ], [ -60.682138, -34.564082 ], [ -60.686697, -34.568087 ], [ -60.687039, -34.568388 ], [ -60.691161, -34.572001 ], [ -60.691923, -34.572668 ], [ -60.692693, -34.573343 ], [ -60.692871049999958, -34.573498963999953 ], [ -60.693611998999984, -34.574148 ], [ -60.696368, -34.576579 ], [ -60.699609, -34.579453 ], [ -60.700576, -34.58031 ], [ -60.700729998999968, -34.580446 ], [ -60.701148, -34.580825 ], [ -60.703001938999925, -34.582451772999931 ], [ -60.703376, -34.58278 ], [ -60.705344, -34.584469 ], [ -60.705454, -34.584569 ], [ -60.705993, -34.585039 ], [ -60.706827, -34.585769 ], [ -60.70752, -34.586369 ], [ -60.707765, -34.586582 ], [ -60.709029, -34.587672 ], [ -60.712024, -34.590252 ], [ -60.714428, -34.592328 ], [ -60.714719, -34.592579 ], [ -60.715777, -34.593501 ], [ -60.718356, -34.595741 ], [ -60.720759, -34.597819 ], [ -60.722599, -34.599404 ], [ -60.725258, -34.601686 ], [ -60.726842493999982, -34.603077122999942 ], [ -60.727298330999986, -34.603477328999922 ], [ -60.727454, -34.603614 ], [ -60.729818, -34.605707 ], [ -60.733427, -34.608791 ], [ -60.733778, -34.609105 ], [ -60.737634300999957, -34.61245424699996 ], [ -60.744395, -34.618326 ], [ -60.749158, -34.622411 ], [ -60.749819, -34.622938 ], [ -60.751577804999954, -34.624533424999967 ], [ -60.753027, -34.625848 ], [ -60.753344, -34.626138 ], [ -60.757005111999952, -34.629505614999971 ], [ -60.758395998999966, -34.630785 ], [ -60.758237, -34.631794 ], [ -60.757993, -34.632481 ], [ -60.757420998999976, -34.63317 ], [ -60.757247, -34.634371 ], [ -60.756691, -34.635009 ], [ -60.756518552999971, -34.635255305999969 ], [ -60.756414457999945, -34.635403984999982 ], [ -60.756208210999951, -34.63545825999995 ], [ -60.75608, -34.635492 ], [ -60.755958202999977, -34.635810860999982 ], [ -60.755407, -34.635955 ], [ -60.75523, -34.636422 ], [ -60.755481, -34.637369 ], [ -60.755144387999955, -34.637983762999959 ], [ -60.755143, -34.637984 ], [ -60.755139447999973, -34.637992784999938 ], [ -60.754960486999948, -34.638435405999921 ], [ -60.75475, -34.638956 ], [ -60.75421395099994, -34.639083408999959 ], [ -60.754078, -34.63942 ], [ -60.753890406999972, -34.639464587999946 ], [ -60.753667114999985, -34.63951765999996 ], [ -60.753735344999939, -34.639966158999982 ], [ -60.753791, -34.640332 ], [ -60.752475, -34.641405 ], [ -60.752322418999931, -34.64144499899993 ], [ -60.751693, -34.64161 ], [ -60.749814998999966, -34.641739 ], [ -60.748532, -34.641968 ], [ -60.747191844, -34.642766166999927 ], [ -60.74713, -34.642803 ], [ -60.747130639999966, -34.642865313999941 ], [ -60.746457, -34.643267 ], [ -60.74646167099997, -34.643721637999931 ], [ -60.746461723999971, -34.643726843999964 ], [ -60.746463, -34.643851 ], [ -60.74606, -34.644144 ], [ -60.7456, -34.644214 ], [ -60.745045058999949, -34.644217278999967 ], [ -60.744925428999977, -34.644217985999944 ], [ -60.744504675999963, -34.644997917999952 ], [ -60.744496, -34.645014 ], [ -60.744205, -34.645776 ], [ -60.743996, -34.646832 ], [ -60.743842229999984, -34.646898950999962 ], [ -60.743599608999943, -34.647004587999966 ], [ -60.743431, -34.647078 ], [ -60.743358446999935, -34.647120113999954 ], [ -60.743324, -34.647295 ], [ -60.742861077999976, -34.647496554999975 ], [ -60.742503, -34.64836 ], [ -60.742118, -34.648651 ], [ -60.741931567999984, -34.648578832999931 ], [ -60.74183, -34.648824 ], [ -60.741446, -34.649115 ], [ -60.741011, -34.648947 ], [ -60.740749, -34.648123 ], [ -60.740456, -34.647885 ], [ -60.739637, -34.647635 ], [ -60.738671, -34.647281 ], [ -60.737903, -34.64673 ], [ -60.737409, -34.64603 ], [ -60.73715, -34.64573 ], [ -60.736694, -34.645582 ], [ -60.73599, -34.6457 ], [ -60.735597, -34.645705 ], [ -60.734806, -34.645624 ], [ -60.733901998999954, -34.645307 ], [ -60.733209, -34.645011 ], [ -60.732138, -34.645093 ], [ -60.731683, -34.645005 ], [ -60.731489709999956, -34.644847687 ], [ -60.731409, -34.644782 ], [ -60.731165, -34.644133 ], [ -60.730839998999961, -34.644065 ], [ -60.730388, -34.644038 ], [ -60.729258, -34.64397 ], [ -60.728167, -34.643826 ], [ -60.727478, -34.64395 ], [ -60.72681, -34.644329 ], [ -60.725978, -34.644724 ], [ -60.725511, -34.644896 ], [ -60.724733, -34.644901 ], [ -60.724026, -34.644717 ], [ -60.723446, -34.64472 ], [ -60.721884, -34.645188 ], [ -60.719961, -34.645455 ], [ -60.718422, -34.646049 ], [ -60.717406, -34.64616 ], [ -60.716716, -34.646374 ], [ -60.715866, -34.646679 ], [ -60.714806815999964, -34.646796595999945 ], [ -60.714784651999935, -34.646799056999946 ], [ -60.714644, -34.646681 ], [ -60.714264034999985, -34.646978223999945 ], [ -60.714171, -34.647051 ], [ -60.713957256999947, -34.647131215999934 ], [ -60.714069131999963, -34.647225125999967 ], [ -60.71413276199997, -34.647278537999959 ], [ -60.714236448999941, -34.647365575999984 ], [ -60.716344488999937, -34.649135110999957 ], [ -60.717626033999977, -34.650210867999938 ], [ -60.71868007799997, -34.651095655999946 ], [ -60.719752274999969, -34.651995681999942 ], [ -60.72515880299995, -34.656534040999922 ], [ -60.728355, -34.659217 ], [ -60.729223, -34.659949 ], [ -60.73056038899994, -34.661033472999968 ], [ -60.731317, -34.661647 ], [ -60.731917966999951, -34.66216232599993 ], [ -60.741871, -34.670697 ], [ -60.741636, -34.670881 ], [ -60.744221, -34.673154 ], [ -60.744493, -34.673438 ], [ -60.747739407999966, -34.676348872999945 ], [ -60.749699195999945, -34.678106105999966 ], [ -60.751585, -34.679797 ], [ -60.759657, -34.686748 ], [ -60.763497406999932, -34.690057336999985 ], [ -60.76375, -34.690275 ], [ -60.765505, -34.691772 ], [ -60.774625, -34.69931 ], [ -60.775030998999966, -34.699593 ], [ -60.776534, -34.700932 ], [ -60.780184003999977, -34.70409614099998 ], [ -60.78772, -34.710629 ], [ -60.787959998999952, -34.710877 ], [ -60.789257283, -34.712013424999945 ], [ -60.795230639999943, -34.717246109999955 ], [ -60.795307, -34.717313 ], [ -60.795509, -34.717472 ], [ -60.791127, -34.720801 ], [ -60.764820831999934, -34.740781956 ], [ -60.764489, -34.741034 ], [ -60.768772228999978, -34.744788896999978 ], [ -60.768956, -34.74495 ], [ -60.767325350999954, -34.746417176999941 ], [ -60.766951, -34.746754 ], [ -60.769809024, -34.749340874999966 ], [ -60.781737899999939, -34.760138023999957 ], [ -60.785207, -34.763278 ], [ -60.799462, -34.775686 ], [ -60.815398777999974, -34.789407288999939 ], [ -60.815683, -34.789652 ], [ -60.815841, -34.789533 ], [ -60.816319336999982, -34.789157379999942 ], [ -60.817741, -34.788041 ], [ -60.82146, -34.785014 ], [ -60.823983, -34.783014 ], [ -60.827221, -34.780379 ], [ -60.829783, -34.778323 ], [ -60.831003, -34.777318 ], [ -60.83383, -34.774988 ], [ -60.834711509999984, -34.774291165999948 ], [ -60.835367, -34.773773 ], [ -60.835883, -34.77333 ], [ -60.836843, -34.772572 ], [ -60.837317356999954, -34.772194518999981 ], [ -60.837552998999968, -34.772007 ], [ -60.837643986999986, -34.771938161999962 ], [ -60.838957875999938, -34.770944108999963 ], [ -60.839292793999959, -34.770690718999958 ], [ -60.840169614999979, -34.770015053999941 ], [ -60.849248105999948, -34.763019311999969 ], [ -60.85534598899995, -34.768305700999974 ], [ -60.865879, -34.777437 ], [ -60.8671, -34.779267 ], [ -60.867874, -34.77951 ], [ -60.872460998999948, -34.78367 ], [ -60.873230232999958, -34.784408525999943 ], [ -60.874941, -34.786051 ], [ -60.875734, -34.786751 ], [ -60.878699536999932, -34.789286420999929 ], [ -60.886476, -34.795935 ], [ -60.903991, -34.810841 ], [ -60.904151, -34.810719 ], [ -60.904429117999939, -34.810491875999944 ], [ -60.907407, -34.80806 ], [ -60.908648, -34.807045 ], [ -60.911587, -34.804641 ], [ -60.913714, -34.80286 ], [ -60.91505, -34.80179 ], [ -60.918734, -34.79877 ], [ -60.921884, -34.796142 ], [ -60.922400128999975, -34.795710965999938 ], [ -60.925596, -34.793042 ], [ -60.925939, -34.792766 ], [ -60.92869287499996, -34.790501369999944 ], [ -60.932733, -34.787179 ], [ -60.934719, -34.785558 ], [ -60.93591313799994, -34.784632768999977 ], [ -60.937339, -34.783528 ], [ -60.948598, -34.774259 ], [ -60.968906, -34.757546 ], [ -60.975953, -34.751808 ], [ -60.977935483999943, -34.750203773999935 ], [ -60.980505637999954, -34.748124004999966 ], [ -60.982864932999981, -34.746214862999963 ], [ -60.9866, -34.743117 ], [ -60.988104, -34.741908 ], [ -60.992267, -34.738474 ], [ -61.007972, -34.725963 ], [ -61.023001714999971, -34.713605370999957 ], [ -61.027546, -34.709869 ], [ -61.03267532099995, -34.705651420999978 ], [ -61.048176, -34.692906 ], [ -61.048353, -34.69305 ], [ -61.054031, -34.697525 ], [ -61.058437, -34.700922 ], [ -61.058856, -34.701246 ], [ -61.062605, -34.704288 ], [ -61.063681, -34.705166 ], [ -61.064836, -34.7061 ], [ -61.065129, -34.706337 ], [ -61.072534, -34.712324 ], [ -61.073935, -34.71344 ], [ -61.077769, -34.716519 ], [ -61.080074, -34.71837 ], [ -61.084422492999977, -34.72185081099996 ], [ -61.086975, -34.723894 ], [ -61.089805048999949, -34.726171217999941 ], [ -61.090282, -34.726555 ], [ -61.099247, -34.733785 ], [ -61.099852, -34.734241 ], [ -61.100852, -34.73501 ], [ -61.108976, -34.741513 ], [ -61.110953, -34.743104876999951 ], [ -61.114078318999987, -34.745621378999935 ], [ -61.11527939299998, -34.746588480999947 ], [ -61.116594, -34.747647 ], [ -61.11698, -34.747949 ], [ -61.117314589999985, -34.748214888999946 ], [ -61.118256, -34.748963 ], [ -61.118594, -34.749251 ], [ -61.120559274999955, -34.750855860999934 ], [ -61.121225310999925, -34.751399750999944 ], [ -61.12547, -34.754866 ], [ -61.125629385999964, -34.754998324999967 ], [ -61.126059, -34.755355 ], [ -61.127828823999955, -34.756825674999959 ], [ -61.128334750999954, -34.757246085999952 ], [ -61.131188093999988, -34.759617135999974 ], [ -61.132342, -34.760576 ], [ -61.132804620999934, -34.760950906999931 ], [ -61.135881, -34.763444 ], [ -61.135632889999954, -34.76366226499993 ], [ -61.135058, -34.764168 ], [ -61.137268422999966, -34.76595517699996 ], [ -61.137321070999974, -34.765997743999939 ], [ -61.138362883999946, -34.766840072999962 ], [ -61.138625, -34.767052 ], [ -61.13970597399998, -34.767930758999967 ], [ -61.140730793999978, -34.768763866999961 ], [ -61.141095206999985, -34.769060109999934 ], [ -61.141529414999972, -34.769413091999965 ], [ -61.144497857999966, -34.771826233999938 ], [ -61.144893003999975, -34.77214746099996 ], [ -61.145136, -34.772345 ], [ -61.145703, -34.77277 ], [ -61.147995051999942, -34.774643141999952 ], [ -61.148688470999964, -34.775209826999969 ], [ -61.149307823999948, -34.775715982999934 ], [ -61.149661527999974, -34.776005042999941 ], [ -61.149977146999959, -34.776262976999931 ], [ -61.150113, -34.776374 ], [ -61.150605991999953, -34.776766681999952 ], [ -61.150740661999976, -34.776873950999963 ], [ -61.151165, -34.777206 ], [ -61.151439075999981, -34.776977462999966 ], [ -61.151757174999943, -34.776712218999933 ], [ -61.151998516999974, -34.776510977999976 ], [ -61.152296245999935, -34.776262717999941 ], [ -61.172899729999983, -34.759082636999942 ], [ -61.175340998999957, -34.757047 ], [ -61.185606, -34.748421 ], [ -61.187776, -34.746611 ], [ -61.18831, -34.746141 ], [ -61.196050216999936, -34.739656718999981 ], [ -61.201702, -34.734922 ], [ -61.202059, -34.734613 ], [ -61.202588, -34.734141 ], [ -61.203099, -34.733742 ], [ -61.21, -34.727913 ], [ -61.212581338999939, -34.725738346999947 ], [ -61.215318998999983, -34.723432 ], [ -61.222551, -34.717368 ], [ -61.219605, -34.714899 ], [ -61.217759, -34.713357 ], [ -61.211502, -34.708122 ], [ -61.208804227999956, -34.705874786999971 ], [ -61.204736, -34.702486 ], [ -61.205683765999943, -34.701715470999957 ], [ -61.216094, -34.693252 ], [ -61.218203, -34.691597 ], [ -61.226173, -34.685152 ], [ -61.246724, -34.668183 ], [ -61.248893328999941, -34.666347 ], [ -61.262877, -34.654512 ], [ -61.28155, -34.639025 ], [ -61.291135, -34.631195 ], [ -61.305711236999961, -34.619179721999956 ], [ -61.313696028999964, -34.612597809999954 ], [ -61.314619, -34.611837 ], [ -61.324233, -34.603886 ], [ -61.329306848999984, -34.599714152999987 ], [ -61.333209783999969, -34.596505060999945 ], [ -61.336126862999954, -34.594106563999951 ], [ -61.33848356499994, -34.592168823999934 ], [ -61.338471998999985, -34.59216 ], [ -61.338307, -34.592021 ], [ -61.338084535999947, -34.591842646999957 ], [ -61.332018, -34.586979 ], [ -61.325268, -34.581571 ], [ -61.315746, -34.573918 ], [ -61.311634555999937, -34.570607066999962 ], [ -61.310913, -34.570026 ], [ -61.306375, -34.566381 ], [ -61.29659, -34.558446 ], [ -61.294289, -34.556623 ], [ -61.293574, -34.556091 ], [ -61.292828, -34.555443 ], [ -61.288372148999947, -34.551829369999936 ], [ -61.286638, -34.550423 ], [ -61.280467, -34.545489 ], [ -61.278273661999947, -34.543709097999965 ], [ -61.275199, -34.541214 ], [ -61.279368, -34.537701 ], [ -61.280687, -34.536733 ], [ -61.283352, -34.534657 ], [ -61.322996, -34.501042 ], [ -61.332620998999964, -34.493158 ], [ -61.347640204999948, -34.480550897999933 ], [ -61.355373, -34.47406 ], [ -61.355509, -34.473947 ], [ -61.354102, -34.472852 ], [ -61.34693, -34.46716 ], [ -61.340953465999981, -34.462500018999947 ], [ -61.340729, -34.462325 ], [ -61.33481, -34.457625 ], [ -61.329167, -34.453145 ], [ -61.327772589999938, -34.452032389999943 ], [ -61.32617157, -34.450754923999959 ], [ -61.323150294999948, -34.448344224999971 ], [ -61.322118479, -34.447520931999975 ], [ -61.318527998999969, -34.444656060999925 ], [ -61.317984, -34.444222 ], [ -61.317683587999973, -34.443982273999943 ], [ -61.314500589999966, -34.441442275999975 ], [ -61.310590335999962, -34.438321935999959 ], [ -61.310524, -34.438269 ], [ -61.307777453999961, -34.436091702999938 ], [ -61.299422, -34.429468 ], [ -61.299162, -34.429263 ], [ -61.291302789999975, -34.423055313999953 ], [ -61.291015, -34.422828 ], [ -61.288550604999955, -34.420903814999974 ], [ -61.288068, -34.420527 ], [ -61.282852, -34.416491 ], [ -61.278299448999967, -34.412852184999963 ], [ -61.277562558999939, -34.412263194999966 ], [ -61.275513, -34.410625 ], [ -61.27031501099998, -34.406456952999982 ], [ -61.269699, -34.405963 ], [ -61.269822, -34.405953 ], [ -61.269927, -34.405899 ], [ -61.269995, -34.405814 ], [ -61.270043, -34.405721 ], [ -61.270101, -34.405633 ], [ -61.270168, -34.405549 ], [ -61.270244, -34.40547 ], [ -61.270328, -34.405397 ], [ -61.270521, -34.405276 ], [ -61.270742998999935, -34.405195 ], [ -61.270783320999961, -34.405188731999935 ], [ -61.270981, -34.405158 ], [ -61.271223, -34.405166 ], [ -61.271457, -34.40522 ], [ -61.271568, -34.405214 ], [ -61.271671, -34.405178 ], [ -61.271752, -34.405115 ], [ -61.271803, -34.405033 ], [ -61.271818, -34.404941 ], [ -61.271831, -34.404866 ], [ -61.271873, -34.4048 ], [ -61.27194, -34.404749 ], [ -61.272024, -34.404721 ], [ -61.272050879999938, -34.404719817999926 ], [ -61.27216, -34.404745 ], [ -61.272271, -34.404739 ], [ -61.272341711999964, -34.404714042999949 ], [ -61.272373, -34.404703 ], [ -61.272455, -34.40464 ], [ -61.272506, -34.404557 ], [ -61.272521, -34.404466 ], [ -61.272534, -34.404391 ], [ -61.272575998999969, -34.404325 ], [ -61.272643, -34.404274 ], [ -61.272727, -34.404245 ], [ -61.272818, -34.404242 ], [ -61.27295948699998, -34.404240154999961 ], [ -61.273048, -34.404239 ], [ -61.273267, -34.404179 ], [ -61.273455, -34.404068 ], [ -61.273595, -34.403917 ], [ -61.273675, -34.403737 ], [ -61.273688, -34.403425 ], [ -61.2738, -34.403127 ], [ -61.27390023799996, -34.402997770999946 ], [ -61.274004, -34.402864 ], [ -61.274284, -34.402655 ], [ -61.274622, -34.402515 ], [ -61.274911, -34.402343 ], [ -61.275204, -34.402175 ], [ -61.275489240999946, -34.402018453999972 ], [ -61.275520998999987, -34.401972 ], [ -61.275699, -34.4018 ], [ -61.275807, -34.401731 ], [ -61.274786, -34.401268 ], [ -61.273589998999974, -34.400858 ], [ -61.272157, -34.40065 ], [ -61.271871360999967, -34.40063319799998 ], [ -61.271647, -34.40062 ], [ -61.270757, -34.400746 ], [ -61.270325, -34.400763 ], [ -61.268795, -34.400685 ], [ -61.267709, -34.400978 ], [ -61.267003, -34.401091 ], [ -61.266549998999949, -34.401084 ], [ -61.266543442999932, -34.401082170999985 ], [ -61.265213, -34.400711 ], [ -61.264575, -34.400623 ], [ -61.264187, -34.400762 ], [ -61.263272, -34.400923 ], [ -61.262883030999944, -34.400828684999958 ], [ -61.262674, -34.400778 ], [ -61.262600980999935, -34.400743664999936 ], [ -61.261566, -34.400257 ], [ -61.260021, -34.401185 ], [ -61.259214597999971, -34.401483755999941 ], [ -61.258400319999957, -34.401785429999961 ], [ -61.25822, -34.401913 ], [ -61.25718, -34.402873 ], [ -61.256897457999962, -34.402959884999966 ], [ -61.256477, -34.403348 ], [ -61.255199, -34.403741 ], [ -61.25317199899996, -34.403616 ], [ -61.252847, -34.403469 ], [ -61.251636, -34.402766 ], [ -61.251078, -34.402541 ], [ -61.250533, -34.402524 ], [ -61.249994, -34.402713 ], [ -61.248541, -34.402354 ], [ -61.248189, -34.402426 ], [ -61.247919, -34.402518 ], [ -61.247326, -34.402863 ], [ -61.245721, -34.402856 ], [ -61.245338, -34.40268 ], [ -61.245164289999927, -34.402492812999974 ], [ -61.244802611999937, -34.402103073999974 ], [ -61.244758, -34.402055 ], [ -61.243939280999946, -34.401392700999949 ], [ -61.243685, -34.401187 ], [ -61.243432, -34.400626 ], [ -61.243290757999944, -34.40022665999993 ], [ -61.243154, -34.39984 ], [ -61.24282, -34.400305 ], [ -61.24264, -34.400574 ], [ -61.242495212999977, -34.400927801999948 ], [ -61.242374, -34.401224 ], [ -61.241889098999941, -34.401373025999931 ], [ -61.2413, -34.401833 ], [ -61.239845, -34.402837 ], [ -61.239822494999942, -34.402842434999968 ], [ -61.239142, -34.403312 ], [ -61.238317, -34.403511 ], [ -61.237970067999989, -34.403685477999929 ], [ -61.237657, -34.40404 ], [ -61.236313, -34.406414 ], [ -61.233786, -34.409561 ], [ -61.232890494999936, -34.411557757999958 ], [ -61.232798, -34.411764 ], [ -61.232584, -34.412794 ], [ -61.232224, -34.413369 ], [ -61.232231, -34.413826 ], [ -61.232219312, -34.414048394999945 ], [ -61.232195, -34.414511 ], [ -61.232029841999974, -34.415713615999934 ], [ -61.232021, -34.415778 ], [ -61.232545836, -34.416330892999945 ], [ -61.232657, -34.416448 ], [ -61.232616, -34.416971 ], [ -61.232794, -34.417703 ], [ -61.232849, -34.418312 ], [ -61.233041, -34.418881 ], [ -61.232056, -34.42068 ], [ -61.231703, -34.421712 ], [ -61.231158, -34.422136 ], [ -61.230982, -34.42267 ], [ -61.231129, -34.423278 ], [ -61.230537, -34.423996 ], [ -61.230662588999969, -34.424273597999964 ], [ -61.231521, -34.426171 ], [ -61.231545124999968, -34.426341866999955 ], [ -61.231812, -34.428232 ], [ -61.23162, -34.429235 ], [ -61.231867, -34.429913 ], [ -61.234209, -34.43282 ], [ -61.234215998999957, -34.433353 ], [ -61.233509221999959, -34.433576316999954 ], [ -61.229418, -34.434869 ], [ -61.229231, -34.435073 ], [ -61.229131790999986, -34.435211395999936 ], [ -61.228593, -34.435963 ], [ -61.228080841999947, -34.436170101999934 ], [ -61.227861, -34.436259 ], [ -61.22686, -34.436584 ], [ -61.224626, -34.436973 ], [ -61.223801998999939, -34.436876 ], [ -61.222362, -34.437524 ], [ -61.221137, -34.437787 ], [ -61.220685, -34.437402 ], [ -61.220893, -34.436064 ], [ -61.220898, -34.435449 ], [ -61.220629, -34.434985 ], [ -61.220185, -34.434923 ], [ -61.219479, -34.434763 ], [ -61.21847, -34.434657 ], [ -61.217826, -34.434613 ], [ -61.217442, -34.434567 ], [ -61.217119, -34.434503 ], [ -61.216735, -34.434357 ], [ -61.216451, -34.434193 ], [ -61.21613, -34.434263 ], [ -61.21421, -34.432975 ], [ -61.212871, -34.432272 ], [ -61.212323, -34.43196 ], [ -61.211835, -34.431632 ], [ -61.21141, -34.431436 ], [ -61.210407664999927, -34.429241911999945 ], [ -61.21014, -34.428656 ], [ -61.209444, -34.427896 ], [ -61.209053, -34.4273 ], [ -61.208602, -34.426754 ], [ -61.208072, -34.426242 ], [ -61.207826, -34.425928 ], [ -61.207749, -34.4257 ], [ -61.207537998999953, -34.425531 ], [ -61.207075260999936, -34.425510672999962 ], [ -61.206764, -34.425497 ], [ -61.206097854999939, -34.425586698999943 ], [ -61.205754, -34.425633 ], [ -61.205266, -34.425351 ], [ -61.204707, -34.425162 ], [ -61.204341, -34.425304 ], [ -61.203959, -34.425199 ], [ -61.203686, -34.425251 ], [ -61.203505, -34.425412 ], [ -61.203076, -34.425417 ], [ -61.202485600999978, -34.425514489999948 ], [ -61.202319, -34.425542 ], [ -61.201486, -34.425786 ], [ -61.200895, -34.42589 ], [ -61.200601168999974, -34.425863676999946 ], [ -61.199109, -34.42573 ], [ -61.196274, -34.424296 ], [ -61.194057, -34.422737 ], [ -61.193118, -34.420376 ], [ -61.192182, -34.418291 ], [ -61.191386, -34.415747 ], [ -61.191462, -34.414403 ], [ -61.192165, -34.413527 ], [ -61.192368224999939, -34.41260472099998 ], [ -61.192430257999945, -34.412323201999975 ], [ -61.192479, -34.412102 ], [ -61.1928, -34.41119 ], [ -61.192839, -34.410597 ], [ -61.19339899899996, -34.409723 ], [ -61.19353, -34.408852 ], [ -61.193663, -34.408179 ], [ -61.193983998999961, -34.407228 ], [ -61.194444, -34.406038 ], [ -61.194572, -34.405009 ], [ -61.194938, -34.4039 ], [ -61.195121, -34.403345 ], [ -61.195633, -34.40201 ], [ -61.195536, -34.400929 ], [ -61.195059, -34.397469 ], [ -61.195054485999947, -34.397452312999974 ], [ -61.19488099899997, -34.396811 ], [ -61.194843, -34.396095 ], [ -61.194872625999956, -34.395511671999941 ], [ -61.194900998999969, -34.394953 ], [ -61.194769, -34.394269 ], [ -61.194848, -34.393721 ], [ -61.194555, -34.393119 ], [ -61.194046, -34.391727 ], [ -61.193798, -34.391459 ], [ -61.193184998999982, -34.390666 ], [ -61.193047998999987, -34.389654 ], [ -61.193221, -34.389143 ], [ -61.193535998999955, -34.388306 ], [ -61.193935, -34.387694 ], [ -61.193807, -34.386838 ], [ -61.193856, -34.386285 ], [ -61.194587, -34.385475 ], [ -61.195335, -34.384841 ], [ -61.195907459999944, -34.38417170799994 ], [ -61.196275, -34.383742 ], [ -61.196483, -34.382404 ], [ -61.196511, -34.381726 ], [ -61.196584489999971, -34.381386192999969 ], [ -61.196724194999945, -34.380740218999968 ], [ -61.196825870999987, -34.380270082999971 ], [ -61.196947, -34.37971 ], [ -61.198118998999973, -34.378181 ], [ -61.198703908999967, -34.377561207999975 ], [ -61.198839998999972, -34.377417 ], [ -61.199124, -34.377101 ], [ -61.199329, -34.376781 ], [ -61.199276, -34.376314 ], [ -61.19917, -34.375529 ], [ -61.198579, -34.373559 ], [ -61.197406, -34.37148 ], [ -61.196722, -34.370294 ], [ -61.196337, -34.36964 ], [ -61.195656, -34.368713 ], [ -61.195204, -34.367767 ], [ -61.195091912999942, -34.36758096899996 ], [ -61.19439, -34.366416 ], [ -61.194013400999943, -34.365796163999967 ], [ -61.193941, -34.365677 ], [ -61.193596610999982, -34.365300155999918 ], [ -61.193368, -34.36505 ], [ -61.192758, -34.364599 ], [ -61.190997, -34.364011 ], [ -61.189565198999958, -34.363651297999972 ], [ -61.189116409999933, -34.363538551999966 ], [ -61.187932, -34.363241 ], [ -61.18605, -34.363445 ], [ -61.185221, -34.363869 ], [ -61.184517, -34.364117 ], [ -61.183723, -34.364299 ], [ -61.182945, -34.364445 ], [ -61.18217, -34.364822 ], [ -61.181452, -34.365231 ], [ -61.179895, -34.36549 ], [ -61.17834, -34.365974 ], [ -61.176566, -34.366204 ], [ -61.168531, -34.359483 ], [ -61.168395, -34.359374 ], [ -61.166061984999942, -34.357382189999953 ], [ -61.164357816999932, -34.355927257999944 ], [ -61.154419, -34.347442 ], [ -61.154274, -34.347316 ], [ -61.154184, -34.347223 ], [ -61.148369998999947, -34.342189 ], [ -61.148227, -34.342082 ], [ -61.14716407699995, -34.341182819999965 ], [ -61.144981370999979, -34.339336357999976 ], [ -61.13965804299994, -34.33483308499995 ], [ -61.135348, -34.331187 ], [ -61.135184, -34.331075 ], [ -61.133960294999959, -34.330008372999941 ], [ -61.131580415999963, -34.32793398099993 ], [ -61.130671168999974, -34.327141446999981 ], [ -61.128827, -34.325534 ], [ -61.138344, -34.317818 ], [ -61.130759502999979, -34.311582324999961 ], [ -61.130434375999982, -34.311315017999952 ], [ -61.130393, -34.311281 ], [ -61.128719345999976, -34.309888147999978 ], [ -61.125595, -34.307288 ], [ -61.112637394999979, -34.296544130999962 ], [ -61.109976374999974, -34.294337731999967 ], [ -61.098149, -34.284531 ], [ -61.097694814999954, -34.284906820999922 ], [ -61.09751161999997, -34.285058407999941 ], [ -61.093124, -34.288689 ], [ -61.093060011999967, -34.288741920999946 ], [ -61.088168998999947, -34.292787 ], [ -61.087985, -34.292944 ], [ -61.080353302999981, -34.299032461999957 ], [ -61.080258124999943, -34.299108393999958 ], [ -61.077831868999972, -34.301044026999925 ], [ -61.077424949999966, -34.30136866099997 ], [ -61.070098, -34.307214 ], [ -61.070040422999966, -34.307165805999944 ], [ -61.056708, -34.296006 ], [ -61.056351070999931, -34.295706560999982 ], [ -61.055364151999989, -34.294878604999951 ], [ -61.043485608999958, -34.284913325999973 ], [ -61.041553, -34.283292 ], [ -61.041518470999961, -34.283317703999955 ], [ -61.041166954999937, -34.283579380999988 ], [ -61.040093498999966, -34.284378486999955 ], [ -61.037853, -34.286202 ], [ -61.036758058999965, -34.28709792799998 ], [ -61.035692593999954, -34.287969736999976 ], [ -61.035061047999932, -34.288486494999972 ], [ -61.032960376999945, -34.290205354999962 ], [ -61.031922, -34.291055 ], [ -61.031634, -34.29129 ], [ -61.02633, -34.295636 ], [ -61.023661, -34.297818 ], [ -61.022605, -34.298673 ], [ -61.021408393999927, -34.299641946999934 ], [ -61.019814, -34.300933 ], [ -61.017925, -34.302463 ], [ -61.014536, -34.305211 ], [ -61.013182, -34.306323 ] ] ] ] } },
{ "type": "Feature", "properties": { "id": null }, "geometry": { "type": "MultiPolygon", "coordinates": [ [ [ [ -60.895253, -33.886616 ], [ -60.893549, -33.887939 ], [ -60.891451, -33.889572 ], [ -60.890214, -33.890535 ], [ -60.889841, -33.890825 ], [ -60.885097998999981, -33.894508 ], [ -60.881421, -33.897198 ], [ -60.880280998999979, -33.898188 ], [ -60.87954519799996, -33.89878798899997 ], [ -60.879543969999986, -33.898788959999926 ], [ -60.877894255999934, -33.900149238999973 ], [ -60.877635, -33.900363 ], [ -60.877004, -33.900874 ], [ -60.876195, -33.901548 ], [ -60.875422, -33.902164 ], [ -60.875390161999967, -33.902189560999929 ], [ -60.871231998999974, -33.905528 ], [ -60.870822, -33.905858 ], [ -60.869493059999968, -33.906933851999945 ], [ -60.866448, -33.909399 ], [ -60.862438, -33.912592 ], [ -60.861824, -33.913072 ], [ -60.860736, -33.913894 ], [ -60.860296, -33.91426 ], [ -60.859184, -33.915141 ], [ -60.851876109999971, -33.920469835999938 ], [ -60.850078, -33.921781 ], [ -60.842556, -33.927274 ], [ -60.838179, -33.930476 ], [ -60.837937, -33.930653 ], [ -60.837724, -33.930809 ], [ -60.836729, -33.931593 ], [ -60.835874, -33.932211 ], [ -60.829764, -33.936846 ], [ -60.829156588999979, -33.937269718999964 ], [ -60.820039, -33.94363 ], [ -60.81693476099997, -33.945862468999955 ], [ -60.809936919999977, -33.950895091999932 ], [ -60.807925, -33.952342 ], [ -60.807525440999946, -33.952610859999936 ], [ -60.802679, -33.955872 ], [ -60.798244, -33.952047 ], [ -60.798068, -33.9519 ], [ -60.797419289999944, -33.952400639999937 ], [ -60.797385, -33.952372 ], [ -60.782704, -33.963702 ], [ -60.77963207899996, -33.966087007999931 ], [ -60.775154537999981, -33.969563324999967 ], [ -60.768854, -33.974455 ], [ -60.766584377999948, -33.976191282999928 ], [ -60.765173, -33.977271 ], [ -60.763209003, -33.978814219999954 ], [ -60.761663, -33.980029 ], [ -60.756295, -33.984181 ], [ -60.755607348999945, -33.984715282999957 ], [ -60.753134, -33.986637 ], [ -60.750017, -33.989135 ], [ -60.747511, -33.991212 ], [ -60.741719, -33.995802 ], [ -60.731344663999948, -34.004126536999934 ], [ -60.730959, -34.004436 ], [ -60.724979, -34.009403 ], [ -60.723574273999986, -34.010546065999954 ], [ -60.7172, -34.015733 ], [ -60.715285, -34.017243 ], [ -60.71386625699995, -34.018360861999959 ], [ -60.709985, -34.021419 ], [ -60.70942, -34.021876 ], [ -60.705401, -34.025122 ], [ -60.703283998999957, -34.02687 ], [ -60.704184388999977, -34.027533918999943 ], [ -60.707777, -34.030183 ], [ -60.715401, -34.035737 ], [ -60.706995, -34.042614 ], [ -60.704459090999933, -34.044619567999973 ], [ -60.70152, -34.046944 ], [ -60.701166, -34.047242 ], [ -60.697873, -34.049938 ], [ -60.696064203999988, -34.051385945999982 ], [ -60.691038, -34.051807 ], [ -60.690574, -34.051944 ], [ -60.689847286999971, -34.052105713999921 ], [ -60.689846, -34.052106 ], [ -60.689844665999942, -34.052107271999944 ], [ -60.689410548999945, -34.052521467999952 ], [ -60.689323, -34.052605 ], [ -60.688655, -34.053435 ], [ -60.688348, -34.053707 ], [ -60.688075849999969, -34.053910008999935 ], [ -60.687608, -34.054259 ], [ -60.687155, -34.0547 ], [ -60.686945, -34.054789 ], [ -60.686876, -34.055037 ], [ -60.686614, -34.055185 ], [ -60.686424, -34.055638 ], [ -60.685753249999948, -34.056078339999942 ], [ -60.68574, -34.05611 ], [ -60.68525075499997, -34.056430560999949 ], [ -60.684954, -34.056625 ], [ -60.68465, -34.056784 ], [ -60.684392031999948, -34.057150627999924 ], [ -60.683955, -34.057372 ], [ -60.683797, -34.057475 ], [ -60.683692705999931, -34.05762923299995 ], [ -60.68327, -34.057843 ], [ -60.683113, -34.057946 ], [ -60.682832794999968, -34.058360376999914 ], [ -60.68268, -34.058387 ], [ -60.682214003999945, -34.058820698999959 ], [ -60.682175, -34.058857 ], [ -60.681879, -34.059253 ], [ -60.680762, -34.060106 ], [ -60.680252, -34.060554 ], [ -60.679911678999986, -34.060722507999969 ], [ -60.679789563999975, -34.060829988999956 ], [ -60.679496, -34.061249 ], [ -60.679047, -34.061742 ], [ -60.678657935999979, -34.061889818999923 ], [ -60.678438998999987, -34.061973 ], [ -60.67823, -34.062166 ], [ -60.677618, -34.062483 ], [ -60.677304214999943, -34.062762639999953 ], [ -60.677085, -34.062958 ], [ -60.676567183999964, -34.063280008999982 ], [ -60.676289, -34.063453 ], [ -60.6759, -34.063595 ], [ -60.675429, -34.06386 ], [ -60.67527513199996, -34.064044358999979 ], [ -60.675216, -34.064066 ], [ -60.674877799999933, -34.064255878999973 ], [ -60.674744, -34.064331 ], [ -60.674199123999983, -34.06498426699995 ], [ -60.674061941999973, -34.065148738999945 ], [ -60.673437, -34.065898 ], [ -60.673251998999945, -34.066155 ], [ -60.67312, -34.066716 ], [ -60.672817, -34.066998 ], [ -60.672699168999948, -34.067348279999976 ], [ -60.672487, -34.067979 ], [ -60.672346, -34.068854 ], [ -60.672345, -34.069983 ], [ -60.671752, -34.071096 ], [ -60.671756, -34.071499 ], [ -60.671614838999972, -34.07242221599995 ], [ -60.671495, -34.073206 ], [ -60.67112, -34.07374 ], [ -60.670884, -34.07459 ], [ -60.670929, -34.07494 ], [ -60.670891998999942, -34.075561 ], [ -60.670225, -34.076448 ], [ -60.670145, -34.076913 ], [ -60.669569, -34.077731 ], [ -60.66932, -34.078249 ], [ -60.669167, -34.078801 ], [ -60.668804998999967, -34.079642 ], [ -60.667790099999941, -34.080859130999947 ], [ -60.667721, -34.080942 ], [ -60.667644, -34.081178 ], [ -60.667574233999979, -34.081391782999958 ], [ -60.66677886399998, -34.081245386999974 ], [ -60.666717, -34.081234 ], [ -60.666540780999988, -34.081368833999932 ], [ -60.666087970999961, -34.081715301999957 ], [ -60.666032, -34.081705 ], [ -60.665732743999968, -34.081934265999969 ], [ -60.665254, -34.082169 ], [ -60.664737715999941, -34.082551623999954 ], [ -60.664714753999981, -34.082568640999973 ], [ -60.664354, -34.082836 ], [ -60.66336, -34.083595 ], [ -60.662855, -34.084108 ], [ -60.662393, -34.084923 ], [ -60.662042, -34.085468 ], [ -60.661527, -34.086029 ], [ -60.660762, -34.087101 ], [ -60.660625005, -34.087501929999974 ], [ -60.660435, -34.088058 ], [ -60.660385132, -34.088345800999946 ], [ -60.66029797199996, -34.088848822999971 ], [ -60.660282, -34.088941 ], [ -60.659974, -34.089375 ], [ -60.659775907999972, -34.089447142999965 ], [ -60.659502357999934, -34.089546767999927 ], [ -60.659366451999979, -34.08973827199997 ], [ -60.65929, -34.089846 ], [ -60.659056423999971, -34.08993099199995 ], [ -60.658438222999962, -34.090155939999924 ], [ -60.658030961999948, -34.09100841999998 ], [ -60.657981, -34.091113 ], [ -60.657686059999946, -34.091349248999968 ], [ -60.657388, -34.091588 ], [ -60.657157701999957, -34.091695730999959 ], [ -60.656736, -34.091893 ], [ -60.656470190999983, -34.092168731999948 ], [ -60.656052, -34.092365 ], [ -60.655546378999986, -34.092888823999935 ], [ -60.655378878999962, -34.093062353999976 ], [ -60.655302, -34.093142 ], [ -60.653532, -34.094019 ], [ -60.652877, -34.094118 ], [ -60.652562303999957, -34.094180458999965 ], [ -60.652104592999933, -34.094271301999981 ], [ -60.65203625799996, -34.094284864999963 ], [ -60.651765, -34.094488 ], [ -60.651681398999983, -34.094508633999965 ], [ -60.65108, -34.094959 ], [ -60.650687998999963, -34.095056 ], [ -60.649968, -34.094635 ], [ -60.649244, -34.094312 ], [ -60.648653, -34.094261 ], [ -60.647766, -34.093964 ], [ -60.647235, -34.093934 ], [ -60.646397, -34.094035 ], [ -60.645339, -34.094369 ], [ -60.644761, -34.09446 ], [ -60.644096998999942, -34.094648 ], [ -60.642787, -34.094687 ], [ -60.642438998999978, -34.094805 ], [ -60.641103, -34.094886 ], [ -60.641093669999975, -34.094888138999984 ], [ -60.640366, -34.095055 ], [ -60.63995484399998, -34.095238728999959 ], [ -60.639123998999935, -34.09561 ], [ -60.638522123999969, -34.095813711999931 ], [ -60.638148998999945, -34.09594 ], [ -60.637753181999976, -34.096147487999922 ], [ -60.637418121999985, -34.096323126999934 ], [ -60.637054, -34.096642 ], [ -60.636198998999987, -34.098249 ], [ -60.635983403999944, -34.09877523199998 ], [ -60.635428365999985, -34.100129981999942 ], [ -60.635033, -34.101095 ], [ -60.634908135999986, -34.102213972999955 ], [ -60.634903, -34.10226 ], [ -60.634900888999937, -34.102263925999978 ], [ -60.634489851999952, -34.103028309999956 ], [ -60.634447, -34.103108 ], [ -60.634285, -34.103516 ], [ -60.633898172999977, -34.104144396999978 ], [ -60.63355, -34.10471 ], [ -60.633281, -34.105303 ], [ -60.633239, -34.105919 ], [ -60.632431, -34.106776 ], [ -60.632184, -34.107193 ], [ -60.632325080999976, -34.108281337999976 ], [ -60.632331, -34.108327 ], [ -60.632012, -34.108963 ], [ -60.631464455999946, -34.109159949999921 ], [ -60.631115756999982, -34.109285375999939 ], [ -60.631088998999985, -34.109295 ], [ -60.630335202999952, -34.109388060999947 ], [ -60.630117, -34.109415 ], [ -60.629702, -34.109571 ], [ -60.629238001999965, -34.109959123999943 ], [ -60.629017, -34.110042 ], [ -60.628900387999984, -34.110139542999946 ], [ -60.628829654999954, -34.110198709999963 ], [ -60.628670932999967, -34.110331476999932 ], [ -60.628381, -34.110574 ], [ -60.627748495999981, -34.110830137999976 ], [ -60.627165847999954, -34.11106608599993 ], [ -60.626808, -34.111211 ], [ -60.626532823999987, -34.11131942399993 ], [ -60.624836, -34.111988 ], [ -60.624474, -34.112153 ], [ -60.62277, -34.112391 ], [ -60.621981998999949, -34.112221 ], [ -60.621196, -34.112283 ], [ -60.620874, -34.112554 ], [ -60.620363998999956, -34.112499 ], [ -60.619389, -34.112023 ], [ -60.618833, -34.112064 ], [ -60.618096, -34.112472 ], [ -60.617156, -34.112692 ], [ -60.615719, -34.112449 ], [ -60.614609, -34.112666 ], [ -60.613799, -34.112555 ], [ -60.6114, -34.112789 ], [ -60.610374829999955, -34.112822244999961 ], [ -60.609704, -34.112844 ], [ -60.609674342999938, -34.112848275999966 ], [ -60.608733, -34.112984 ], [ -60.608222, -34.112946 ], [ -60.607768, -34.112999 ], [ -60.607552, -34.112971 ], [ -60.607076, -34.112996 ], [ -60.606422, -34.113012 ], [ -60.605623, -34.113074 ], [ -60.605039, -34.113102 ], [ -60.604377, -34.113086 ], [ -60.603988, -34.113076 ], [ -60.60334, -34.113149 ], [ -60.602702, -34.113254 ], [ -60.602143, -34.113413 ], [ -60.601606, -34.113627 ], [ -60.601093, -34.11391 ], [ -60.600787, -34.114065 ], [ -60.600411, -34.114227 ], [ -60.599989, -34.114344 ], [ -60.599335, -34.114398 ], [ -60.598836, -34.114465 ], [ -60.598414, -34.114582 ], [ -60.597747, -34.114854 ], [ -60.597509, -34.114919 ], [ -60.597155, -34.114908 ], [ -60.596665, -34.114931 ], [ -60.596103998999979, -34.115055 ], [ -60.595783, -34.115255 ], [ -60.595537, -34.115352 ], [ -60.595306, -34.115347 ], [ -60.594844, -34.115189 ], [ -60.594474, -34.115121 ], [ -60.594107796999936, -34.115135932999976 ], [ -60.593959, -34.115142 ], [ -60.593514, -34.11524 ], [ -60.593084, -34.115409 ], [ -60.592670998999957, -34.115653 ], [ -60.592234, -34.115841 ], [ -60.592066331999945, -34.115877276999989 ], [ -60.591476, -34.116005 ], [ -60.590938, -34.11604 ], [ -60.590261, -34.116043 ], [ -60.58963, -34.115938 ], [ -60.588975, -34.115768 ], [ -60.588489, -34.115572 ], [ -60.588035, -34.115472 ], [ -60.587565, -34.11543 ], [ -60.587096, -34.115406 ], [ -60.586813, -34.115456 ], [ -60.586643108999965, -34.115486245999932 ], [ -60.586478, -34.1156 ], [ -60.586275236999938, -34.115679403999934 ], [ -60.586092, -34.115865 ], [ -60.585793, -34.116071 ], [ -60.585363, -34.116239 ], [ -60.585012, -34.116286 ], [ -60.584504, -34.116244 ], [ -60.582549998999987, -34.116094 ], [ -60.581788998999968, -34.116091 ], [ -60.581266, -34.116087 ], [ -60.58088, -34.116012 ], [ -60.580265, -34.115996 ], [ -60.579758, -34.116062 ], [ -60.578423, -34.11637 ], [ -60.578060875999931, -34.116499588999936 ], [ -60.577785757999948, -34.116630478999973 ], [ -60.577581, -34.116873 ], [ -60.577224563999948, -34.117042510999958 ], [ -60.575655188999974, -34.117788859999962 ], [ -60.575362514999938, -34.117928047999946 ], [ -60.575056200999938, -34.118073721999956 ], [ -60.575043, -34.11808 ], [ -60.574583, -34.11828 ], [ -60.574578234999933, -34.118285765999929 ], [ -60.573401, -34.118659 ], [ -60.572972, -34.118885 ], [ -60.572735, -34.11909 ], [ -60.572687907999978, -34.119144698999932 ], [ -60.572475, -34.119392 ], [ -60.572239, -34.119757 ], [ -60.571732, -34.120281 ], [ -60.57112, -34.120738 ], [ -60.570904790999975, -34.12085795999996 ], [ -60.570435, -34.121208 ], [ -60.568458, -34.122311 ], [ -60.567156, -34.123154 ], [ -60.566430573999988, -34.123601856999983 ], [ -60.566118995999936, -34.123794215999972 ], [ -60.565452, -34.124206 ], [ -60.564691, -34.124449 ], [ -60.563403, -34.125004 ], [ -60.562470577999932, -34.125607984999931 ], [ -60.562408369999957, -34.12564827999995 ], [ -60.560601, -34.127015 ], [ -60.560383807999983, -34.127177808999932 ], [ -60.559958, -34.127497 ], [ -60.559579004999932, -34.12773813899998 ], [ -60.559273, -34.127968 ], [ -60.558391, -34.128509 ], [ -60.558382142999967, -34.128511878999966 ], [ -60.557569372999971, -34.128776079999966 ], [ -60.557182, -34.128902 ], [ -60.556456941999961, -34.12973984499996 ], [ -60.556439829999931, -34.129759618999969 ], [ -60.556327, -34.12989 ], [ -60.55587441299997, -34.130159173999971 ], [ -60.555071, -34.130637 ], [ -60.553691, -34.130658 ], [ -60.552628, -34.130497 ], [ -60.552365543999933, -34.130570839999962 ], [ -60.551615, -34.130782 ], [ -60.551020936, -34.131166784999948 ], [ -60.550571069999933, -34.131513932999951 ], [ -60.550282, -34.131737 ], [ -60.550192736, -34.131746515999957 ], [ -60.549874375999927, -34.131992184999937 ], [ -60.549596, -34.132207 ], [ -60.548897671999946, -34.132281447999958 ], [ -60.548860915999974, -34.132285366999945 ], [ -60.548658, -34.132307 ], [ -60.547743435999955, -34.133156487999941 ], [ -60.547529936999986, -34.133354794999939 ], [ -60.547351, -34.133521 ], [ -60.54640152099995, -34.133863632999976 ], [ -60.545906340999984, -34.134042324999939 ], [ -60.545361021999952, -34.134239109999946 ], [ -60.54522, -34.13429 ], [ -60.544239, -34.135046 ], [ -60.54391, -34.135367 ], [ -60.54212, -34.136719 ], [ -60.541889400999935, -34.136892822999982 ], [ -60.541654342999948, -34.137070006999977 ], [ -60.541328, -34.137316 ], [ -60.540184, -34.13775 ], [ -60.539155, -34.137959 ], [ -60.538278, -34.137982 ], [ -60.53747, -34.138011 ], [ -60.536494, -34.138143 ], [ -60.536410738999962, -34.138163601999963 ], [ -60.53552, -34.138384 ], [ -60.534292, -34.138863 ], [ -60.533602, -34.139153 ], [ -60.531988, -34.139448 ], [ -60.530171, -34.139867 ], [ -60.529055, -34.139808 ], [ -60.528178998999984, -34.139869 ], [ -60.52648, -34.140151 ], [ -60.525406, -34.140207 ], [ -60.52484967099997, -34.14019371499996 ], [ -60.524736, -34.140191 ], [ -60.524352, -34.140269 ], [ -60.523432, -34.140746 ], [ -60.521775, -34.14152 ], [ -60.520198, -34.142081 ], [ -60.520004354999969, -34.142132014999959 ], [ -60.518915, -34.142419 ], [ -60.518273552999972, -34.142674554999928 ], [ -60.517035, -34.143168 ], [ -60.515502998999978, -34.14378 ], [ -60.515266732999983, -34.14391038499997 ], [ -60.514569, -34.144747 ], [ -60.513913, -34.146053 ], [ -60.513166, -34.147184 ], [ -60.512643, -34.147858 ], [ -60.511555, -34.148612 ], [ -60.511066436999947, -34.149366860999969 ], [ -60.510157, -34.150772 ], [ -60.509922210999946, -34.150924599999932 ], [ -60.509499058999957, -34.151199625999944 ], [ -60.509471, -34.151243 ], [ -60.508534, -34.151851 ], [ -60.507381664999969, -34.152458134999954 ], [ -60.507213, -34.152547 ], [ -60.506363071999942, -34.153173164999941 ], [ -60.504558, -34.154106 ], [ -60.504014, -34.154474 ], [ -60.503449, -34.154741 ], [ -60.502845, -34.155054 ], [ -60.502751681999946, -34.155217846999967 ], [ -60.502159, -34.155524 ], [ -60.501467, -34.15674 ], [ -60.501213076999932, -34.158238304999934 ], [ -60.501145, -34.15864 ], [ -60.500981373999934, -34.159669119999933 ], [ -60.500879, -34.160313 ], [ -60.500504, -34.161095 ], [ -60.499299, -34.163002 ], [ -60.498609, -34.164532 ], [ -60.498753, -34.165227 ], [ -60.498802, -34.165672 ], [ -60.498665, -34.166175 ], [ -60.498341998999933, -34.166659 ], [ -60.498296152999956, -34.166700846999959 ], [ -60.497649900999932, -34.167290704999971 ], [ -60.497529254999954, -34.167400822999973 ], [ -60.496921, -34.167956 ], [ -60.496855615999955, -34.168055145999958 ], [ -60.496826737999974, -34.168098934999925 ], [ -60.496646, -34.168373 ], [ -60.49624, -34.16851 ], [ -60.49600361499995, -34.168560201999988 ], [ -60.495757622, -34.168612443999955 ], [ -60.495655625999973, -34.168634104999974 ], [ -60.495644924999972, -34.168722968999923 ], [ -60.495601643999969, -34.169082640999932 ], [ -60.495551, -34.169503 ], [ -60.495699122999959, -34.169755967999954 ], [ -60.495764052999959, -34.169866855999942 ], [ -60.495794, -34.169918 ], [ -60.495780160999963, -34.170077724999949 ], [ -60.495755402999976, -34.170363469999984 ], [ -60.495722, -34.170749 ], [ -60.495055666999981, -34.170993008999979 ], [ -60.494799, -34.171087 ], [ -60.494641, -34.171362 ], [ -60.494640799999964, -34.171364720999968 ], [ -60.494622, -34.171621 ], [ -60.494807, -34.171857 ], [ -60.494764313999951, -34.172596028999969 ], [ -60.494751469999976, -34.172818401999962 ], [ -60.494708, -34.173571 ], [ -60.494821066999982, -34.173748359999927 ], [ -60.494963, -34.173971 ], [ -60.49500805699995, -34.173982465999984 ], [ -60.495466, -34.174099 ], [ -60.495968836999964, -34.174173116999945 ], [ -60.496504, -34.174252 ], [ -60.497263, -34.17462 ], [ -60.497336882999946, -34.174863881999947 ], [ -60.49737163399994, -34.174978590999949 ], [ -60.497479, -34.175333 ], [ -60.49737431199997, -34.175443085999973 ], [ -60.497286177999968, -34.17553576399996 ], [ -60.496451, -34.176414 ], [ -60.496428740999932, -34.176429955999936 ], [ -60.496386952999956, -34.176459908999959 ], [ -60.496338, -34.176495 ], [ -60.495633050999977, -34.177040426999952 ], [ -60.495136, -34.177425 ], [ -60.494879, -34.177975 ], [ -60.494581, -34.178476 ], [ -60.494502, -34.17894 ], [ -60.494471893999965, -34.179064976999925 ], [ -60.494414113999937, -34.17930483799995 ], [ -60.494382998999988, -34.179434 ], [ -60.493952, -34.179889 ], [ -60.493541, -34.179967 ], [ -60.492777, -34.179881 ], [ -60.4922, -34.180378 ], [ -60.491453, -34.180457 ], [ -60.49127, -34.180597 ], [ -60.491272, -34.180888 ], [ -60.491267843999942, -34.180915535999922 ], [ -60.491210937999945, -34.181292532999969 ], [ -60.491184, -34.181471 ], [ -60.491073225999969, -34.181587903999961 ], [ -60.491033364999964, -34.181629970999943 ], [ -60.490943416999983, -34.181724895999942 ], [ -60.490532884999929, -34.182158144999953 ], [ -60.490425, -34.182272 ], [ -60.490024363999964, -34.182874601999977 ], [ -60.489939, -34.183003 ], [ -60.489826721999975, -34.183625716999977 ], [ -60.489819998999963, -34.183663 ], [ -60.489784574999987, -34.18381392699996 ], [ -60.489582, -34.184677 ], [ -60.489324, -34.185812 ], [ -60.488912053999968, -34.186559078999949 ], [ -60.488659, -34.187018 ], [ -60.488387673999966, -34.187158189999934 ], [ -60.488341, -34.187162 ], [ -60.488, -34.187208 ], [ -60.487501, -34.187284 ], [ -60.487314751999975, -34.187284 ], [ -60.487078, -34.187284 ], [ -60.486489, -34.187189 ], [ -60.486147, -34.187154 ], [ -60.485907, -34.187177 ], [ -60.485659, -34.187265 ], [ -60.485489, -34.187372 ], [ -60.485378154999978, -34.187504503999946 ], [ -60.485345133999942, -34.187543977999944 ], [ -60.485314998999975, -34.18758 ], [ -60.485285186999931, -34.187657241999943 ], [ -60.485231, -34.187683 ], [ -60.484805, -34.188251 ], [ -60.484661151999944, -34.188883260999937 ], [ -60.484633, -34.189007 ], [ -60.484409, -34.189464 ], [ -60.484124251999951, -34.189843120999953 ], [ -60.483884, -34.190163 ], [ -60.483474272999956, -34.190361726999981 ], [ -60.483379893999931, -34.19040750299996 ], [ -60.483124, -34.190461 ], [ -60.48298822899995, -34.190494614999984 ], [ -60.482813, -34.190538 ], [ -60.482307, -34.190782 ], [ -60.482012575999939, -34.190866514999982 ], [ -60.481774, -34.190935 ], [ -60.481315, -34.191002 ], [ -60.481015, -34.190981 ], [ -60.480891778999926, -34.190879023999962 ], [ -60.48087, -34.190861 ], [ -60.480745, -34.190715 ], [ -60.480642, -34.190404 ], [ -60.480586, -34.190189 ], [ -60.480563, -34.189966 ], [ -60.480513, -34.189783 ], [ -60.480386, -34.189654 ], [ -60.48024, -34.189593 ], [ -60.480072, -34.189577 ], [ -60.479889, -34.189561 ], [ -60.479693, -34.189535 ], [ -60.479628826999949, -34.18950860599994 ], [ -60.479569, -34.189484 ], [ -60.479500378999944, -34.189463743999966 ], [ -60.479403, -34.189435 ], [ -60.479232, -34.18943 ], [ -60.478972, -34.189546 ], [ -60.478809, -34.189669 ], [ -60.47862, -34.189822 ], [ -60.478391998999939, -34.189989 ], [ -60.478241513999933, -34.190123317999969 ], [ -60.47815, -34.190205 ], [ -60.478040998999973, -34.190429 ], [ -60.477971, -34.190582 ], [ -60.477816, -34.190726 ], [ -60.477650998999934, -34.190875 ], [ -60.477498, -34.190988 ], [ -60.477211, -34.191115 ], [ -60.477048, -34.191255 ], [ -60.476834, -34.191422 ], [ -60.476664, -34.191626 ], [ -60.476454, -34.191871 ], [ -60.476231465999945, -34.191960197999954 ], [ -60.476212, -34.191968 ], [ -60.475901, -34.192022 ], [ -60.475414, -34.192259 ], [ -60.475134998999977, -34.192497 ], [ -60.475096969999981, -34.192535029999931 ], [ -60.474935, -34.192697 ], [ -60.474781, -34.192922 ], [ -60.474745286999962, -34.193031958999931 ], [ -60.474143028999954, -34.193979378999984 ], [ -60.473971, -34.19425 ], [ -60.47348, -34.194602 ], [ -60.472649393999973, -34.195297632999925 ], [ -60.47228, -34.195607 ], [ -60.47215986599997, -34.195741586999929 ], [ -60.471773992999935, -34.196173882999958 ], [ -60.471425990999926, -34.196563751999975 ], [ -60.470975, -34.197069 ], [ -60.470824, -34.197356 ], [ -60.470578892999988, -34.198897598999956 ], [ -60.470574537999944, -34.198924986999941 ], [ -60.470558, -34.199029 ], [ -60.470453998999979, -34.199384 ], [ -60.469987855999939, -34.199784011999945 ], [ -60.469889777999981, -34.199868175999939 ], [ -60.469984729999965, -34.199952835999973 ], [ -60.470161, -34.20011 ], [ -60.470603, -34.200202 ], [ -60.470973, -34.200247 ], [ -60.471442, -34.200294 ], [ -60.471709369999985, -34.200360275999962 ], [ -60.471835, -34.200354 ], [ -60.471886227999967, -34.200367717999931 ], [ -60.472371381999949, -34.200497631999951 ], [ -60.472404998999927, -34.200504 ], [ -60.47291758199998, -34.20053960599995 ], [ -60.473096, -34.200552 ], [ -60.47356, -34.200621 ], [ -60.473878, -34.200699 ], [ -60.474197, -34.200868 ], [ -60.474471998999945, -34.201162 ], [ -60.474716, -34.20151 ], [ -60.474916, -34.201777 ], [ -60.475165, -34.202009 ], [ -60.475383, -34.202264 ], [ -60.475567, -34.202616 ], [ -60.475675, -34.203008 ], [ -60.475736, -34.203395 ], [ -60.475805, -34.203706 ], [ -60.475879, -34.204007 ], [ -60.475804, -34.20436 ], [ -60.475724755999977, -34.204610608999914 ], [ -60.475644, -34.204866 ], [ -60.475529343999938, -34.205072379999933 ], [ -60.475577, -34.206005 ], [ -60.475653076999947, -34.206072010999939 ], [ -60.47631933599996, -34.206658873999963 ], [ -60.476704910999956, -34.20699850099993 ], [ -60.47697, -34.207232 ], [ -60.47793427299996, -34.208044081999965 ], [ -60.47804580199994, -34.208138007999935 ], [ -60.478295650999947, -34.208348423999936 ], [ -60.478592, -34.208598 ], [ -60.479646, -34.209565 ], [ -60.479772924999963, -34.209765343999941 ], [ -60.480175, -34.2104 ], [ -60.48033008099997, -34.211085935999975 ], [ -60.480383, -34.21132 ], [ -60.480484409, -34.211438684999962 ], [ -60.480535753999959, -34.211498776999974 ], [ -60.480786162999948, -34.211791843999947 ], [ -60.480835, -34.211849 ], [ -60.481134238999964, -34.212016290999941 ], [ -60.482232, -34.21263 ], [ -60.482831930999971, -34.213387737999938 ], [ -60.483593, -34.214349 ], [ -60.483794415999967, -34.214539501999987 ], [ -60.483999, -34.214733 ], [ -60.484390051999981, -34.215277790999949 ], [ -60.484874, -34.215952 ], [ -60.485382071999936, -34.216221976999975 ], [ -60.485623, -34.21635 ], [ -60.485814, -34.216664 ], [ -60.486304955999977, -34.217083296999924 ], [ -60.486353274999942, -34.21712456399996 ], [ -60.486512024999961, -34.217260143999965 ], [ -60.486828, -34.21753 ], [ -60.487228855999945, -34.218341990999939 ], [ -60.487257, -34.218399 ], [ -60.487703, -34.218799 ], [ -60.488658980999958, -34.218979003999948 ], [ -60.48936, -34.219111 ], [ -60.489837442999942, -34.219529547999961 ], [ -60.489968, -34.219644 ], [ -60.49002056399997, -34.219825531999952 ], [ -60.490125245999941, -34.220187044999939 ], [ -60.490215, -34.220497 ], [ -60.48968170499996, -34.22145121799997 ], [ -60.489655, -34.221499 ], [ -60.489611623999963, -34.222062886999929 ], [ -60.489600084999957, -34.222212896999963 ], [ -60.48959565499996, -34.222270488999989 ], [ -60.489561, -34.222721 ], [ -60.489813423999976, -34.222995467999958 ], [ -60.490374, -34.223605 ], [ -60.490904, -34.224658 ], [ -60.490913534999947, -34.224993174999952 ], [ -60.49093, -34.225572 ], [ -60.49051263299998, -34.22670710899996 ], [ -60.490335289999969, -34.227189423999953 ], [ -60.49036, -34.22727 ], [ -60.490411588999962, -34.227405465999936 ], [ -60.490507, -34.227656 ], [ -60.490569, -34.228077 ], [ -60.490622, -34.228416 ], [ -60.490672, -34.228783 ], [ -60.490722, -34.229098 ], [ -60.490668270999947, -34.229246292999946 ], [ -60.490647, -34.229305 ], [ -60.490507596, -34.229527733999923 ], [ -60.490468, -34.229591 ], [ -60.490319, -34.229948 ], [ -60.49037, -34.230278 ], [ -60.490474, -34.230669 ], [ -60.490568115999963, -34.230829044999943 ], [ -60.49057, -34.231165 ], [ -60.490914645999972, -34.23145805199993 ], [ -60.491422012999976, -34.231889465999977 ], [ -60.491572, -34.232017 ], [ -60.491726864, -34.232052587999938 ], [ -60.492906991999973, -34.232323784999942 ], [ -60.493196457999943, -34.232390305999957 ], [ -60.493961, -34.232566 ], [ -60.494720589999986, -34.232943750999937 ], [ -60.494889998999959, -34.233028 ], [ -60.495667107999964, -34.233267751999961 ], [ -60.495997898999974, -34.233369806999974 ], [ -60.496381, -34.233488 ], [ -60.496735264999977, -34.233734003999977 ], [ -60.497114, -34.233997 ], [ -60.498190405999935, -34.234448022999956 ], [ -60.498324, -34.234504 ], [ -60.498461820999978, -34.234581029999951 ], [ -60.498523785999957, -34.234615662999943 ], [ -60.499647998999926, -34.235244 ], [ -60.500383, -34.236173 ], [ -60.502291245999963, -34.23779819099996 ], [ -60.502626562999978, -34.238083769999939 ], [ -60.502992, -34.238395 ], [ -60.50406, -34.23867 ], [ -60.505073, -34.239132 ], [ -60.506729, -34.238985 ], [ -60.508141475999935, -34.239107550999954 ], [ -60.508423524999948, -34.239132021999971 ], [ -60.508527, -34.239141 ], [ -60.508483454999968, -34.240838320999956 ], [ -60.508597, -34.240981 ], [ -60.508891998999957, -34.241177 ], [ -60.509221, -34.241407 ], [ -60.509592, -34.241591 ], [ -60.509894, -34.241742 ], [ -60.510159998999946, -34.24183 ], [ -60.510289, -34.241947 ], [ -60.510363, -34.242122 ], [ -60.510414, -34.242342 ], [ -60.510495, -34.242571 ], [ -60.51069, -34.242734 ], [ -60.510798216999952, -34.242802162999951 ], [ -60.511167865999937, -34.242989220999945 ], [ -60.511754924999934, -34.243286296999941 ], [ -60.511865, -34.243342 ], [ -60.51215491399995, -34.243399583999967 ], [ -60.513174, -34.243602 ], [ -60.513934, -34.243901 ], [ -60.514747415999985, -34.244512503999928 ], [ -60.514921, -34.244643 ], [ -60.516222372999941, -34.245359168999975 ], [ -60.51673, -34.245454 ], [ -60.517184, -34.245492 ], [ -60.517565, -34.24554 ], [ -60.517907, -34.245672 ], [ -60.518304, -34.245809 ], [ -60.518676, -34.246024 ], [ -60.518988, -34.246178 ], [ -60.519301, -34.246247 ], [ -60.519724, -34.246306 ], [ -60.520135, -34.246406 ], [ -60.52055, -34.246514 ], [ -60.520881, -34.246676 ], [ -60.521183, -34.24684 ], [ -60.521461, -34.247027 ], [ -60.521634389999967, -34.247255743999965 ], [ -60.521901, -34.247384 ], [ -60.523923597999961, -34.248061084999947 ], [ -60.524278998999932, -34.247979 ], [ -60.524564, -34.247989 ], [ -60.524812, -34.248097 ], [ -60.524984, -34.248252 ], [ -60.525097998999961, -34.248461 ], [ -60.525117357999932, -34.24856616299995 ], [ -60.525135, -34.248662 ], [ -60.525089, -34.248915 ], [ -60.52506404199994, -34.249054631999968 ], [ -60.525052, -34.249122 ], [ -60.525167, -34.24934 ], [ -60.525361, -34.249616 ], [ -60.525604998999931, -34.249854 ], [ -60.525863, -34.250018 ], [ -60.526147, -34.250264 ], [ -60.526544, -34.250396 ], [ -60.526982, -34.250451 ], [ -60.527047366999973, -34.250459796999955 ], [ -60.527345646999947, -34.25049994099993 ], [ -60.527621, -34.250537 ], [ -60.528059, -34.250495 ], [ -60.528436, -34.250597 ], [ -60.528734, -34.250827 ], [ -60.528890237999981, -34.250984865999946 ], [ -60.529354, -34.251117 ], [ -60.529953999, -34.252628 ], [ -60.529043, -34.254769 ], [ -60.529477343999986, -34.255391024999938 ], [ -60.529572732999959, -34.255527630999943 ], [ -60.52961, -34.255581 ], [ -60.529867835999937, -34.255643113999938 ], [ -60.530468737999975, -34.255787874999953 ], [ -60.530847, -34.255879 ], [ -60.532419, -34.255732 ], [ -60.534332517999985, -34.255376743999932 ], [ -60.534705946999971, -34.255307414999955 ], [ -60.534859, -34.255279 ], [ -60.535958, -34.25581 ], [ -60.536921, -34.257226 ], [ -60.537182, -34.258436 ], [ -60.537609, -34.259261 ], [ -60.538287414999957, -34.259667437999951 ], [ -60.538761338999969, -34.259951364999949 ], [ -60.539385, -34.260325 ], [ -60.540376, -34.261578 ], [ -60.540551570999988, -34.262738830999979 ], [ -60.540904, -34.265069 ], [ -60.540569, -34.266385 ], [ -60.540066, -34.268451 ], [ -60.540874805999977, -34.269098887999974 ], [ -60.540973959999981, -34.269178313999923 ], [ -60.541026, -34.26922 ], [ -60.542129986999953, -34.269079811999966 ], [ -60.542341639999961, -34.269052934999927 ], [ -60.542601, -34.26902 ], [ -60.54397599899994, -34.269098 ], [ -60.544897, -34.269437 ], [ -60.545083, -34.269667 ], [ -60.545513, -34.270142 ], [ -60.545923, -34.270457 ], [ -60.546284, -34.271153 ], [ -60.546927, -34.2721 ], [ -60.54746599899994, -34.272669 ], [ -60.547673, -34.273217 ], [ -60.547652, -34.273914 ], [ -60.547881, -34.274036 ], [ -60.548652, -34.274924 ], [ -60.549166, -34.275661 ], [ -60.549349, -34.276231 ], [ -60.549045998999986, -34.276655 ], [ -60.548487742999946, -34.27689893899997 ], [ -60.548439010999971, -34.276920232999935 ], [ -60.548253, -34.276964 ], [ -60.548005, -34.276947 ], [ -60.547885059999935, -34.27690142299997 ], [ -60.547755, -34.276852 ], [ -60.547384, -34.276759 ], [ -60.547114998999973, -34.27677 ], [ -60.546853, -34.276964 ], [ -60.546694, -34.277173 ], [ -60.546618, -34.277431 ], [ -60.546527, -34.277747 ], [ -60.54647, -34.278169 ], [ -60.546402, -34.278565 ], [ -60.546278, -34.278855 ], [ -60.5462, -34.279246 ], [ -60.546084, -34.279763 ], [ -60.545996, -34.280411 ], [ -60.545931, -34.280651 ], [ -60.545902, -34.281143 ], [ -60.545729, -34.281634 ], [ -60.545668, -34.282068 ], [ -60.54552, -34.282912 ], [ -60.545262, -34.283672 ], [ -60.545038, -34.284466 ], [ -60.544982, -34.284798 ], [ -60.544863, -34.285 ], [ -60.544827, -34.28529 ], [ -60.544852, -34.285498 ], [ -60.544768, -34.285812 ], [ -60.544727, -34.286058 ], [ -60.544732933999967, -34.286221919999946 ], [ -60.544732, -34.286223 ], [ -60.544733731999941, -34.28628153599994 ], [ -60.544735435999932, -34.286339167999984 ], [ -60.544766, -34.287372 ], [ -60.544686, -34.287643 ], [ -60.544723, -34.2888 ], [ -60.544677999, -34.289835 ], [ -60.54454, -34.290176 ], [ -60.543908, -34.29286 ], [ -60.543733, -34.29341 ], [ -60.54310435299994, -34.293813952999976 ], [ -60.542972, -34.293899 ], [ -60.542414998999966, -34.294514 ], [ -60.542401686999938, -34.294558977999941 ], [ -60.542024, -34.295835 ], [ -60.542052, -34.296038 ], [ -60.542211323999943, -34.296496009999949 ], [ -60.542467, -34.297231 ], [ -60.542629998999985, -34.297275 ], [ -60.542745, -34.298198 ], [ -60.542531, -34.298695 ], [ -60.542317998999977, -34.299305 ], [ -60.542492998999933, -34.301287 ], [ -60.542412352999975, -34.301441557999979 ], [ -60.542016105999942, -34.302200944999974 ], [ -60.541785759999989, -34.302642392999921 ], [ -60.541715, -34.302778 ], [ -60.541540711999971, -34.303012543999941 ], [ -60.541446, -34.30314 ], [ -60.541485300999966, -34.30317683199997 ], [ -60.541637, -34.303319 ], [ -60.541449, -34.303568 ], [ -60.542332, -34.305773 ], [ -60.541931, -34.306698 ], [ -60.541808437999975, -34.306878003999948 ], [ -60.5415, -34.307331 ], [ -60.541366, -34.307625 ], [ -60.541331132999979, -34.307851633999974 ], [ -60.541314, -34.307963 ], [ -60.541428, -34.308729 ], [ -60.542113, -34.30974 ], [ -60.541897, -34.309921 ], [ -60.541623661999942, -34.310338394999974 ], [ -60.541601, -34.310373 ], [ -60.54139526299997, -34.310515536999951 ], [ -60.541142, -34.310691 ], [ -60.540274, -34.31101 ], [ -60.540034, -34.311687 ], [ -60.539692, -34.313312 ], [ -60.539584, -34.313537 ], [ -60.53924, -34.314914 ], [ -60.539162, -34.315477 ], [ -60.539062, -34.31674 ], [ -60.539145, -34.31701 ], [ -60.539141336999933, -34.31730830999993 ], [ -60.539136, -34.317743 ], [ -60.539108960999954, -34.317937821999969 ], [ -60.539097, -34.318024 ], [ -60.539044, -34.318227 ], [ -60.538855, -34.318431 ], [ -60.538532, -34.318861 ], [ -60.538425, -34.319109 ], [ -60.538292, -34.31956 ], [ -60.538267, -34.319853 ], [ -60.538296, -34.320101 ], [ -60.53849, -34.320731 ], [ -60.538277, -34.321521 ], [ -60.538144, -34.321837 ], [ -60.538131233999934, -34.321880241999963 ], [ -60.537984, -34.322379 ], [ -60.537973661999949, -34.322503550999954 ], [ -60.537883, -34.323596 ], [ -60.537977, -34.323976 ], [ -60.538021, -34.324447 ], [ -60.537782813999968, -34.324819942999966 ], [ -60.537466, -34.325316 ], [ -60.537404085999988, -34.325516601999936 ], [ -60.537316, -34.325802 ], [ -60.537473, -34.326436 ], [ -60.537454, -34.32745 ], [ -60.537307, -34.328338 ], [ -60.536903, -34.328995 ], [ -60.536986, -34.330072 ], [ -60.536685, -34.330749 ], [ -60.536541129999932, -34.330891524999963 ], [ -60.536257, -34.331173 ], [ -60.536068169999957, -34.331593892999933 ], [ -60.535877, -34.33202 ], [ -60.535903, -34.332907 ], [ -60.536154, -34.334024 ], [ -60.536527749999955, -34.334744851999979 ], [ -60.536729, -34.335133 ], [ -60.536868, -34.335538 ], [ -60.536881201999961, -34.335562477999936 ], [ -60.536878, -34.335572 ], [ -60.536842, -34.335966 ], [ -60.53680991199996, -34.33623161799995 ], [ -60.536806, -34.336264 ], [ -60.536865, -34.33644 ], [ -60.53693389499994, -34.336509195999959 ], [ -60.537094, -34.33667 ], [ -60.537235, -34.336868 ], [ -60.537213927999979, -34.33709136799996 ], [ -60.537205, -34.337186 ], [ -60.537147, -34.337478 ], [ -60.537257, -34.337699 ], [ -60.537362, -34.338001 ], [ -60.53729, -34.338622 ], [ -60.537298, -34.33887 ], [ -60.537431, -34.339107 ], [ -60.53776, -34.339471 ], [ -60.537905, -34.339648 ], [ -60.537992, -34.340072 ], [ -60.538232, -34.340588 ], [ -60.538387, -34.340962 ], [ -60.538475998999964, -34.341201 ], [ -60.538471, -34.341367 ], [ -60.538446, -34.341871 ], [ -60.538551, -34.342217 ], [ -60.538718, -34.342753 ], [ -60.538794, -34.3431 ], [ -60.53888, -34.343525 ], [ -60.538998, -34.34404 ], [ -60.539038, -34.344515 ], [ -60.539138998999938, -34.344837 ], [ -60.539195, -34.345136 ], [ -60.539135, -34.345509 ], [ -60.539017, -34.345882 ], [ -60.538972, -34.34618 ], [ -60.538979, -34.346462 ], [ -60.538972, -34.346787 ], [ -60.539027, -34.347099 ], [ -60.539163, -34.347349 ], [ -60.539361, -34.347576 ], [ -60.539465, -34.347787 ], [ -60.53943, -34.348032 ], [ -60.539243, -34.34824 ], [ -60.539004, -34.348527 ], [ -60.538809, -34.34876 ], [ -60.538732, -34.348965 ], [ -60.538785, -34.349286 ], [ -60.538979, -34.349512 ], [ -60.538994553999949, -34.349528534999941 ], [ -60.539201, -34.349748 ], [ -60.539466, -34.350104 ], [ -60.539721, -34.350495 ], [ -60.539907, -34.3509 ], [ -60.539910788, -34.350911121999964 ], [ -60.540001, -34.351176 ], [ -60.540117, -34.351568 ], [ -60.540364, -34.351895 ], [ -60.540624616999935, -34.352172076999977 ], [ -60.540649, -34.352198 ], [ -60.54084, -34.352471 ], [ -60.540883320999967, -34.352636033999943 ], [ -60.540903, -34.352711 ], [ -60.541136, -34.353312 ], [ -60.541229449999953, -34.353464176999978 ], [ -60.541537, -34.353965 ], [ -60.541813, -34.354729 ], [ -60.541958355999952, -34.355153592999955 ], [ -60.541965, -34.355173 ], [ -60.541973736999978, -34.355183187999955 ], [ -60.542254, -34.35551 ], [ -60.542586, -34.355837 ], [ -60.542859, -34.356296 ], [ -60.543248, -34.356981 ], [ -60.543498, -34.357277 ], [ -60.54376128499996, -34.357501682999946 ], [ -60.543869164999933, -34.357740638999921 ], [ -60.544039715999986, -34.358118417999947 ], [ -60.544077, -34.358201 ], [ -60.544176126999957, -34.358322918999924 ], [ -60.544321, -34.358662 ], [ -60.544507, -34.3591 ], [ -60.544624, -34.359372 ], [ -60.544863, -34.359611 ], [ -60.545061, -34.359765 ], [ -60.545193, -34.359959 ], [ -60.545197, -34.360204 ], [ -60.545253, -34.360556 ], [ -60.54535774999993, -34.360728498999947 ], [ -60.545454, -34.360887 ], [ -60.545474440999953, -34.360911774999984 ], [ -60.545693380999971, -34.361177132999948 ], [ -60.545737, -34.36123 ], [ -60.545991, -34.361556 ], [ -60.546209, -34.361939 ], [ -60.546269193999933, -34.362009313999977 ], [ -60.546554, -34.362342 ], [ -60.546883, -34.362585 ], [ -60.547225, -34.362741 ], [ -60.547555, -34.362983 ], [ -60.547632023999945, -34.363053807999947 ], [ -60.54784, -34.363245 ], [ -60.547929350999937, -34.363450732999972 ], [ -60.547959, -34.363519 ], [ -60.548053, -34.363945 ], [ -60.548196, -34.364185 ], [ -60.548502, -34.364406 ], [ -60.548877, -34.364546 ], [ -60.549145824999982, -34.364709554999934 ], [ -60.549236564999951, -34.364764761999929 ], [ -60.550247623999951, -34.365469263999948 ], [ -60.550548287999952, -34.365678764999984 ], [ -60.551005, -34.365997 ], [ -60.551986, -34.366572 ], [ -60.552831, -34.366996 ], [ -60.552946173999949, -34.367112659999975 ], [ -60.553296, -34.367467 ], [ -60.553654, -34.368119 ], [ -60.554013, -34.368951 ], [ -60.554259, -34.369266 ], [ -60.554463465999959, -34.369479296999948 ], [ -60.554527088999976, -34.369545668999926 ], [ -60.55456, -34.36958 ], [ -60.555078, -34.369803 ], [ -60.555226388999984, -34.369825388999963 ], [ -60.555363, -34.369846 ], [ -60.556549, -34.370224 ], [ -60.556960277999956, -34.370383896999954 ], [ -60.557029, -34.37043 ], [ -60.557193, -34.370587 ], [ -60.557417, -34.370722 ], [ -60.557769260999976, -34.370798242999967 ], [ -60.558167433999984, -34.371031309999971 ], [ -60.55843, -34.371185 ], [ -60.558895, -34.371498 ], [ -60.55925, -34.371812 ], [ -60.55988, -34.372576 ], [ -60.560101, -34.373025 ], [ -60.560595, -34.373812 ], [ -60.561342, -34.374643 ], [ -60.562538, -34.375764 ], [ -60.563057897999961, -34.376214360999931 ], [ -60.563495, -34.376593 ], [ -60.56354149799995, -34.376631131999943 ], [ -60.563793, -34.376931 ], [ -60.564018, -34.377154 ], [ -60.564393, -34.377405 ], [ -60.564612, -34.377556 ], [ -60.564669237999965, -34.377617685999951 ], [ -60.564805, -34.377764 ], [ -60.564897, -34.377985 ], [ -60.564977, -34.378221 ], [ -60.565014, -34.378525 ], [ -60.565031656999963, -34.378743594999932 ], [ -60.56503631299995, -34.378801224999954 ], [ -60.565059, -34.378884 ], [ -60.565102969999941, -34.378934667999935 ], [ -60.565768, -34.379701 ], [ -60.566418, -34.380356 ], [ -60.567441, -34.38133 ], [ -60.567908006999978, -34.38154850799998 ], [ -60.567926, -34.381546 ], [ -60.568249, -34.381397 ], [ -60.568335353999942, -34.381360511999944 ], [ -60.568604, -34.381247 ], [ -60.568941, -34.381143 ], [ -60.569274, -34.381075 ], [ -60.569587, -34.381108 ], [ -60.569977, -34.381097 ], [ -60.570287, -34.38105 ], [ -60.57049799899994, -34.381105 ], [ -60.570603, -34.381288 ], [ -60.570632597999982, -34.381401382999961 ], [ -60.571003, -34.381516 ], [ -60.571413998999958, -34.38201 ], [ -60.571524146999941, -34.382182149999949 ], [ -60.57155, -34.382188 ], [ -60.57174, -34.382302 ], [ -60.571989, -34.382585 ], [ -60.572073177999989, -34.382744205999977 ], [ -60.572235, -34.382863 ], [ -60.572675, -34.383301 ], [ -60.573221, -34.383917 ], [ -60.573387, -34.384277 ], [ -60.573570783999969, -34.384726461999946 ], [ -60.57358, -34.384749 ], [ -60.573715807999974, -34.38489892299998 ], [ -60.574292, -34.385535 ], [ -60.574868, -34.386321 ], [ -60.575606998999952, -34.387039 ], [ -60.575827, -34.387376 ], [ -60.576048, -34.387825 ], [ -60.57616, -34.388321 ], [ -60.576161770999938, -34.388586707999934 ], [ -60.576163, -34.388771 ], [ -60.576183158999982, -34.388806926999948 ], [ -60.576466, -34.389311 ], [ -60.576363651999934, -34.389641128999983 ], [ -60.576333, -34.38974 ], [ -60.576334025999984, -34.389913407999984 ], [ -60.576435, -34.390083 ], [ -60.576498147999978, -34.390172232999937 ], [ -60.576640160999936, -34.390254256999981 ], [ -60.576799, -34.390346 ], [ -60.576854, -34.390436 ], [ -60.576834444999982, -34.390462373999974 ], [ -60.576754139999942, -34.390570679999946 ], [ -60.576897432999942, -34.39083218899998 ], [ -60.577970891999939, -34.391882341999967 ], [ -60.578268, -34.392173 ], [ -60.577897, -34.39247 ], [ -60.570365, -34.398345 ], [ -60.565438, -34.402129 ], [ -60.562419, -34.404499 ], [ -60.562032, -34.404777 ], [ -60.559846, -34.406436 ], [ -60.560975292999963, -34.407433854999951 ], [ -60.573739, -34.418712 ], [ -60.575391405999937, -34.420176372999947 ], [ -60.576929, -34.421539 ], [ -60.577463641999941, -34.421987060999982 ], [ -60.579152, -34.423402 ], [ -60.586125895999942, -34.429633215999949 ], [ -60.586805, -34.43024 ], [ -60.596001, -34.438351 ], [ -60.596137, -34.43847 ], [ -60.60208451699998, -34.443696840999955 ], [ -60.604563, -34.445875 ], [ -60.613336609999976, -34.453619721999935 ], [ -60.617226, -34.457053 ], [ -60.617744, -34.458 ], [ -60.620543, -34.460426 ], [ -60.624983, -34.464299 ], [ -60.626023, -34.465167 ], [ -60.634028594999954, -34.47204769899998 ], [ -60.636340753999953, -34.474034968999945 ], [ -60.638093, -34.475541 ], [ -60.646725, -34.483007 ], [ -60.647192, -34.483379 ], [ -60.649601, -34.485388 ], [ -60.657472, -34.492154 ], [ -60.657794, -34.492437 ], [ -60.66246, -34.496476 ], [ -60.668421, -34.501697 ], [ -60.675810321999968, -34.508166925999944 ], [ -60.675992, -34.508326 ], [ -60.676882797999951, -34.509081672999976 ], [ -60.677156063999981, -34.509313486999936 ], [ -60.677205, -34.509355 ], [ -60.677698358999983, -34.508959186999952 ], [ -60.680447, -34.506754 ], [ -60.684405322999964, -34.503730641999937 ], [ -60.691717, -34.498146 ], [ -60.692092, -34.497824 ], [ -60.695741, -34.494933 ], [ -60.702776998999987, -34.489382 ], [ -60.707636, -34.485552 ], [ -60.714568, -34.480049 ], [ -60.71492, -34.479768 ], [ -60.717759, -34.477506 ], [ -60.71807, -34.477244 ], [ -60.721003, -34.474916 ], [ -60.72386, -34.472647 ], [ -60.728944, -34.468629 ], [ -60.730278, -34.467584 ], [ -60.735651498999978, -34.463327393999975 ], [ -60.736773, -34.462439 ], [ -60.738932, -34.460722 ], [ -60.741689024999971, -34.458525892999951 ], [ -60.743395, -34.457167 ], [ -60.743572, -34.457033 ], [ -60.744821988999945, -34.456033095999935 ], [ -60.74935, -34.452411 ], [ -60.750424782999978, -34.451526630999972 ], [ -60.752531441999963, -34.449793198999934 ], [ -60.758748, -34.444678 ], [ -60.758773160999965, -34.44465334899995 ], [ -60.758896, -34.444533 ], [ -60.757159566999974, -34.443051854999972 ], [ -60.753094, -34.439584 ], [ -60.753261, -34.439446 ], [ -60.753414535999973, -34.439334904999953 ], [ -60.755891, -34.437543 ], [ -60.759863, -34.434648 ], [ -60.763243, -34.43218 ], [ -60.766714, -34.429658 ], [ -60.767062, -34.429358 ], [ -60.770578, -34.426786 ], [ -60.774077, -34.424248 ], [ -60.778109, -34.421265 ], [ -60.779954, -34.419896 ], [ -60.780399, -34.419601 ], [ -60.782039, -34.418379 ], [ -60.78597868099996, -34.415418488999926 ], [ -60.786222, -34.415298 ], [ -60.786737308999932, -34.414910728999985 ], [ -60.786908, -34.414826 ], [ -60.792129, -34.410903 ], [ -60.79631352499996, -34.407786711999975 ], [ -60.796813998999937, -34.407414 ], [ -60.802047, -34.403528 ], [ -60.803868, -34.402199 ], [ -60.804816, -34.401451 ], [ -60.816449745999925, -34.392694617999936 ], [ -60.819403405999928, -34.390471483999931 ], [ -60.823483785999947, -34.38740030099995 ], [ -60.825912323999951, -34.385572410999934 ], [ -60.833990811999968, -34.379491967999961 ], [ -60.849096, -34.367789 ], [ -60.849428, -34.367496 ], [ -60.850148829999974, -34.366945090999934 ], [ -60.852809, -34.364912 ], [ -60.85978, -34.35962 ], [ -60.861435, -34.358373 ], [ -60.86304, -34.357124 ], [ -60.864208, -34.356228 ], [ -60.864538, -34.355964 ], [ -60.86964, -34.351925 ], [ -60.870042998999963, -34.351637 ], [ -60.878982577999977, -34.34483023599995 ], [ -60.886901, -34.338801 ], [ -60.891117, -34.335546 ], [ -60.891478, -34.335265 ], [ -60.89488269699995, -34.332442326999967 ], [ -60.90199, -34.32655 ], [ -60.902036961999961, -34.326606966999975 ], [ -60.902236191999975, -34.326441794999944 ], [ -60.902675, -34.326078 ], [ -60.902905, -34.326356 ], [ -60.903331998999931, -34.326637 ], [ -60.903431901999973, -34.326682633999944 ], [ -60.903494, -34.326711 ], [ -60.90367706699994, -34.326753312999983 ], [ -60.903706, -34.32676 ], [ -60.90415, -34.326781 ], [ -60.904402, -34.326805 ], [ -60.904989998999959, -34.327126 ], [ -60.905314, -34.327241 ], [ -60.90551, -34.327674 ], [ -60.905464, -34.328067 ], [ -60.905578, -34.328333 ], [ -60.906139, -34.328973 ], [ -60.906333, -34.329122 ], [ -60.906768, -34.329286 ], [ -60.907358, -34.329544 ], [ -60.907816, -34.329687 ], [ -60.909499, -34.330653 ], [ -60.909843, -34.330831 ], [ -60.910967, -34.331312 ], [ -60.911879, -34.331461 ], [ -60.912714, -34.331841 ], [ -60.913495, -34.332273 ], [ -60.914392579999976, -34.333395546999959 ], [ -60.914672, -34.333745 ], [ -60.915572, -34.33394 ], [ -60.91723, -34.334222 ], [ -60.917650874999943, -34.334453361999984 ], [ -60.919171, -34.335289 ], [ -60.920777, -34.335615 ], [ -60.921076, -34.335635 ], [ -60.921485, -34.335722 ], [ -60.922984, -34.336139 ], [ -60.923772, -34.336223 ], [ -60.924098, -34.336221 ], [ -60.924371, -34.336286 ], [ -60.92502, -34.336454 ], [ -60.926246998999943, -34.336452 ], [ -60.927439, -34.336128 ], [ -60.927956, -34.336259 ], [ -60.928951075999976, -34.336807856999933 ], [ -60.928964479999941, -34.336815249999965 ], [ -60.929546, -34.337136 ], [ -60.930029998999935, -34.337032 ], [ -60.930706, -34.336734 ], [ -60.931111, -34.336573 ], [ -60.931407422999939, -34.336492993999961 ], [ -60.932141, -34.336295 ], [ -60.933063, -34.336175 ], [ -60.933415, -34.336105 ], [ -60.933904, -34.336056 ], [ -60.934202998999972, -34.336054 ], [ -60.93472, -34.33614 ], [ -60.935913, -34.335939 ], [ -60.937135, -34.335706 ], [ -60.939146, -34.335948 ], [ -60.939748192999957, -34.335791409999956 ], [ -60.939769, -34.335786 ], [ -60.939872045999948, -34.33571138099996 ], [ -60.940146, -34.335513 ], [ -60.940551, -34.335239 ], [ -60.940794998999934, -34.335215 ], [ -60.94205, -34.335723 ], [ -60.942747, -34.33591 ], [ -60.943924, -34.335686 ], [ -60.944792998999951, -34.335635 ], [ -60.945773, -34.335852 ], [ -60.947294, -34.335773 ], [ -60.947808, -34.335634 ], [ -60.948593, -34.335335 ], [ -60.948836, -34.33522 ], [ -60.949972966999944, -34.33488105899994 ], [ -60.95, -34.334873 ], [ -60.950187408999973, -34.334743425999939 ], [ -60.950593, -34.334463 ], [ -60.950755, -34.334326 ], [ -60.951674, -34.333891 ], [ -60.952244, -34.333842 ], [ -60.95485499899997, -34.336043 ], [ -60.966157, -34.345568 ], [ -60.966442788999984, -34.345826969999962 ], [ -60.978360554999938, -34.335929456999956 ], [ -60.983068, -34.33202 ], [ -60.984555, -34.330806 ], [ -60.988195772999973, -34.32763611699994 ], [ -60.992047, -34.324283 ], [ -60.99532, -34.321419 ], [ -60.995612, -34.321159 ], [ -60.996921, -34.319975 ], [ -60.997383, -34.319584 ], [ -61.002291, -34.315257 ], [ -61.002988, -34.314688 ], [ -61.003164, -34.314545 ], [ -61.00414202799994, -34.313743844999976 ], [ -61.007222640999949, -34.311220348999939 ], [ -61.007748, -34.31079 ], [ -61.008167, -34.310446 ], [ -61.011179, -34.30797 ], [ -61.013182, -34.306323 ], [ -61.014536, -34.305211 ], [ -61.017925, -34.302463 ], [ -61.019814, -34.300933 ], [ -61.021408393999927, -34.299641946999934 ], [ -61.022605, -34.298673 ], [ -61.023661, -34.297818 ], [ -61.02633, -34.295636 ], [ -61.031634, -34.29129 ], [ -61.031922, -34.291055 ], [ -61.032960376999945, -34.290205354999962 ], [ -61.035061047999932, -34.288486494999972 ], [ -61.035692593999954, -34.287969736999976 ], [ -61.036758058999965, -34.28709792799998 ], [ -61.037853, -34.286202 ], [ -61.040093498999966, -34.284378486999955 ], [ -61.041166954999937, -34.283579380999988 ], [ -61.041518470999961, -34.283317703999955 ], [ -61.041553, -34.283292 ], [ -61.041595738999952, -34.283257220999928 ], [ -61.045832593999933, -34.279809419999928 ], [ -61.045927182999954, -34.279732446999951 ], [ -61.055339943999961, -34.272072680999933 ], [ -61.055340015999946, -34.272072621999939 ], [ -61.05534008799998, -34.272072563999984 ], [ -61.059106, -34.269008 ], [ -61.059003812999947, -34.268923347999923 ], [ -61.058937, -34.268868 ], [ -61.056633519999941, -34.266972088999964 ], [ -61.051861, -34.263044 ], [ -61.044026, -34.256599 ], [ -61.042089, -34.254988 ], [ -61.041993, -34.254941 ], [ -61.040211, -34.253471 ], [ -61.039836255999937, -34.253161797999951 ], [ -61.039725, -34.25307 ], [ -61.038915, -34.252402 ], [ -61.03836, -34.251944 ], [ -61.037981275999989, -34.251631165999989 ], [ -61.035614412999969, -34.249676081999951 ], [ -61.034279, -34.248573 ], [ -61.029390998999986, -34.244522 ], [ -61.026574, -34.242189 ], [ -61.024237, -34.240246 ], [ -61.022621, -34.2389 ], [ -61.020204541999988, -34.236886284999962 ], [ -61.019033, -34.23591 ], [ -61.019022097999937, -34.23590093699994 ], [ -61.015439, -34.232922 ], [ -61.013862, -34.23162 ], [ -61.013852534999955, -34.231627877999976 ], [ -61.013252502999933, -34.232127327999933 ], [ -61.008487, -34.236094 ], [ -61.008096241999972, -34.23642073499996 ], [ -61.007956, -34.236538 ], [ -61.003388, -34.240357 ], [ -61.00249, -34.241108 ], [ -60.99937799899994, -34.243373 ], [ -60.99625363399997, -34.24595777199994 ], [ -60.992754, -34.248853 ], [ -60.992294342999969, -34.249221410999958 ], [ -60.989665998999961, -34.251328 ], [ -60.98928, -34.25166 ], [ -60.982931, -34.25689 ], [ -60.982028, -34.257633 ], [ -60.979831, -34.259414 ], [ -60.978131657999931, -34.26081570599996 ], [ -60.977964, -34.260954 ], [ -60.977143, -34.261632 ], [ -60.975409, -34.263061 ], [ -60.975082891999939, -34.263330085999939 ], [ -60.969481187999975, -34.267684817999957 ], [ -60.96793, -34.268939 ], [ -60.967573, -34.269225 ], [ -60.962552563999964, -34.273265363999933 ], [ -60.961839317999932, -34.273839372999944 ], [ -60.95871597099994, -34.276352990999953 ], [ -60.958291, -34.276695 ], [ -60.958191965999958, -34.276612064999924 ], [ -60.953265, -34.272486 ], [ -60.950339553999989, -34.269960529999921 ], [ -60.947369986999945, -34.267396971999972 ], [ -60.947263503, -34.267305046999979 ], [ -60.942016, -34.262775 ], [ -60.940855, -34.261777 ], [ -60.934241998999937, -34.256049 ], [ -60.931843378999986, -34.254018403999964 ], [ -60.930849989999956, -34.253177432999955 ], [ -60.926811998999938, -34.249759 ], [ -60.926499998999986, -34.249462 ], [ -60.922087, -34.245702 ], [ -60.91725, -34.241587 ], [ -60.917256706999986, -34.241581439999948 ], [ -60.917593099, -34.241302563999966 ], [ -60.921847, -34.237776 ], [ -60.922449, -34.237329 ], [ -60.923632915999974, -34.236311362999963 ], [ -60.927668, -34.232843 ], [ -60.927964, -34.232587 ], [ -60.931715, -34.229464 ], [ -60.932692, -34.228639 ], [ -60.933713, -34.227806 ], [ -60.935642, -34.226203 ], [ -60.936093787999937, -34.225826549999965 ], [ -60.937513, -34.224644 ], [ -60.938155501999965, -34.224112489999975 ], [ -60.938746, -34.223624 ], [ -60.941178778999976, -34.221607171999949 ], [ -60.941413, -34.221413 ], [ -60.942729, -34.2203 ], [ -60.943862, -34.219379 ], [ -60.94708, -34.216667 ], [ -60.950766, -34.213643 ], [ -60.952153, -34.212495 ], [ -60.95500841299998, -34.210160178999949 ], [ -60.957034612999962, -34.208503389999976 ], [ -60.957122480999949, -34.208431540999975 ], [ -60.957616, -34.208028 ], [ -60.957660016999974, -34.207987329999973 ], [ -60.957879, -34.207785 ], [ -60.960794, -34.205367 ], [ -60.961694609999938, -34.204653203999953 ], [ -60.962086, -34.204343 ], [ -60.963373, -34.203278 ], [ -60.963719, -34.203009 ], [ -60.965599, -34.201429 ], [ -60.965741, -34.201333 ], [ -60.970375, -34.197494 ], [ -60.972409658999936, -34.195798448999945 ], [ -60.973267, -34.195084 ], [ -60.973595, -34.194812 ], [ -60.973704773999941, -34.194722235999961 ], [ -60.974391794999981, -34.194160441999941 ], [ -60.975513142999944, -34.193243492999962 ], [ -60.981292, -34.188518 ], [ -60.985605979999946, -34.184966445999976 ], [ -60.988891, -34.182262 ], [ -60.98923, -34.18197 ], [ -60.990773442999973, -34.180692933999971 ], [ -60.993970540999953, -34.17804761099994 ], [ -60.996832, -34.17568 ], [ -60.999226, -34.173682 ], [ -61.000409, -34.172709 ], [ -61.000584360999945, -34.172515305999973 ], [ -61.00369, -34.169085 ], [ -61.003959998999967, -34.168797 ], [ -61.007108734999974, -34.166249073999943 ], [ -61.00853, -34.165099 ], [ -61.010172, -34.163857 ], [ -61.010430129999975, -34.163658066999972 ], [ -61.01172, -34.162664 ], [ -61.016217, -34.1592 ], [ -61.020267, -34.156225 ], [ -61.020548, -34.155987 ], [ -61.021105453999944, -34.155556986999962 ], [ -61.021869, -34.154968 ], [ -61.022728, -34.154303 ], [ -61.023364, -34.153839 ], [ -61.025411998999964, -34.152174 ], [ -61.026976, -34.150835 ], [ -61.02741, -34.150458 ], [ -61.028651, -34.149381 ], [ -61.028968028999941, -34.149122303999931 ], [ -61.029705773999979, -34.148520303999923 ], [ -61.030481484999932, -34.147894442999984 ], [ -61.031512, -34.147063 ], [ -61.034008, -34.14505 ], [ -61.034997929999975, -34.144251272999945 ], [ -61.036752, -34.142836 ], [ -61.038465, -34.14144 ], [ -61.039735444999955, -34.140307559999926 ], [ -61.041940346999986, -34.138443103999975 ], [ -61.042074, -34.138346 ], [ -61.048513041999968, -34.132999016999982 ], [ -61.051166, -34.130796 ], [ -61.054623830999965, -34.127930764999967 ], [ -61.055694, -34.127044 ], [ -61.057023870999956, -34.12594102099996 ], [ -61.060594, -34.12298 ], [ -61.060943998999953, -34.122703 ], [ -61.065164, -34.11918 ], [ -61.065453, -34.118927 ], [ -61.06837, -34.116572 ], [ -61.071208, -34.114206 ], [ -61.073599, -34.112386 ], [ -61.074857084999969, -34.111137458999949 ], [ -61.077284252999959, -34.108728703999923 ], [ -61.077632723999962, -34.108843712999949 ], [ -61.077776, -34.108891 ], [ -61.077781604999984, -34.108885569999984 ], [ -61.077795, -34.10889 ], [ -61.077962272999969, -34.108728514999932 ], [ -61.078084, -34.108611 ], [ -61.078643, -34.108136 ], [ -61.079312, -34.107552 ], [ -61.08075924099996, -34.106352505999951 ], [ -61.084365, -34.103364 ], [ -61.087897, -34.100417 ], [ -61.088235, -34.100126 ], [ -61.09515331099994, -34.094364966999933 ], [ -61.098057, -34.091947 ], [ -61.100306, -34.09007 ], [ -61.100818, -34.089643 ], [ -61.102974992999982, -34.087848744999974 ], [ -61.108144, -34.083549 ], [ -61.110299074999951, -34.081770252999938 ], [ -61.113527, -34.079106 ], [ -61.113935, -34.078767 ], [ -61.119842, -34.073885 ], [ -61.122081144999989, -34.071950243999943 ], [ -61.122069901999964, -34.071944538999944 ], [ -61.122057328999979, -34.071938158999949 ], [ -61.121869069999953, -34.071842632999946 ], [ -61.120166268999974, -34.070978603999947 ], [ -61.119923564999972, -34.070855451999932 ], [ -61.119307921999962, -34.070543063999935 ], [ -61.118665168999947, -34.070288895999958 ], [ -61.118404618999932, -34.070185863999939 ], [ -61.11797, -34.070014 ], [ -61.117205998999971, -34.069548 ], [ -61.11700582199996, -34.069371039999965 ], [ -61.117002469999932, -34.069368076999972 ], [ -61.116936047999964, -34.069309358999931 ], [ -61.116866836999975, -34.069253067999966 ], [ -61.116661445999966, -34.069121329999966 ], [ -61.11657665499996, -34.069066944999975 ], [ -61.116137318999961, -34.068785154999937 ], [ -61.115303452999967, -34.068250313999947 ], [ -61.115156881999958, -34.068156303999949 ], [ -61.11491095699995, -34.067998566999968 ], [ -61.114829, -34.067946 ], [ -61.114675674999951, -34.067818128999932 ], [ -61.114317, -34.067519 ], [ -61.114140967999958, -34.06739507899993 ], [ -61.114139256, -34.067393873999954 ], [ -61.11404, -34.067324 ], [ -61.113606148999963, -34.067141008999954 ], [ -61.113535, -34.067111 ], [ -61.113448733999974, -34.06705132999997 ], [ -61.113162, -34.066853 ], [ -61.112816, -34.066541 ], [ -61.112744959999986, -34.066456911999971 ], [ -61.112571, -34.066251 ], [ -61.112399910999954, -34.06597316999995 ], [ -61.112378970999941, -34.065939165999957 ], [ -61.112274007999986, -34.065811320999963 ], [ -61.11219, -34.065709 ], [ -61.112114213999973, -34.065649495999928 ], [ -61.111985930999936, -34.065588020999932 ], [ -61.111748, -34.065474 ], [ -61.111373, -34.065124 ], [ -61.111336355999988, -34.065073733999952 ], [ -61.111157635999973, -34.064828577999947 ], [ -61.111084972999947, -34.064728904999974 ], [ -61.110722, -34.064231 ], [ -61.110529324999966, -34.064098711999975 ], [ -61.110340327999957, -34.063968949999939 ], [ -61.110074005999941, -34.063786096999927 ], [ -61.10996989299997, -34.063714613999927 ], [ -61.109902, -34.063668 ], [ -61.109512, -34.063503 ], [ -61.109305, -34.063274 ], [ -61.108519, -34.062558 ], [ -61.107664, -34.062243 ], [ -61.107219, -34.062139 ], [ -61.107092332999969, -34.062041478999951 ], [ -61.106528, -34.061607 ], [ -61.106265998999952, -34.061348 ], [ -61.106132669999965, -34.061151732999974 ], [ -61.106064009999955, -34.061062348999947 ], [ -61.105495, -34.060387 ], [ -61.105056613999984, -34.060001198999935 ], [ -61.104379610999949, -34.059405401999975 ], [ -61.103735330999946, -34.05887220499995 ], [ -61.103308, -34.058592 ], [ -61.10303107499994, -34.058559707999954 ], [ -61.102742, -34.058526 ], [ -61.102588497999939, -34.058492047999948 ], [ -61.102152665999931, -34.058395649999966 ], [ -61.102070968999961, -34.058377579999934 ], [ -61.100712, -34.058077 ], [ -61.099807, -34.058162 ], [ -61.098938, -34.058169 ], [ -61.097809, -34.058133 ], [ -61.09740849199995, -34.058072005999975 ], [ -61.096906237999974, -34.057995515999949 ], [ -61.096522, -34.057937 ], [ -61.095596, -34.057869 ], [ -61.095083917999951, -34.057807914999955 ], [ -61.093911, -34.057668 ], [ -61.093027215999946, -34.056870438999965 ], [ -61.092722, -34.056595 ], [ -61.09246, -34.05632 ], [ -61.091779, -34.055499 ], [ -61.091735343999972, -34.055401431999933 ], [ -61.091638371, -34.055184702999952 ], [ -61.091613, -34.055128 ], [ -61.091247, -34.054863 ], [ -61.091103112999967, -34.054780886999936 ], [ -61.090995386999964, -34.054719409999954 ], [ -61.090865, -34.054645 ], [ -61.090384, -34.054524 ], [ -61.089737, -34.05453 ], [ -61.089455143999942, -34.05446060799995 ], [ -61.089014, -34.054352 ], [ -61.088631662999944, -34.054283511999976 ], [ -61.088439, -34.054249 ], [ -61.08791361699997, -34.053972201999954 ], [ -61.08775, -34.053886 ], [ -61.087254497999943, -34.053470022999939 ], [ -61.087183, -34.05341 ], [ -61.087092975999951, -34.053292376999927 ], [ -61.087046, -34.053231 ], [ -61.08699, -34.053119 ], [ -61.086852, -34.052895 ], [ -61.086354663999934, -34.052700225999963 ], [ -61.086063, -34.052586 ], [ -61.085764, -34.052521 ], [ -61.084702, -34.052012 ], [ -61.083997604999979, -34.051972334999959 ], [ -61.083744631999927, -34.051958089999957 ], [ -61.08327713999995, -34.051848091999943 ], [ -61.083125483999936, -34.051779588999977 ], [ -61.082584, -34.051535 ], [ -61.082014501999936, -34.051226894999949 ], [ -61.081846607999971, -34.051204705999965 ], [ -61.080985, -34.051459 ], [ -61.080753367999939, -34.05146703999997 ], [ -61.080400057999952, -34.05147930399994 ], [ -61.08038, -34.05148 ], [ -61.080286648999959, -34.051415844999951 ], [ -61.08011, -34.051317 ], [ -61.07993, -34.050972 ], [ -61.079933401999945, -34.050867794999924 ], [ -61.079935271999943, -34.050810530999961 ], [ -61.079943004999969, -34.05057371699997 ], [ -61.079945725999956, -34.050490388999947 ], [ -61.079972263999942, -34.050429055999977 ], [ -61.080262, -34.049845 ], [ -61.080270399999954, -34.049840661999951 ], [ -61.080717, -34.04961 ], [ -61.082898, -34.04925 ], [ -61.082999851999944, -34.049093136999943 ], [ -61.083085, -34.048962 ], [ -61.083077574999948, -34.048759932999928 ], [ -61.083071, -34.048581 ], [ -61.083056826999957, -34.048529075999966 ], [ -61.082955, -34.048235 ], [ -61.082699337999941, -34.04809118999998 ], [ -61.082596, -34.048053 ], [ -61.082586103, -34.048027495999968 ], [ -61.08257833699998, -34.048023126999965 ], [ -61.082235, -34.04783 ], [ -61.081507, -34.047736 ], [ -61.080935, -34.047516 ], [ -61.08057204399995, -34.047337145999975 ], [ -61.080408237999968, -34.047256426999979 ], [ -61.080035998999968, -34.047073 ], [ -61.079762, -34.046827 ], [ -61.079624236999969, -34.046662995999945 ], [ -61.079430484999939, -34.046432338999978 ], [ -61.079405, -34.046402 ], [ -61.079324551999953, -34.04636103799993 ], [ -61.079187, -34.046291 ], [ -61.079065656999951, -34.046249487999944 ], [ -61.078997, -34.046226 ], [ -61.078617, -34.046161 ], [ -61.078438238999979, -34.046223614999967 ], [ -61.077889, -34.046416 ], [ -61.077592, -34.046441 ], [ -61.076615, -34.046246 ], [ -61.076018998999984, -34.046252 ], [ -61.075478, -34.046301 ], [ -61.07517999899995, -34.046282 ], [ -61.074760544999947, -34.045985664999932 ], [ -61.074686, -34.045933 ], [ -61.074542, -34.045766 ], [ -61.07451819399995, -34.045680835999981 ], [ -61.074080651999964, -34.044115581999961 ], [ -61.074038, -34.043963 ], [ -61.073878, -34.043734 ], [ -61.073542576999962, -34.043551597999965 ], [ -61.07333, -34.043436 ], [ -61.072756, -34.042945 ], [ -61.072626655999954, -34.042809592999951 ], [ -61.072564, -34.042744 ], [ -61.072089460999962, -34.042502376999956 ], [ -61.07191, -34.042411 ], [ -61.071888033999983, -34.042409852999974 ], [ -61.070799, -34.042353 ], [ -61.070228, -34.042178 ], [ -61.069874, -34.042023 ], [ -61.069687973999976, -34.042004486999922 ], [ -61.069251, -34.041961 ], [ -61.068615, -34.041963 ], [ -61.068347971999977, -34.041813463999972 ], [ -61.068315109999965, -34.041795060999959 ], [ -61.06824, -34.041753 ], [ -61.068110796999967, -34.04167119899995 ], [ -61.067455, -34.041256 ], [ -61.06745434099998, -34.041255766999939 ], [ -61.067402914999946, -34.041237560999946 ], [ -61.06702, -34.041102 ], [ -61.066954824999982, -34.041024422999939 ], [ -61.065948, -34.039826 ], [ -61.065464227999939, -34.039506861999939 ], [ -61.065415891999976, -34.039474975999951 ], [ -61.065277438999949, -34.039383640999972 ], [ -61.064802, -34.03907 ], [ -61.064643053999987, -34.039060218999957 ], [ -61.064477, -34.03905 ], [ -61.063237, -34.039489 ], [ -61.062939, -34.039447 ], [ -61.062694, -34.039381 ], [ -61.062588094999974, -34.039283155999954 ], [ -61.062449878999985, -34.039155460999943 ], [ -61.062024, -34.038762 ], [ -61.061567356999944, -34.038310112999973 ], [ -61.061544, -34.038287 ], [ -61.061528671999952, -34.038250001999977 ], [ -61.061254892999955, -34.037589188999959 ], [ -61.061196, -34.037395 ], [ -61.06117, -34.037234 ], [ -61.061089109999955, -34.037122680999957 ], [ -61.060767305999946, -34.036679820999943 ], [ -61.059949395999979, -34.035554229999939 ], [ -61.059777394999969, -34.035317525999972 ], [ -61.059281706999968, -34.034635370999979 ], [ -61.059246392999974, -34.034586772999951 ], [ -61.058626, -34.033733 ], [ -61.057596285999985, -34.032542218999936 ], [ -61.05752, -34.032454 ], [ -61.056536, -34.031876 ], [ -61.055647796999949, -34.031483358999935 ], [ -61.055043, -34.031216 ], [ -61.054646968, -34.030989645999973 ], [ -61.054147615999966, -34.030704238999931 ], [ -61.053895, -34.030577 ], [ -61.052531166999984, -34.030344318999937 ], [ -61.051527, -34.030173 ], [ -61.051406815999933, -34.030020954999934 ], [ -61.049539318999969, -34.02765837499993 ], [ -61.049109206999958, -34.02711423899995 ], [ -61.049094, -34.027095 ], [ -61.048145, -34.025935 ], [ -61.046645898999948, -34.02407158499993 ], [ -61.046247497999957, -34.023576363999943 ], [ -61.04562408299995, -34.022810222999972 ], [ -61.045225998999967, -34.022321 ], [ -61.045174, -34.022264 ], [ -61.045029964999969, -34.022086313999978 ], [ -61.043723, -34.020474 ], [ -61.042770479999945, -34.019261515999972 ], [ -61.042327, -34.018697 ], [ -61.042046558999971, -34.018348197999956 ], [ -61.041430010999939, -34.017581357999973 ], [ -61.041118042999983, -34.017193341999985 ], [ -61.040415466999946, -34.01631950299997 ], [ -61.038799, -34.014309 ], [ -61.037700124999958, -34.012947356999966 ], [ -61.036888808999954, -34.01194203499994 ], [ -61.034914, -34.009495 ], [ -61.034661, -34.00912 ], [ -61.034099469999951, -34.008426380999929 ], [ -61.033194093999946, -34.007308034999951 ], [ -61.030108, -34.003496 ], [ -61.029794213999942, -34.003138028999942 ], [ -61.029689, -34.003018 ], [ -61.02948379299994, -34.002790845999989 ], [ -61.025009278999967, -33.997837779999948 ], [ -61.024702966999946, -33.997498706999977 ], [ -61.024481, -33.997253 ], [ -61.022984, -33.995504 ], [ -61.022792400999947, -33.995276396999941 ], [ -61.021374188999964, -33.993591676999984 ], [ -61.020642035999977, -33.992721938999985 ], [ -61.020314142999958, -33.992332428999923 ], [ -61.018796, -33.990529 ], [ -61.016216922999938, -33.987433586999948 ], [ -61.015950576999956, -33.987113915999949 ], [ -61.014845, -33.985787 ], [ -61.014640490999973, -33.985545288999951 ], [ -61.014264826999977, -33.985101290999978 ], [ -61.012750220999983, -33.983311169999979 ], [ -61.011721160999969, -33.982094918999962 ], [ -61.011614706999985, -33.982008411999971 ], [ -61.011572338999947, -33.981973983999978 ], [ -61.011351179999963, -33.981794263999959 ], [ -61.007676387999943, -33.978808040999979 ], [ -61.006543517999951, -33.977887441999947 ], [ -61.001532501999975, -33.973815369999954 ], [ -60.998372590999971, -33.971247550999983 ], [ -60.99451366999994, -33.968111698999962 ], [ -60.993382734999955, -33.967192672999936 ], [ -60.974743290999982, -33.950681289999977 ], [ -60.97404, -33.950085 ], [ -60.974112822999984, -33.950025360999973 ], [ -60.974137079999942, -33.950005494999971 ], [ -60.963589, -33.941053 ], [ -60.962818, -33.94037 ], [ -60.958427, -33.936607 ], [ -60.956769, -33.935218 ], [ -60.955302, -33.933987 ], [ -60.953257, -33.932288 ], [ -60.952653573999953, -33.931782973999923 ], [ -60.952505800999965, -33.931659297999929 ], [ -60.950631338999983, -33.93002338899997 ], [ -60.946254741999958, -33.926203776999948 ], [ -60.94609, -33.92606 ], [ -60.945983, -33.925966 ], [ -60.948383710999963, -33.923695637999977 ], [ -60.948989275999971, -33.923122951999964 ], [ -60.949114, -33.923005 ], [ -60.941903255999939, -33.91694733199995 ], [ -60.941047, -33.916228 ], [ -60.937714, -33.913335 ], [ -60.936112, -33.912059 ], [ -60.931958, -33.908529 ], [ -60.929015, -33.906038 ], [ -60.923687339999958, -33.901546638999932 ], [ -60.91822088899994, -33.897071661999973 ], [ -60.909681991999946, -33.890081500999941 ], [ -60.90657, -33.887353 ], [ -60.906516924999949, -33.887308798999975 ], [ -60.905888, -33.887826 ], [ -60.901413316999935, -33.884098106999943 ], [ -60.90015407899994, -33.883049024999934 ], [ -60.900008896999964, -33.88292807299996 ], [ -60.898677, -33.883961 ], [ -60.896507760999953, -33.885643047999963 ], [ -60.895253, -33.886616 ] ] ] ] } },
{ "type": "Feature", "properties": { "id": null }, "geometry": { "type": "MultiPolygon", "coordinates": [ [ [ [ -60.522829, -34.434745 ], [ -60.516899, -34.43917 ], [ -60.516875710999955, -34.439150394999963 ], [ -60.516722, -34.439021 ], [ -60.516709876999982, -34.439010332999949 ], [ -60.512992, -34.435739 ], [ -60.5097, -34.432777 ], [ -60.509363, -34.432445 ], [ -60.505003, -34.428598 ], [ -60.503176, -34.427059 ], [ -60.503026743999953, -34.426944001999964 ], [ -60.502319998999951, -34.426322 ], [ -60.501295701999936, -34.425439497999939 ], [ -60.499619690999964, -34.423995501999975 ], [ -60.495992, -34.42087 ], [ -60.495073, -34.420003 ], [ -60.494039, -34.419103 ], [ -60.493675, -34.419242 ], [ -60.489222963999957, -34.415337305999955 ], [ -60.488998, -34.41514 ], [ -60.474856, -34.425975 ], [ -60.473831, -34.426782 ], [ -60.467791, -34.431431 ], [ -60.464627, -34.433851 ], [ -60.463968, -34.434353 ], [ -60.456095, -34.440345 ], [ -60.455896, -34.440499 ], [ -60.446543, -34.447736 ], [ -60.434204, -34.457016 ], [ -60.432728, -34.45806 ], [ -60.426009998999973, -34.46341 ], [ -60.404124, -34.479935 ], [ -60.403995, -34.480041 ], [ -60.399383, -34.476211 ], [ -60.386591, -34.465512 ], [ -60.374071, -34.454929 ], [ -60.373866, -34.455066 ], [ -60.373153846999962, -34.455626196999951 ], [ -60.372962, -34.455472 ], [ -60.359585, -34.466101 ], [ -60.346144, -34.476456 ], [ -60.332359, -34.487028 ], [ -60.319399590999978, -34.496972046999922 ], [ -60.319298, -34.49705 ], [ -60.319126198999982, -34.497194274999977 ], [ -60.305602, -34.484903 ], [ -60.283018, -34.464567 ], [ -60.282035, -34.463645 ], [ -60.281494502999969, -34.464055169999924 ], [ -60.273539, -34.456893 ], [ -60.272691, -34.456145 ], [ -60.269951, -34.453676 ], [ -60.26885, -34.452778 ], [ -60.262876, -34.447484 ], [ -60.261882, -34.446617 ], [ -60.257570728999951, -34.442811103999922 ], [ -60.257318, -34.442588 ], [ -60.257101, -34.442392 ], [ -60.249927, -34.435769 ], [ -60.249651, -34.43551 ], [ -60.245783726999953, -34.431903004999981 ], [ -60.245383, -34.432152 ], [ -60.235798755999951, -34.439915570999972 ], [ -60.22898, -34.445439 ], [ -60.216432, -34.455444 ], [ -60.211227, -34.45956 ], [ -60.211214614999967, -34.459549352999936 ], [ -60.210671200999961, -34.459082191999975 ], [ -60.208013, -34.456797 ], [ -60.203529388999982, -34.452909747999961 ], [ -60.202654, -34.452166 ], [ -60.195276, -34.44577 ], [ -60.194798, -34.445362 ], [ -60.193933091999952, -34.444589011999931 ], [ -60.181043, -34.433311 ], [ -60.180679, -34.432976 ], [ -60.169069, -34.422974 ], [ -60.160581, -34.415624 ], [ -60.154952922999946, -34.410739305999982 ], [ -60.154388, -34.410249 ], [ -60.154194, -34.410072 ], [ -60.153789283999963, -34.410375972999923 ], [ -60.149396252999956, -34.413675480999984 ], [ -60.14768699199994, -34.414959268999944 ], [ -60.14273233899997, -34.418680598999963 ], [ -60.142596, -34.418783 ], [ -60.142584412999952, -34.418793625999967 ], [ -60.142578335999985, -34.418799198999984 ], [ -60.137677, -34.423294 ], [ -60.13236806599997, -34.428097836999932 ], [ -60.118579, -34.440575 ], [ -60.107796, -34.450499 ], [ -60.10422, -34.453666 ], [ -60.093248, -34.462281 ], [ -60.083631, -34.469779 ], [ -60.089076, -34.474928 ], [ -60.098044, -34.482932 ], [ -60.089511, -34.489431 ], [ -60.081968, -34.495218 ], [ -60.076484, -34.499461 ], [ -60.069315, -34.504979 ], [ -60.065603, -34.507798 ], [ -60.058734, -34.513017 ], [ -60.029014, -34.535676 ], [ -60.029173, -34.53585 ], [ -60.017417, -34.544818 ], [ -60.014713, -34.546899 ], [ -60.014699076999932, -34.546886474999944 ], [ -60.013389, -34.545708 ], [ -60.013062, -34.545398 ], [ -60.005223, -34.538358 ], [ -60.001553, -34.535019 ], [ -59.996536, -34.530115 ], [ -59.995886, -34.529523 ], [ -59.992370451999925, -34.526320299999952 ], [ -59.990155, -34.524302 ], [ -59.988791922999958, -34.523077454999957 ], [ -59.988791897999931, -34.523077431999972 ], [ -59.988791872999968, -34.523077409999928 ], [ -59.984763, -34.519458 ], [ -59.976395, -34.51194 ], [ -59.974745248999973, -34.510428228999956 ], [ -59.974745, -34.510428 ], [ -59.974734216999934, -34.510436028999962 ], [ -59.950499, -34.528481 ], [ -59.944382, -34.532984 ], [ -59.94287, -34.534115 ], [ -59.930307, -34.543513 ], [ -59.930102998999985, -34.543683 ], [ -59.930412, -34.543894 ], [ -59.930245, -34.544109 ], [ -59.924865, -34.548487 ], [ -59.919803, -34.552604 ], [ -59.917033, -34.554873 ], [ -59.909427, -34.561103 ], [ -59.909312, -34.561197 ], [ -59.909608241999933, -34.561447037999976 ], [ -59.913986, -34.565142 ], [ -59.91927, -34.569603 ], [ -59.922900075999969, -34.572659501999951 ], [ -59.923523, -34.573184 ], [ -59.924389998999978, -34.573912 ], [ -59.924732, -34.574184 ], [ -59.933201, -34.581257 ], [ -59.932871, -34.581551 ], [ -59.92731, -34.585848 ], [ -59.924347, -34.588209 ], [ -59.921704360999975, -34.59025910999997 ], [ -59.921564, -34.590368 ], [ -59.920952743999983, -34.590847333999932 ], [ -59.919882765999944, -34.591686387999971 ], [ -59.919516, -34.591974 ], [ -59.919293857999946, -34.592150246999942 ], [ -59.918534920999939, -34.592752386999969 ], [ -59.917779227999965, -34.593351952999967 ], [ -59.916687493, -34.594218134999949 ], [ -59.916651902999945, -34.59424637199993 ], [ -59.915901735999974, -34.59484155399997 ], [ -59.915668, -34.595027 ], [ -59.915256849999942, -34.595352842999944 ], [ -59.913947424999947, -34.596390582999959 ], [ -59.913768106999953, -34.596532694999951 ], [ -59.912716434999936, -34.597366161999958 ], [ -59.912565490999953, -34.597485786999975 ], [ -59.911546106999936, -34.598293662999922 ], [ -59.911546084999934, -34.598293680999959 ], [ -59.91139237, -34.598415503999938 ], [ -59.911205917999958, -34.598563269999936 ], [ -59.910564, -34.599072 ], [ -59.910191998999956, -34.599351 ], [ -59.910055998999951, -34.599457707999925 ], [ -59.909742622999936, -34.599703589999933 ], [ -59.908794426999975, -34.600447563999978 ], [ -59.908352498999932, -34.60079430899998 ], [ -59.907378188999985, -34.601558771999962 ], [ -59.906921658999977, -34.601916973999941 ], [ -59.906798, -34.602014 ], [ -59.906452354999942, -34.602291343999973 ], [ -59.90603370499997, -34.602627265999956 ], [ -59.904600087999938, -34.603777593999943 ], [ -59.904257547, -34.604052446999958 ], [ -59.903885462999945, -34.604351005999952 ], [ -59.903792, -34.604426 ], [ -59.903678998999965, -34.604494 ], [ -59.902938676999945, -34.605073235999953 ], [ -59.902535918999938, -34.605388357999971 ], [ -59.901585345999933, -34.606132095999946 ], [ -59.901485518999941, -34.606210201999943 ], [ -59.900609122999981, -34.606895902999952 ], [ -59.90048467299993, -34.60699327399994 ], [ -59.899404809999965, -34.607838169999972 ], [ -59.89938533399998, -34.607853408 ], [ -59.898642, -34.608435 ], [ -59.898301096999944, -34.608706672999972 ], [ -59.897858542999984, -34.609059353999939 ], [ -59.897166485999939, -34.60961086799994 ], [ -59.89697650199998, -34.609762269999976 ], [ -59.896139364999947, -34.610429402999955 ], [ -59.895989887, -34.610548524999949 ], [ -59.895264, -34.611127 ], [ -59.895036595999962, -34.611302664999975 ], [ -59.894813648999957, -34.611474885999939 ], [ -59.894013936999954, -34.612092645999951 ], [ -59.893239742999988, -34.61269069399998 ], [ -59.892864986999939, -34.612980184999969 ], [ -59.892444600999966, -34.613304923999969 ], [ -59.89164518999997, -34.61392245199994 ], [ -59.891616, -34.613945 ], [ -59.89149297899997, -34.614041039999954 ], [ -59.890647392999938, -34.614701167999947 ], [ -59.890459230999973, -34.614848061999957 ], [ -59.889133528999942, -34.615883004999951 ], [ -59.889084604999937, -34.615921198999956 ], [ -59.888670082999973, -34.616244804999944 ], [ -59.887969699999985, -34.61679157799994 ], [ -59.887542341999961, -34.617125205999969 ], [ -59.88704619799995, -34.617512533999957 ], [ -59.886167715999932, -34.618198342999953 ], [ -59.886125887999988, -34.618230996999955 ], [ -59.884982586999975, -34.619123544999972 ], [ -59.884945487999971, -34.619152506999967 ], [ -59.884868, -34.619213 ], [ -59.884567, -34.61943 ], [ -59.895931, -34.629294 ], [ -59.896076, -34.629453 ], [ -59.897495, -34.630689 ], [ -59.903376, -34.635881 ], [ -59.907764, -34.639661 ], [ -59.911157849999938, -34.642624921999989 ], [ -59.91720858299994, -34.647909155999969 ], [ -59.917221, -34.64792 ], [ -59.919686, -34.650042 ], [ -59.920410998999955, -34.650705 ], [ -59.92069, -34.650949 ], [ -59.927552, -34.656934 ], [ -59.927714797999954, -34.657078070999944 ], [ -59.92843, -34.657711 ], [ -59.933562, -34.662236 ], [ -59.934931782999961, -34.66348815899994 ], [ -59.939047, -34.66725 ], [ -59.944353, -34.671705 ], [ -59.94442416, -34.671768947999979 ], [ -59.944501, -34.671838 ], [ -59.944678, -34.671979 ], [ -59.947872213999979, -34.674743397999961 ], [ -59.948208, -34.675034 ], [ -59.952026019999948, -34.678311623999939 ], [ -59.955718295999986, -34.68148130099997 ], [ -59.955883, -34.681622 ], [ -59.959714, -34.684903 ], [ -59.966758282999933, -34.69090259799998 ], [ -59.967868343999953, -34.69184803399996 ], [ -59.968105, -34.6916 ], [ -59.968392269999981, -34.69134305599993 ], [ -59.968446, -34.691295 ], [ -59.968815, -34.690932 ], [ -59.968999, -34.690792 ], [ -59.969283, -34.690605 ], [ -59.969597722999929, -34.690392992999925 ], [ -59.969666, -34.690347 ], [ -59.969677142999956, -34.690332904999941 ], [ -59.969918611999958, -34.69017305899996 ], [ -59.969961, -34.690145 ], [ -59.970344, -34.689888 ], [ -59.970528, -34.689654 ], [ -59.970869, -34.68942 ], [ -59.971139, -34.689104 ], [ -59.971329, -34.68889 ], [ -59.971366, -34.688694 ], [ -59.971384, -34.68841 ], [ -59.97138, -34.688143 ], [ -59.971337, -34.687991 ], [ -59.971238, -34.68771 ], [ -59.971238, -34.687441 ], [ -59.971266204999942, -34.687167706999944 ], [ -59.971267, -34.68716 ], [ -59.971366, -34.686937 ], [ -59.971565, -34.686774 ], [ -59.971792, -34.686738 ], [ -59.972203, -34.686657 ], [ -59.972671, -34.686633 ], [ -59.973296, -34.686551 ], [ -59.97382, -34.686446 ], [ -59.974061953999986, -34.68632672699993 ], [ -59.974104, -34.686306 ], [ -59.974335, -34.686167 ], [ -59.974662, -34.685968 ], [ -59.974761, -34.685839 ], [ -59.975045, -34.685511 ], [ -59.975286, -34.685102 ], [ -59.975414, -34.684891 ], [ -59.975414, -34.684715 ], [ -59.975485, -34.684504 ], [ -59.975528494999942, -34.684407067999977 ], [ -59.975555, -34.684348 ], [ -59.975684, -34.68413 ], [ -59.975706253999924, -34.684072342999976 ], [ -59.975772, -34.683902 ], [ -59.975783, -34.683708 ], [ -59.975783, -34.683671235999945 ], [ -59.975783, -34.683439 ], [ -59.975783, -34.683146 ], [ -59.975712, -34.682771 ], [ -59.975798, -34.682444 ], [ -59.97594, -34.682139 ], [ -59.975986284999976, -34.682080614999961 ], [ -59.976181, -34.681835 ], [ -59.97672, -34.681191 ], [ -59.976848, -34.680992 ], [ -59.97748, -34.68015 ], [ -59.977483149999955, -34.680145943999946 ], [ -59.977807, -34.679729 ], [ -59.977958772999948, -34.679603 ], [ -59.978018998999971, -34.679553 ], [ -59.978133, -34.679413 ], [ -59.978388, -34.679202 ], [ -59.978500985999972, -34.67916657699994 ], [ -59.978573, -34.679144 ], [ -59.978828, -34.679144 ], [ -59.978963886999964, -34.679167899999975 ], [ -59.979027, -34.679179 ], [ -59.979325, -34.679261 ], [ -59.97942883199994, -34.679294442999939 ], [ -59.979651, -34.679366 ], [ -59.980105, -34.679507 ], [ -59.980397, -34.679543 ], [ -59.980885, -34.679601 ], [ -59.981495, -34.679624 ], [ -59.981999943999938, -34.679554693999933 ], [ -59.982005, -34.679554 ], [ -59.982289, -34.679425 ], [ -59.982544, -34.679238 ], [ -59.982686, -34.679086 ], [ -59.982717, -34.678925 ], [ -59.982658, -34.678723 ], [ -59.982474, -34.678442 ], [ -59.981963, -34.677891 ], [ -59.981552, -34.67747 ], [ -59.981339, -34.677165 ], [ -59.981286029999978, -34.67702959099995 ], [ -59.981226350999982, -34.676877031999936 ], [ -59.981197, -34.676802 ], [ -59.981197, -34.676509 ], [ -59.98124, -34.676252 ], [ -59.981396, -34.676041 ], [ -59.981538085999944, -34.675869728999928 ], [ -59.981581, -34.675818 ], [ -59.981949, -34.675549 ], [ -59.982148, -34.675432 ], [ -59.982517, -34.675315 ], [ -59.982913998999948, -34.675233 ], [ -59.983211714999989, -34.675225556999976 ], [ -59.983354, -34.675222 ], [ -59.983708, -34.675245 ], [ -59.984105, -34.67535 ], [ -59.98446, -34.675491 ], [ -59.985183, -34.675749 ], [ -59.985694, -34.676006 ], [ -59.986573, -34.676358 ], [ -59.987192, -34.676448 ], [ -59.988128, -34.676413 ], [ -59.989022, -34.676249 ], [ -59.990043, -34.675734 ], [ -59.990767, -34.675336 ], [ -59.991717, -34.674891 ], [ -59.992041918999981, -34.674707454999975 ], [ -59.992526, -34.674434 ], [ -59.992965, -34.674013 ], [ -59.993178, -34.673603 ], [ -59.993377, -34.673173 ], [ -59.993363, -34.672541 ], [ -59.993278, -34.671932 ], [ -59.993108, -34.671124 ], [ -59.993023, -34.670187 ], [ -59.99298, -34.669531 ], [ -59.992895, -34.668829 ], [ -59.992768, -34.66829 ], [ -59.992597, -34.667939 ], [ -59.992331520999983, -34.667427425999954 ], [ -59.992282, -34.667332 ], [ -59.99220116999998, -34.667221745999932 ], [ -59.991587, -34.666384 ], [ -59.990552, -34.66533 ], [ -59.990172094999942, -34.66482300199992 ], [ -59.989999, -34.664592 ], [ -59.989843, -34.663936 ], [ -59.990041, -34.66307 ], [ -59.990205905999971, -34.66278355299994 ], [ -59.990311, -34.662601 ], [ -59.990821, -34.662332 ], [ -59.991884998999979, -34.662204 ], [ -59.992466, -34.662122 ], [ -59.992799, -34.662041 ], [ -59.993721, -34.661643 ], [ -59.994148415999973, -34.661447902999953 ], [ -59.994387, -34.661339 ], [ -59.994799, -34.661023 ], [ -59.995026, -34.66073 ], [ -59.995167, -34.660414 ], [ -59.995224, -34.659957 ], [ -59.99521, -34.659583 ], [ -59.995217, -34.65915 ], [ -59.995068, -34.658587 ], [ -59.995026, -34.658084 ], [ -59.994833, -34.656789 ], [ -59.994811, -34.656544 ], [ -59.995054, -34.655965 ], [ -59.995156, -34.654701 ], [ -59.995321, -34.654385 ], [ -59.995411, -34.654017 ], [ -59.995806, -34.65309 ], [ -59.996027, -34.652597 ], [ -59.996091, -34.652439 ], [ -59.996435, -34.651881 ], [ -59.99683, -34.651407 ], [ -59.99683, -34.651302 ], [ -59.997544, -34.650302 ], [ -59.998192252999957, -34.649264176999964 ], [ -59.998386, -34.648954 ], [ -59.998998, -34.648449 ], [ -59.999851, -34.647355 ], [ -60.000244, -34.646805 ], [ -60.000396, -34.64623 ], [ -60.000577, -34.64573 ], [ -60.00067939599996, -34.645589345999944 ], [ -60.00085, -34.645355 ], [ -60.001243, -34.64508 ], [ -60.001667, -34.64473 ], [ -60.002065, -34.644384 ], [ -60.002814214999937, -34.643825990999979 ], [ -60.006599277999953, -34.641006906999962 ], [ -60.007705, -34.641976 ], [ -60.008597701999975, -34.642758869999959 ], [ -60.012663, -34.646324 ], [ -60.014145, -34.647623 ], [ -60.014997, -34.648331 ], [ -60.016006, -34.64925 ], [ -60.017156, -34.650228 ], [ -60.017918, -34.650901 ], [ -60.019066, -34.65191 ], [ -60.020534, -34.653258 ], [ -60.02176099899998, -34.654352 ], [ -60.022442105999971, -34.654954974999946 ], [ -60.022908401999977, -34.655367780999939 ], [ -60.023967693999964, -34.656305558999975 ], [ -60.029999, -34.661645 ], [ -60.034272505999979, -34.665404407999958 ], [ -60.038694, -34.669294 ], [ -60.040887, -34.671246 ], [ -60.045886289999949, -34.675621950999975 ], [ -60.048442, -34.677859 ], [ -60.049298, -34.678666 ], [ -60.057862, -34.686141 ], [ -60.058164, -34.6864 ], [ -60.063518, -34.691134 ], [ -60.064152866999969, -34.690636745999932 ], [ -60.066955, -34.688442 ], [ -60.07373, -34.683142 ], [ -60.084437, -34.67486 ], [ -60.085925723999935, -34.67369051899994 ], [ -60.088578, -34.671607 ], [ -60.09735, -34.664928 ], [ -60.097866, -34.664463 ], [ -60.098128, -34.664222 ], [ -60.106169, -34.657959 ], [ -60.106213007999933, -34.657992026999977 ], [ -60.106680680999943, -34.657627763999976 ], [ -60.106846, -34.657499 ], [ -60.110616, -34.660329 ], [ -60.113681, -34.662581 ], [ -60.114054, -34.662909 ], [ -60.122931, -34.670744 ], [ -60.124213449999957, -34.671843586999948 ], [ -60.127105997999934, -34.674323684999941 ], [ -60.130414, -34.67716 ], [ -60.133246171999978, -34.679606684999953 ], [ -60.14009, -34.685519 ], [ -60.146785998999967, -34.691298 ], [ -60.151861, -34.695708 ], [ -60.153273, -34.696926 ], [ -60.159889, -34.702654 ], [ -60.160117, -34.702784 ], [ -60.163512, -34.705607 ], [ -60.164042, -34.705649 ], [ -60.164335, -34.705918 ], [ -60.170618, -34.711124 ], [ -60.176564998999936, -34.716079 ], [ -60.180422, -34.719295 ], [ -60.184018, -34.722286 ], [ -60.187795, -34.72542 ], [ -60.189925047999971, -34.727167501999929 ], [ -60.191843, -34.728741 ], [ -60.186546, -34.732989 ], [ -60.175114, -34.742187 ], [ -60.174807, -34.742455 ], [ -60.174138, -34.743048 ], [ -60.177456, -34.745806 ], [ -60.183213, -34.750592 ], [ -60.184894, -34.752029 ], [ -60.185274, -34.752285 ], [ -60.186383, -34.753242 ], [ -60.188132, -34.754654 ], [ -60.190756, -34.756772 ], [ -60.181607, -34.763747 ], [ -60.172989, -34.770245 ], [ -60.175992, -34.772826 ], [ -60.176137, -34.772928 ], [ -60.182808, -34.77868 ], [ -60.183401, -34.77915 ], [ -60.186741, -34.781974 ], [ -60.187304, -34.782483 ], [ -60.190685, -34.785277 ], [ -60.199395, -34.792603 ], [ -60.199793997999961, -34.792946372999957 ], [ -60.225184561999988, -34.814797214999928 ], [ -60.233965957999935, -34.822396632999983 ], [ -60.243551904999954, -34.829955559999974 ], [ -60.242185, -34.828763 ], [ -60.23983476099994, -34.826769397999961 ], [ -60.239549, -34.826527 ], [ -60.239730630999986, -34.826381863999984 ], [ -60.246865, -34.820681 ], [ -60.250462, -34.817912 ], [ -60.253397, -34.81546 ], [ -60.25405, -34.814947 ], [ -60.256747, -34.812869 ], [ -60.257061, -34.812618 ], [ -60.281463, -34.79361 ], [ -60.288814148999961, -34.787896950999937 ], [ -60.305907, -34.774613 ], [ -60.320873811999938, -34.762920540999964 ], [ -60.320821, -34.762869 ], [ -60.321260743999979, -34.762519339999983 ], [ -60.322508940999974, -34.761526841999967 ], [ -60.32251, -34.761526 ], [ -60.323314998999933, -34.762251 ], [ -60.323519, -34.762661 ], [ -60.333716, -34.771377 ], [ -60.337042166999943, -34.774209535999944 ], [ -60.338837, -34.775738 ], [ -60.349966, -34.78529 ], [ -60.356871, -34.791232 ], [ -60.362228158999976, -34.79579860399997 ], [ -60.362505, -34.795637 ], [ -60.365710999, -34.793083 ], [ -60.372562, -34.787641 ], [ -60.375759, -34.790332 ], [ -60.37617, -34.790683 ], [ -60.382113, -34.795764 ], [ -60.387355, -34.800215 ], [ -60.390934632999972, -34.803255853999929 ], [ -60.392039, -34.804194 ], [ -60.395801998999957, -34.807391 ], [ -60.401755195999954, -34.81243290499998 ], [ -60.402326, -34.812913 ], [ -60.402802, -34.813339 ], [ -60.406792, -34.816701 ], [ -60.407437, -34.817253 ], [ -60.412334, -34.821451 ], [ -60.412572, -34.821654 ], [ -60.413953384999964, -34.822827903999944 ], [ -60.419747426999947, -34.827774142999942 ], [ -60.422829270999962, -34.830405040999949 ], [ -60.455864141999932, -34.858606137999978 ], [ -60.460030386999968, -34.862162765999983 ], [ -60.460279, -34.862375 ], [ -60.460766, -34.862058 ], [ -60.461712, -34.861184 ], [ -60.462176, -34.860974 ], [ -60.462768, -34.861024 ], [ -60.46361, -34.86055 ], [ -60.464454, -34.860303 ], [ -60.465447, -34.8603 ], [ -60.465995, -34.860019 ], [ -60.466268, -34.859652 ], [ -60.466579, -34.858642 ], [ -60.467080998999961, -34.857734 ], [ -60.46765, -34.857454 ], [ -60.46805, -34.857313 ], [ -60.468554, -34.856702 ], [ -60.46906, -34.856578 ], [ -60.469773182, -34.856584072999965 ], [ -60.470704, -34.856592 ], [ -60.47177187799997, -34.856621494999956 ], [ -60.472116, -34.856631 ], [ -60.472379225999987, -34.856412165999977 ], [ -60.472537, -34.856281 ], [ -60.47258007999995, -34.856282403999963 ], [ -60.473488, -34.856312 ], [ -60.473698, -34.856068 ], [ -60.473619, -34.855665 ], [ -60.474095, -34.855248 ], [ -60.475044, -34.854931 ], [ -60.475166, -34.854234 ], [ -60.475839, -34.853657 ], [ -60.476726, -34.853532 ], [ -60.47746, -34.852544 ], [ -60.477847, -34.850106 ], [ -60.478603, -34.84932 ], [ -60.479208, -34.847925 ], [ -60.479428, -34.847636 ], [ -60.480955694999977, -34.846746053999929 ], [ -60.481112, -34.846655 ], [ -60.481853, -34.846578 ], [ -60.482767569999972, -34.846516910999988 ], [ -60.482886, -34.846509 ], [ -60.483341, -34.846366 ], [ -60.484129, -34.845947 ], [ -60.484465, -34.845562 ], [ -60.484520049999965, -34.844719159999954 ], [ -60.484523, -34.844674 ], [ -60.48455606899995, -34.844656484999966 ], [ -60.485447941999944, -34.844184089999942 ], [ -60.48545, -34.844183 ], [ -60.485935, -34.844181 ], [ -60.487776, -34.844679 ], [ -60.488948, -34.84465 ], [ -60.490095817999986, -34.844495518999956 ], [ -60.490278, -34.844471 ], [ -60.490846, -34.844155 ], [ -60.491833, -34.843072 ], [ -60.491976, -34.842393 ], [ -60.492034, -34.841417 ], [ -60.491961, -34.840679 ], [ -60.492174, -34.840059 ], [ -60.493056, -34.839168 ], [ -60.494483584999948, -34.838574341999959 ], [ -60.494684, -34.838491 ], [ -60.495571, -34.838366 ], [ -60.496635672999957, -34.838299623999944 ], [ -60.496774, -34.838291 ], [ -60.497324, -34.838393 ], [ -60.498042, -34.838321 ], [ -60.498928, -34.838039 ], [ -60.500732849999963, -34.838797654999951 ], [ -60.500855, -34.838849 ], [ -60.50129616199996, -34.83906151799993 ], [ -60.502551, -34.839666 ], [ -60.505212, -34.838623 ], [ -60.506388, -34.838717 ], [ -60.507042, -34.839041 ], [ -60.507696, -34.839599 ], [ -60.509483, -34.840697 ], [ -60.510731, -34.84104 ], [ -60.511999, -34.841087 ], [ -60.514563720999945, -34.840778224999937 ], [ -60.514848, -34.840744 ], [ -60.515009397999954, -34.840815038999949 ], [ -60.516811, -34.841608 ], [ -60.518059, -34.841881 ], [ -60.51939, -34.84191 ], [ -60.520236, -34.84215 ], [ -60.521271, -34.842059 ], [ -60.522133998999948, -34.841602 ], [ -60.523864, -34.841299 ], [ -60.524985, -34.84152 ], [ -60.525471, -34.841421 ], [ -60.525746, -34.841366 ], [ -60.525958, -34.841345 ], [ -60.526527, -34.841444 ], [ -60.527311, -34.841858 ], [ -60.527907, -34.841934 ], [ -60.529283, -34.84162 ], [ -60.529849, -34.840921 ], [ -60.530122, -34.839401 ], [ -60.530597998999959, -34.837667 ], [ -60.530867, -34.835033 ], [ -60.530440998999943, -34.83424 ], [ -60.530428832, -34.834230410999965 ], [ -60.529804, -34.833738 ], [ -60.529799604999944, -34.833732568999949 ], [ -60.528568998999958, -34.832212 ], [ -60.527989, -34.831094 ], [ -60.527897, -34.829824 ], [ -60.528182, -34.829466 ], [ -60.528821, -34.829054 ], [ -60.529812, -34.828754 ], [ -60.530632, -34.82821 ], [ -60.531285, -34.827894 ], [ -60.53147, -34.82711 ], [ -60.532078, -34.826376 ], [ -60.532941, -34.825903 ], [ -60.533438, -34.825412 ], [ -60.533638, -34.825056 ], [ -60.533892727999955, -34.824323328999981 ], [ -60.533929, -34.824219 ], [ -60.534329, -34.824044 ], [ -60.534689972999963, -34.824036160999974 ], [ -60.535342, -34.824022 ], [ -60.537027, -34.823214 ], [ -60.538084731999959, -34.82277149599998 ], [ -60.538313, -34.822676 ], [ -60.538809, -34.822432 ], [ -60.539227181999934, -34.822430084999944 ], [ -60.539464, -34.822429 ], [ -60.540247541999975, -34.821884549999936 ], [ -60.540339, -34.821821 ], [ -60.540809, -34.821518 ], [ -60.541866, -34.821635 ], [ -60.542793, -34.821317 ], [ -60.543364, -34.821384 ], [ -60.544128, -34.821903 ], [ -60.545471909999939, -34.822141314999953 ], [ -60.545566, -34.822158 ], [ -60.54681, -34.821978 ], [ -60.547722860999954, -34.821396932999946 ], [ -60.547883, -34.821295 ], [ -60.548847, -34.821262 ], [ -60.549491199999977, -34.821703232999937 ], [ -60.549771, -34.82269 ], [ -60.550430998999957, -34.823487 ], [ -60.550436480999963, -34.823489712999958 ], [ -60.551025, -34.823781 ], [ -60.551029507999949, -34.823789301999966 ], [ -60.551580998999945, -34.824805 ], [ -60.551591386999974, -34.824811345999933 ], [ -60.552514, -34.825375 ], [ -60.552518758999959, -34.82538334499997 ], [ -60.553475, -34.82706 ], [ -60.553486277999987, -34.827068229999952 ], [ -60.555266, -34.828367 ], [ -60.556434070999963, -34.829186341999957 ], [ -60.556646, -34.829335 ], [ -60.557829, -34.829417 ], [ -60.558273, -34.829572 ], [ -60.558715, -34.829239 ], [ -60.559319, -34.828 ], [ -60.560431, -34.826863 ], [ -60.561061, -34.826425 ], [ -60.561753, -34.825582 ], [ -60.562465404999948, -34.824966771999975 ], [ -60.562794, -34.824683 ], [ -60.563363, -34.824559 ], [ -60.564103, -34.824643 ], [ -60.56519745099996, -34.825380240999948 ], [ -60.565206, -34.825386 ], [ -60.565344249999953, -34.825348399999939 ], [ -60.565923, -34.825191 ], [ -60.566032248999932, -34.825199172999923 ], [ -60.566577998999946, -34.82524 ], [ -60.567147, -34.824994 ], [ -60.567313, -34.824593 ], [ -60.567013, -34.823968 ], [ -60.567199, -34.823375 ], [ -60.567499852999966, -34.823302436999946 ], [ -60.567937, -34.823197 ], [ -60.568707975999985, -34.823355014999947 ], [ -60.569268998999981, -34.82347 ], [ -60.569839, -34.823397 ], [ -60.57062360599997, -34.823109853999938 ], [ -60.57085, -34.823027 ], [ -60.571587036999979, -34.822957169999938 ], [ -60.572201, -34.822899 ], [ -60.57296, -34.822704 ], [ -60.572914764999958, -34.822138564999918 ], [ -60.572914, -34.822129 ], [ -60.572342, -34.821923 ], [ -60.571559, -34.821753 ], [ -60.570944, -34.821338 ], [ -60.569997719999947, -34.820842045999939 ], [ -60.569748, -34.820486 ], [ -60.570188, -34.819979 ], [ -60.571390975999982, -34.819732234999947 ], [ -60.571865, -34.819635 ], [ -60.572796, -34.81977 ], [ -60.573619, -34.819783 ], [ -60.574233, -34.819919 ], [ -60.574409346999971, -34.819909267999947 ], [ -60.574686, -34.819894 ], [ -60.575434, -34.819566 ], [ -60.575501980999952, -34.819262571999957 ], [ -60.575516, -34.8192 ], [ -60.576633, -34.818811 ], [ -60.577584, -34.818964 ], [ -60.578503124999941, -34.818683074999953 ], [ -60.578523, -34.818677 ], [ -60.580016318999974, -34.818073120999934 ], [ -60.580301, -34.817958 ], [ -60.580867995999938, -34.817944218999969 ], [ -60.581015071999964, -34.817940643999982 ], [ -60.581453, -34.81793 ], [ -60.582001, -34.817788 ], [ -60.583649, -34.817884 ], [ -60.584534, -34.817567 ], [ -60.584674050999986, -34.817566228999965 ], [ -60.585442, -34.817562 ], [ -60.588055, -34.816749 ], [ -60.588493, -34.816016 ], [ -60.588918307999961, -34.814662457999923 ], [ -60.58903, -34.814307 ], [ -60.589767, -34.813354 ], [ -60.589738, -34.812152 ], [ -60.59068, -34.811103 ], [ -60.590656, -34.810668 ], [ -60.590101, -34.809853 ], [ -60.590114, -34.808669 ], [ -60.589832, -34.807842 ], [ -60.589891, -34.806586 ], [ -60.590243, -34.806152 ], [ -60.591481998999939, -34.80531 ], [ -60.59253, -34.804243 ], [ -60.593624, -34.803646 ], [ -60.593831, -34.803105 ], [ -60.594250998999946, -34.801806 ], [ -60.595153, -34.800984 ], [ -60.59595, -34.800249 ], [ -60.596856, -34.799966 ], [ -60.597463, -34.799179 ], [ -60.597647, -34.79843 ], [ -60.597281, -34.797353 ], [ -60.597701, -34.796628 ], [ -60.597318, -34.79616 ], [ -60.597315441999967, -34.796160010999984 ], [ -60.59641, -34.796164 ], [ -60.595960855999969, -34.79592562299996 ], [ -60.595922, -34.795905 ], [ -60.595919814999938, -34.795898270999949 ], [ -60.595685, -34.795175 ], [ -60.595693522999966, -34.79512747099993 ], [ -60.595888, -34.794043 ], [ -60.596223, -34.793693 ], [ -60.59643, -34.793187 ], [ -60.596741645999941, -34.792999774999949 ], [ -60.596956, -34.792871 ], [ -60.597521455999981, -34.792981402999928 ], [ -60.597545, -34.792986 ], [ -60.597700281999948, -34.792977189999931 ], [ -60.597949169999936, -34.792963068999939 ], [ -60.598813998999958, -34.792914 ], [ -60.599804, -34.792613 ], [ -60.600206, -34.792096 ], [ -60.600307, -34.791347 ], [ -60.599814, -34.790357 ], [ -60.600075879999963, -34.790045068 ], [ -60.600107, -34.790008 ], [ -60.600739, -34.789778 ], [ -60.601410698999977, -34.789798312999949 ], [ -60.601731, -34.789808 ], [ -60.602129998999942, -34.789528 ], [ -60.602232, -34.788988 ], [ -60.601569, -34.787911 ], [ -60.601423, -34.787347 ], [ -60.60222, -34.786525 ], [ -60.602699, -34.785722 ], [ -60.603689999, -34.785508 ], [ -60.604427, -34.785226 ], [ -60.605015998999924, -34.784927 ], [ -60.605128166999975, -34.784122544999946 ], [ -60.605173, -34.783801 ], [ -60.605210145999941, -34.783754475999956 ], [ -60.605478, -34.783419 ], [ -60.60599, -34.782544 ], [ -60.60611, -34.781568 ], [ -60.60659, -34.780904 ], [ -60.606731998999983, -34.780068 ], [ -60.607713, -34.778496 ], [ -60.607769, -34.777503 ], [ -60.608103, -34.776996 ], [ -60.608644, -34.776726 ], [ -60.61007, -34.776231 ], [ -60.610635, -34.775515 ], [ -60.611916, -34.774725 ], [ -60.612018, -34.774176 ], [ -60.611589, -34.773299 ], [ -60.611577874999966, -34.773290883999955 ], [ -60.61038, -34.772417 ], [ -60.610379393999942, -34.772412770999942 ], [ -60.610335, -34.772103 ], [ -60.610519, -34.771302 ], [ -60.610600437999949, -34.77120887699995 ], [ -60.610748998999952, -34.771039 ], [ -60.6117, -34.771191 ], [ -60.611959683999942, -34.771322497999961 ], [ -60.612484, -34.771588 ], [ -60.613071, -34.770929 ], [ -60.613400998999964, -34.769865 ], [ -60.614243, -34.76953 ], [ -60.614891, -34.768674 ], [ -60.615155, -34.767227 ], [ -60.6157, -34.766754 ], [ -60.617258, -34.766319 ], [ -60.617695, -34.766053 ], [ -60.618741, -34.764829 ], [ -60.618986, -34.763801 ], [ -60.620591, -34.762777 ], [ -60.62134, -34.762535 ], [ -60.621947, -34.761801 ], [ -60.622875, -34.761691 ], [ -60.623631, -34.76127 ], [ -60.624552, -34.760272 ], [ -60.62569, -34.759971 ], [ -60.626324, -34.760124 ], [ -60.626998, -34.759935 ], [ -60.627629, -34.759647 ], [ -60.627898, -34.758984 ], [ -60.628222, -34.758284 ], [ -60.628213, -34.7577 ], [ -60.628863, -34.757139 ], [ -60.629363, -34.756196 ], [ -60.629212, -34.755796 ], [ -60.628658, -34.755051 ], [ -60.628567, -34.754268 ], [ -60.628553115999978, -34.754256000999931 ], [ -60.628206, -34.753956 ], [ -60.627888, -34.753731 ], [ -60.627882323999977, -34.753723889999954 ], [ -60.627611, -34.753384 ], [ -60.627563, -34.752601 ], [ -60.626987, -34.751751 ], [ -60.626828, -34.751007 ], [ -60.626692, -34.74965 ], [ -60.626456, -34.749233 ], [ -60.626132, -34.748138 ], [ -60.626376, -34.746918 ], [ -60.627337, -34.745676 ], [ -60.627144, -34.74526 ], [ -60.626633, -34.744723 ], [ -60.626632053999977, -34.744722743999944 ], [ -60.626238767999958, -34.744616188999942 ], [ -60.626024, -34.744558 ], [ -60.626012592999984, -34.744545697999961 ], [ -60.625616, -34.744118 ], [ -60.625617649999981, -34.744109512999948 ], [ -60.625764, -34.743357 ], [ -60.62612, -34.743007 ], [ -60.627133, -34.743019 ], [ -60.627869, -34.74265 ], [ -60.628417, -34.742647 ], [ -60.629547, -34.741422 ], [ -60.630489, -34.74039 ], [ -60.630443, -34.739288 ], [ -60.631274, -34.738461 ], [ -60.633287, -34.737772 ], [ -60.634485, -34.737261 ], [ -60.635076, -34.737241 ], [ -60.635686, -34.737081 ], [ -60.636129, -34.737061 ], [ -60.63678, -34.736588 ], [ -60.637512, -34.735748 ], [ -60.637718, -34.73519 ], [ -60.638369, -34.734716 ], [ -60.63904, -34.73419 ], [ -60.639798, -34.734099 ], [ -60.639905, -34.73367 ], [ -60.640673, -34.732632 ], [ -60.642048, -34.731311 ], [ -60.642004, -34.730136 ], [ -60.64195, -34.7299 ], [ -60.64256, -34.729375 ], [ -60.64353, -34.729353 ], [ -60.644439, -34.729574 ], [ -60.645704, -34.729446 ], [ -60.646567, -34.72925 ], [ -60.647477, -34.728883 ], [ -60.648079, -34.728389 ], [ -60.6493, -34.726736 ], [ -60.650292, -34.725741 ], [ -60.651074, -34.724324 ], [ -60.650939, -34.723176 ], [ -60.652228998999988, -34.721866 ], [ -60.652715, -34.7211 ], [ -60.653589, -34.72015 ], [ -60.653948, -34.719683 ], [ -60.653710998999941, -34.719005 ], [ -60.654142, -34.717488 ], [ -60.654541, -34.716968 ], [ -60.654661, -34.716388 ], [ -60.654900998999956, -34.715502 ], [ -60.655283, -34.714825 ], [ -60.655809, -34.71428 ], [ -60.655948, -34.713481 ], [ -60.656448, -34.712712 ], [ -60.65676, -34.712205 ], [ -60.657485, -34.711819 ], [ -60.657833, -34.711532 ], [ -60.657889, -34.710911 ], [ -60.65795, -34.71058 ], [ -60.657565, -34.70992 ], [ -60.657707, -34.709275 ], [ -60.658752, -34.70878 ], [ -60.659676, -34.708417 ], [ -60.660239, -34.708284 ], [ -60.66134, -34.708182 ], [ -60.662603998999941, -34.708344 ], [ -60.663218, -34.708311 ], [ -60.663848, -34.707942 ], [ -60.664396, -34.706978 ], [ -60.665186, -34.706489 ], [ -60.665689, -34.706086 ], [ -60.665748, -34.70565 ], [ -60.666459, -34.704898 ], [ -60.667092, -34.704825 ], [ -60.667746, -34.704381 ], [ -60.66843, -34.704271 ], [ -60.669507998999961, -34.704544 ], [ -60.67008, -34.704924 ], [ -60.671428, -34.705004 ], [ -60.672549, -34.705084 ], [ -60.673945, -34.705511 ], [ -60.675064, -34.705767 ], [ -60.676009, -34.705257 ], [ -60.676690175999973, -34.705291702999951 ], [ -60.677287, -34.706219 ], [ -60.677295116999971, -34.706222859999968 ], [ -60.678656, -34.70687 ], [ -60.679272, -34.707354 ], [ -60.679653, -34.707508 ], [ -60.680446311999958, -34.70769904399998 ], [ -60.680484010999983, -34.707708122999968 ], [ -60.681069, -34.707849 ], [ -60.681084118999934, -34.707852304999953 ], [ -60.681334010999933, -34.707906927999943 ], [ -60.682231, -34.708103 ], [ -60.683077, -34.708499 ], [ -60.68373, -34.708391 ], [ -60.683954, -34.708374 ], [ -60.684798, -34.708421 ], [ -60.685745, -34.708155 ], [ -60.686373, -34.707647 ], [ -60.686479, -34.707271 ], [ -60.686444484999988, -34.707116335999963 ], [ -60.685302033999967, -34.701996992999959 ], [ -60.685156380999956, -34.701344315999954 ], [ -60.683818, -34.695347 ], [ -60.683968823999969, -34.695293412999952 ], [ -60.684240134999982, -34.695197017999924 ], [ -60.68388716599997, -34.694925307999945 ], [ -60.683701, -34.694782 ], [ -60.683697449999954, -34.694777025999947 ], [ -60.683687, -34.694769 ], [ -60.683240186999967, -34.694142866999982 ], [ -60.683236, -34.694137 ], [ -60.683160606999934, -34.694082200999958 ], [ -60.682804, -34.693823 ], [ -60.682236, -34.693839 ], [ -60.68121466499997, -34.693293232999963 ], [ -60.681203, -34.693287 ], [ -60.681167972999958, -34.693185488999973 ], [ -60.681046, -34.692832 ], [ -60.681923, -34.691135 ], [ -60.682178, -34.690411 ], [ -60.682173, -34.689802 ], [ -60.681815, -34.689095 ], [ -60.682088, -34.688594 ], [ -60.681980369999962, -34.688190390999978 ], [ -60.681944, -34.688054 ], [ -60.681718707999948, -34.68767851399997 ], [ -60.681539, -34.687379 ], [ -60.681561139999985, -34.686839120999934 ], [ -60.681565, -34.686745 ], [ -60.68160399899994, -34.686680981999984 ], [ -60.681883, -34.686223 ], [ -60.681894, -34.685691 ], [ -60.681456, -34.68473 ], [ -60.681621, -34.683401 ], [ -60.68179620899997, -34.682183429999952 ], [ -60.681818, -34.682032 ], [ -60.682158, -34.680471 ], [ -60.681976357999986, -34.679854883999944 ], [ -60.681811, -34.679294 ], [ -60.681819031999964, -34.679262917999949 ], [ -60.682049, -34.678373 ], [ -60.682334, -34.677547 ], [ -60.682303102999988, -34.676903683999967 ], [ -60.682301616999958, -34.676872732999968 ], [ -60.682278, -34.676381 ], [ -60.681842, -34.675598 ], [ -60.681699, -34.675054 ], [ -60.682343, -34.674177 ], [ -60.683086, -34.673567 ], [ -60.683493, -34.672665 ], [ -60.683840998999983, -34.672143 ], [ -60.684116322999955, -34.671993221999962 ], [ -60.684659, -34.671698 ], [ -60.685302526999976, -34.671153713999956 ], [ -60.685703, -34.670815 ], [ -60.685654998999958, -34.669798 ], [ -60.685353315999976, -34.669176620999963 ], [ -60.685119, -34.668694 ], [ -60.684945548999963, -34.667589509999964 ], [ -60.684790241999956, -34.666600538999951 ], [ -60.68479, -34.666599 ], [ -60.68420891399996, -34.666114940999925 ], [ -60.683720020999949, -34.665707678999972 ], [ -60.683736, -34.664681 ], [ -60.68372760799997, -34.664502046999928 ], [ -60.683715048999943, -34.664234241999949 ], [ -60.683702, -34.663956 ], [ -60.683507, -34.663482 ], [ -60.683503632999987, -34.663066124999943 ], [ -60.683503, -34.662988 ], [ -60.683832, -34.662215 ], [ -60.683714404999932, -34.661961748999936 ], [ -60.683539, -34.661584 ], [ -60.683515222999972, -34.661480808999954 ], [ -60.683489, -34.661367 ], [ -60.683703, -34.661089 ], [ -60.683748, -34.660752 ], [ -60.683601, -34.660338 ], [ -60.683597, -34.659942 ], [ -60.683624460999972, -34.659903622999941 ], [ -60.683752045999938, -34.659725323999957 ], [ -60.684053815999967, -34.659303601999973 ], [ -60.684236, -34.659049 ], [ -60.684782, -34.658492 ], [ -60.685133218999965, -34.657545206999941 ], [ -60.685260995999947, -34.657200752999977 ], [ -60.685321, -34.657039 ], [ -60.68587, -34.656924 ], [ -60.686033852999977, -34.656930121999949 ], [ -60.686324390999971, -34.656940976999969 ], [ -60.68674147399998, -34.657377803999971 ], [ -60.686877749999951, -34.657520529999935 ], [ -60.686967067999952, -34.657614076999941 ], [ -60.686988, -34.657636 ], [ -60.68698885099996, -34.657636275999948 ], [ -60.687000998999963, -34.657649 ], [ -60.68776, -34.657895 ], [ -60.688455, -34.657891 ], [ -60.68903, -34.658066 ], [ -60.690407, -34.657678 ], [ -60.690590868999948, -34.657570595999971 ], [ -60.690822998999984, -34.657435 ], [ -60.691068663999935, -34.657259188999944 ], [ -60.692177, -34.656466 ], [ -60.692821, -34.656206 ], [ -60.693077407999972, -34.656158006999931 ], [ -60.693585, -34.656063 ], [ -60.693748531999972, -34.656062124999949 ], [ -60.694519, -34.656058 ], [ -60.694829, -34.655898 ], [ -60.695399, -34.65542 ], [ -60.696095612999954, -34.654786595999951 ], [ -60.696457, -34.654458 ], [ -60.69696972699996, -34.654181126999966 ], [ -60.697032031999974, -34.654147482999974 ], [ -60.697457, -34.653918 ], [ -60.69793340899998, -34.653760503999933 ], [ -60.698794, -34.653476 ], [ -60.699836869999963, -34.653494989999949 ], [ -60.700112, -34.6535 ], [ -60.700661, -34.653544 ], [ -60.701138998999973, -34.653423 ], [ -60.701113, -34.653106 ], [ -60.700726, -34.652674 ], [ -60.700843, -34.652376 ], [ -60.701261679999959, -34.652219319999972 ], [ -60.701369346999975, -34.652179028999974 ], [ -60.701487, -34.652135 ], [ -60.702168807999954, -34.651817222999973 ], [ -60.703418, -34.651235 ], [ -60.703492937999954, -34.651172187999975 ], [ -60.704036, -34.650717 ], [ -60.704307389999947, -34.650466124999987 ], [ -60.704961998999977, -34.649861 ], [ -60.706679, -34.649725 ], [ -60.706878729999964, -34.649790923999952 ], [ -60.707460175999984, -34.649982838999954 ], [ -60.707597, -34.650028 ], [ -60.708237, -34.649993 ], [ -60.70864, -34.649496 ], [ -60.708844, -34.649045 ], [ -60.709048125999971, -34.648881224999968 ], [ -60.709446, -34.648562 ], [ -60.710039644999945, -34.64831644099997 ], [ -60.710853, -34.64798 ], [ -60.711773131999969, -34.647641963999945 ], [ -60.712165, -34.647498 ], [ -60.71223099499997, -34.647398167999931 ], [ -60.712401, -34.647141 ], [ -60.712678482999934, -34.647054821 ], [ -60.712855, -34.647 ], [ -60.713370354999931, -34.647123173999951 ], [ -60.713742, -34.647212 ], [ -60.713957256999947, -34.647131215999934 ], [ -60.714171, -34.647051 ], [ -60.714264034999985, -34.646978223999945 ], [ -60.714644, -34.646681 ], [ -60.714784651999935, -34.646799056999946 ], [ -60.714806815999964, -34.646796595999945 ], [ -60.715866, -34.646679 ], [ -60.716716, -34.646374 ], [ -60.717406, -34.64616 ], [ -60.718422, -34.646049 ], [ -60.719961, -34.645455 ], [ -60.721884, -34.645188 ], [ -60.723446, -34.64472 ], [ -60.724026, -34.644717 ], [ -60.724733, -34.644901 ], [ -60.725511, -34.644896 ], [ -60.725978, -34.644724 ], [ -60.72681, -34.644329 ], [ -60.727478, -34.64395 ], [ -60.728167, -34.643826 ], [ -60.729258, -34.64397 ], [ -60.730388, -34.644038 ], [ -60.730839998999961, -34.644065 ], [ -60.731165, -34.644133 ], [ -60.731409, -34.644782 ], [ -60.731489709999956, -34.644847687 ], [ -60.731683, -34.645005 ], [ -60.732138, -34.645093 ], [ -60.733209, -34.645011 ], [ -60.733901998999954, -34.645307 ], [ -60.734806, -34.645624 ], [ -60.735597, -34.645705 ], [ -60.73599, -34.6457 ], [ -60.736694, -34.645582 ], [ -60.73715, -34.64573 ], [ -60.737409, -34.64603 ], [ -60.737903, -34.64673 ], [ -60.738671, -34.647281 ], [ -60.739637, -34.647635 ], [ -60.740456, -34.647885 ], [ -60.740749, -34.648123 ], [ -60.741011, -34.648947 ], [ -60.741446, -34.649115 ], [ -60.74183, -34.648824 ], [ -60.741931567999984, -34.648578832999931 ], [ -60.742118, -34.648651 ], [ -60.742503, -34.64836 ], [ -60.742861077999976, -34.647496554999975 ], [ -60.743324, -34.647295 ], [ -60.743358446999935, -34.647120113999954 ], [ -60.743431, -34.647078 ], [ -60.743599608999943, -34.647004587999966 ], [ -60.743842229999984, -34.646898950999962 ], [ -60.743996, -34.646832 ], [ -60.744205, -34.645776 ], [ -60.744496, -34.645014 ], [ -60.744504675999963, -34.644997917999952 ], [ -60.744925428999977, -34.644217985999944 ], [ -60.745045058999949, -34.644217278999967 ], [ -60.7456, -34.644214 ], [ -60.74606, -34.644144 ], [ -60.746463, -34.643851 ], [ -60.746461723999971, -34.643726843999964 ], [ -60.74646167099997, -34.643721637999931 ], [ -60.746457, -34.643267 ], [ -60.747130639999966, -34.642865313999941 ], [ -60.74713, -34.642803 ], [ -60.747191844, -34.642766166999927 ], [ -60.748532, -34.641968 ], [ -60.749814998999966, -34.641739 ], [ -60.751693, -34.64161 ], [ -60.752322418999931, -34.64144499899993 ], [ -60.752475, -34.641405 ], [ -60.753791, -34.640332 ], [ -60.753735344999939, -34.639966158999982 ], [ -60.753667114999985, -34.63951765999996 ], [ -60.753890406999972, -34.639464587999946 ], [ -60.754078, -34.63942 ], [ -60.75421395099994, -34.639083408999959 ], [ -60.75475, -34.638956 ], [ -60.754960486999948, -34.638435405999921 ], [ -60.755139447999973, -34.637992784999938 ], [ -60.755143, -34.637984 ], [ -60.755144387999955, -34.637983762999959 ], [ -60.755481, -34.637369 ], [ -60.75523, -34.636422 ], [ -60.755407, -34.635955 ], [ -60.755958202999977, -34.635810860999982 ], [ -60.75608, -34.635492 ], [ -60.756208210999951, -34.63545825999995 ], [ -60.756414457999945, -34.635403984999982 ], [ -60.756518552999971, -34.635255305999969 ], [ -60.756691, -34.635009 ], [ -60.757247, -34.634371 ], [ -60.757420998999976, -34.63317 ], [ -60.757993, -34.632481 ], [ -60.758237, -34.631794 ], [ -60.758395998999966, -34.630785 ], [ -60.757005111999952, -34.629505614999971 ], [ -60.753344, -34.626138 ], [ -60.753027, -34.625848 ], [ -60.751577804999954, -34.624533424999967 ], [ -60.749819, -34.622938 ], [ -60.749158, -34.622411 ], [ -60.744395, -34.618326 ], [ -60.737634300999957, -34.61245424699996 ], [ -60.733778, -34.609105 ], [ -60.733427, -34.608791 ], [ -60.729818, -34.605707 ], [ -60.727454, -34.603614 ], [ -60.727298330999986, -34.603477328999922 ], [ -60.726842493999982, -34.603077122999942 ], [ -60.725258, -34.601686 ], [ -60.722599, -34.599404 ], [ -60.720759, -34.597819 ], [ -60.718356, -34.595741 ], [ -60.715777, -34.593501 ], [ -60.714719, -34.592579 ], [ -60.714428, -34.592328 ], [ -60.712024, -34.590252 ], [ -60.709029, -34.587672 ], [ -60.707765, -34.586582 ], [ -60.70752, -34.586369 ], [ -60.706827, -34.585769 ], [ -60.705993, -34.585039 ], [ -60.705454, -34.584569 ], [ -60.705344, -34.584469 ], [ -60.703376, -34.58278 ], [ -60.703001938999925, -34.582451772999931 ], [ -60.701148, -34.580825 ], [ -60.700729998999968, -34.580446 ], [ -60.700576, -34.58031 ], [ -60.699609, -34.579453 ], [ -60.696368, -34.576579 ], [ -60.693611998999984, -34.574148 ], [ -60.692871049999958, -34.573498963999953 ], [ -60.692693, -34.573343 ], [ -60.691923, -34.572668 ], [ -60.691161, -34.572001 ], [ -60.687039, -34.568388 ], [ -60.686697, -34.568087 ], [ -60.682138, -34.564082 ], [ -60.676410998999984, -34.559034 ], [ -60.675133, -34.557914 ], [ -60.674358, -34.557227 ], [ -60.67051, -34.553803 ], [ -60.666417, -34.55018 ], [ -60.666161, -34.549966 ], [ -60.664619, -34.548666 ], [ -60.664411, -34.548504 ], [ -60.662085026999939, -34.546474323 ], [ -60.657708482999965, -34.542655287999928 ], [ -60.646905204999939, -34.533228191999967 ], [ -60.646701, -34.53305 ], [ -60.646905204999939, -34.532888088999982 ], [ -60.647629910999974, -34.532313479999978 ], [ -60.648753, -34.531423 ], [ -60.654422357999977, -34.527002395999936 ], [ -60.655634047999968, -34.526057596999969 ], [ -60.660591196, -34.522192328999949 ], [ -60.663617, -34.519833 ], [ -60.667279, -34.516993 ], [ -60.667608, -34.516736 ], [ -60.671828571999981, -34.513457519999974 ], [ -60.672424, -34.512995 ], [ -60.672893380999938, -34.512631582999958 ], [ -60.673626375999959, -34.512064060999933 ], [ -60.677205, -34.509355 ], [ -60.677156063999981, -34.509313486999936 ], [ -60.676882797999951, -34.509081672999976 ], [ -60.675992, -34.508326 ], [ -60.675810321999968, -34.508166925999944 ], [ -60.668421, -34.501697 ], [ -60.66246, -34.496476 ], [ -60.657794, -34.492437 ], [ -60.657472, -34.492154 ], [ -60.649601, -34.485388 ], [ -60.647192, -34.483379 ], [ -60.646725, -34.483007 ], [ -60.638093, -34.475541 ], [ -60.636340753999953, -34.474034968999945 ], [ -60.634028594999954, -34.47204769899998 ], [ -60.626023, -34.465167 ], [ -60.624983, -34.464299 ], [ -60.620543, -34.460426 ], [ -60.617744, -34.458 ], [ -60.617226, -34.457053 ], [ -60.613336609999976, -34.453619721999935 ], [ -60.604563, -34.445875 ], [ -60.60208451699998, -34.443696840999955 ], [ -60.596137, -34.43847 ], [ -60.596001, -34.438351 ], [ -60.586805, -34.43024 ], [ -60.586125895999942, -34.429633215999949 ], [ -60.579152, -34.423402 ], [ -60.577463641999941, -34.421987060999982 ], [ -60.576929, -34.421539 ], [ -60.575391405999937, -34.420176372999947 ], [ -60.573739, -34.418712 ], [ -60.560975292999963, -34.407433854999951 ], [ -60.559846, -34.406436 ], [ -60.55982999899998, -34.406444 ], [ -60.559829460999936, -34.406444401999977 ], [ -60.559699706999929, -34.406541363999963 ], [ -60.557361, -34.408289 ], [ -60.556383, -34.409005 ], [ -60.556124, -34.409187 ], [ -60.555841, -34.409389 ], [ -60.55236099899998, -34.411955 ], [ -60.547776, -34.415488 ], [ -60.54301, -34.41916 ], [ -60.537581, -34.423378 ], [ -60.537353375999935, -34.423558224999965 ], [ -60.536294, -34.424397 ], [ -60.534802, -34.425572 ], [ -60.533600998999987, -34.426517 ], [ -60.533209, -34.426816 ], [ -60.532161, -34.427616 ], [ -60.531, -34.428531 ], [ -60.529673, -34.429574 ], [ -60.522829, -34.434745 ] ] ] ] } },
{ "type": "Feature", "properties": { "id": null }, "geometry": { "type": "MultiPolygon", "coordinates": [ [ [ [ -61.928009, -34.567147 ], [ -61.918144, -34.575689 ], [ -61.916281, -34.577334 ], [ -61.916111, -34.57748 ], [ -61.91592, -34.577635 ], [ -61.911899, -34.581035 ], [ -61.910880050999936, -34.581900628999961 ], [ -61.896095, -34.594461 ], [ -61.892846, -34.597286 ], [ -61.89200511699994, -34.597965788999943 ], [ -61.890424, -34.599244 ], [ -61.876494, -34.611082 ], [ -61.865825, -34.620106 ], [ -61.860162, -34.624966 ], [ -61.855271, -34.629052 ], [ -61.850964, -34.632717 ], [ -61.845370045999978, -34.637413399999957 ], [ -61.834323436999973, -34.628546354999969 ], [ -61.794897, -34.596899 ], [ -61.777115427999945, -34.582500911999944 ], [ -61.769608, -34.576422 ], [ -61.769417, -34.576605 ], [ -61.768976669999972, -34.57698080199998 ], [ -61.755005, -34.588905 ], [ -61.745499, -34.597087 ], [ -61.735489, -34.605691 ], [ -61.733461, -34.607446 ], [ -61.727115, -34.612874 ], [ -61.726287471999967, -34.613584104999966 ], [ -61.71092, -34.626771 ], [ -61.710787, -34.626909 ], [ -61.710685403999946, -34.627004592999974 ], [ -61.710567, -34.627116 ], [ -61.711613, -34.628025 ], [ -61.712429, -34.628596 ], [ -61.713077, -34.629088 ], [ -61.720116206999933, -34.63460948799996 ], [ -61.720469998999988, -34.634887 ], [ -61.725335, -34.638693 ], [ -61.726688, -34.639741 ], [ -61.726959, -34.639965 ], [ -61.727663100999962, -34.640514019999955 ], [ -61.732489, -34.644277 ], [ -61.733199, -34.644839 ], [ -61.742458, -34.652091 ], [ -61.743545, -34.652943 ], [ -61.755845, -34.662858 ], [ -61.772631, -34.676189 ], [ -61.772899, -34.676405 ], [ -61.765436, -34.682788 ], [ -61.765058, -34.683124 ], [ -61.756237, -34.690568 ], [ -61.743509819999979, -34.701249638999954 ], [ -61.742778998999945, -34.701863 ], [ -61.72741, -34.715054 ], [ -61.720291, -34.72113 ], [ -61.716837138999949, -34.724077221999949 ], [ -61.714585, -34.725999 ], [ -61.712723, -34.727596 ], [ -61.71150741799994, -34.728646150999964 ], [ -61.709357161999939, -34.730503775999971 ], [ -61.705037, -34.734236 ], [ -61.702581, -34.736312 ], [ -61.693175, -34.744289 ], [ -61.685516, -34.750796 ], [ -61.674032482999955, -34.76047937699996 ], [ -61.673472, -34.760952 ], [ -61.683869, -34.769197 ], [ -61.703481, -34.785023 ], [ -61.704963, -34.786236 ], [ -61.713273998999966, -34.792976 ], [ -61.722877381999979, -34.800609524999963 ], [ -61.724209, -34.801668 ], [ -61.72538, -34.802612 ], [ -61.730422, -34.806588 ], [ -61.732440880999953, -34.808191168999933 ], [ -61.73438, -34.809731 ], [ -61.739775, -34.81395 ], [ -61.740137356999981, -34.813994385999926 ], [ -61.742616, -34.814298 ], [ -61.745337, -34.816515 ], [ -61.744308400999955, -34.817338477999954 ], [ -61.741215, -34.819815 ], [ -61.740665, -34.820289 ], [ -61.741788031999924, -34.821195439999933 ], [ -61.754089, -34.831124 ], [ -61.765361, -34.840553 ], [ -61.765726, -34.840831 ], [ -61.771475, -34.845391 ], [ -61.771986, -34.845761 ], [ -61.785283, -34.856071 ], [ -61.791095, -34.86117 ], [ -61.79295355499994, -34.862882049999932 ], [ -61.795869580999977, -34.86556821299996 ], [ -61.800749, -34.870063 ], [ -61.8011, -34.87037 ], [ -61.803842, -34.872558 ], [ -61.815889, -34.882167 ], [ -61.817241, -34.883244 ], [ -61.819210293999959, -34.884886870999942 ], [ -61.829138, -34.893169 ], [ -61.836197, -34.898969 ], [ -61.837472, -34.89998 ], [ -61.837837453999953, -34.900276309999981 ], [ -61.842176, -34.903794 ], [ -61.84965, -34.909826 ], [ -61.856172, -34.915071 ], [ -61.862219, -34.920016 ], [ -61.862809, -34.920557 ], [ -61.872181, -34.928152 ], [ -61.877691998999985, -34.93269 ], [ -61.878469, -34.933307 ], [ -61.879292, -34.933985 ], [ -61.884107998999987, -34.937806 ], [ -61.893431, -34.945357 ], [ -61.898057, -34.949104 ], [ -61.902123, -34.952314 ], [ -61.902716, -34.952754 ], [ -61.903374535999951, -34.952226341999953 ], [ -61.91685, -34.941429 ], [ -61.920866, -34.938147 ], [ -61.921241, -34.937825 ], [ -61.927278, -34.932996 ], [ -61.937491099999924, -34.924749725999966 ], [ -61.939055, -34.923487 ], [ -61.942889, -34.920412 ], [ -61.942376, -34.919985 ], [ -61.942861, -34.919565 ], [ -61.969892, -34.897136 ], [ -61.977399961999943, -34.89087241199995 ], [ -61.97739999199996, -34.890872386999945 ], [ -61.977400022999973, -34.890872361999982 ], [ -61.978351, -34.890079 ], [ -61.982692, -34.886425 ], [ -61.9832, -34.886031 ], [ -61.983231958999973, -34.886057217999955 ], [ -61.98326048399997, -34.886080618999976 ], [ -61.993994, -34.894886 ], [ -62.003893, -34.902441 ], [ -62.011994, -34.909043 ], [ -62.024268, -34.918995 ], [ -62.028255037999934, -34.922246883999954 ], [ -62.032517, -34.925723 ], [ -62.034356, -34.927224 ], [ -62.03745, -34.929748 ], [ -62.043365, -34.934623 ], [ -62.0529, -34.942454 ], [ -62.062561, -34.950364 ], [ -62.063015, -34.95073 ], [ -62.068604652999973, -34.955319957999954 ], [ -62.073870305999947, -34.959643861999957 ], [ -62.0841, -34.968044 ], [ -62.089611499999933, -34.97254449999997 ], [ -62.095123, -34.977045 ], [ -62.104229, -34.984403 ], [ -62.104559, -34.984689 ], [ -62.105302819999963, -34.984083078999952 ], [ -62.111679, -34.978889 ], [ -62.119256, -34.972566 ], [ -62.120883, -34.971219 ], [ -62.132114, -34.961804 ], [ -62.137195565999953, -34.957549610999919 ], [ -62.144553686999977, -34.951389244999973 ], [ -62.145107, -34.950926 ], [ -62.145457, -34.950635 ], [ -62.150066759999959, -34.946743475999931 ], [ -62.155418, -34.942226 ], [ -62.165218, -34.93402 ], [ -62.166908035999938, -34.93264660199997 ], [ -62.17822, -34.923454 ], [ -62.183241648999974, -34.91938941799998 ], [ -62.18502, -34.91795 ], [ -62.185201, -34.917797 ], [ -62.184855188999954, -34.917517686999929 ], [ -62.183353013999977, -34.916304371999956 ], [ -62.182301465999963, -34.915455029999976 ], [ -62.182267998999983, -34.915428 ], [ -62.182469, -34.915252 ], [ -62.183371466999972, -34.914271606999925 ], [ -62.195845, -34.900721 ], [ -62.205554, -34.890125 ], [ -62.211099, -34.890503 ], [ -62.21191, -34.890574 ], [ -62.220666, -34.891339 ], [ -62.221189, -34.880718 ], [ -62.22259, -34.854785 ], [ -62.282853, -34.856768 ], [ -62.28306, -34.856773 ], [ -62.283104003999945, -34.855855533999943 ], [ -62.284233871999959, -34.832298181999924 ], [ -62.284337, -34.830148 ], [ -62.28468593599996, -34.823549933999971 ], [ -62.284755, -34.822244 ], [ -62.285147656999982, -34.819062750999926 ], [ -62.285187, -34.818744 ], [ -62.285605415999953, -34.813589469999954 ], [ -62.28561, -34.813533 ], [ -62.285843, -34.813523 ], [ -62.288957922999934, -34.813409499999977 ], [ -62.305054, -34.812823 ], [ -62.304742019999942, -34.812562175999965 ], [ -62.304127, -34.812048 ], [ -62.302453, -34.810719 ], [ -62.294751, -34.804567 ], [ -62.291737567999974, -34.802144207999959 ], [ -62.289931926999941, -34.800692476999977 ], [ -62.278241, -34.791293 ], [ -62.253702, -34.772141 ], [ -62.253039074999947, -34.771643732999962 ], [ -62.240236, -34.76204 ], [ -62.243403522999984, -34.75948963899998 ], [ -62.26380399899994, -34.743064 ], [ -62.259512, -34.739722 ], [ -62.248213706999934, -34.730702658999974 ], [ -62.21154456499994, -34.701429961999963 ], [ -62.197437, -34.690168 ], [ -62.188183, -34.682722 ], [ -62.219765, -34.676876 ], [ -62.251684, -34.671154 ], [ -62.263362155999964, -34.668941919999952 ], [ -62.263362188999963, -34.668941912999962 ], [ -62.268640998999956, -34.667942 ], [ -62.284517, -34.665076 ], [ -62.289875616999943, -34.664167028999934 ], [ -62.297068, -34.662947 ], [ -62.304646452999968, -34.661604935999939 ], [ -62.315889, -34.659614 ], [ -62.334942, -34.65614 ], [ -62.343119910999974, -34.654678862999951 ], [ -62.343209872999978, -34.654662862999935 ], [ -62.34564222399996, -34.654230245999926 ], [ -62.348164536999946, -34.653781627999926 ], [ -62.348151780999956, -34.653744788999973 ], [ -62.348130217999937, -34.653674709999969 ], [ -62.348109998999981, -34.653609 ], [ -62.348080653999943, -34.653501019999958 ], [ -62.348037242999965, -34.653341287999972 ], [ -62.347672712999952, -34.651999985999971 ], [ -62.347489584999956, -34.651326157999954 ], [ -62.345754, -34.64494 ], [ -62.344984374999967, -34.642099444999914 ], [ -62.344195, -34.639186 ], [ -62.343418, -34.636284 ], [ -62.341077, -34.627552 ], [ -62.340215, -34.624359 ], [ -62.33876, -34.618973 ], [ -62.336818182999934, -34.611786063999951 ], [ -62.336478, -34.610527 ], [ -62.333869, -34.601248 ], [ -62.33378, -34.600845 ], [ -62.32802, -34.578379 ], [ -62.32557562399996, -34.569270326999963 ], [ -62.325575, -34.569268 ], [ -62.325350660999959, -34.569279280999979 ], [ -62.316394663999965, -34.569729652999968 ], [ -62.316120484999942, -34.568629258999977 ], [ -62.315128, -34.564646 ], [ -62.314218, -34.561234 ], [ -62.313067, -34.5567 ], [ -62.309714, -34.544275 ], [ -62.306802, -34.533392 ], [ -62.305396647999942, -34.527757821999963 ], [ -62.304161, -34.522804 ], [ -62.302219, -34.515268 ], [ -62.300095, -34.507064 ], [ -62.297789, -34.49776 ], [ -62.296841, -34.493788 ], [ -62.292837118999962, -34.478042509999973 ], [ -62.291088, -34.471164 ], [ -62.285561, -34.44988 ], [ -62.277494, -34.418411 ], [ -62.275281, -34.409861 ], [ -62.271465, -34.395042 ], [ -62.269896232999947, -34.388969163999938 ], [ -62.26923967099998, -34.386427553999951 ], [ -62.269095239999956, -34.385868452999951 ], [ -62.269089950999948, -34.38583891299993 ], [ -62.269086809, -34.385821365999959 ], [ -62.269083076999948, -34.385821363999973 ], [ -62.067359543999942, -34.385723434999939 ], [ -61.816149729999957, -34.385601482999959 ], [ -61.816383344999963, -34.38579735199994 ], [ -61.817745, -34.386939 ], [ -61.819939, -34.388675 ], [ -61.823671, -34.39165 ], [ -61.82448, -34.392295 ], [ -61.828472, -34.395432 ], [ -61.833383998999977, -34.399272 ], [ -61.833939890999936, -34.399711153999924 ], [ -61.836484, -34.401721 ], [ -61.840682, -34.405034 ], [ -61.842372, -34.406367 ], [ -61.854226, -34.41567 ], [ -61.86135, -34.421274 ], [ -61.861551, -34.421432 ], [ -61.862307, -34.422002 ], [ -61.868287, -34.426573 ], [ -61.869199, -34.427192 ], [ -61.869511, -34.427463 ], [ -61.874907, -34.431801 ], [ -61.880777331999987, -34.436427194999972 ], [ -61.883268, -34.43839 ], [ -61.886441, -34.440896 ], [ -61.889489, -34.443304 ], [ -61.890053, -34.443778 ], [ -61.894381, -34.447159 ], [ -61.894616735999932, -34.447345906999928 ], [ -61.899455, -34.451182 ], [ -61.899786, -34.451442 ], [ -61.900689, -34.452152 ], [ -61.904776, -34.455367 ], [ -61.905508, -34.455944 ], [ -61.911136, -34.460384 ], [ -61.915251998999963, -34.463621 ], [ -61.91671, -34.464757 ], [ -61.922051, -34.468942 ], [ -61.92853, -34.474065 ], [ -61.928753, -34.474228 ], [ -61.929009, -34.474401 ], [ -61.950470700999979, -34.491171390999966 ], [ -61.954765, -34.494527 ], [ -61.96015, -34.498786 ], [ -61.963917, -34.502112 ], [ -61.974941539999975, -34.510996488999979 ], [ -61.983825686999971, -34.518156070999972 ], [ -61.983941, -34.518249 ], [ -61.982321, -34.519707 ], [ -61.971703, -34.528948 ], [ -61.959445, -34.539679 ], [ -61.959044, -34.539988 ], [ -61.95826, -34.540628 ], [ -61.948064, -34.549481 ], [ -61.947655, -34.549892 ], [ -61.944887, -34.552327 ], [ -61.944753, -34.552438 ], [ -61.937649, -34.558669 ], [ -61.934525, -34.561443 ], [ -61.934309, -34.561641 ], [ -61.934021, -34.561892 ], [ -61.928009, -34.567147 ] ] ] ] } },
{ "type": "Feature", "properties": { "id": null }, "geometry": { "type": "MultiPolygon", "coordinates": [ [ [ [ -62.889897656999949, -34.386539217999939 ], [ -62.883908710999947, -34.386549767999938 ], [ -62.864953024999977, -34.386489156999964 ], [ -62.757581938999969, -34.386145828999922 ], [ -62.53639438799997, -34.38595300399993 ], [ -62.531548518999955, -34.385948779999971 ], [ -62.269086809, -34.385821365999959 ], [ -62.269089950999948, -34.38583891299993 ], [ -62.269095239999956, -34.385868452999951 ], [ -62.26923967099998, -34.386427553999951 ], [ -62.269896232999947, -34.388969163999938 ], [ -62.271465, -34.395042 ], [ -62.275281, -34.409861 ], [ -62.277494, -34.418411 ], [ -62.285561, -34.44988 ], [ -62.291088, -34.471164 ], [ -62.292837118999962, -34.478042509999973 ], [ -62.296841, -34.493788 ], [ -62.297789, -34.49776 ], [ -62.300095, -34.507064 ], [ -62.302219, -34.515268 ], [ -62.304161, -34.522804 ], [ -62.305396647999942, -34.527757821999963 ], [ -62.306802, -34.533392 ], [ -62.309714, -34.544275 ], [ -62.313067, -34.5567 ], [ -62.314218, -34.561234 ], [ -62.315128, -34.564646 ], [ -62.316120484999942, -34.568629258999977 ], [ -62.316394663999965, -34.569729652999968 ], [ -62.325350660999959, -34.569279280999979 ], [ -62.325575, -34.569268 ], [ -62.32557562399996, -34.569270326999963 ], [ -62.32802, -34.578379 ], [ -62.33378, -34.600845 ], [ -62.333869, -34.601248 ], [ -62.336478, -34.610527 ], [ -62.336818182999934, -34.611786063999951 ], [ -62.33876, -34.618973 ], [ -62.340215, -34.624359 ], [ -62.341077, -34.627552 ], [ -62.343418, -34.636284 ], [ -62.344195, -34.639186 ], [ -62.344984374999967, -34.642099444999914 ], [ -62.345754, -34.64494 ], [ -62.347489584999956, -34.651326157999954 ], [ -62.347672712999952, -34.651999985999971 ], [ -62.348037242999965, -34.653341287999972 ], [ -62.348080653999943, -34.653501019999958 ], [ -62.348109998999981, -34.653609 ], [ -62.348130217999937, -34.653674709999969 ], [ -62.348151780999956, -34.653744788999973 ], [ -62.348164536999946, -34.653781627999926 ], [ -62.348165651999977, -34.653784848999976 ], [ -62.348176, -34.653783 ], [ -62.348208707999959, -34.653777051999953 ], [ -62.348528029999954, -34.653718980999948 ], [ -62.348747275999983, -34.653679108999938 ], [ -62.34902901199996, -34.653627872999948 ], [ -62.351102535999985, -34.653250785999937 ], [ -62.352176676999939, -34.653055443999961 ], [ -62.352359067999949, -34.653022274999962 ], [ -62.353076182999985, -34.652891861999933 ], [ -62.357465213999951, -34.652093680999947 ], [ -62.358170282999936, -34.651965458999932 ], [ -62.362558684999954, -34.651167391999941 ], [ -62.36867, -34.650056 ], [ -62.372628608999946, -34.649347812999963 ], [ -62.372638742999975, -34.649346 ], [ -62.3772, -34.64853 ], [ -62.377638, -34.648451607999952 ], [ -62.381552, -34.647752 ], [ -62.383930275999944, -34.647316443999948 ], [ -62.393058103, -34.645644778999959 ], [ -62.399789162999987, -34.644412056999954 ], [ -62.403639, -34.643707 ], [ -62.421847, -34.640407 ], [ -62.426767, -34.639501 ], [ -62.438501, -34.637352 ], [ -62.446202, -34.635947 ], [ -62.449424, -34.635363 ], [ -62.454524, -34.634438 ], [ -62.459123402999978, -34.633603703999938 ], [ -62.464583208999962, -34.63261333699996 ], [ -62.465197, -34.632502 ], [ -62.468412, -34.631919 ], [ -62.46892556499995, -34.631816581999935 ], [ -62.474072910999958, -34.630806806999942 ], [ -62.479218998999954, -34.62989 ], [ -62.488124, -34.628274 ], [ -62.498382, -34.626474 ], [ -62.49848857999995, -34.626454082999935 ], [ -62.503285525999956, -34.625557655999948 ], [ -62.503577998999965, -34.625502996999963 ], [ -62.510664, -34.624252 ], [ -62.518526, -34.622803 ], [ -62.531658998999944, -34.62041 ], [ -62.537227, -34.61941 ], [ -62.542104, -34.618495 ], [ -62.544155820999947, -34.618145457999958 ], [ -62.546948130999972, -34.617669769999956 ], [ -62.546982, -34.617664 ], [ -62.547694, -34.617532 ], [ -62.552828587999961, -34.616602587999971 ], [ -62.552954170999953, -34.616579855999923 ], [ -62.558252, -34.615598 ], [ -62.567873, -34.613837 ], [ -62.568886, -34.613679 ], [ -62.583880109999939, -34.61087141999996 ], [ -62.584849, -34.61069 ], [ -62.584849367999936, -34.61069129699996 ], [ -62.584917998999977, -34.610933 ], [ -62.586872063, -34.61886020999998 ], [ -62.586908, -34.619006 ], [ -62.58703, -34.619508 ], [ -62.588675370999965, -34.626019688999975 ], [ -62.589293, -34.628464 ], [ -62.591472, -34.637176 ], [ -62.592949, -34.64308 ], [ -62.594528809999979, -34.649392685999942 ], [ -62.594635, -34.649817 ], [ -62.59472, -34.650188 ], [ -62.594748861999953, -34.65016057499998 ], [ -62.599839, -34.645324 ], [ -62.609605, -34.636037 ], [ -62.610211, -34.635887 ], [ -62.62122092299996, -34.632766815999943 ], [ -62.622173, -34.632497 ], [ -62.622172848999973, -34.632501678 ], [ -62.62189, -34.641244 ], [ -62.621723, -34.645952 ], [ -62.621444998999941, -34.654253 ], [ -62.621012479999941, -34.659748866999962 ], [ -62.62045952699998, -34.666775036999972 ], [ -62.620252, -34.669412 ], [ -62.620189, -34.670831 ], [ -62.620173, -34.671115 ], [ -62.620162, -34.671921 ], [ -62.619442, -34.694909 ], [ -62.619407, -34.695365 ], [ -62.619120332999955, -34.702807593999978 ], [ -62.61906, -34.704374 ], [ -62.618847485999929, -34.709934897999972 ], [ -62.618767, -34.712041 ], [ -62.618628, -34.715947 ], [ -62.618369, -34.722809 ], [ -62.617987, -34.732785 ], [ -62.61776, -34.738746 ], [ -62.61774693499995, -34.739105169999966 ], [ -62.617519688999941, -34.745352356999952 ], [ -62.616941, -34.761261 ], [ -62.616613, -34.766188 ], [ -62.615718, -34.78174 ], [ -62.615529513999945, -34.785334055999954 ], [ -62.615292, -34.789863 ], [ -62.614439, -34.806596 ], [ -62.614259952999987, -34.813111720999984 ], [ -62.614191, -34.815621 ], [ -62.613903, -34.824338 ], [ -62.612965, -34.846712 ], [ -62.612709, -34.85193 ], [ -62.612296, -34.861467 ], [ -62.612256779999946, -34.862503538999931 ], [ -62.612086, -34.867017 ], [ -62.611597, -34.878211 ], [ -62.611399, -34.883407 ], [ -62.611468, -34.884885 ], [ -62.611166998999977, -34.892369 ], [ -62.610979, -34.897179 ], [ -62.610863, -34.899233 ], [ -62.61083, -34.90006 ], [ -62.610646, -34.904654 ], [ -62.610025, -34.917426 ], [ -62.609898, -34.923064 ], [ -62.609547, -34.930222 ], [ -62.609011, -34.943208 ], [ -62.608839006999972, -34.946886621999958 ], [ -62.608707, -34.94971 ], [ -62.608225, -34.961626 ], [ -62.608158, -34.963083 ], [ -62.60755, -34.976862 ], [ -62.6072, -34.984828 ], [ -62.606729564999974, -34.996521960999921 ], [ -62.606722, -34.99671 ], [ -62.607069, -34.996705 ], [ -62.622187, -34.996808 ], [ -62.638877, -34.996959 ], [ -62.641482158999963, -34.996982790999944 ], [ -62.642162, -34.996989 ], [ -62.631475, -35.005606 ], [ -62.625122715999964, -35.010805025999957 ], [ -62.621643, -35.013653 ], [ -62.62135, -35.013897 ], [ -62.61215520899998, -35.021461077999945 ], [ -62.610626526999965, -35.022718644999934 ], [ -62.610637, -35.022733 ], [ -62.610680855999988, -35.022768625999959 ], [ -62.611004761999936, -35.023031753999923 ], [ -62.611765809999959, -35.023649995999953 ], [ -62.619076783999958, -35.029589112999929 ], [ -62.619782, -35.030162 ], [ -62.620804, -35.030934 ], [ -62.623857314999952, -35.033371987999942 ], [ -62.628922, -35.037416 ], [ -62.629394, -35.037801 ], [ -62.639026, -35.045516 ], [ -62.639959, -35.046226 ], [ -62.645037, -35.0503 ], [ -62.649523924999983, -35.053916211999926 ], [ -62.64968, -35.054042 ], [ -62.655803763999984, -35.058900753999978 ], [ -62.65759, -35.060318 ], [ -62.657871363999952, -35.060543010999922 ], [ -62.658978, -35.061428 ], [ -62.66946, -35.069719 ], [ -62.671599, -35.071511 ], [ -62.677986, -35.076655 ], [ -62.678876, -35.077354 ], [ -62.68208, -35.079947 ], [ -62.68835, -35.085097 ], [ -62.688201903999975, -35.085219343999938 ], [ -62.684891141999969, -35.087954401999973 ], [ -62.684754632999962, -35.088067172999949 ], [ -62.671497673999966, -35.099018894999979 ], [ -62.666888, -35.102827 ], [ -62.663883502999973, -35.105300868999961 ], [ -62.657687, -35.110403 ], [ -62.657181, -35.110819 ], [ -62.657200045999957, -35.11083430799993 ], [ -62.660722, -35.113665 ], [ -62.665327025999943, -35.117371108999983 ], [ -62.669103, -35.12041 ], [ -62.676892600999963, -35.12660749999997 ], [ -62.67690087699998, -35.12660066199993 ], [ -62.692586998999964, -35.11364 ], [ -62.699629, -35.107783 ], [ -62.707333, -35.1013 ], [ -62.707517, -35.101156 ], [ -62.707520664999947, -35.101159044999974 ], [ -62.713124979999982, -35.105815338999939 ], [ -62.715260800999935, -35.107589865999955 ], [ -62.723180050999986, -35.114169502999971 ], [ -62.729851, -35.119712 ], [ -62.736893, -35.125516 ], [ -62.740258764999972, -35.128286265999982 ], [ -62.742467706999953, -35.130104382999946 ], [ -62.745838922999951, -35.132879134999939 ], [ -62.747044, -35.133871 ], [ -62.747045558999964, -35.133872301999929 ], [ -62.755201496999973, -35.140687222999929 ], [ -62.75657729499995, -35.141836809999965 ], [ -62.764693774999955, -35.148618759999977 ], [ -62.765929207999932, -35.149651060999929 ], [ -62.770435, -35.153416 ], [ -62.785927, -35.166483 ], [ -62.793793, -35.173076 ], [ -62.801584145999982, -35.179592683999942 ], [ -62.809743199999957, -35.186417094999975 ], [ -62.811036, -35.187458 ], [ -62.81601013399996, -35.191569975999975 ], [ -62.824121, -35.198275 ], [ -62.840823712999963, -35.211710929999981 ], [ -62.849936, -35.219041 ], [ -62.869487883999959, -35.234913878999976 ], [ -62.874138, -35.238689 ], [ -62.878224320999941, -35.241998887999948 ], [ -62.892958610999983, -35.253933546999974 ], [ -62.893467218999945, -35.254345514999962 ], [ -62.899558, -35.259279 ], [ -62.89998787899998, -35.259623513999941 ], [ -62.900465990999976, -35.260006682999972 ], [ -62.902861967999968, -35.261926867999932 ], [ -62.903328951999988, -35.262301118999986 ], [ -62.906093897999938, -35.264517002999973 ], [ -62.906773101999939, -35.265061331999959 ], [ -62.906857144999947, -35.265128684999972 ], [ -62.907307879999962, -35.265489912999961 ], [ -62.909413, -35.267177 ], [ -62.915114, -35.271841 ], [ -62.916571, -35.27303 ], [ -62.918677, -35.274712 ], [ -62.920383676999961, -35.276088951999945 ], [ -62.922406144999961, -35.277720683 ], [ -62.924381, -35.279314 ], [ -62.925057, -35.279861 ], [ -62.928383248999971, -35.282553423999957 ], [ -62.9338, -35.286938 ], [ -62.938427235999939, -35.290682403999931 ], [ -62.938427314999956, -35.29068246799995 ], [ -62.938427393999966, -35.290682531999956 ], [ -62.940771, -35.292579 ], [ -62.942814, -35.294227 ], [ -62.948277000999951, -35.298634998999944 ], [ -62.951438, -35.301211 ], [ -62.951862, -35.301556 ], [ -62.957894, -35.30644 ], [ -62.964607, -35.311894 ], [ -62.964652816999944, -35.311856655999961 ], [ -62.977628, -35.301281 ], [ -62.986767, -35.293827 ], [ -62.991199, -35.290267 ], [ -62.992534, -35.289114 ], [ -62.997176, -35.285326 ], [ -62.999527, -35.283389 ], [ -63.003423762999937, -35.28013284299994 ], [ -63.004661, -35.279099 ], [ -63.011557, -35.273534 ], [ -63.013103, -35.272274 ], [ -63.013208492999979, -35.272188172999961 ], [ -63.019497, -35.267072 ], [ -63.026609998999959, -35.261288 ], [ -63.030635, -35.257966 ], [ -63.034457, -35.254871 ], [ -63.039227, -35.250971 ], [ -63.03961, -35.250681 ], [ -63.040761857999946, -35.249752915999977 ], [ -63.044114, -35.247052 ], [ -63.057214, -35.236319 ], [ -63.061003, -35.233216 ], [ -63.062750017999974, -35.231796466999981 ], [ -63.066423, -35.228812 ], [ -63.070029, -35.225897 ], [ -63.070606062999957, -35.225418794999932 ], [ -63.072002, -35.224262 ], [ -63.078632, -35.218792 ], [ -63.078946, -35.218514 ], [ -63.08233, -35.215771 ], [ -63.087691, -35.211401 ], [ -63.089926, -35.209578 ], [ -63.097087, -35.203781 ], [ -63.102824, -35.199103 ], [ -63.11075, -35.192667 ], [ -63.11541263099997, -35.188867523999924 ], [ -63.112134, -35.186134 ], [ -63.100923, -35.176894 ], [ -63.094339, -35.171482 ], [ -63.091709877999968, -35.169335614999966 ], [ -63.090385, -35.168254 ], [ -63.090400587999966, -35.168241561999935 ], [ -63.105789, -35.155962 ], [ -63.118126, -35.14574 ], [ -63.134542, -35.132158 ], [ -63.138820510999942, -35.128594945999957 ], [ -63.139051, -35.128403 ], [ -63.139292, -35.128604 ], [ -63.157470067999952, -35.143580839999963 ], [ -63.160785, -35.146312 ], [ -63.168089, -35.152308 ], [ -63.172571970999961, -35.156033050999952 ], [ -63.178298, -35.160791 ], [ -63.187463, -35.168395 ], [ -63.198001, -35.17722 ], [ -63.198533741999938, -35.177664406999952 ], [ -63.203266, -35.181612 ], [ -63.206621, -35.184406 ], [ -63.211894, -35.188832 ], [ -63.214535, -35.191066 ], [ -63.214585414999981, -35.191107683999959 ], [ -63.220136, -35.195697 ], [ -63.222820975999973, -35.197971141999972 ], [ -63.224102998999975, -35.199057 ], [ -63.22703, -35.201483 ], [ -63.232453, -35.206006 ], [ -63.235484673999956, -35.208547226999933 ], [ -63.235513905999937, -35.20857172999996 ], [ -63.225763, -35.216795 ], [ -63.215596, -35.225316 ], [ -63.211234968999968, -35.228918804999971 ], [ -63.211173, -35.22897 ], [ -63.211178597999954, -35.228974113999982 ], [ -63.211354, -35.229103 ], [ -63.21641966499994, -35.233087222999977 ], [ -63.216419689999952, -35.233087242999943 ], [ -63.216419715999969, -35.233087263999955 ], [ -63.219467, -35.235484 ], [ -63.222720798999944, -35.238153241999953 ], [ -63.223163, -35.238516 ], [ -63.227036, -35.241684 ], [ -63.230677, -35.244669 ], [ -63.232448, -35.24606 ], [ -63.232895, -35.246403 ], [ -63.234288956999933, -35.247572292999962 ], [ -63.234775, -35.24798 ], [ -63.242646, -35.254388 ], [ -63.243083, -35.25476 ], [ -63.246644852999964, -35.257706978999977 ], [ -63.247277, -35.25823 ], [ -63.259117, -35.267693 ], [ -63.266327, -35.273453 ], [ -63.267542, -35.274358 ], [ -63.274635, -35.280082 ], [ -63.280646, -35.284892 ], [ -63.285143998999963, -35.288491 ], [ -63.288172, -35.28602 ], [ -63.294126, -35.281009 ], [ -63.298525, -35.277384 ], [ -63.301911, -35.274597 ], [ -63.303076, -35.273613 ], [ -63.309826, -35.267969 ], [ -63.309868990999966, -35.267932949999931 ], [ -63.310018, -35.267808 ], [ -63.311187039999936, -35.268743632999929 ], [ -63.311531253999988, -35.269019121999968 ], [ -63.311766, -35.269207 ], [ -63.311718, -35.271563 ], [ -63.315247, -35.274398 ], [ -63.318884, -35.277292 ], [ -63.321623, -35.279532 ], [ -63.32298881699996, -35.280623006999974 ], [ -63.334386, -35.289727 ], [ -63.337640138999973, -35.292352610999963 ], [ -63.347169, -35.300041 ], [ -63.347157084999935, -35.30005645499994 ], [ -63.34198, -35.306772 ], [ -63.336064, -35.31463 ], [ -63.329475, -35.323156 ], [ -63.329476926, -35.323157567999949 ], [ -63.335152, -35.327776 ], [ -63.339681, -35.33153 ], [ -63.342263835999979, -35.333589808999932 ], [ -63.344239, -35.335165 ], [ -63.349306, -35.339382 ], [ -63.350470806999965, -35.340344012999935 ], [ -63.352781, -35.342252 ], [ -63.355243, -35.344271 ], [ -63.360121, -35.348419 ], [ -63.363865, -35.351484 ], [ -63.368516, -35.355317 ], [ -63.372568408999932, -35.35871231699997 ], [ -63.372973596999934, -35.359051804999986 ], [ -63.374192673999971, -35.360073209999939 ], [ -63.385668043999942, -35.36968894499995 ], [ -63.385671178999985, -35.369691571999965 ], [ -63.385671183999932, -35.369690496999958 ], [ -63.385707082999943, -35.369715463999952 ], [ -63.385719120999958, -35.364023610999936 ], [ -63.385837960999929, -35.363789979999979 ], [ -63.385837960999929, -35.363541893999979 ], [ -63.385837959999954, -35.343216030999933 ], [ -63.385837959999954, -35.339691012999936 ], [ -63.385837960999929, -35.332566414 ], [ -63.385837960999929, -35.332291859999948 ], [ -63.385775059999958, -35.332085679999977 ], [ -63.385659700999952, -35.331707539999975 ], [ -63.385655747999984, -35.326232376999933 ], [ -63.385655747999984, -35.326232332999943 ], [ -63.385655544999963, -35.325951506999957 ], [ -63.385655544999963, -35.325951409999959 ], [ -63.385655544999963, -35.325951278999973 ], [ -63.385635938999933, -35.29879386999994 ], [ -63.385671245999959, -35.292024667999954 ], [ -63.385671245999959, -35.292024195999943 ], [ -63.385719209999934, -35.282828940999934 ], [ -63.38571921099998, -35.282828869999946 ], [ -63.385766659999945, -35.27373184999994 ], [ -63.385731089999979, -35.250633470999951 ], [ -63.385742906999958, -35.138113705999956 ], [ -63.385742928999946, -35.137903866999977 ], [ -63.385754778999967, -35.025076719999966 ], [ -63.385772497999945, -35.025026425999954 ], [ -63.385875340999981, -35.024734550999931 ], [ -63.385878984999977, -35.019020355999942 ], [ -63.385884147999946, -35.010927905999935 ], [ -63.385885499999979, -35.008808169999952 ], [ -63.385757865999942, -35.00849882399995 ], [ -63.385722059999978, -35.008412039999925 ], [ -63.385733696999985, -35.002270725999963 ], [ -63.385733797999933, -35.002217649999963 ], [ -63.385621679999986, -34.908774238999975 ], [ -63.385410219999976, -34.822045229999944 ], [ -63.38547669899998, -34.777162588999936 ], [ -63.385468229999958, -34.686812949999926 ], [ -63.385339718999951, -34.568078684999925 ], [ -63.38529811099994, -34.529636670999935 ], [ -63.38529805099995, -34.529581539999981 ], [ -63.38528251799994, -34.519151640999951 ], [ -63.385236820999985, -34.48846832199996 ], [ -63.385213937999943, -34.473103205999955 ], [ -63.385213895999982, -34.473075198999943 ], [ -63.385194443999978, -34.461083331999923 ], [ -63.385131246999954, -34.418314660999954 ], [ -63.38508373399997, -34.38616001599997 ], [ -63.385083332999955, -34.385888887999961 ], [ -63.385083178999935, -34.385761311999943 ], [ -63.355508583999956, -34.385787943999944 ], [ -63.338196639999971, -34.385803532999951 ], [ -63.280790620999944, -34.385855225999933 ], [ -63.275367220999961, -34.38586010999996 ], [ -63.26357163899997, -34.385880890999935 ], [ -62.889897656999949, -34.386539217999939 ] ] ] ] } },
{ "type": "Feature", "properties": { "id": null }, "geometry": { "type": "MultiPolygon", "coordinates": [ [ [ [ -60.712401, -34.647141 ], [ -60.71223099499997, -34.647398167999931 ], [ -60.712165, -34.647498 ], [ -60.711773131999969, -34.647641963999945 ], [ -60.710853, -34.64798 ], [ -60.710039644999945, -34.64831644099997 ], [ -60.709446, -34.648562 ], [ -60.709048125999971, -34.648881224999968 ], [ -60.708844, -34.649045 ], [ -60.70864, -34.649496 ], [ -60.708237, -34.649993 ], [ -60.707597, -34.650028 ], [ -60.707460175999984, -34.649982838999954 ], [ -60.706878729999964, -34.649790923999952 ], [ -60.706679, -34.649725 ], [ -60.704961998999977, -34.649861 ], [ -60.704307389999947, -34.650466124999987 ], [ -60.704036, -34.650717 ], [ -60.703492937999954, -34.651172187999975 ], [ -60.703418, -34.651235 ], [ -60.702168807999954, -34.651817222999973 ], [ -60.701487, -34.652135 ], [ -60.701369346999975, -34.652179028999974 ], [ -60.701261679999959, -34.652219319999972 ], [ -60.700843, -34.652376 ], [ -60.700726, -34.652674 ], [ -60.701113, -34.653106 ], [ -60.701138998999973, -34.653423 ], [ -60.700661, -34.653544 ], [ -60.700112, -34.6535 ], [ -60.699836869999963, -34.653494989999949 ], [ -60.698794, -34.653476 ], [ -60.69793340899998, -34.653760503999933 ], [ -60.697457, -34.653918 ], [ -60.697032031999974, -34.654147482999974 ], [ -60.69696972699996, -34.654181126999966 ], [ -60.696457, -34.654458 ], [ -60.696095612999954, -34.654786595999951 ], [ -60.695399, -34.65542 ], [ -60.694829, -34.655898 ], [ -60.694519, -34.656058 ], [ -60.693748531999972, -34.656062124999949 ], [ -60.693585, -34.656063 ], [ -60.693077407999972, -34.656158006999931 ], [ -60.692821, -34.656206 ], [ -60.692177, -34.656466 ], [ -60.691068663999935, -34.657259188999944 ], [ -60.690822998999984, -34.657435 ], [ -60.690590868999948, -34.657570595999971 ], [ -60.690407, -34.657678 ], [ -60.68903, -34.658066 ], [ -60.688455, -34.657891 ], [ -60.68776, -34.657895 ], [ -60.687000998999963, -34.657649 ], [ -60.68698885099996, -34.657636275999948 ], [ -60.686988, -34.657636 ], [ -60.686967067999952, -34.657614076999941 ], [ -60.686877749999951, -34.657520529999935 ], [ -60.68674147399998, -34.657377803999971 ], [ -60.686324390999971, -34.656940976999969 ], [ -60.686033852999977, -34.656930121999949 ], [ -60.68587, -34.656924 ], [ -60.685321, -34.657039 ], [ -60.685260995999947, -34.657200752999977 ], [ -60.685133218999965, -34.657545206999941 ], [ -60.684782, -34.658492 ], [ -60.684236, -34.659049 ], [ -60.684053815999967, -34.659303601999973 ], [ -60.683752045999938, -34.659725323999957 ], [ -60.683624460999972, -34.659903622999941 ], [ -60.683597, -34.659942 ], [ -60.683601, -34.660338 ], [ -60.683748, -34.660752 ], [ -60.683703, -34.661089 ], [ -60.683489, -34.661367 ], [ -60.683515222999972, -34.661480808999954 ], [ -60.683539, -34.661584 ], [ -60.683714404999932, -34.661961748999936 ], [ -60.683832, -34.662215 ], [ -60.683503, -34.662988 ], [ -60.683503632999987, -34.663066124999943 ], [ -60.683507, -34.663482 ], [ -60.683702, -34.663956 ], [ -60.683715048999943, -34.664234241999949 ], [ -60.68372760799997, -34.664502046999928 ], [ -60.683736, -34.664681 ], [ -60.683720020999949, -34.665707678999972 ], [ -60.68420891399996, -34.666114940999925 ], [ -60.68479, -34.666599 ], [ -60.684790241999956, -34.666600538999951 ], [ -60.684945548999963, -34.667589509999964 ], [ -60.685119, -34.668694 ], [ -60.685353315999976, -34.669176620999963 ], [ -60.685654998999958, -34.669798 ], [ -60.685703, -34.670815 ], [ -60.685302526999976, -34.671153713999956 ], [ -60.684659, -34.671698 ], [ -60.684116322999955, -34.671993221999962 ], [ -60.683840998999983, -34.672143 ], [ -60.683493, -34.672665 ], [ -60.683086, -34.673567 ], [ -60.682343, -34.674177 ], [ -60.681699, -34.675054 ], [ -60.681842, -34.675598 ], [ -60.682278, -34.676381 ], [ -60.682301616999958, -34.676872732999968 ], [ -60.682303102999988, -34.676903683999967 ], [ -60.682334, -34.677547 ], [ -60.682049, -34.678373 ], [ -60.681819031999964, -34.679262917999949 ], [ -60.681811, -34.679294 ], [ -60.681976357999986, -34.679854883999944 ], [ -60.682158, -34.680471 ], [ -60.681818, -34.682032 ], [ -60.68179620899997, -34.682183429999952 ], [ -60.681621, -34.683401 ], [ -60.681456, -34.68473 ], [ -60.681894, -34.685691 ], [ -60.681883, -34.686223 ], [ -60.68160399899994, -34.686680981999984 ], [ -60.681565, -34.686745 ], [ -60.681561139999985, -34.686839120999934 ], [ -60.681539, -34.687379 ], [ -60.681718707999948, -34.68767851399997 ], [ -60.681944, -34.688054 ], [ -60.681980369999962, -34.688190390999978 ], [ -60.682088, -34.688594 ], [ -60.681815, -34.689095 ], [ -60.682173, -34.689802 ], [ -60.682178, -34.690411 ], [ -60.681923, -34.691135 ], [ -60.681046, -34.692832 ], [ -60.681167972999958, -34.693185488999973 ], [ -60.681203, -34.693287 ], [ -60.68121466499997, -34.693293232999963 ], [ -60.682236, -34.693839 ], [ -60.682804, -34.693823 ], [ -60.683160606999934, -34.694082200999958 ], [ -60.683236, -34.694137 ], [ -60.683240186999967, -34.694142866999982 ], [ -60.683687, -34.694769 ], [ -60.683697449999954, -34.694777025999947 ], [ -60.683701, -34.694782 ], [ -60.68388716599997, -34.694925307999945 ], [ -60.684240134999982, -34.695197017999924 ], [ -60.683968823999969, -34.695293412999952 ], [ -60.683818, -34.695347 ], [ -60.685156380999956, -34.701344315999954 ], [ -60.685302033999967, -34.701996992999959 ], [ -60.686444484999988, -34.707116335999963 ], [ -60.686479, -34.707271 ], [ -60.686373, -34.707647 ], [ -60.685745, -34.708155 ], [ -60.684798, -34.708421 ], [ -60.683954, -34.708374 ], [ -60.68373, -34.708391 ], [ -60.683077, -34.708499 ], [ -60.682231, -34.708103 ], [ -60.681334010999933, -34.707906927999943 ], [ -60.681084118999934, -34.707852304999953 ], [ -60.681069, -34.707849 ], [ -60.680484010999983, -34.707708122999968 ], [ -60.680446311999958, -34.70769904399998 ], [ -60.679653, -34.707508 ], [ -60.679272, -34.707354 ], [ -60.678656, -34.70687 ], [ -60.677295116999971, -34.706222859999968 ], [ -60.677287, -34.706219 ], [ -60.676690175999973, -34.705291702999951 ], [ -60.676009, -34.705257 ], [ -60.675064, -34.705767 ], [ -60.673945, -34.705511 ], [ -60.672549, -34.705084 ], [ -60.671428, -34.705004 ], [ -60.67008, -34.704924 ], [ -60.669507998999961, -34.704544 ], [ -60.66843, -34.704271 ], [ -60.667746, -34.704381 ], [ -60.667092, -34.704825 ], [ -60.666459, -34.704898 ], [ -60.665748, -34.70565 ], [ -60.665689, -34.706086 ], [ -60.665186, -34.706489 ], [ -60.664396, -34.706978 ], [ -60.663848, -34.707942 ], [ -60.663218, -34.708311 ], [ -60.662603998999941, -34.708344 ], [ -60.66134, -34.708182 ], [ -60.660239, -34.708284 ], [ -60.659676, -34.708417 ], [ -60.658752, -34.70878 ], [ -60.657707, -34.709275 ], [ -60.657565, -34.70992 ], [ -60.65795, -34.71058 ], [ -60.657889, -34.710911 ], [ -60.657833, -34.711532 ], [ -60.657485, -34.711819 ], [ -60.65676, -34.712205 ], [ -60.656448, -34.712712 ], [ -60.655948, -34.713481 ], [ -60.655809, -34.71428 ], [ -60.655283, -34.714825 ], [ -60.654900998999956, -34.715502 ], [ -60.654661, -34.716388 ], [ -60.654541, -34.716968 ], [ -60.654142, -34.717488 ], [ -60.653710998999941, -34.719005 ], [ -60.653948, -34.719683 ], [ -60.653589, -34.72015 ], [ -60.652715, -34.7211 ], [ -60.652228998999988, -34.721866 ], [ -60.650939, -34.723176 ], [ -60.651074, -34.724324 ], [ -60.650292, -34.725741 ], [ -60.6493, -34.726736 ], [ -60.648079, -34.728389 ], [ -60.647477, -34.728883 ], [ -60.646567, -34.72925 ], [ -60.645704, -34.729446 ], [ -60.644439, -34.729574 ], [ -60.64353, -34.729353 ], [ -60.64256, -34.729375 ], [ -60.64195, -34.7299 ], [ -60.642004, -34.730136 ], [ -60.642048, -34.731311 ], [ -60.640673, -34.732632 ], [ -60.639905, -34.73367 ], [ -60.639798, -34.734099 ], [ -60.63904, -34.73419 ], [ -60.638369, -34.734716 ], [ -60.637718, -34.73519 ], [ -60.637512, -34.735748 ], [ -60.63678, -34.736588 ], [ -60.636129, -34.737061 ], [ -60.635686, -34.737081 ], [ -60.635076, -34.737241 ], [ -60.634485, -34.737261 ], [ -60.633287, -34.737772 ], [ -60.631274, -34.738461 ], [ -60.630443, -34.739288 ], [ -60.630489, -34.74039 ], [ -60.629547, -34.741422 ], [ -60.628417, -34.742647 ], [ -60.627869, -34.74265 ], [ -60.627133, -34.743019 ], [ -60.62612, -34.743007 ], [ -60.625764, -34.743357 ], [ -60.625617649999981, -34.744109512999948 ], [ -60.625616, -34.744118 ], [ -60.626012592999984, -34.744545697999961 ], [ -60.626024, -34.744558 ], [ -60.626238767999958, -34.744616188999942 ], [ -60.626632053999977, -34.744722743999944 ], [ -60.626633, -34.744723 ], [ -60.627144, -34.74526 ], [ -60.627337, -34.745676 ], [ -60.626376, -34.746918 ], [ -60.626132, -34.748138 ], [ -60.626456, -34.749233 ], [ -60.626692, -34.74965 ], [ -60.626828, -34.751007 ], [ -60.626987, -34.751751 ], [ -60.627563, -34.752601 ], [ -60.627611, -34.753384 ], [ -60.627882323999977, -34.753723889999954 ], [ -60.627888, -34.753731 ], [ -60.628206, -34.753956 ], [ -60.628553115999978, -34.754256000999931 ], [ -60.628567, -34.754268 ], [ -60.628658, -34.755051 ], [ -60.629212, -34.755796 ], [ -60.629363, -34.756196 ], [ -60.628863, -34.757139 ], [ -60.628213, -34.7577 ], [ -60.628222, -34.758284 ], [ -60.627898, -34.758984 ], [ -60.627629, -34.759647 ], [ -60.626998, -34.759935 ], [ -60.626324, -34.760124 ], [ -60.62569, -34.759971 ], [ -60.624552, -34.760272 ], [ -60.623631, -34.76127 ], [ -60.622875, -34.761691 ], [ -60.621947, -34.761801 ], [ -60.62134, -34.762535 ], [ -60.620591, -34.762777 ], [ -60.618986, -34.763801 ], [ -60.618741, -34.764829 ], [ -60.617695, -34.766053 ], [ -60.617258, -34.766319 ], [ -60.6157, -34.766754 ], [ -60.615155, -34.767227 ], [ -60.614891, -34.768674 ], [ -60.614243, -34.76953 ], [ -60.613400998999964, -34.769865 ], [ -60.613071, -34.770929 ], [ -60.612484, -34.771588 ], [ -60.611959683999942, -34.771322497999961 ], [ -60.6117, -34.771191 ], [ -60.610748998999952, -34.771039 ], [ -60.610600437999949, -34.77120887699995 ], [ -60.610519, -34.771302 ], [ -60.610335, -34.772103 ], [ -60.610379393999942, -34.772412770999942 ], [ -60.61038, -34.772417 ], [ -60.611577874999966, -34.773290883999955 ], [ -60.611589, -34.773299 ], [ -60.612018, -34.774176 ], [ -60.611916, -34.774725 ], [ -60.610635, -34.775515 ], [ -60.61007, -34.776231 ], [ -60.608644, -34.776726 ], [ -60.608103, -34.776996 ], [ -60.607769, -34.777503 ], [ -60.607713, -34.778496 ], [ -60.606731998999983, -34.780068 ], [ -60.60659, -34.780904 ], [ -60.60611, -34.781568 ], [ -60.60599, -34.782544 ], [ -60.605478, -34.783419 ], [ -60.605210145999941, -34.783754475999956 ], [ -60.605173, -34.783801 ], [ -60.605128166999975, -34.784122544999946 ], [ -60.605015998999924, -34.784927 ], [ -60.604427, -34.785226 ], [ -60.603689999, -34.785508 ], [ -60.602699, -34.785722 ], [ -60.60222, -34.786525 ], [ -60.601423, -34.787347 ], [ -60.601569, -34.787911 ], [ -60.602232, -34.788988 ], [ -60.602129998999942, -34.789528 ], [ -60.601731, -34.789808 ], [ -60.601410698999977, -34.789798312999949 ], [ -60.600739, -34.789778 ], [ -60.600107, -34.790008 ], [ -60.600075879999963, -34.790045068 ], [ -60.599814, -34.790357 ], [ -60.600307, -34.791347 ], [ -60.600206, -34.792096 ], [ -60.599804, -34.792613 ], [ -60.598813998999958, -34.792914 ], [ -60.597949169999936, -34.792963068999939 ], [ -60.597700281999948, -34.792977189999931 ], [ -60.597545, -34.792986 ], [ -60.597521455999981, -34.792981402999928 ], [ -60.596956, -34.792871 ], [ -60.596741645999941, -34.792999774999949 ], [ -60.59643, -34.793187 ], [ -60.596223, -34.793693 ], [ -60.595888, -34.794043 ], [ -60.595693522999966, -34.79512747099993 ], [ -60.595685, -34.795175 ], [ -60.595919814999938, -34.795898270999949 ], [ -60.595922, -34.795905 ], [ -60.595960855999969, -34.79592562299996 ], [ -60.59641, -34.796164 ], [ -60.597315441999967, -34.796160010999984 ], [ -60.597318, -34.79616 ], [ -60.597701, -34.796628 ], [ -60.597281, -34.797353 ], [ -60.597647, -34.79843 ], [ -60.597463, -34.799179 ], [ -60.596856, -34.799966 ], [ -60.59595, -34.800249 ], [ -60.595153, -34.800984 ], [ -60.594250998999946, -34.801806 ], [ -60.593831, -34.803105 ], [ -60.593624, -34.803646 ], [ -60.59253, -34.804243 ], [ -60.591481998999939, -34.80531 ], [ -60.590243, -34.806152 ], [ -60.589891, -34.806586 ], [ -60.589832, -34.807842 ], [ -60.590114, -34.808669 ], [ -60.590101, -34.809853 ], [ -60.590656, -34.810668 ], [ -60.59068, -34.811103 ], [ -60.589738, -34.812152 ], [ -60.589767, -34.813354 ], [ -60.58903, -34.814307 ], [ -60.588918307999961, -34.814662457999923 ], [ -60.588493, -34.816016 ], [ -60.588055, -34.816749 ], [ -60.585442, -34.817562 ], [ -60.584674050999986, -34.817566228999965 ], [ -60.584534, -34.817567 ], [ -60.583649, -34.817884 ], [ -60.582001, -34.817788 ], [ -60.581453, -34.81793 ], [ -60.581015071999964, -34.817940643999982 ], [ -60.580867995999938, -34.817944218999969 ], [ -60.580301, -34.817958 ], [ -60.580016318999974, -34.818073120999934 ], [ -60.578523, -34.818677 ], [ -60.578503124999941, -34.818683074999953 ], [ -60.577584, -34.818964 ], [ -60.576633, -34.818811 ], [ -60.575516, -34.8192 ], [ -60.575501980999952, -34.819262571999957 ], [ -60.575434, -34.819566 ], [ -60.574686, -34.819894 ], [ -60.574409346999971, -34.819909267999947 ], [ -60.574233, -34.819919 ], [ -60.573619, -34.819783 ], [ -60.572796, -34.81977 ], [ -60.571865, -34.819635 ], [ -60.571390975999982, -34.819732234999947 ], [ -60.570188, -34.819979 ], [ -60.569748, -34.820486 ], [ -60.569997719999947, -34.820842045999939 ], [ -60.570944, -34.821338 ], [ -60.571559, -34.821753 ], [ -60.572342, -34.821923 ], [ -60.572914, -34.822129 ], [ -60.572914764999958, -34.822138564999918 ], [ -60.57296, -34.822704 ], [ -60.572201, -34.822899 ], [ -60.571587036999979, -34.822957169999938 ], [ -60.57085, -34.823027 ], [ -60.57062360599997, -34.823109853999938 ], [ -60.569839, -34.823397 ], [ -60.569268998999981, -34.82347 ], [ -60.568707975999985, -34.823355014999947 ], [ -60.567937, -34.823197 ], [ -60.567499852999966, -34.823302436999946 ], [ -60.567199, -34.823375 ], [ -60.567013, -34.823968 ], [ -60.567313, -34.824593 ], [ -60.567147, -34.824994 ], [ -60.566577998999946, -34.82524 ], [ -60.566032248999932, -34.825199172999923 ], [ -60.565923, -34.825191 ], [ -60.565344249999953, -34.825348399999939 ], [ -60.565206, -34.825386 ], [ -60.56519745099996, -34.825380240999948 ], [ -60.564103, -34.824643 ], [ -60.563363, -34.824559 ], [ -60.562794, -34.824683 ], [ -60.562465404999948, -34.824966771999975 ], [ -60.561753, -34.825582 ], [ -60.561061, -34.826425 ], [ -60.560431, -34.826863 ], [ -60.559319, -34.828 ], [ -60.558715, -34.829239 ], [ -60.558273, -34.829572 ], [ -60.557829, -34.829417 ], [ -60.556646, -34.829335 ], [ -60.556434070999963, -34.829186341999957 ], [ -60.555266, -34.828367 ], [ -60.553486277999987, -34.827068229999952 ], [ -60.553475, -34.82706 ], [ -60.552518758999959, -34.82538334499997 ], [ -60.552514, -34.825375 ], [ -60.551591386999974, -34.824811345999933 ], [ -60.551580998999945, -34.824805 ], [ -60.551029507999949, -34.823789301999966 ], [ -60.551025, -34.823781 ], [ -60.550436480999963, -34.823489712999958 ], [ -60.550430998999957, -34.823487 ], [ -60.549771, -34.82269 ], [ -60.549491199999977, -34.821703232999937 ], [ -60.548847, -34.821262 ], [ -60.547883, -34.821295 ], [ -60.547722860999954, -34.821396932999946 ], [ -60.54681, -34.821978 ], [ -60.545566, -34.822158 ], [ -60.545471909999939, -34.822141314999953 ], [ -60.544128, -34.821903 ], [ -60.543364, -34.821384 ], [ -60.542793, -34.821317 ], [ -60.541866, -34.821635 ], [ -60.540809, -34.821518 ], [ -60.540339, -34.821821 ], [ -60.540247541999975, -34.821884549999936 ], [ -60.539464, -34.822429 ], [ -60.539227181999934, -34.822430084999944 ], [ -60.538809, -34.822432 ], [ -60.538313, -34.822676 ], [ -60.538084731999959, -34.82277149599998 ], [ -60.537027, -34.823214 ], [ -60.535342, -34.824022 ], [ -60.534689972999963, -34.824036160999974 ], [ -60.534329, -34.824044 ], [ -60.533929, -34.824219 ], [ -60.533892727999955, -34.824323328999981 ], [ -60.533638, -34.825056 ], [ -60.533438, -34.825412 ], [ -60.532941, -34.825903 ], [ -60.532078, -34.826376 ], [ -60.53147, -34.82711 ], [ -60.531285, -34.827894 ], [ -60.530632, -34.82821 ], [ -60.529812, -34.828754 ], [ -60.528821, -34.829054 ], [ -60.528182, -34.829466 ], [ -60.527897, -34.829824 ], [ -60.527989, -34.831094 ], [ -60.528568998999958, -34.832212 ], [ -60.529799604999944, -34.833732568999949 ], [ -60.529804, -34.833738 ], [ -60.530428832, -34.834230410999965 ], [ -60.530440998999943, -34.83424 ], [ -60.530867, -34.835033 ], [ -60.530597998999959, -34.837667 ], [ -60.530122, -34.839401 ], [ -60.529849, -34.840921 ], [ -60.529283, -34.84162 ], [ -60.527907, -34.841934 ], [ -60.527311, -34.841858 ], [ -60.526527, -34.841444 ], [ -60.525958, -34.841345 ], [ -60.525746, -34.841366 ], [ -60.525471, -34.841421 ], [ -60.524985, -34.84152 ], [ -60.523864, -34.841299 ], [ -60.522133998999948, -34.841602 ], [ -60.521271, -34.842059 ], [ -60.520236, -34.84215 ], [ -60.51939, -34.84191 ], [ -60.518059, -34.841881 ], [ -60.516811, -34.841608 ], [ -60.515009397999954, -34.840815038999949 ], [ -60.514848, -34.840744 ], [ -60.514563720999945, -34.840778224999937 ], [ -60.511999, -34.841087 ], [ -60.510731, -34.84104 ], [ -60.509483, -34.840697 ], [ -60.507696, -34.839599 ], [ -60.507042, -34.839041 ], [ -60.506388, -34.838717 ], [ -60.505212, -34.838623 ], [ -60.502551, -34.839666 ], [ -60.50129616199996, -34.83906151799993 ], [ -60.500855, -34.838849 ], [ -60.500732849999963, -34.838797654999951 ], [ -60.498928, -34.838039 ], [ -60.498042, -34.838321 ], [ -60.497324, -34.838393 ], [ -60.496774, -34.838291 ], [ -60.496635672999957, -34.838299623999944 ], [ -60.495571, -34.838366 ], [ -60.494684, -34.838491 ], [ -60.494483584999948, -34.838574341999959 ], [ -60.493056, -34.839168 ], [ -60.492174, -34.840059 ], [ -60.491961, -34.840679 ], [ -60.492034, -34.841417 ], [ -60.491976, -34.842393 ], [ -60.491833, -34.843072 ], [ -60.490846, -34.844155 ], [ -60.490278, -34.844471 ], [ -60.490095817999986, -34.844495518999956 ], [ -60.488948, -34.84465 ], [ -60.487776, -34.844679 ], [ -60.485935, -34.844181 ], [ -60.48545, -34.844183 ], [ -60.485447941999944, -34.844184089999942 ], [ -60.48455606899995, -34.844656484999966 ], [ -60.484523, -34.844674 ], [ -60.484520049999965, -34.844719159999954 ], [ -60.484465, -34.845562 ], [ -60.484129, -34.845947 ], [ -60.483341, -34.846366 ], [ -60.482886, -34.846509 ], [ -60.482767569999972, -34.846516910999988 ], [ -60.481853, -34.846578 ], [ -60.481112, -34.846655 ], [ -60.480955694999977, -34.846746053999929 ], [ -60.479428, -34.847636 ], [ -60.479208, -34.847925 ], [ -60.478603, -34.84932 ], [ -60.477847, -34.850106 ], [ -60.47746, -34.852544 ], [ -60.476726, -34.853532 ], [ -60.475839, -34.853657 ], [ -60.475166, -34.854234 ], [ -60.475044, -34.854931 ], [ -60.474095, -34.855248 ], [ -60.473619, -34.855665 ], [ -60.473698, -34.856068 ], [ -60.473488, -34.856312 ], [ -60.47258007999995, -34.856282403999963 ], [ -60.472537, -34.856281 ], [ -60.472379225999987, -34.856412165999977 ], [ -60.472116, -34.856631 ], [ -60.47177187799997, -34.856621494999956 ], [ -60.470704, -34.856592 ], [ -60.469773182, -34.856584072999965 ], [ -60.46906, -34.856578 ], [ -60.468554, -34.856702 ], [ -60.46805, -34.857313 ], [ -60.46765, -34.857454 ], [ -60.467080998999961, -34.857734 ], [ -60.466579, -34.858642 ], [ -60.466268, -34.859652 ], [ -60.465995, -34.860019 ], [ -60.465447, -34.8603 ], [ -60.464454, -34.860303 ], [ -60.46361, -34.86055 ], [ -60.462768, -34.861024 ], [ -60.462176, -34.860974 ], [ -60.461712, -34.861184 ], [ -60.460766, -34.862058 ], [ -60.460279, -34.862375 ], [ -60.459679, -34.862556 ], [ -60.459431514999949, -34.862563284999965 ], [ -60.459117204999977, -34.862572536999934 ], [ -60.458456, -34.862592 ], [ -60.457989, -34.862563 ], [ -60.457524998999986, -34.862704 ], [ -60.457494174999965, -34.862730342999953 ], [ -60.456789, -34.863333 ], [ -60.456346, -34.863561 ], [ -60.45546, -34.863826 ], [ -60.455145, -34.864192 ], [ -60.454897, -34.865151 ], [ -60.454603, -34.866066 ], [ -60.454141, -34.86652 ], [ -60.454038, -34.867147 ], [ -60.454147, -34.867739 ], [ -60.454213, -34.868226 ], [ -60.453944, -34.869167 ], [ -60.453992585999977, -34.869551273999946 ], [ -60.45424, -34.869709 ], [ -60.454812, -34.869968 ], [ -60.454840660999928, -34.870049148999954 ], [ -60.454903284999943, -34.870226462999938 ], [ -60.45501166899998, -34.870275538999977 ], [ -60.455301998999971, -34.870407 ], [ -60.455474, -34.870894 ], [ -60.455371, -34.871347 ], [ -60.45491, -34.872097 ], [ -60.454859298999956, -34.872388407999949 ], [ -60.454833283999967, -34.872537932999933 ], [ -60.455194459, -34.872894638999981 ], [ -60.455234437999934, -34.872915856999953 ], [ -60.455295, -34.872948 ], [ -60.455699, -34.873347 ], [ -60.455595, -34.873783 ], [ -60.45526, -34.874237 ], [ -60.454374, -34.874588 ], [ -60.453532, -34.875096 ], [ -60.453114, -34.876107 ], [ -60.452993, -34.877152 ], [ -60.45278, -34.877507 ], [ -60.452022, -34.877962 ], [ -60.450945, -34.87814 ], [ -60.449721, -34.878388 ], [ -60.448962, -34.878809 ], [ -60.44884647899994, -34.879041882999957 ], [ -60.448711, -34.879315 ], [ -60.44918, -34.879825 ], [ -60.450335, -34.881738 ], [ -60.450397, -34.882066 ], [ -60.450599094999973, -34.882331784999963 ], [ -60.451057, -34.882934 ], [ -60.451225998999973, -34.883517 ], [ -60.450872, -34.884354 ], [ -60.451023, -34.884963 ], [ -60.450794, -34.88559 ], [ -60.450946, -34.886355 ], [ -60.450564, -34.886737 ], [ -60.449814, -34.887343 ], [ -60.449031, -34.887912 ], [ -60.448905804999981, -34.88841614599994 ], [ -60.448845, -34.888661 ], [ -60.448983739999953, -34.88889983699994 ], [ -60.449143, -34.889174 ], [ -60.449335, -34.889574 ], [ -60.449153, -34.891019 ], [ -60.448711, -34.891439 ], [ -60.448272, -34.892311 ], [ -60.44795604899997, -34.893220900999943 ], [ -60.447939, -34.89327 ], [ -60.448065550999956, -34.893872693999981 ], [ -60.4482, -34.894513 ], [ -60.447847, -34.895785 ], [ -60.44786590599994, -34.896182411 ], [ -60.447895, -34.896794 ], [ -60.448175, -34.897698 ], [ -60.448353, -34.898047 ], [ -60.448827003999952, -34.898581979999946 ], [ -60.449069, -34.898658 ], [ -60.449345, -34.898988 ], [ -60.449345253999986, -34.899029992999949 ], [ -60.449349, -34.89965 ], [ -60.449098, -34.90026 ], [ -60.44923, -34.901147 ], [ -60.449041, -34.901409 ], [ -60.448874, -34.90181 ], [ -60.449136, -34.903271 ], [ -60.449229, -34.904654 ], [ -60.449887, -34.905261 ], [ -60.450551, -34.906895 ], [ -60.450429, -34.907748 ], [ -60.450476, -34.908479 ], [ -60.450055, -34.909532 ], [ -60.450205, -34.909897 ], [ -60.450291, -34.910228 ], [ -60.449957998999935, -34.911082 ], [ -60.44996, -34.911465 ], [ -60.450195, -34.911917 ], [ -60.450178, -34.9127 ], [ -60.450561, -34.913221 ], [ -60.451119, -34.913994 ], [ -60.451137, -34.91474 ], [ -60.450939, -34.91567 ], [ -60.450586, -34.916942 ], [ -60.450507, -34.91797 ], [ -60.450785, -34.918543 ], [ -60.451175341999935, -34.918774530999933 ], [ -60.451252, -34.91882 ], [ -60.451303870999944, -34.91899856699996 ], [ -60.451605627999982, -34.919177937999969 ], [ -60.451742, -34.919259 ], [ -60.451809228999934, -34.919490201999956 ], [ -60.452029, -34.920246 ], [ -60.452413, -34.920835 ], [ -60.452814, -34.921644 ], [ -60.452824998999972, -34.92287 ], [ -60.452954057999925, -34.923357363999962 ], [ -60.453156535999938, -34.923567191999943 ], [ -60.453189391999963, -34.923589736999915 ], [ -60.453353, -34.923702 ], [ -60.453656, -34.924016 ], [ -60.454228998999952, -34.924327 ], [ -60.454991, -34.924481 ], [ -60.455666134999944, -34.924868443999969 ], [ -60.455925, -34.925017 ], [ -60.456244, -34.925416 ], [ -60.456373998999936, -34.925973 ], [ -60.456573871999986, -34.926473527999974 ], [ -60.456929, -34.926569 ], [ -60.457162646999961, -34.926938941999936 ], [ -60.457419, -34.927008 ], [ -60.45758063899995, -34.927263928999935 ], [ -60.458055, -34.927418 ], [ -60.458586, -34.927851 ], [ -60.458588753999948, -34.927892678999967 ], [ -60.458609, -34.928199 ], [ -60.458167998999954, -34.92874 ], [ -60.457975556999948, -34.928846844999946 ], [ -60.457851, -34.928916 ], [ -60.457359623999942, -34.928738020999958 ], [ -60.457089, -34.92864 ], [ -60.456581, -34.928659 ], [ -60.455738, -34.929202 ], [ -60.454872998999967, -34.929606 ], [ -60.453966, -34.929853 ], [ -60.453331998999943, -34.929977 ], [ -60.453038, -34.930413 ], [ -60.453146, -34.930709 ], [ -60.453592710999942, -34.931029354999971 ], [ -60.453636, -34.931148 ], [ -60.454186775999965, -34.931542984999965 ], [ -60.454336, -34.93165 ], [ -60.454540228999981, -34.931848960999957 ], [ -60.454995, -34.932292 ], [ -60.456094, -34.932166 ], [ -60.457177, -34.932241 ], [ -60.457808, -34.932211 ], [ -60.458407580999953, -34.932339243999941 ], [ -60.458528, -34.932365 ], [ -60.458891372999965, -34.932769823999941 ], [ -60.459203, -34.933117 ], [ -60.459802, -34.933422 ], [ -60.460522, -34.933472 ], [ -60.461944, -34.934389 ], [ -60.462807037999944, -34.934646268999984 ], [ -60.46289, -34.934671 ], [ -60.463181706999926, -34.934966868999936 ], [ -60.463948, -34.935184 ], [ -60.465119, -34.935342 ], [ -60.46639, -34.935522 ], [ -60.466907, -34.935722 ], [ -60.467204508999949, -34.936086148999955 ], [ -60.467849, -34.936875 ], [ -60.468, -34.93738 ], [ -60.468395373999954, -34.937498824999977 ], [ -60.468742, -34.937603 ], [ -60.468859045999977, -34.937606608999936 ], [ -60.470103998999953, -34.937645 ], [ -60.470948, -34.937814 ], [ -60.471444769999948, -34.937941633999969 ], [ -60.471811929999944, -34.938035967999951 ], [ -60.472283, -34.938157 ], [ -60.472386336999932, -34.938232556999942 ], [ -60.473239, -34.938856 ], [ -60.474109, -34.939473 ], [ -60.474216326999972, -34.939639857999964 ], [ -60.474599, -34.939912 ], [ -60.475221, -34.940878 ], [ -60.475497, -34.941527 ], [ -60.475331, -34.942033 ], [ -60.474785, -34.942801 ], [ -60.474681947999962, -34.943622352999959 ], [ -60.474640321999971, -34.943954122999983 ], [ -60.474583, -34.944411 ], [ -60.474988, -34.945001 ], [ -60.475099, -34.945871 ], [ -60.474845171999959, -34.946396026999921 ], [ -60.474836, -34.946415 ], [ -60.474027, -34.947024 ], [ -60.473579564999966, -34.948056013999974 ], [ -60.473505, -34.948228 ], [ -60.473297, -34.948873 ], [ -60.473559752999968, -34.949634614999979 ], [ -60.473583, -34.949702 ], [ -60.474921, -34.950764 ], [ -60.476743523999971, -34.951575936999966 ], [ -60.477233, -34.951794 ], [ -60.477235, -34.952229 ], [ -60.477682, -34.95268 ], [ -60.477702077999936, -34.95284152399995 ], [ -60.477749, -34.953219 ], [ -60.477507951999947, -34.953507396999946 ], [ -60.477413, -34.953621 ], [ -60.476718, -34.954216 ], [ -60.476138, -34.955326 ], [ -60.476756, -34.956124 ], [ -60.477162, -34.956923 ], [ -60.47721, -34.957759 ], [ -60.477380037999986, -34.958239851999963 ], [ -60.477529, -34.958344 ], [ -60.478293998999959, -34.958771 ], [ -60.478659, -34.958923 ], [ -60.479098, -34.958999 ], [ -60.479432152999941, -34.959410488999929 ], [ -60.479589, -34.959438 ], [ -60.480388518999973, -34.960422560999966 ], [ -60.480505, -34.960566 ], [ -60.481206, -34.96112 ], [ -60.481757, -34.96117 ], [ -60.482573842999948, -34.961381345999939 ], [ -60.482816, -34.961444 ], [ -60.483115, -34.961896 ], [ -60.483331577999934, -34.962709632999967 ], [ -60.483374, -34.962869 ], [ -60.483186, -34.963236 ], [ -60.48288804799995, -34.963529235999935 ], [ -60.482554, -34.963858 ], [ -60.482518, -34.964972 ], [ -60.482861, -34.965702 ], [ -60.482759, -34.966276 ], [ -60.483038, -34.966954 ], [ -60.483931, -34.967786 ], [ -60.48426, -34.968807 ], [ -60.485009, -34.969694 ], [ -60.485054, -34.970701 ], [ -60.484676, -34.97119 ], [ -60.48487, -34.971816 ], [ -60.485045303999975, -34.972008074999962 ], [ -60.485424, -34.972423 ], [ -60.486081, -34.97256 ], [ -60.486739, -34.972993 ], [ -60.487600250999954, -34.973308645999957 ], [ -60.487821, -34.973714 ], [ -60.487762, -34.974801 ], [ -60.487153, -34.975569 ], [ -60.487134, -34.976092 ], [ -60.48675, -34.976592 ], [ -60.486441, -34.976982 ], [ -60.486466, -34.977504 ], [ -60.485814, -34.978151 ], [ -60.485652, -34.979388 ], [ -60.485378, -34.980286 ], [ -60.484831, -34.980706 ], [ -60.484179, -34.981492 ], [ -60.48373, -34.982535 ], [ -60.48347, -34.983253 ], [ -60.483009, -34.983968 ], [ -60.482228, -34.984816 ], [ -60.482023, -34.985966 ], [ -60.481518, -34.986628 ], [ -60.480508, -34.987503 ], [ -60.480276, -34.988184 ], [ -60.48024, -34.988688 ], [ -60.479905, -34.989351 ], [ -60.479462, -34.989893 ], [ -60.478324, -34.99083 ], [ -60.477591, -34.992156 ], [ -60.476875, -34.992768 ], [ -60.476382, -34.993815 ], [ -60.47618, -34.994266 ], [ -60.475891, -34.994565 ], [ -60.47602, -34.994948 ], [ -60.475367, -34.995438 ], [ -60.474685998999981, -34.995991 ], [ -60.474081, -34.9968 ], [ -60.473888, -34.997143 ], [ -60.473912, -34.997613 ], [ -60.473363, -34.997789 ], [ -60.472686, -34.997896 ], [ -60.472412, -34.998071 ], [ -60.472289, -34.99875 ], [ -60.47166, -34.999045 ], [ -60.471278, -34.999607 ], [ -60.470582, -35.000045 ], [ -60.46999, -35.000135 ], [ -60.468848, -35.000261 ], [ -60.468298, -35.000632 ], [ -60.467542, -35.001397 ], [ -60.466941, -35.001912 ], [ -60.466193, -35.002431 ], [ -60.465739, -35.0027 ], [ -60.464999, -35.002825 ], [ -60.463118, -35.003267 ], [ -60.462825, -35.003492 ], [ -60.462212, -35.004072 ], [ -60.461792, -35.004648 ], [ -60.461754, -35.005379 ], [ -60.461594, -35.0063 ], [ -60.461292, -35.007166 ], [ -60.4608, -35.007626 ], [ -60.460555, -35.007906 ], [ -60.459804, -35.008211 ], [ -60.45857, -35.008569 ], [ -60.457238, -35.008974 ], [ -60.456582, -35.009011 ], [ -60.45601, -35.00877 ], [ -60.454638, -35.00793 ], [ -60.453852, -35.008027 ], [ -60.453602, -35.008066 ], [ -60.453409, -35.008156 ], [ -60.45227, -35.008612 ], [ -60.45149, -35.009154 ], [ -60.448947, -35.00996 ], [ -60.448045, -35.010229 ], [ -60.447052, -35.010424 ], [ -60.445951, -35.010446 ], [ -60.444364, -35.010504 ], [ -60.44251, -35.010445 ], [ -60.441453, -35.010744 ], [ -60.440905, -35.011164 ], [ -60.439825, -35.01205 ], [ -60.439324, -35.012441 ], [ -60.43882, -35.013296 ], [ -60.438287, -35.013759 ], [ -60.435906, -35.015388 ], [ -60.434912, -35.016392 ], [ -60.434933, -35.016765 ], [ -60.435005, -35.017149 ], [ -60.435175998999974, -35.017566 ], [ -60.435807, -35.01822 ], [ -60.436177, -35.018625 ], [ -60.436306998999953, -35.019094 ], [ -60.436182, -35.019478 ], [ -60.436059, -35.020387 ], [ -60.436191, -35.02074 ], [ -60.436661285999953, -35.021123605999946 ], [ -60.436701, -35.021156 ], [ -60.436698996999958, -35.021192863999936 ], [ -60.436669, -35.021745 ], [ -60.436930998999969, -35.023465 ], [ -60.437067, -35.024215 ], [ -60.437272, -35.024914 ], [ -60.437631, -35.025859 ], [ -60.438005, -35.027291 ], [ -60.438163, -35.029118 ], [ -60.438422, -35.030022 ], [ -60.438894, -35.031117 ], [ -60.439323, -35.032264 ], [ -60.43922, -35.033652 ], [ -60.439587, -35.034174 ], [ -60.439579322999982, -35.034753328999948 ], [ -60.439572, -35.035306 ], [ -60.440043, -35.036314 ], [ -60.440024, -35.036784 ], [ -60.439602998999987, -35.037255 ], [ -60.438822, -35.037624 ], [ -60.437996, -35.037749 ], [ -60.437257, -35.038117 ], [ -60.43654, -35.038607 ], [ -60.43593, -35.039288 ], [ -60.435382, -35.039934 ], [ -60.434707, -35.040389 ], [ -60.434145, -35.040579 ], [ -60.433617, -35.040576 ], [ -60.432854, -35.039918 ], [ -60.431938125999977, -35.040852444999977 ], [ -60.431917, -35.040874 ], [ -60.420658, -35.052858 ], [ -60.419897, -35.053677 ], [ -60.415137535999975, -35.058733509999961 ], [ -60.409995, -35.064197 ], [ -60.408452, -35.065853 ], [ -60.405337035999942, -35.070647450999957 ], [ -60.405184, -35.070883 ], [ -60.404613462999976, -35.070651253999976 ], [ -60.40415, -35.070463 ], [ -60.403744598999936, -35.071111246999976 ], [ -60.400047280999964, -35.077023352999959 ], [ -60.400045, -35.077027 ], [ -60.399450740999953, -35.07676982199996 ], [ -60.398446, -35.076335 ], [ -60.393783, -35.082007 ], [ -60.388695, -35.088229 ], [ -60.378308, -35.09636 ], [ -60.366518468999971, -35.105536925999957 ], [ -60.366449, -35.105591 ], [ -60.362599247999981, -35.102304831999952 ], [ -60.36233, -35.102075 ], [ -60.354324, -35.108198 ], [ -60.35109, -35.11073 ], [ -60.349005, -35.112304 ], [ -60.346226, -35.11439 ], [ -60.344067, -35.116019 ], [ -60.339865, -35.119217 ], [ -60.334084648, -35.123647351999978 ], [ -60.329242, -35.127359 ], [ -60.329092, -35.127511 ], [ -60.328936, -35.127661 ], [ -60.329162555999972, -35.127846484999949 ], [ -60.329447249999987, -35.128079566999936 ], [ -60.329962, -35.128501 ], [ -60.330434, -35.128895 ], [ -60.336776, -35.134555 ], [ -60.342815998999988, -35.139893 ], [ -60.349112, -35.145466 ], [ -60.355417, -35.150969 ], [ -60.362540299999985, -35.157343356999938 ], [ -60.364824487999947, -35.15938707399993 ], [ -60.36504005299998, -35.159579945999944 ], [ -60.36483401899995, -35.159733745999972 ], [ -60.364831, -35.159736 ], [ -60.35088, -35.170281 ], [ -60.350015, -35.170904 ], [ -60.346355, -35.173747 ], [ -60.34102, -35.177863 ], [ -60.340000680999935, -35.178631377999977 ], [ -60.33853, -35.17974 ], [ -60.338661, -35.179861 ], [ -60.339061436999948, -35.18023142 ], [ -60.346145, -35.186784 ], [ -60.347211, -35.187828 ], [ -60.351283, -35.191517 ], [ -60.353836, -35.193833 ], [ -60.353566336999961, -35.19404049599995 ], [ -60.343651, -35.20167 ], [ -60.342402, -35.202597 ], [ -60.342235, -35.202851 ], [ -60.331924, -35.210809 ], [ -60.331776, -35.211085 ], [ -60.324172, -35.216833 ], [ -60.322422, -35.218122 ], [ -60.315786998999954, -35.223135 ], [ -60.316078088999973, -35.223407774999934 ], [ -60.316089, -35.223418 ], [ -60.316513200999964, -35.22379518199994 ], [ -60.319373, -35.226338 ], [ -60.319389710999985, -35.226355425999934 ], [ -60.319864, -35.226777 ], [ -60.320331376999953, -35.227264366999982 ], [ -60.320355, -35.227289 ], [ -60.322603734, -35.229282680999972 ], [ -60.323097, -35.22972 ], [ -60.327489, -35.23361 ], [ -60.329256, -35.235114 ], [ -60.332858, -35.238284 ], [ -60.3385, -35.243353 ], [ -60.340904, -35.245464 ], [ -60.34245, -35.246884 ], [ -60.342729, -35.247085 ], [ -60.347833, -35.251677 ], [ -60.349153998999959, -35.252831 ], [ -60.352087, -35.2555 ], [ -60.360486, -35.263039 ], [ -60.366309042999951, -35.26836541299997 ], [ -60.366372, -35.268423 ], [ -60.367395872999964, -35.268448317999955 ], [ -60.367747, -35.268457 ], [ -60.367997, -35.268715 ], [ -60.369508, -35.270083 ], [ -60.371048180999942, -35.271461863999946 ], [ -60.375429919999988, -35.275384663999937 ], [ -60.379046, -35.278622 ], [ -60.387859, -35.286436 ], [ -60.396414, -35.294083 ], [ -60.400383, -35.2976 ], [ -60.410056, -35.30636 ], [ -60.410505, -35.306769 ], [ -60.420939, -35.31617 ], [ -60.421216, -35.316424 ], [ -60.427911201999954, -35.322460088999946 ], [ -60.431445, -35.325646 ], [ -60.431727, -35.325874 ], [ -60.438851, -35.332335 ], [ -60.445075, -35.33698 ], [ -60.445501, -35.337223 ], [ -60.496201165999935, -35.381912869999944 ], [ -60.504533, -35.389257 ], [ -60.504746, -35.389451 ], [ -60.505059, -35.389735 ], [ -60.510272312999973, -35.394441558999965 ], [ -60.516324, -35.399905 ], [ -60.518531913999936, -35.401862275999981 ], [ -60.523047720999955, -35.405865456999948 ], [ -60.527907172999953, -35.410173272999934 ], [ -60.528049, -35.410299 ], [ -60.537806, -35.402758 ], [ -60.539181713999938, -35.401693791999939 ], [ -60.547959373999959, -35.394903676999945 ], [ -60.580528540999985, -35.36970921999994 ], [ -60.580693, -35.369582 ], [ -60.581692680999936, -35.368767179999963 ], [ -60.581953, -35.368555 ], [ -60.582956876999958, -35.367793954999961 ], [ -60.611437, -35.346203 ], [ -60.61301, -35.345043 ], [ -60.613379, -35.344758 ], [ -60.614521471999986, -35.343871105999938 ], [ -60.614577, -35.343828 ], [ -60.615775, -35.342899 ], [ -60.626067, -35.334873 ], [ -60.631325210999933, -35.330499669999945 ], [ -60.640685, -35.322715 ], [ -60.641279, -35.322256 ], [ -60.642249074999938, -35.321483902999937 ], [ -60.647399, -35.317385 ], [ -60.655981, -35.310728 ], [ -60.667066, -35.302084 ], [ -60.677658, -35.293814 ], [ -60.677915, -35.293612 ], [ -60.682487, -35.29003 ], [ -60.682836, -35.289712 ], [ -60.70613288, -35.27147201899993 ], [ -60.712666, -35.266357 ], [ -60.713345851999975, -35.265821584999969 ], [ -60.713041, -35.265533 ], [ -60.71345958399997, -35.265213947999939 ], [ -60.720859, -35.259574 ], [ -60.727253, -35.254708 ], [ -60.730982, -35.251873 ], [ -60.73475955899994, -35.249026747999949 ], [ -60.735376566999953, -35.248561854999927 ], [ -60.735602, -35.248392 ], [ -60.742187, -35.243349 ], [ -60.751889, -35.235942 ], [ -60.752529, -35.235418 ], [ -60.753239, -35.234897 ], [ -60.75835160599997, -35.231261303999915 ], [ -60.763676, -35.227475 ], [ -60.773531, -35.219814 ], [ -60.784318, -35.211345 ], [ -60.784756852999983, -35.211002002999976 ], [ -60.79336, -35.204278 ], [ -60.80584, -35.194651 ], [ -60.828743, -35.176488 ], [ -60.83885, -35.168391 ], [ -60.847119, -35.16186 ], [ -60.857344, -35.154037 ], [ -60.868635051999945, -35.145430640999948 ], [ -60.86912, -35.145061 ], [ -60.869693, -35.14555 ], [ -60.869907091999956, -35.145747315999984 ], [ -60.869912885999959, -35.145752656999946 ], [ -60.869961, -35.145797 ], [ -60.870007350999963, -35.145760515999932 ], [ -60.87144739699994, -35.144627019 ], [ -60.872662765999962, -35.143670371 ], [ -60.872611, -35.143619 ], [ -60.872267, -35.143362 ], [ -60.86843, -35.140063 ], [ -60.867468998999982, -35.139239 ], [ -60.867219023999958, -35.139026845999979 ], [ -60.864356, -35.136597 ], [ -60.861986, -35.134564 ], [ -60.859783, -35.132669 ], [ -60.859494, -35.132421 ], [ -60.855357, -35.128865 ], [ -60.854067, -35.127756 ], [ -60.849589, -35.123908 ], [ -60.846893, -35.121576 ], [ -60.844572, -35.119567 ], [ -60.844093, -35.119152 ], [ -60.840948, -35.116429 ], [ -60.838633447999939, -35.114423218999946 ], [ -60.838122, -35.11398 ], [ -60.83784, -35.113675 ], [ -60.835217, -35.111432 ], [ -60.833121, -35.109657 ], [ -60.829264998999975, -35.106386 ], [ -60.825712, -35.103346 ], [ -60.818464, -35.097151 ], [ -60.81623, -35.095249 ], [ -60.810022, -35.089965 ], [ -60.809842, -35.089812 ], [ -60.809535, -35.08955 ], [ -60.800583808999932, -35.081870719999984 ], [ -60.799239, -35.080717 ], [ -60.792689, -35.075111 ], [ -60.791925, -35.074472 ], [ -60.789113, -35.071911 ], [ -60.779109, -35.063109 ], [ -60.777961, -35.062098 ], [ -60.765282557999967, -35.050974890999953 ], [ -60.758764, -35.045256 ], [ -60.757695, -35.044392 ], [ -60.754227, -35.041402 ], [ -60.754843782999956, -35.040924459999928 ], [ -60.762085, -35.035318 ], [ -60.770029, -35.029124 ], [ -60.772706, -35.02703 ], [ -60.777676, -35.023162 ], [ -60.785175, -35.017336 ], [ -60.785516, -35.017064 ], [ -60.790578, -35.013107 ], [ -60.795452, -35.00932 ], [ -60.800709, -35.005225 ], [ -60.805986, -35.001112 ], [ -60.810065410999989, -34.997704178999982 ], [ -60.81073, -34.997149 ], [ -60.811000170999932, -34.996971917999929 ], [ -60.811116, -34.996896 ], [ -60.813353626999969, -34.995128299999962 ], [ -60.813353674, -34.995128262999955 ], [ -60.813353721999931, -34.995128225999956 ], [ -60.81633, -34.992777 ], [ -60.816594, -34.992508 ], [ -60.81901, -34.990661 ], [ -60.824408998999957, -34.986372 ], [ -60.828211144999955, -34.983371625999951 ], [ -60.836089, -34.977155 ], [ -60.840457, -34.97376 ], [ -60.843527, -34.971327 ], [ -60.847361, -34.968271 ], [ -60.847692, -34.968081 ], [ -60.841407, -34.962571 ], [ -60.83835, -34.959921 ], [ -60.830449, -34.953074 ], [ -60.823607536999987, -34.947170904999943 ], [ -60.821248, -34.945135 ], [ -60.81758299899996, -34.941917 ], [ -60.814032, -34.938792 ], [ -60.811357, -34.936409 ], [ -60.80843699899998, -34.933883 ], [ -60.807381, -34.932976 ], [ -60.802929, -34.929048 ], [ -60.802748, -34.928884 ], [ -60.802566, -34.92872 ], [ -60.798405, -34.925158 ], [ -60.795753, -34.922857 ], [ -60.795329, -34.922497 ], [ -60.792902, -34.920437 ], [ -60.791684, -34.919405 ], [ -60.787952, -34.916196 ], [ -60.781682146999962, -34.910735493999937 ], [ -60.781282, -34.910387 ], [ -60.780268, -34.909582 ], [ -60.777224, -34.906935 ], [ -60.764058, -34.89555 ], [ -60.763847, -34.895347 ], [ -60.761911, -34.893647 ], [ -60.761773, -34.893525 ], [ -60.761414, -34.893208 ], [ -60.760742, -34.892694 ], [ -60.757652, -34.889999 ], [ -60.757193, -34.88961 ], [ -60.756795, -34.889276 ], [ -60.754004, -34.886821 ], [ -60.75373, -34.886581 ], [ -60.75316, -34.886082 ], [ -60.751723, -34.884872 ], [ -60.749066, -34.882836 ], [ -60.747197, -34.881197 ], [ -60.744771, -34.879078 ], [ -60.743792, -34.878658 ], [ -60.742383, -34.877464 ], [ -60.740599, -34.875866 ], [ -60.740179, -34.875541 ], [ -60.735946, -34.871801 ], [ -60.73176, -34.868139 ], [ -60.728222, -34.864973 ], [ -60.723955998999941, -34.861231 ], [ -60.725325749999975, -34.860171861999959 ], [ -60.729239, -34.857146 ], [ -60.734181, -34.853348 ], [ -60.734353, -34.85318 ], [ -60.734571, -34.853017 ], [ -60.739327, -34.849219 ], [ -60.745267412999958, -34.844538081999929 ], [ -60.746015, -34.843949 ], [ -60.752856, -34.838732 ], [ -60.755734, -34.83656 ], [ -60.756058, -34.83631 ], [ -60.758264773999947, -34.834663078999931 ], [ -60.759168, -34.833989 ], [ -60.765067549999969, -34.829703663999965 ], [ -60.767245, -34.828122 ], [ -60.776216, -34.821119 ], [ -60.783265, -34.815528 ], [ -60.78588, -34.8135 ], [ -60.786221, -34.813232 ], [ -60.787682705999941, -34.811977245999977 ], [ -60.789583, -34.810346 ], [ -60.79062, -34.809544 ], [ -60.792848, -34.807775 ], [ -60.795577055999964, -34.805619181999916 ], [ -60.796052, -34.805244 ], [ -60.796303, -34.805062 ], [ -60.799609, -34.802435 ], [ -60.802607, -34.80005 ], [ -60.803305, -34.799478 ], [ -60.80689, -34.796736 ], [ -60.807215, -34.796495 ], [ -60.808690019999972, -34.795306564999962 ], [ -60.810684, -34.7937 ], [ -60.811372122999948, -34.793146452999956 ], [ -60.812353226999967, -34.792357222999939 ], [ -60.812963981999978, -34.791865912999981 ], [ -60.815683, -34.789652 ], [ -60.815398777999974, -34.789407288999939 ], [ -60.799462, -34.775686 ], [ -60.785207, -34.763278 ], [ -60.781737899999939, -34.760138023999957 ], [ -60.769809024, -34.749340874999966 ], [ -60.766951, -34.746754 ], [ -60.767325350999954, -34.746417176999941 ], [ -60.768956, -34.74495 ], [ -60.768772228999978, -34.744788896999978 ], [ -60.764489, -34.741034 ], [ -60.764820831999934, -34.740781956 ], [ -60.791127, -34.720801 ], [ -60.795509, -34.717472 ], [ -60.795307, -34.717313 ], [ -60.795230639999943, -34.717246109999955 ], [ -60.789257283, -34.712013424999945 ], [ -60.787959998999952, -34.710877 ], [ -60.78772, -34.710629 ], [ -60.780184003999977, -34.70409614099998 ], [ -60.776534, -34.700932 ], [ -60.775030998999966, -34.699593 ], [ -60.774625, -34.69931 ], [ -60.765505, -34.691772 ], [ -60.76375, -34.690275 ], [ -60.763497406999932, -34.690057336999985 ], [ -60.759657, -34.686748 ], [ -60.751585, -34.679797 ], [ -60.749699195999945, -34.678106105999966 ], [ -60.747739407999966, -34.676348872999945 ], [ -60.744493, -34.673438 ], [ -60.744221, -34.673154 ], [ -60.741636, -34.670881 ], [ -60.741871, -34.670697 ], [ -60.731917966999951, -34.66216232599993 ], [ -60.731317, -34.661647 ], [ -60.73056038899994, -34.661033472999968 ], [ -60.729223, -34.659949 ], [ -60.728355, -34.659217 ], [ -60.72515880299995, -34.656534040999922 ], [ -60.719752274999969, -34.651995681999942 ], [ -60.71868007799997, -34.651095655999946 ], [ -60.717626033999977, -34.650210867999938 ], [ -60.716344488999937, -34.649135110999957 ], [ -60.714236448999941, -34.647365575999984 ], [ -60.71413276199997, -34.647278537999959 ], [ -60.714069131999963, -34.647225125999967 ], [ -60.713957256999947, -34.647131215999934 ], [ -60.713742, -34.647212 ], [ -60.713370354999931, -34.647123173999951 ], [ -60.712855, -34.647 ], [ -60.712678482999934, -34.647054821 ], [ -60.712401, -34.647141 ] ] ] ] } },
{ "type": "Feature", "properties": { "id": null }, "geometry": { "type": "MultiPolygon", "coordinates": [ [ [ [ -60.906516924999949, -33.887308798999975 ], [ -60.90657, -33.887353 ], [ -60.909681991999946, -33.890081500999941 ], [ -60.91822088899994, -33.897071661999973 ], [ -60.923687339999958, -33.901546638999932 ], [ -60.929015, -33.906038 ], [ -60.931958, -33.908529 ], [ -60.936112, -33.912059 ], [ -60.937714, -33.913335 ], [ -60.941047, -33.916228 ], [ -60.941903255999939, -33.91694733199995 ], [ -60.949114, -33.923005 ], [ -60.948989275999971, -33.923122951999964 ], [ -60.948383710999963, -33.923695637999977 ], [ -60.945983, -33.925966 ], [ -60.94609, -33.92606 ], [ -60.946254741999958, -33.926203776999948 ], [ -60.950631338999983, -33.93002338899997 ], [ -60.952505800999965, -33.931659297999929 ], [ -60.952653573999953, -33.931782973999923 ], [ -60.953257, -33.932288 ], [ -60.955302, -33.933987 ], [ -60.956769, -33.935218 ], [ -60.958427, -33.936607 ], [ -60.962818, -33.94037 ], [ -60.963589, -33.941053 ], [ -60.974137079999942, -33.950005494999971 ], [ -60.974112822999984, -33.950025360999973 ], [ -60.97404, -33.950085 ], [ -60.974743290999982, -33.950681289999977 ], [ -60.993382734999955, -33.967192672999936 ], [ -60.99451366999994, -33.968111698999962 ], [ -60.998372590999971, -33.971247550999983 ], [ -61.001532501999975, -33.973815369999954 ], [ -61.006543517999951, -33.977887441999947 ], [ -61.007676387999943, -33.978808040999979 ], [ -61.011351179999963, -33.981794263999959 ], [ -61.011572338999947, -33.981973983999978 ], [ -61.011614706999985, -33.982008411999971 ], [ -61.011721160999969, -33.982094918999962 ], [ -61.012750220999983, -33.983311169999979 ], [ -61.014264826999977, -33.985101290999978 ], [ -61.014640490999973, -33.985545288999951 ], [ -61.014845, -33.985787 ], [ -61.015950576999956, -33.987113915999949 ], [ -61.016216922999938, -33.987433586999948 ], [ -61.018796, -33.990529 ], [ -61.020314142999958, -33.992332428999923 ], [ -61.020642035999977, -33.992721938999985 ], [ -61.021374188999964, -33.993591676999984 ], [ -61.022792400999947, -33.995276396999941 ], [ -61.022984, -33.995504 ], [ -61.024481, -33.997253 ], [ -61.024702966999946, -33.997498706999977 ], [ -61.025009278999967, -33.997837779999948 ], [ -61.02948379299994, -34.002790845999989 ], [ -61.029689, -34.003018 ], [ -61.029794213999942, -34.003138028999942 ], [ -61.030108, -34.003496 ], [ -61.033194093999946, -34.007308034999951 ], [ -61.034099469999951, -34.008426380999929 ], [ -61.034661, -34.00912 ], [ -61.034914, -34.009495 ], [ -61.036888808999954, -34.01194203499994 ], [ -61.037700124999958, -34.012947356999966 ], [ -61.038799, -34.014309 ], [ -61.040415466999946, -34.01631950299997 ], [ -61.041118042999983, -34.017193341999985 ], [ -61.041430010999939, -34.017581357999973 ], [ -61.042046558999971, -34.018348197999956 ], [ -61.042327, -34.018697 ], [ -61.042770479999945, -34.019261515999972 ], [ -61.043723, -34.020474 ], [ -61.045029964999969, -34.022086313999978 ], [ -61.045174, -34.022264 ], [ -61.045225998999967, -34.022321 ], [ -61.04562408299995, -34.022810222999972 ], [ -61.046247497999957, -34.023576363999943 ], [ -61.046645898999948, -34.02407158499993 ], [ -61.048145, -34.025935 ], [ -61.049094, -34.027095 ], [ -61.049109206999958, -34.02711423899995 ], [ -61.049539318999969, -34.02765837499993 ], [ -61.051406815999933, -34.030020954999934 ], [ -61.051527, -34.030173 ], [ -61.052531166999984, -34.030344318999937 ], [ -61.053895, -34.030577 ], [ -61.054147615999966, -34.030704238999931 ], [ -61.054646968, -34.030989645999973 ], [ -61.055043, -34.031216 ], [ -61.055647796999949, -34.031483358999935 ], [ -61.056536, -34.031876 ], [ -61.05752, -34.032454 ], [ -61.057596285999985, -34.032542218999936 ], [ -61.058626, -34.033733 ], [ -61.059246392999974, -34.034586772999951 ], [ -61.059281706999968, -34.034635370999979 ], [ -61.059777394999969, -34.035317525999972 ], [ -61.059949395999979, -34.035554229999939 ], [ -61.060767305999946, -34.036679820999943 ], [ -61.061089109999955, -34.037122680999957 ], [ -61.06117, -34.037234 ], [ -61.061196, -34.037395 ], [ -61.061254892999955, -34.037589188999959 ], [ -61.061528671999952, -34.038250001999977 ], [ -61.061544, -34.038287 ], [ -61.061567356999944, -34.038310112999973 ], [ -61.062024, -34.038762 ], [ -61.062449878999985, -34.039155460999943 ], [ -61.062588094999974, -34.039283155999954 ], [ -61.062694, -34.039381 ], [ -61.062939, -34.039447 ], [ -61.063237, -34.039489 ], [ -61.064477, -34.03905 ], [ -61.064643053999987, -34.039060218999957 ], [ -61.064802, -34.03907 ], [ -61.065277438999949, -34.039383640999972 ], [ -61.065415891999976, -34.039474975999951 ], [ -61.065464227999939, -34.039506861999939 ], [ -61.065948, -34.039826 ], [ -61.066954824999982, -34.041024422999939 ], [ -61.06702, -34.041102 ], [ -61.067402914999946, -34.041237560999946 ], [ -61.06745434099998, -34.041255766999939 ], [ -61.067455, -34.041256 ], [ -61.068110796999967, -34.04167119899995 ], [ -61.06824, -34.041753 ], [ -61.068315109999965, -34.041795060999959 ], [ -61.068347971999977, -34.041813463999972 ], [ -61.068615, -34.041963 ], [ -61.069251, -34.041961 ], [ -61.069687973999976, -34.042004486999922 ], [ -61.069874, -34.042023 ], [ -61.070228, -34.042178 ], [ -61.070799, -34.042353 ], [ -61.071888033999983, -34.042409852999974 ], [ -61.07191, -34.042411 ], [ -61.072089460999962, -34.042502376999956 ], [ -61.072564, -34.042744 ], [ -61.072626655999954, -34.042809592999951 ], [ -61.072756, -34.042945 ], [ -61.07333, -34.043436 ], [ -61.073542576999962, -34.043551597999965 ], [ -61.073878, -34.043734 ], [ -61.074038, -34.043963 ], [ -61.074080651999964, -34.044115581999961 ], [ -61.07451819399995, -34.045680835999981 ], [ -61.074542, -34.045766 ], [ -61.074686, -34.045933 ], [ -61.074760544999947, -34.045985664999932 ], [ -61.07517999899995, -34.046282 ], [ -61.075478, -34.046301 ], [ -61.076018998999984, -34.046252 ], [ -61.076615, -34.046246 ], [ -61.077592, -34.046441 ], [ -61.077889, -34.046416 ], [ -61.078438238999979, -34.046223614999967 ], [ -61.078617, -34.046161 ], [ -61.078997, -34.046226 ], [ -61.079065656999951, -34.046249487999944 ], [ -61.079187, -34.046291 ], [ -61.079324551999953, -34.04636103799993 ], [ -61.079405, -34.046402 ], [ -61.079430484999939, -34.046432338999978 ], [ -61.079624236999969, -34.046662995999945 ], [ -61.079762, -34.046827 ], [ -61.080035998999968, -34.047073 ], [ -61.080408237999968, -34.047256426999979 ], [ -61.08057204399995, -34.047337145999975 ], [ -61.080935, -34.047516 ], [ -61.081507, -34.047736 ], [ -61.082235, -34.04783 ], [ -61.08257833699998, -34.048023126999965 ], [ -61.082586103, -34.048027495999968 ], [ -61.082596, -34.048053 ], [ -61.082699337999941, -34.04809118999998 ], [ -61.082955, -34.048235 ], [ -61.083056826999957, -34.048529075999966 ], [ -61.083071, -34.048581 ], [ -61.083077574999948, -34.048759932999928 ], [ -61.083085, -34.048962 ], [ -61.082999851999944, -34.049093136999943 ], [ -61.082898, -34.04925 ], [ -61.080717, -34.04961 ], [ -61.080270399999954, -34.049840661999951 ], [ -61.080262, -34.049845 ], [ -61.079972263999942, -34.050429055999977 ], [ -61.079945725999956, -34.050490388999947 ], [ -61.079943004999969, -34.05057371699997 ], [ -61.079935271999943, -34.050810530999961 ], [ -61.079933401999945, -34.050867794999924 ], [ -61.07993, -34.050972 ], [ -61.08011, -34.051317 ], [ -61.080286648999959, -34.051415844999951 ], [ -61.08038, -34.05148 ], [ -61.080400057999952, -34.05147930399994 ], [ -61.080753367999939, -34.05146703999997 ], [ -61.080985, -34.051459 ], [ -61.081846607999971, -34.051204705999965 ], [ -61.082014501999936, -34.051226894999949 ], [ -61.082584, -34.051535 ], [ -61.083125483999936, -34.051779588999977 ], [ -61.08327713999995, -34.051848091999943 ], [ -61.083744631999927, -34.051958089999957 ], [ -61.083997604999979, -34.051972334999959 ], [ -61.084702, -34.052012 ], [ -61.085764, -34.052521 ], [ -61.086063, -34.052586 ], [ -61.086354663999934, -34.052700225999963 ], [ -61.086852, -34.052895 ], [ -61.08699, -34.053119 ], [ -61.087046, -34.053231 ], [ -61.087092975999951, -34.053292376999927 ], [ -61.087183, -34.05341 ], [ -61.087254497999943, -34.053470022999939 ], [ -61.08775, -34.053886 ], [ -61.08791361699997, -34.053972201999954 ], [ -61.088439, -34.054249 ], [ -61.088631662999944, -34.054283511999976 ], [ -61.089014, -34.054352 ], [ -61.089455143999942, -34.05446060799995 ], [ -61.089737, -34.05453 ], [ -61.090384, -34.054524 ], [ -61.090865, -34.054645 ], [ -61.090995386999964, -34.054719409999954 ], [ -61.091103112999967, -34.054780886999936 ], [ -61.091247, -34.054863 ], [ -61.091613, -34.055128 ], [ -61.091638371, -34.055184702999952 ], [ -61.091735343999972, -34.055401431999933 ], [ -61.091779, -34.055499 ], [ -61.09246, -34.05632 ], [ -61.092722, -34.056595 ], [ -61.093027215999946, -34.056870438999965 ], [ -61.093911, -34.057668 ], [ -61.095083917999951, -34.057807914999955 ], [ -61.095596, -34.057869 ], [ -61.096522, -34.057937 ], [ -61.096906237999974, -34.057995515999949 ], [ -61.09740849199995, -34.058072005999975 ], [ -61.097809, -34.058133 ], [ -61.098938, -34.058169 ], [ -61.099807, -34.058162 ], [ -61.100712, -34.058077 ], [ -61.102070968999961, -34.058377579999934 ], [ -61.102152665999931, -34.058395649999966 ], [ -61.102588497999939, -34.058492047999948 ], [ -61.102742, -34.058526 ], [ -61.10303107499994, -34.058559707999954 ], [ -61.103308, -34.058592 ], [ -61.103735330999946, -34.05887220499995 ], [ -61.104379610999949, -34.059405401999975 ], [ -61.105056613999984, -34.060001198999935 ], [ -61.105495, -34.060387 ], [ -61.106064009999955, -34.061062348999947 ], [ -61.106132669999965, -34.061151732999974 ], [ -61.106265998999952, -34.061348 ], [ -61.106528, -34.061607 ], [ -61.107092332999969, -34.062041478999951 ], [ -61.107219, -34.062139 ], [ -61.107664, -34.062243 ], [ -61.108519, -34.062558 ], [ -61.109305, -34.063274 ], [ -61.109512, -34.063503 ], [ -61.109902, -34.063668 ], [ -61.10996989299997, -34.063714613999927 ], [ -61.110074005999941, -34.063786096999927 ], [ -61.110340327999957, -34.063968949999939 ], [ -61.110529324999966, -34.064098711999975 ], [ -61.110722, -34.064231 ], [ -61.111084972999947, -34.064728904999974 ], [ -61.111157635999973, -34.064828577999947 ], [ -61.111336355999988, -34.065073733999952 ], [ -61.111373, -34.065124 ], [ -61.111748, -34.065474 ], [ -61.111985930999936, -34.065588020999932 ], [ -61.112114213999973, -34.065649495999928 ], [ -61.11219, -34.065709 ], [ -61.112274007999986, -34.065811320999963 ], [ -61.112378970999941, -34.065939165999957 ], [ -61.112399910999954, -34.06597316999995 ], [ -61.112571, -34.066251 ], [ -61.112744959999986, -34.066456911999971 ], [ -61.112816, -34.066541 ], [ -61.113162, -34.066853 ], [ -61.113448733999974, -34.06705132999997 ], [ -61.113535, -34.067111 ], [ -61.113606148999963, -34.067141008999954 ], [ -61.11404, -34.067324 ], [ -61.114139256, -34.067393873999954 ], [ -61.114140967999958, -34.06739507899993 ], [ -61.114317, -34.067519 ], [ -61.114675674999951, -34.067818128999932 ], [ -61.114829, -34.067946 ], [ -61.11491095699995, -34.067998566999968 ], [ -61.115156881999958, -34.068156303999949 ], [ -61.115303452999967, -34.068250313999947 ], [ -61.116137318999961, -34.068785154999937 ], [ -61.11657665499996, -34.069066944999975 ], [ -61.116661445999966, -34.069121329999966 ], [ -61.116866836999975, -34.069253067999966 ], [ -61.116936047999964, -34.069309358999931 ], [ -61.117002469999932, -34.069368076999972 ], [ -61.11700582199996, -34.069371039999965 ], [ -61.117205998999971, -34.069548 ], [ -61.11797, -34.070014 ], [ -61.118404618999932, -34.070185863999939 ], [ -61.118665168999947, -34.070288895999958 ], [ -61.119307921999962, -34.070543063999935 ], [ -61.119923564999972, -34.070855451999932 ], [ -61.120166268999974, -34.070978603999947 ], [ -61.121869069999953, -34.071842632999946 ], [ -61.122057328999979, -34.071938158999949 ], [ -61.122069901999964, -34.071944538999944 ], [ -61.122081144999989, -34.071950243999943 ], [ -61.122202580999961, -34.072011862999943 ], [ -61.122867, -34.072349 ], [ -61.122952389999966, -34.072420386999958 ], [ -61.124611, -34.073807 ], [ -61.126264120999963, -34.074808777999962 ], [ -61.126480344999948, -34.074948295999938 ], [ -61.126734865999943, -34.075112524999952 ], [ -61.126846533999981, -34.075184578999938 ], [ -61.127106, -34.075352 ], [ -61.12724910999998, -34.075495626999945 ], [ -61.127374954999937, -34.075621925999933 ], [ -61.127393456999982, -34.075659243999944 ], [ -61.127492, -34.075858 ], [ -61.127506683999961, -34.075868935999942 ], [ -61.127882499999934, -34.076148812999968 ], [ -61.12806, -34.076281 ], [ -61.128066477999937, -34.076280882999981 ], [ -61.128075, -34.076287 ], [ -61.128117, -34.076356 ], [ -61.129027, -34.076628 ], [ -61.133171503999968, -34.07768118499996 ], [ -61.133218, -34.077693 ], [ -61.134140430999942, -34.078037935999923 ], [ -61.134991, -34.078356 ], [ -61.135353701999982, -34.078455277999971 ], [ -61.135634, -34.078532 ], [ -61.136484038999981, -34.078562640999969 ], [ -61.136824324999971, -34.078711460999948 ], [ -61.137235663999945, -34.078891353999943 ], [ -61.137454463999973, -34.078952974999936 ], [ -61.139078814999941, -34.079400423999964 ], [ -61.139404, -34.07949 ], [ -61.140411313999955, -34.07977611299998 ], [ -61.140451, -34.079787 ], [ -61.14057291599994, -34.07983811899993 ], [ -61.140700960999936, -34.079891807999964 ], [ -61.14099, -34.080013 ], [ -61.141914998999937, -34.080035 ], [ -61.142141949999932, -34.080059221999925 ], [ -61.1428, -34.080142 ], [ -61.143742491999944, -34.080467539999965 ], [ -61.143877, -34.080514 ], [ -61.14396443, -34.080537899999968 ], [ -61.144137405999963, -34.080597755999982 ], [ -61.144141, -34.080599 ], [ -61.144614729999944, -34.080715380999948 ], [ -61.144781998999974, -34.080761 ], [ -61.145507, -34.081166 ], [ -61.145559938999952, -34.081185389999966 ], [ -61.14632432999997, -34.081465363999939 ], [ -61.14683, -34.081658 ], [ -61.148086000999967, -34.081715576999947 ], [ -61.148357, -34.081728 ], [ -61.148901, -34.081775 ], [ -61.149396, -34.081933 ], [ -61.149736474999941, -34.082070906999945 ], [ -61.149991, -34.082174 ], [ -61.150258177999952, -34.082459138999987 ], [ -61.150363322999972, -34.082581713999957 ], [ -61.150721997999931, -34.083207000999948 ], [ -61.151066277999973, -34.083725472999944 ], [ -61.151574947999961, -34.084476068999948 ], [ -61.151985, -34.08467 ], [ -61.152503, -34.08492 ], [ -61.152533, -34.084962 ], [ -61.152614, -34.085091 ], [ -61.152889, -34.085285 ], [ -61.153145, -34.085279 ], [ -61.153268, -34.085321 ], [ -61.153395, -34.085417 ], [ -61.153564, -34.085512 ], [ -61.153615998999953, -34.085667 ], [ -61.153667, -34.08572 ], [ -61.153747, -34.08591 ], [ -61.153786, -34.085915 ], [ -61.153852, -34.085876 ], [ -61.153904, -34.085882 ], [ -61.154077, -34.085968 ], [ -61.154146, -34.086051 ], [ -61.154196, -34.086104 ], [ -61.15423470099995, -34.08612980099997 ], [ -61.154352, -34.086208 ], [ -61.154476, -34.086323 ], [ -61.154587, -34.086376 ], [ -61.154677, -34.086391 ], [ -61.15478, -34.086373 ], [ -61.154813302999969, -34.086359327999965 ], [ -61.154875, -34.086334 ], [ -61.154978, -34.086342 ], [ -61.155042, -34.08638 ], [ -61.155097998999963, -34.086416 ], [ -61.155167, -34.086441 ], [ -61.155171648999961, -34.086445386999955 ], [ -61.15522, -34.086491 ], [ -61.155258, -34.086558 ], [ -61.155468998999943, -34.086617 ], [ -61.155563, -34.086765 ], [ -61.155752, -34.086873 ], [ -61.155961, -34.086954 ], [ -61.156065, -34.086977 ], [ -61.156162, -34.087034 ], [ -61.156321, -34.087048 ], [ -61.156476, -34.08704 ], [ -61.156651, -34.087098 ], [ -61.156689805, -34.087110837999951 ], [ -61.157053, -34.087231 ], [ -61.157226680999948, -34.087386816999974 ], [ -61.157228, -34.087388 ], [ -61.15737, -34.087476 ], [ -61.157386, -34.08753 ], [ -61.157474, -34.087581 ], [ -61.157568, -34.087661 ], [ -61.157791, -34.087735 ], [ -61.157921, -34.087809 ], [ -61.158064, -34.087922 ], [ -61.158187, -34.087959 ], [ -61.158311, -34.088038 ], [ -61.158363, -34.088101 ], [ -61.158635, -34.088253 ], [ -61.158671, -34.088323 ], [ -61.158811270999934, -34.088414095999951 ], [ -61.158845, -34.088436 ], [ -61.15905, -34.088525 ], [ -61.159212, -34.08855 ], [ -61.159292, -34.088634 ], [ -61.159384, -34.088655 ], [ -61.159419, -34.08873 ], [ -61.15947, -34.088822 ], [ -61.159571, -34.088895 ], [ -61.15964, -34.089017 ], [ -61.159761, -34.089026 ], [ -61.160161, -34.089174 ], [ -61.16033, -34.089322 ], [ -61.16044199899995, -34.089438 ], [ -61.160536, -34.089454 ], [ -61.160907, -34.089463 ], [ -61.161193, -34.0896 ], [ -61.161240998999979, -34.089668 ], [ -61.161413, -34.089734 ], [ -61.161555, -34.089827 ], [ -61.161855, -34.090022 ], [ -61.162055, -34.09017 ], [ -61.162545, -34.090344 ], [ -61.162586998999984, -34.090512 ], [ -61.162677, -34.090582 ], [ -61.16283, -34.090613 ], [ -61.162994, -34.090657 ], [ -61.163198, -34.090758 ], [ -61.163301, -34.090768 ], [ -61.163472, -34.090802 ], [ -61.163657, -34.090925 ], [ -61.163716, -34.090963 ], [ -61.16381, -34.090965 ], [ -61.163899, -34.09099 ], [ -61.164017, -34.091054 ], [ -61.164179, -34.091182 ], [ -61.164329246999962, -34.091224927999981 ], [ -61.164360998999939, -34.091234 ], [ -61.164508, -34.091325 ], [ -61.164655, -34.09139 ], [ -61.164706, -34.091445 ], [ -61.164777, -34.091456 ], [ -61.164848998999958, -34.091457 ], [ -61.164935, -34.091521 ], [ -61.165129, -34.091668 ], [ -61.165221374999987, -34.091748746999947 ], [ -61.165272, -34.091793 ], [ -61.165482, -34.091916 ], [ -61.165718, -34.091998 ], [ -61.165795744999976, -34.092009899999937 ], [ -61.165914, -34.092028 ], [ -61.166093, -34.09203 ], [ -61.166232998999988, -34.092071 ], [ -61.166372, -34.092125 ], [ -61.166428998999947, -34.092172 ], [ -61.166435, -34.092308 ], [ -61.166476, -34.092336 ], [ -61.166484, -34.092378 ], [ -61.166556, -34.092424 ], [ -61.166642998999976, -34.092715 ], [ -61.166592, -34.09283 ], [ -61.166595431999951, -34.092852702999949 ], [ -61.166605, -34.092916 ], [ -61.16666694099996, -34.09299121399993 ], [ -61.166714000999946, -34.09301415099997 ], [ -61.166759933999963, -34.09302964099993 ], [ -61.166768482999942, -34.093032068999939 ], [ -61.16692491799995, -34.09307532899993 ], [ -61.168207330999962, -34.09342995999998 ], [ -61.168504, -34.093512 ], [ -61.168614877999971, -34.093487061999951 ], [ -61.168793, -34.093447 ], [ -61.168810031999953, -34.093452526999947 ], [ -61.168817, -34.093451 ], [ -61.168950811999927, -34.093494784999962 ], [ -61.169100546999978, -34.093543779999955 ], [ -61.169195, -34.093523 ], [ -61.16921503399994, -34.093498342999965 ], [ -61.169234, -34.093475 ], [ -61.169377, -34.093448 ], [ -61.169487912999955, -34.093474052999959 ], [ -61.169614204999952, -34.093503718999948 ], [ -61.169675, -34.093518 ], [ -61.169957998999969, -34.093625 ], [ -61.170057402999987, -34.093635865999929 ], [ -61.170205, -34.093652 ], [ -61.170289998999984, -34.093724 ], [ -61.170330968999956, -34.093760963999955 ], [ -61.170423, -34.093844 ], [ -61.17055628899994, -34.093862326999954 ], [ -61.170583, -34.093866 ], [ -61.17076, -34.093832 ], [ -61.170994386999958, -34.093900658999928 ], [ -61.171057, -34.093919 ], [ -61.171278, -34.094047 ], [ -61.171386, -34.09414 ], [ -61.171617, -34.094199 ], [ -61.17184, -34.094295 ], [ -61.172069, -34.094351 ], [ -61.172232, -34.094367 ], [ -61.172379, -34.094411 ], [ -61.17255, -34.09452 ], [ -61.17267, -34.094653 ], [ -61.172795362999985, -34.094659307999954 ], [ -61.172988, -34.094669 ], [ -61.173413, -34.094775 ], [ -61.173606, -34.094937 ], [ -61.173651192999962, -34.095076687999949 ], [ -61.173672, -34.095141 ], [ -61.173938, -34.095212 ], [ -61.174144121, -34.095201562999932 ], [ -61.174254, -34.095196 ], [ -61.174526, -34.095167 ], [ -61.174705, -34.095237 ], [ -61.174843631999984, -34.095323644999951 ], [ -61.175017, -34.095284 ], [ -61.175211816999941, -34.095401795999976 ], [ -61.175513853999981, -34.095584422999934 ], [ -61.176957654999974, -34.096457418999925 ], [ -61.17744336, -34.096751100999938 ], [ -61.177460692999944, -34.096761581999935 ], [ -61.177554, -34.096818 ], [ -61.17825501599998, -34.097400035999954 ], [ -61.179952, -34.098809 ], [ -61.180700461999947, -34.099430374999933 ], [ -61.181389, -34.100002 ], [ -61.181693, -34.100254 ], [ -61.181722128999979, -34.100278184999958 ], [ -61.182082354999977, -34.100577274999978 ], [ -61.182294, -34.100753 ], [ -61.182764, -34.101143 ], [ -61.183644, -34.101669 ], [ -61.184344, -34.102063 ], [ -61.184526958999975, -34.102216911999953 ], [ -61.184829, -34.102471 ], [ -61.188347, -34.105443 ], [ -61.189153, -34.106147 ], [ -61.189381, -34.106439 ], [ -61.189823891999943, -34.106818621999935 ], [ -61.195543010999984, -34.111720722999962 ], [ -61.19657, -34.112601 ], [ -61.196944, -34.112912 ], [ -61.197954146999969, -34.11374997099994 ], [ -61.202213966999977, -34.117283715999967 ], [ -61.204659, -34.119312 ], [ -61.205019, -34.119611 ], [ -61.205104, -34.119681 ], [ -61.209891, -34.125642 ], [ -61.210038415, -34.125526779999973 ], [ -61.210293056999937, -34.12532774899995 ], [ -61.211109, -34.12469 ], [ -61.214193977999969, -34.122201815999972 ], [ -61.216993503999959, -34.119943863999943 ], [ -61.21838508899998, -34.118821483999966 ], [ -61.229912527999943, -34.109524047999976 ], [ -61.230809, -34.108801 ], [ -61.234191631999984, -34.106063613999929 ], [ -61.23888741199994, -34.102263566999966 ], [ -61.244586, -34.097652 ], [ -61.255416, -34.088758 ], [ -61.260940199999943, -34.084242738999933 ], [ -61.26372188999995, -34.081969096999948 ], [ -61.274114, -34.073475 ], [ -61.275764788999943, -34.07210681399993 ], [ -61.281994, -34.066944 ], [ -61.291783559999935, -34.058828837999947 ], [ -61.293734, -34.057212 ], [ -61.311908, -34.041973 ], [ -61.319537, -34.035592 ], [ -61.323516365999978, -34.032261437999971 ], [ -61.325265882999986, -34.030797166999939 ], [ -61.329056, -34.027625 ], [ -61.330310953999962, -34.026586875999939 ], [ -61.331409408999946, -34.025678210999949 ], [ -61.312778789999982, -34.008404474999963 ], [ -61.237255149999953, -33.938381279999938 ], [ -61.185339238999973, -33.890048658999945 ], [ -61.125228833999984, -33.83404890199995 ], [ -61.125074101999985, -33.83390475199996 ], [ -61.102867573999958, -33.813216815999951 ], [ -61.101218115999977, -33.811680155999959 ], [ -61.088411660999952, -33.799749469999938 ], [ -60.975993438999986, -33.694336548999964 ], [ -60.972410010999972, -33.690976420999959 ], [ -60.967736801999934, -33.686562224999932 ], [ -60.966892524999935, -33.685764742999922 ], [ -60.938725737999967, -33.659159104999951 ], [ -60.93739338599994, -33.657900598999952 ], [ -60.937194361999957, -33.657712604999958 ], [ -60.934033209999932, -33.65472666099997 ], [ -60.934037386999933, -33.654707322999975 ], [ -60.934226439999975, -33.653832209999962 ], [ -60.933442098999926, -33.651988609999933 ], [ -60.933144998999978, -33.651958789999973 ], [ -60.932919199999958, -33.651710328999975 ], [ -60.932550269999979, -33.651379760999923 ], [ -60.932187819999967, -33.650849439999931 ], [ -60.932200929999965, -33.650587209999962 ], [ -60.932214040999945, -33.650442979999973 ], [ -60.932345159999954, -33.65039053899995 ], [ -60.932397608999963, -33.650259419999941 ], [ -60.932594279999932, -33.650102079999961 ], [ -60.932935179999959, -33.649813629999976 ], [ -60.93310562999995, -33.649616958999957 ], [ -60.933171188999957, -33.649433390999945 ], [ -60.93268605999998, -33.647794449999935 ], [ -60.932384490999937, -33.646981538999967 ], [ -60.932030479999987, -33.646548858999957 ], [ -60.931676469999957, -33.646273510999954 ], [ -60.931283120999979, -33.646076839999978 ], [ -60.930929109999965, -33.64568349099995 ], [ -60.929893299999954, -33.644647679999935 ], [ -60.929421288999947, -33.643992108999946 ], [ -60.929237720999943, -33.643624979999956 ], [ -60.928857489999977, -33.643126740999953 ], [ -60.928595259999959, -33.642982519999975 ], [ -60.928136358999957, -33.642641619999942 ], [ -60.927585669999985, -33.642156489999934 ], [ -60.927533220999983, -33.64156646999993 ], [ -60.926182738999955, -33.640727330999937 ], [ -60.925881169999975, -33.640307760999967 ], [ -60.925632049999926, -33.640137310999933 ], [ -60.925369819999958, -33.639875080999957 ], [ -60.924661799999967, -33.639442399999936 ], [ -60.923796438999936, -33.638826159999951 ], [ -60.923062189999932, -33.638223029999949 ], [ -60.922681958999988, -33.637711679999946 ], [ -60.922419728999948, -33.637528119999949 ], [ -60.922039489999982, -33.637410110999944 ], [ -60.921855929999936, -33.637121659999927 ], [ -60.921803479999944, -33.636649648999928 ], [ -60.921829708999958, -33.636387410999923 ], [ -60.921829708999958, -33.635954730999977 ], [ -60.92175103899995, -33.635469608999983 ], [ -60.921855839999985, -33.63516234999998 ], [ -60.922027159999971, -33.635019580999931 ], [ -60.922134239999941, -33.634876818999942 ], [ -60.922127099999948, -33.634655528999936 ], [ -60.922077129999941, -33.634491339999961 ], [ -60.92200575, -33.634355710999948 ], [ -60.922119959999968, -33.634134420999949 ], [ -60.922141378999981, -33.633884579999979 ], [ -60.921998609999946, -33.633641878999974 ], [ -60.921991469999966, -33.633327788999964 ], [ -60.921962919999942, -33.632685329999951 ], [ -60.921870119999937, -33.632449768999948 ], [ -60.92177017999996, -33.631964358999937 ], [ -60.921855839999985, -33.631564608999945 ], [ -60.92182728999996, -33.631264790999971 ], [ -60.921877259, -33.63119340999998 ], [ -60.921962919999942, -33.631157719999969 ], [ -60.922084269999971, -33.631007809999986 ], [ -60.922119959999968, -33.630836489999979 ], [ -60.922255589999963, -33.63072227899994 ], [ -60.922562539999944, -33.630550958999955 ], [ -60.922648199999969, -33.630415328999952 ], [ -60.922348389999968, -33.629994159999967 ], [ -60.922362668999938, -33.629694349999959 ], [ -60.922341249999924, -33.629601549999954 ], [ -60.921927228999948, -33.628459409999934 ], [ -60.921905809999942, -33.628088210999969 ], [ -60.921791598999967, -33.62768846099992 ], [ -60.921798730999974, -33.626888968999936 ], [ -60.921912949999985, -33.626367860999949 ], [ -60.922048579999966, -33.626082329999974 ], [ -60.922205619999943, -33.625861039999954 ], [ -60.922255589999963, -33.625461289999976 ], [ -60.92219848099996, -33.625332799999967 ], [ -60.922148518999961, -33.62523286 ], [ -60.922262729999943, -33.624697479999945 ], [ -60.922384079999972, -33.624269179999935 ], [ -60.922469739999947, -33.624126409999967 ], [ -60.922755279999933, -33.623990779999929 ], [ -60.922776689999978, -33.623733799999968 ], [ -60.922783829999958, -33.62363386 ], [ -60.922548260999982, -33.623241249999971 ], [ -60.922398359999931, -33.62314844999996 ], [ -60.922205619999943, -33.62294143999997 ], [ -60.922234178999979, -33.62271301 ], [ -60.922455468999942, -33.621927789999972 ], [ -60.922441189999972, -33.621342439999978 ], [ -60.922498298999983, -33.621121149999958 ], [ -60.92260537, -33.620971248999979 ], [ -60.922783829999958, -33.620907 ], [ -60.923019399999987, -33.620907 ], [ -60.923162168999966, -33.620849889999938 ], [ -60.923226409999984, -33.62061432899997 ], [ -60.923162168999966, -33.620478699999971 ], [ -60.923062229999978, -33.620314510999954 ], [ -60.923047949999955, -33.620093220999934 ], [ -60.923219269999954, -33.618744069999927 ], [ -60.92344769999994, -33.61842283999993 ], [ -60.923533359999965, -33.618130169999979 ], [ -60.923547639999988, -33.61767330999993 ], [ -60.923461979999963, -33.617052270999984 ], [ -60.923490529999981, -33.616324159999969 ], [ -60.923476250999954, -33.616074318999942 ], [ -60.923369179999959, -33.615881579999943 ], [ -60.923390590999979, -33.615596040999947 ], [ -60.923404869999956, -33.61538902999996 ], [ -60.923319209999939, -33.615189158999954 ], [ -60.923297798999954, -33.614982139999931 ], [ -60.923340628999945, -33.614760849999982 ], [ -60.923454839999984, -33.614439628999946 ], [ -60.923511949, -33.614303998999965 ], [ -60.923476250999954, -33.614211198999961 ], [ -60.923304930999954, -33.614018459999961 ], [ -60.92320499899995, -33.61384 ], [ -60.923162168999966, -33.613625849999941 ], [ -60.923112198999945, -33.613425978999935 ], [ -60.923147889999939, -33.613147579999968 ], [ -60.923090779999939, -33.612883459999985 ], [ -60.923047949999955, -33.612540818999953 ], [ -60.923033671, -33.612390909999917 ], [ -60.923019399999987, -33.612133929999963 ], [ -60.92295514999995, -33.611934049999945 ], [ -60.922662479999978, -33.611184519999938 ], [ -60.922533989999977, -33.610313639999951 ], [ -60.922569679999981, -33.609921029999946 ], [ -60.922648199999969, -33.609749709999953 ], [ -60.922576819999954, -33.609499860999968 ], [ -60.922448329999952, -33.609342819999938 ], [ -60.922369808999981, -33.609228608999963 ], [ -60.922398359999931, -33.609057280999927 ], [ -60.922526849999947, -33.608621839999962 ], [ -60.922612509999972, -33.6085576 ], [ -60.922583958999958, -33.608364859999938 ], [ -60.922448329999952, -33.608150709999961 ], [ -60.922469739999947, -33.607972249999925 ], [ -60.922398359999931, -33.607729548999941 ], [ -60.922284140999984, -33.607629609999947 ], [ -60.922119959999968, -33.607451149999974 ], [ -60.922119959999968, -33.607294100999972 ], [ -60.922177069999975, -33.60692290999998 ], [ -60.922284140999984, -33.606523159999938 ], [ -60.922227039999946, -33.606301869999974 ], [ -60.922048579999966, -33.606101990999946 ], [ -60.921670240999958, -33.605923530999988 ], [ -60.921520339999979, -33.605780768999978 ], [ -60.921520339999979, -33.605552339999967 ], [ -60.921570308999947, -33.605331049999961 ], [ -60.92152747899997, -33.604966989999973 ], [ -60.921398988999947, -33.604809948999957 ], [ -60.921363289999981, -33.604574379999967 ], [ -60.921470369999959, -33.60431739999995 ], [ -60.921848699999941, -33.603960479999948 ], [ -60.921970058999932, -33.60380343099996 ], [ -60.921998609999946, -33.603639249999958 ], [ -60.921855839999985, -33.603482209999974 ], [ -60.921401173999989, -33.603325057999932 ], [ -60.921346318999944, -33.60311934899994 ], [ -60.921377569999954, -33.60286117 ], [ -60.921283478999953, -33.60258696999994 ], [ -60.92131332099995, -33.60221157899997 ], [ -60.921053131999948, -33.601077034999946 ], [ -60.920934989999978, -33.600791038999958 ], [ -60.920984068999985, -33.600679050999929 ], [ -60.920757951, -33.599865029999933 ], [ -60.920585209999949, -33.59964175999994 ], [ -60.920413889999963, -33.598992160999956 ], [ -60.920414337999951, -33.598746990999985 ], [ -60.920449579999968, -33.598392539999971 ], [ -60.920435300999941, -33.598164109999971 ], [ -60.920392469999967, -33.598014208999984 ], [ -60.920235877999971, -33.597795206999933 ], [ -60.92016928299995, -33.597545479999951 ], [ -60.92020722999996, -33.597343878999943 ], [ -60.920363919999943, -33.597050520999957 ], [ -60.920328229999946, -33.596843509999921 ], [ -60.919914199999937, -33.596543699999977 ], [ -60.919857090999976, -33.596408069999939 ], [ -60.919849958999976, -33.596015459999926 ], [ -60.919750019999981, -33.595629988999967 ], [ -60.919493038999967, -33.594951839999965 ], [ -60.919393099999979, -33.594773379999921 ], [ -60.919371680999973, -33.594573508999929 ], [ -60.919428789999984, -33.594430739999957 ], [ -60.919764298999951, -33.594188029999941 ], [ -60.919721468999967, -33.593845389999956 ], [ -60.919778569999956, -33.593652650999942 ], [ -60.919935618999943, -33.59338853099996 ], [ -60.919992720999971, -33.593088719999969 ], [ -60.919892788999967, -33.592960229999967 ], [ -60.91964293999996, -33.592917399999976 ], [ -60.919421649999947, -33.592988780999974 ], [ -60.91915039099996, -33.592931678999946 ], [ -60.91895729799996, -33.592644449999966 ], [ -60.91890204799995, -33.592423448999959 ], [ -60.91881829799997, -33.592088451999984 ], [ -60.918993349999944, -33.591875198999965 ], [ -60.91898620999995, -33.59176097999994 ], [ -60.918921968999939, -33.591496859999943 ], [ -60.918893409999946, -33.59133981999998 ], [ -60.91898620999995, -33.591104249999958 ], [ -60.91904331999995, -33.590940069999924 ], [ -60.91904331999995, -33.590761609999952 ], [ -60.919029039999948, -33.590611699999954 ], [ -60.91886486, -33.590490349999982 ], [ -60.918707810999933, -33.59020481899995 ], [ -60.918615018999958, -33.590033490999922 ], [ -60.918465109999943, -33.589954969999951 ], [ -60.918300928999948, -33.589819339999963 ], [ -60.918272369999954, -33.589705129999963 ], [ -60.918243819999986, -33.589191160999981 ], [ -60.918329479999962, -33.58892704099997 ], [ -60.918300928999948, -33.588741448999933 ], [ -60.918108189999941, -33.588370249999969 ], [ -60.91754425999995, -33.587891979999938 ], [ -60.917030290999953, -33.587627859999927 ], [ -60.916730479999963, -33.587627859999948 ], [ -60.916465702999965, -33.587697676999937 ], [ -60.916252209999982, -33.587606440999927 ], [ -60.916145138999987, -33.587535059999936 ], [ -60.916102308999939, -33.587378018999964 ], [ -60.916097372999957, -33.587138126999939 ], [ -60.91598482899996, -33.586941170999971 ], [ -60.915188589999964, -33.585936059999931 ], [ -60.914810259999967, -33.585600559999932 ], [ -60.914360539999961, -33.585407819999936 ], [ -60.913982208999983, -33.585222220999974 ], [ -60.913853710999945, -33.585050899999942 ], [ -60.913853710999945, -33.584865300999979 ], [ -60.914303090999965, -33.584323078999937 ], [ -60.914417648999965, -33.584187159999949 ], [ -60.914410509999982, -33.584022978999933 ], [ -60.914353399999982, -33.583930178999928 ], [ -60.914160661, -33.583851650999982 ], [ -60.913917959999928, -33.583830239999934 ], [ -60.913760918999976, -33.583680329999943 ], [ -60.913575318999953, -33.583501870999953 ], [ -60.913489658999936, -33.583380519999935 ], [ -60.91350393099998, -33.583230610999969 ], [ -60.913546760999964, -33.583059290999984 ], [ -60.913453960999959, -33.582930799999922 ], [ -60.913189840999955, -33.582887969999945 ], [ -60.91294, -33.582780898999928 ], [ -60.912818649999963, -33.582630989999984 ], [ -60.912564337999974, -33.582573149 ], [ -60.912226159999925, -33.582595299999973 ], [ -60.912026289999972, -33.582509639999955 ], [ -60.911917349999953, -33.582413769999974 ], [ -60.911847829999942, -33.582352590999953 ], [ -60.911719339999941, -33.582031368999935 ], [ -60.911548018999952, -33.581860048999935 ], [ -60.911523672, -33.581831642999923 ], [ -60.911333868999975, -33.581610199999943 ], [ -60.91119109999994, -33.581324668999962 ], [ -60.911106933999967, -33.580992519999946 ], [ -60.910430998999971, -33.580894 ], [ -60.907145726999943, -33.583581508999934 ], [ -60.902308, -33.587539 ], [ -60.897592, -33.591327 ], [ -60.897553, -33.591296 ], [ -60.891932, -33.595913 ], [ -60.889873, -33.597643 ], [ -60.888444440999933, -33.598873770999944 ], [ -60.888089, -33.59918 ], [ -60.884859, -33.602074 ], [ -60.88402805, -33.602835602999946 ], [ -60.882115, -33.604589 ], [ -60.878106149999958, -33.608169637999936 ], [ -60.876423, -33.609673 ], [ -60.874632, -33.611361 ], [ -60.873003, -33.612931 ], [ -60.870537, -33.616294 ], [ -60.870455, -33.61644 ], [ -60.864503, -33.624317 ], [ -60.864313, -33.624366 ], [ -60.859046, -33.631309 ], [ -60.858801, -33.631928 ], [ -60.858566, -33.632264 ], [ -60.856304998999974, -33.635204313999971 ], [ -60.851197, -33.641847 ], [ -60.850428015999967, -33.642620191999974 ], [ -60.849630503999947, -33.64342206699996 ], [ -60.842972, -33.650117 ], [ -60.843107240999984, -33.650234238999936 ], [ -60.843265, -33.650371 ], [ -60.843197, -33.650426 ], [ -60.842267, -33.651203 ], [ -60.84185467399994, -33.651542280999927 ], [ -60.840590566999936, -33.652582446999922 ], [ -60.83796, -33.654747 ], [ -60.837050823999959, -33.655395427999956 ], [ -60.836919, -33.655498 ], [ -60.832646, -33.658541 ], [ -60.832525221999958, -33.658623668999958 ], [ -60.831635, -33.659233 ], [ -60.826933, -33.662733 ], [ -60.824756, -33.664436 ], [ -60.82121, -33.667072 ], [ -60.819028, -33.668679 ], [ -60.818691, -33.668941 ], [ -60.816328, -33.67067 ], [ -60.813461, -33.672783 ], [ -60.812625, -33.673401 ], [ -60.811403451999986, -33.674342721999942 ], [ -60.810809, -33.674801 ], [ -60.81283461299995, -33.676456126999945 ], [ -60.815008, -33.678232 ], [ -60.819683, -33.682001 ], [ -60.822389, -33.68409 ], [ -60.822773, -33.68439 ], [ -60.833928, -33.693572 ], [ -60.843961, -33.701887 ], [ -60.844304, -33.702199 ], [ -60.847745, -33.705073 ], [ -60.851835, -33.708485 ], [ -60.853338, -33.709732 ], [ -60.856024, -33.711984 ], [ -60.857461, -33.713181 ], [ -60.859049, -33.714503 ], [ -60.863175, -33.717941 ], [ -60.864293, -33.718873 ], [ -60.864601998999944, -33.71913 ], [ -60.875786, -33.728402 ], [ -60.87975499899995, -33.731718 ], [ -60.88357, -33.734888 ], [ -60.883857, -33.735124 ], [ -60.887486, -33.738113 ], [ -60.894743626999976, -33.744127997999954 ], [ -60.895736573999955, -33.744950935999938 ], [ -60.900854998999932, -33.749193 ], [ -60.901015774999969, -33.749344639999947 ], [ -60.90102368799996, -33.749352103999968 ], [ -60.900608467999973, -33.749693936999961 ], [ -60.899600356999947, -33.750493055999989 ], [ -60.897631070999978, -33.752054088999969 ], [ -60.888446, -33.759335 ], [ -60.87455, -33.770378 ], [ -60.869737, -33.774219 ], [ -60.861294, -33.780965 ], [ -60.864005, -33.783467 ], [ -60.870694080999954, -33.789623291999924 ], [ -60.873961, -33.79263 ], [ -60.87462200899995, -33.79323021099998 ], [ -60.88018, -33.798277 ], [ -60.881965515999987, -33.799926358999976 ], [ -60.886068, -33.803716 ], [ -60.890261, -33.807524 ], [ -60.89461, -33.811459 ], [ -60.900053, -33.816471 ], [ -60.905394, -33.821487 ], [ -60.911131, -33.826913 ], [ -60.915382, -33.830939 ], [ -60.917278, -33.83277 ], [ -60.920093, -33.835492 ], [ -60.921762218999966, -33.837140661999953 ], [ -60.922935, -33.838299 ], [ -60.929274, -33.844142 ], [ -60.929318830999932, -33.84418433299993 ], [ -60.933582, -33.84821 ], [ -60.938551, -33.852847 ], [ -60.942796, -33.85686 ], [ -60.942641, -33.856949 ], [ -60.92699245599993, -33.869950148999969 ], [ -60.922668, -33.873543 ], [ -60.9174, -33.877919 ], [ -60.917711, -33.878188 ], [ -60.917306, -33.87851 ], [ -60.915088763999968, -33.880305288999971 ], [ -60.914831, -33.880514 ], [ -60.914525, -33.880761 ], [ -60.914048848999983, -33.881146838999939 ], [ -60.913402, -33.881671 ], [ -60.911694, -33.883053 ], [ -60.908849, -33.885391 ], [ -60.906571167999971, -33.887264191999968 ], [ -60.906516924999949, -33.887308798999975 ] ] ] ] } },
{ "type": "Feature", "properties": { "id": null }, "geometry": { "type": "MultiPolygon", "coordinates": [ [ [ [ -61.246724, -34.668183 ], [ -61.226173, -34.685152 ], [ -61.218203, -34.691597 ], [ -61.216094, -34.693252 ], [ -61.205683765999943, -34.701715470999957 ], [ -61.204736, -34.702486 ], [ -61.208804227999956, -34.705874786999971 ], [ -61.211502, -34.708122 ], [ -61.217759, -34.713357 ], [ -61.219605, -34.714899 ], [ -61.222551, -34.717368 ], [ -61.215318998999983, -34.723432 ], [ -61.212581338999939, -34.725738346999947 ], [ -61.21, -34.727913 ], [ -61.203099, -34.733742 ], [ -61.202588, -34.734141 ], [ -61.202059, -34.734613 ], [ -61.201702, -34.734922 ], [ -61.196050216999936, -34.739656718999981 ], [ -61.18831, -34.746141 ], [ -61.187776, -34.746611 ], [ -61.185606, -34.748421 ], [ -61.175340998999957, -34.757047 ], [ -61.172899729999983, -34.759082636999942 ], [ -61.152296245999935, -34.776262717999941 ], [ -61.151998516999974, -34.776510977999976 ], [ -61.151757174999943, -34.776712218999933 ], [ -61.151439075999981, -34.776977462999966 ], [ -61.151165, -34.777206 ], [ -61.16085, -34.785 ], [ -61.164132, -34.78761 ], [ -61.169381, -34.791818 ], [ -61.182368, -34.802214 ], [ -61.175433, -34.807965 ], [ -61.174450540999949, -34.80877158199997 ], [ -61.168618, -34.81356 ], [ -61.166879677999987, -34.81496026699994 ], [ -61.162576, -34.818427 ], [ -61.162238, -34.818751 ], [ -61.161948011999982, -34.818991580999977 ], [ -61.158147, -34.822145 ], [ -61.155639576999931, -34.824148313999963 ], [ -61.15184, -34.827184 ], [ -61.146027, -34.831975 ], [ -61.145211790999952, -34.832671324999971 ], [ -61.145183947999953, -34.832695106999942 ], [ -61.145067, -34.832795 ], [ -61.139625, -34.837475 ], [ -61.137106, -34.839718 ], [ -61.131278, -34.844473 ], [ -61.128168161999959, -34.84701528599993 ], [ -61.127689, -34.847407 ], [ -61.12822, -34.847865 ], [ -61.134085, -34.852897 ], [ -61.140206, -34.858139 ], [ -61.142020498999955, -34.859693254999975 ], [ -61.143225, -34.860725 ], [ -61.146068998999958, -34.86317 ], [ -61.153344, -34.869477 ], [ -61.153878, -34.869923 ], [ -61.162313, -34.87726 ], [ -61.163049, -34.877898 ], [ -61.171622, -34.885301 ], [ -61.17863907199996, -34.891358701999934 ], [ -61.179929, -34.890314 ], [ -61.179940616999943, -34.890323552999966 ], [ -61.191273998999982, -34.899644 ], [ -61.19593, -34.903498 ], [ -61.196293, -34.903816 ], [ -61.202252998999946, -34.908658 ], [ -61.205136, -34.91103 ], [ -61.205891, -34.911619 ], [ -61.206162, -34.911839 ], [ -61.207032, -34.912591 ], [ -61.215166, -34.919149 ], [ -61.219614724999978, -34.922766555999935 ], [ -61.222852, -34.925399 ], [ -61.223187, -34.925673 ], [ -61.232324998999957, -34.93314 ], [ -61.254155927999932, -34.951208069999943 ], [ -61.257748, -34.954181 ], [ -61.259009, -34.955245 ], [ -61.273118, -34.966922 ], [ -61.279068, -34.971842 ], [ -61.286479, -34.978012 ], [ -61.293867, -34.98406 ], [ -61.294282212, -34.984394694999935 ], [ -61.298863998999934, -34.988088 ], [ -61.310048, -34.997035 ], [ -61.319016, -35.00445 ], [ -61.319750114999984, -35.005053343999975 ], [ -61.328913, -35.012584 ], [ -61.340145, -35.022034 ], [ -61.349128, -35.02956 ], [ -61.3602, -35.038796 ], [ -61.360544, -35.039107 ], [ -61.392122, -35.065308 ], [ -61.40697, -35.077533 ], [ -61.407872, -35.078323 ], [ -61.412355800999933, -35.081943659999979 ], [ -61.419662682999956, -35.08784395199995 ], [ -61.419742, -35.087908 ], [ -61.419417, -35.088226 ], [ -61.406694828999953, -35.098759572999938 ], [ -61.405931, -35.099392 ], [ -61.399302, -35.104839 ], [ -61.391004, -35.111691 ], [ -61.386497, -35.115416 ], [ -61.384079, -35.117401 ], [ -61.380779, -35.12011 ], [ -61.372064, -35.127254 ], [ -61.361888, -35.135622 ], [ -61.360798, -35.136522 ], [ -61.360408, -35.136817 ], [ -61.35038283899997, -35.145046965999931 ], [ -61.345263, -35.14925 ], [ -61.344929, -35.14954 ], [ -61.341792, -35.152122 ], [ -61.341213, -35.152529 ], [ -61.335146, -35.157503 ], [ -61.335051944999982, -35.157579274999925 ], [ -61.325354, -35.165444 ], [ -61.324997, -35.16572 ], [ -61.315623, -35.173241 ], [ -61.315283998999973, -35.173513 ], [ -61.31133, -35.176742 ], [ -61.305549, -35.181433 ], [ -61.300941158999933, -35.185201864999947 ], [ -61.300952136999967, -35.185211133999928 ], [ -61.305259429999985, -35.188847660999954 ], [ -61.308401, -35.1915 ], [ -61.31676, -35.19856 ], [ -61.318092, -35.199691 ], [ -61.320657, -35.201861 ], [ -61.324142, -35.204792 ], [ -61.330099, -35.209809 ], [ -61.332587, -35.211897 ], [ -61.336523963999987, -35.215174071999975 ], [ -61.338917, -35.217166 ], [ -61.339956, -35.218035 ], [ -61.347222, -35.224082 ], [ -61.348468, -35.225106 ], [ -61.350389, -35.226685 ], [ -61.352081, -35.228075 ], [ -61.354362, -35.229947 ], [ -61.358166, -35.233079 ], [ -61.36029705899994, -35.234847823999921 ], [ -61.360984, -35.235418 ], [ -61.365186, -35.238906 ], [ -61.369592, -35.242531 ], [ -61.369954, -35.242828 ], [ -61.370735, -35.243469 ], [ -61.376605, -35.248293 ], [ -61.380417, -35.251438 ], [ -61.381121, -35.252018 ], [ -61.383713308999972, -35.254162078999968 ], [ -61.385661, -35.255773 ], [ -61.386707, -35.25664 ], [ -61.391084, -35.260268 ], [ -61.393231, -35.262047 ], [ -61.396959, -35.265188 ], [ -61.397112, -35.265317 ], [ -61.400841, -35.268458 ], [ -61.40457, -35.271599 ], [ -61.404723, -35.271728 ], [ -61.407019, -35.273661 ], [ -61.413221998999973, -35.278877 ], [ -61.413452, -35.279071 ], [ -61.417688, -35.282638 ], [ -61.417842, -35.282767 ], [ -61.420932, -35.285368 ], [ -61.421085, -35.285497 ], [ -61.421915, -35.286196 ], [ -61.42203, -35.286293 ], [ -61.42286, -35.286991 ], [ -61.422975, -35.287088 ], [ -61.424739, -35.288573 ], [ -61.424854, -35.288669 ], [ -61.425955, -35.289596 ], [ -61.42607, -35.289693 ], [ -61.427172, -35.29062 ], [ -61.427287, -35.290717 ], [ -61.429435, -35.292525 ], [ -61.429323, -35.292689 ], [ -61.431317, -35.294367 ], [ -61.432207, -35.295098 ], [ -61.43264, -35.295481 ], [ -61.438466, -35.300383 ], [ -61.438584, -35.300446 ], [ -61.438687, -35.300516 ], [ -61.445606, -35.306309 ], [ -61.446988, -35.307475 ], [ -61.452048998999949, -35.311704 ], [ -61.452399998999965, -35.311997 ], [ -61.453298, -35.312747 ], [ -61.460926, -35.31912 ], [ -61.461363, -35.318801 ], [ -61.470998242999947, -35.32664742999998 ], [ -61.471413998999928, -35.326986 ], [ -61.471816, -35.327313 ], [ -61.483178, -35.336555 ], [ -61.484762, -35.337847 ], [ -61.498416561999932, -35.349649211999974 ], [ -61.50022, -35.351208 ], [ -61.503987, -35.354466 ], [ -61.511353, -35.360835 ], [ -61.515343, -35.364284 ], [ -61.515693, -35.364587 ], [ -61.523936, -35.371712 ], [ -61.530374144999939, -35.377204039999981 ], [ -61.530897719999984, -35.377650674999984 ], [ -61.531714, -35.378347 ], [ -61.531743862999974, -35.378372382999942 ], [ -61.531934, -35.378534 ], [ -61.53188, -35.378576 ], [ -61.531947792999965, -35.378525770999943 ], [ -61.5321, -35.378413 ], [ -61.533918177999972, -35.380160971999942 ], [ -61.53513, -35.381326 ], [ -61.53522271199995, -35.381243588999943 ], [ -61.535544, -35.380958 ], [ -61.547827, -35.391101 ], [ -61.548106, -35.391494 ], [ -61.558254999, -35.399754 ], [ -61.558433, -35.400081 ], [ -61.566578, -35.406581 ], [ -61.566805, -35.406993 ], [ -61.569688, -35.409362 ], [ -61.57499556199997, -35.41373570199994 ], [ -61.577355, -35.41568 ], [ -61.583016, -35.420358 ], [ -61.587811, -35.424292 ], [ -61.599896, -35.434348 ], [ -61.605465, -35.438961 ], [ -61.605824, -35.439126 ], [ -61.615517, -35.447068 ], [ -61.616008, -35.447468 ], [ -61.621406, -35.451869 ], [ -61.623557, -35.453614 ], [ -61.623643, -35.453839 ], [ -61.632988, -35.461552 ], [ -61.633351, -35.461825 ], [ -61.634508, -35.462774 ], [ -61.641218, -35.468279 ], [ -61.649128, -35.474792 ], [ -61.650589, -35.476001 ], [ -61.650917, -35.476292 ], [ -61.660965, -35.484535 ], [ -61.665058, -35.487861 ], [ -61.673747, -35.495011 ], [ -61.673962, -35.495417 ], [ -61.687545, -35.50691 ], [ -61.688757, -35.507969 ], [ -61.691138998999975, -35.510007 ], [ -61.696408, -35.514434 ], [ -61.697436, -35.515305 ], [ -61.700920909999979, -35.518236345999973 ], [ -61.724739, -35.537384 ], [ -61.732453, -35.543754 ], [ -61.735680018999979, -35.546430750999953 ], [ -61.736693, -35.547271 ], [ -61.73681, -35.547367 ], [ -61.737329, -35.547794 ], [ -61.740376710999961, -35.550344075999931 ], [ -61.742350998999939, -35.551996 ], [ -61.74361799899998, -35.553009 ], [ -61.744014657999969, -35.553342780999962 ], [ -61.745479, -35.554575 ], [ -61.74673, -35.5556 ], [ -61.748818, -35.557392 ], [ -61.751401, -35.559495 ], [ -61.758285508999968, -35.565061602999954 ], [ -61.759383, -35.565949 ], [ -61.771377, -35.575724 ], [ -61.778888, -35.581869 ], [ -61.783275157999981, -35.585449353999934 ], [ -61.783495, -35.585282 ], [ -61.80653222799998, -35.566930993999954 ], [ -61.807475, -35.56618 ], [ -61.80763, -35.566056 ], [ -61.807712355999968, -35.565969392999939 ], [ -61.807785, -35.565893 ], [ -61.808307, -35.565409 ], [ -61.820101122999979, -35.555874685999974 ], [ -61.826031, -35.551081 ], [ -61.826596675999951, -35.550581930999954 ], [ -61.826616998999945, -35.550564 ], [ -61.826744780999945, -35.550461249999948 ], [ -61.826744803999986, -35.550461230999936 ], [ -61.826744826999978, -35.550461212999956 ], [ -61.830096301999959, -35.547766270999936 ], [ -61.844979, -35.535799 ], [ -61.847112226999968, -35.534068458999975 ], [ -61.858056237999961, -35.525190333999944 ], [ -61.85827556199996, -35.52501241099997 ], [ -61.863448142999964, -35.520816250999921 ], [ -61.865671, -35.519013 ], [ -61.874815, -35.511633 ], [ -61.875263, -35.51129 ], [ -61.898341, -35.492139 ], [ -61.898972733999983, -35.491607929999923 ], [ -61.898972753999949, -35.491607913999928 ], [ -61.903480326999947, -35.487818603999983 ], [ -61.906309, -35.485611 ], [ -61.906692, -35.485303 ], [ -61.937724, -35.459342 ], [ -61.948844, -35.45018 ], [ -61.949196, -35.449911 ], [ -61.953591998999961, -35.446296 ], [ -61.956083, -35.44429 ], [ -61.963441, -35.438258 ], [ -61.963741, -35.438044 ], [ -61.967247, -35.435157 ], [ -61.971092, -35.431993 ], [ -61.978128, -35.42623 ], [ -61.978478, -35.425944 ], [ -61.985799, -35.419873 ], [ -61.993307, -35.413696 ], [ -61.993488, -35.413548 ], [ -61.998364, -35.409556 ], [ -61.999751998999955, -35.408386 ], [ -62.004533, -35.404285 ], [ -62.006987998999925, -35.402145 ], [ -62.007255, -35.401931 ], [ -62.010111, -35.399582 ], [ -62.010338, -35.399403 ], [ -62.016320437999987, -35.394623791999948 ], [ -62.02063, -35.391181 ], [ -62.027128, -35.38601 ], [ -62.029625, -35.384025 ], [ -62.029180169999961, -35.383438260999981 ], [ -62.029136, -35.38338 ], [ -62.029338, -35.383224 ], [ -62.04533, -35.370021 ], [ -62.045832, -35.369609 ], [ -62.053173, -35.363556 ], [ -62.058412, -35.359244 ], [ -62.062995998999952, -35.355417 ], [ -62.078144, -35.342897 ], [ -62.079713, -35.341549 ], [ -62.089452, -35.333664 ], [ -62.097501, -35.327223 ], [ -62.099209, -35.325782 ], [ -62.114741, -35.312852 ], [ -62.123707, -35.30536 ], [ -62.128781, -35.301125 ], [ -62.132343, -35.298089 ], [ -62.140821, -35.291067 ], [ -62.149282, -35.28393 ], [ -62.149079567999927, -35.283769282999963 ], [ -62.145065, -35.280582 ], [ -62.145240159999965, -35.280447304999932 ], [ -62.146, -35.279863 ], [ -62.146213, -35.279692 ], [ -62.150685, -35.275953 ], [ -62.155387, -35.272069 ], [ -62.157487, -35.270318 ], [ -62.160189, -35.268064 ], [ -62.163348, -35.265413 ], [ -62.166575, -35.262796 ], [ -62.171945384999958, -35.258317532999968 ], [ -62.172265, -35.258051 ], [ -62.17259, -35.257779 ], [ -62.172787036999978, -35.25792579899997 ], [ -62.178866, -35.252819 ], [ -62.179792, -35.252056 ], [ -62.183433, -35.248985 ], [ -62.18723, -35.245815 ], [ -62.191059, -35.242591 ], [ -62.191308, -35.242396 ], [ -62.195157, -35.239134 ], [ -62.195423, -35.238909 ], [ -62.195657, -35.238711 ], [ -62.201233, -35.234088 ], [ -62.202648, -35.232868 ], [ -62.2072, -35.229093 ], [ -62.210367, -35.226424 ], [ -62.213002998999976, -35.224195 ], [ -62.2189, -35.219316 ], [ -62.224749, -35.214386 ], [ -62.225018, -35.214139 ], [ -62.224730166999954, -35.213902947999934 ], [ -62.216664552999987, -35.207288336999966 ], [ -62.210043, -35.201858 ], [ -62.210447, -35.201544 ], [ -62.211177030999984, -35.200925422999937 ], [ -62.217056, -35.195944 ], [ -62.223272, -35.190652 ], [ -62.224186, -35.189879 ], [ -62.224287110999974, -35.189962108999964 ], [ -62.224523, -35.190156 ], [ -62.225165240999956, -35.189608405999941 ], [ -62.225268998999972, -35.189694 ], [ -62.231314998999949, -35.184538 ], [ -62.239144, -35.177862 ], [ -62.244383, -35.173383 ], [ -62.247890724999934, -35.170348022999974 ], [ -62.255216, -35.16401 ], [ -62.256397, -35.162976 ], [ -62.256602, -35.162814 ], [ -62.266685, -35.154762 ], [ -62.267981, -35.153743 ], [ -62.26868573999996, -35.153217844 ], [ -62.268745611, -35.153172778999931 ], [ -62.270500414999958, -35.151851986999922 ], [ -62.270612, -35.151768 ], [ -62.26068868599998, -35.143812590999957 ], [ -62.260688657999935, -35.143812567999916 ], [ -62.234172415999979, -35.122554796999964 ], [ -62.231013, -35.120042 ], [ -62.228271, -35.117792 ], [ -62.227411, -35.117086 ], [ -62.218365998999957, -35.109662 ], [ -62.212879210999979, -35.105225322999949 ], [ -62.20882, -35.101943 ], [ -62.208561, -35.101611 ], [ -62.205476, -35.099097 ], [ -62.202389, -35.096581 ], [ -62.202027, -35.09631 ], [ -62.198999, -35.093859 ], [ -62.190621, -35.08706 ], [ -62.184108, -35.0817 ], [ -62.183757, -35.081398 ], [ -62.177889, -35.076597 ], [ -62.177642, -35.07642 ], [ -62.171587, -35.071511 ], [ -62.166223, -35.067128 ], [ -62.166112, -35.066904 ], [ -62.16601, -35.066643 ], [ -62.166266986999979, -35.066433734999976 ], [ -62.169618, -35.063705 ], [ -62.174011, -35.060125 ], [ -62.175817, -35.058625 ], [ -62.178996, -35.055983 ], [ -62.182579998999984, -35.053004 ], [ -62.185372, -35.0507 ], [ -62.185232825999947, -35.050587220999937 ], [ -62.181971, -35.047944 ], [ -62.167046, -35.035722 ], [ -62.166652, -35.035492 ], [ -62.159603, -35.02976 ], [ -62.149127, -35.021328 ], [ -62.144795, -35.017831 ], [ -62.144228, -35.017372 ], [ -62.139885, -35.013838 ], [ -62.136834, -35.011335 ], [ -62.133350427999972, -35.00853392199997 ], [ -62.125162694999972, -35.001950309999984 ], [ -62.124635, -35.001526 ], [ -62.12434, -35.001282 ], [ -62.114668, -34.993142 ], [ -62.109731, -34.988994 ], [ -62.104559, -34.984689 ], [ -62.104229, -34.984403 ], [ -62.095123, -34.977045 ], [ -62.089611499999933, -34.97254449999997 ], [ -62.0841, -34.968044 ], [ -62.073870305999947, -34.959643861999957 ], [ -62.068604652999973, -34.955319957999954 ], [ -62.063015, -34.95073 ], [ -62.062561, -34.950364 ], [ -62.0529, -34.942454 ], [ -62.043365, -34.934623 ], [ -62.03745, -34.929748 ], [ -62.034356, -34.927224 ], [ -62.032517, -34.925723 ], [ -62.028255037999934, -34.922246883999954 ], [ -62.024268, -34.918995 ], [ -62.011994, -34.909043 ], [ -62.003893, -34.902441 ], [ -61.993994, -34.894886 ], [ -61.98326048399997, -34.886080618999976 ], [ -61.983231958999973, -34.886057217999955 ], [ -61.9832, -34.886031 ], [ -61.982692, -34.886425 ], [ -61.978351, -34.890079 ], [ -61.977400022999973, -34.890872361999982 ], [ -61.97739999199996, -34.890872386999945 ], [ -61.977399961999943, -34.89087241199995 ], [ -61.969892, -34.897136 ], [ -61.942861, -34.919565 ], [ -61.942376, -34.919985 ], [ -61.942889, -34.920412 ], [ -61.939055, -34.923487 ], [ -61.937491099999924, -34.924749725999966 ], [ -61.927278, -34.932996 ], [ -61.921241, -34.937825 ], [ -61.920866, -34.938147 ], [ -61.91685, -34.941429 ], [ -61.903374535999951, -34.952226341999953 ], [ -61.902716, -34.952754 ], [ -61.902123, -34.952314 ], [ -61.898057, -34.949104 ], [ -61.893431, -34.945357 ], [ -61.884107998999987, -34.937806 ], [ -61.879292, -34.933985 ], [ -61.878469, -34.933307 ], [ -61.877691998999985, -34.93269 ], [ -61.872181, -34.928152 ], [ -61.862809, -34.920557 ], [ -61.862219, -34.920016 ], [ -61.856172, -34.915071 ], [ -61.84965, -34.909826 ], [ -61.842176, -34.903794 ], [ -61.837837453999953, -34.900276309999981 ], [ -61.837472, -34.89998 ], [ -61.836197, -34.898969 ], [ -61.829138, -34.893169 ], [ -61.819210293999959, -34.884886870999942 ], [ -61.817241, -34.883244 ], [ -61.815889, -34.882167 ], [ -61.803842, -34.872558 ], [ -61.8011, -34.87037 ], [ -61.800749, -34.870063 ], [ -61.795869580999977, -34.86556821299996 ], [ -61.79295355499994, -34.862882049999932 ], [ -61.791095, -34.86117 ], [ -61.785283, -34.856071 ], [ -61.771986, -34.845761 ], [ -61.771475, -34.845391 ], [ -61.765726, -34.840831 ], [ -61.765361, -34.840553 ], [ -61.754089, -34.831124 ], [ -61.741788031999924, -34.821195439999933 ], [ -61.740665, -34.820289 ], [ -61.741215, -34.819815 ], [ -61.744308400999955, -34.817338477999954 ], [ -61.745337, -34.816515 ], [ -61.742616, -34.814298 ], [ -61.740137356999981, -34.813994385999926 ], [ -61.739775, -34.81395 ], [ -61.73438, -34.809731 ], [ -61.732440880999953, -34.808191168999933 ], [ -61.730422, -34.806588 ], [ -61.72538, -34.802612 ], [ -61.724209, -34.801668 ], [ -61.722877381999979, -34.800609524999963 ], [ -61.713273998999966, -34.792976 ], [ -61.704963, -34.786236 ], [ -61.703481, -34.785023 ], [ -61.683869, -34.769197 ], [ -61.673472, -34.760952 ], [ -61.674032482999955, -34.76047937699996 ], [ -61.685516, -34.750796 ], [ -61.693175, -34.744289 ], [ -61.702581, -34.736312 ], [ -61.705037, -34.734236 ], [ -61.709357161999939, -34.730503775999971 ], [ -61.71150741799994, -34.728646150999964 ], [ -61.712723, -34.727596 ], [ -61.714585, -34.725999 ], [ -61.716837138999949, -34.724077221999949 ], [ -61.720291, -34.72113 ], [ -61.72741, -34.715054 ], [ -61.742778998999945, -34.701863 ], [ -61.743509819999979, -34.701249638999954 ], [ -61.756237, -34.690568 ], [ -61.765058, -34.683124 ], [ -61.765436, -34.682788 ], [ -61.772899, -34.676405 ], [ -61.772631, -34.676189 ], [ -61.755845, -34.662858 ], [ -61.743545, -34.652943 ], [ -61.742458, -34.652091 ], [ -61.733199, -34.644839 ], [ -61.732489, -34.644277 ], [ -61.727663100999962, -34.640514019999955 ], [ -61.726959, -34.639965 ], [ -61.726688, -34.639741 ], [ -61.725335, -34.638693 ], [ -61.720469998999988, -34.634887 ], [ -61.720116206999933, -34.63460948799996 ], [ -61.713077, -34.629088 ], [ -61.712429, -34.628596 ], [ -61.711613, -34.628025 ], [ -61.648616396999955, -34.680308194999959 ], [ -61.645006475999935, -34.683304201999931 ], [ -61.644585, -34.683654 ], [ -61.630457, -34.671979 ], [ -61.62897951299994, -34.670769504999953 ], [ -61.623968, -34.666667 ], [ -61.617556, -34.66146 ], [ -61.61170556899998, -34.656769211 ], [ -61.611629379999954, -34.656708123999969 ], [ -61.611618, -34.656699 ], [ -61.608234374999938, -34.659619223999982 ], [ -61.604842, -34.662547 ], [ -61.604527, -34.662826 ], [ -61.597947, -34.668441 ], [ -61.597610071999959, -34.668709751999977 ], [ -61.597606, -34.668713 ], [ -61.584713, -34.658716 ], [ -61.581172, -34.655861 ], [ -61.575453, -34.651205 ], [ -61.56459, -34.642219 ], [ -61.545388, -34.626603 ], [ -61.528869, -34.613231 ], [ -61.516416367999966, -34.603210147999953 ], [ -61.516404998999967, -34.603201 ], [ -61.516267840999944, -34.603319264999989 ], [ -61.516209, -34.60337 ], [ -61.500292932999969, -34.616653731999975 ], [ -61.495736, -34.620457 ], [ -61.495301, -34.620863 ], [ -61.485892, -34.628846 ], [ -61.481616939999981, -34.632451329999988 ], [ -61.480479, -34.633411 ], [ -61.479595, -34.634151 ], [ -61.475684, -34.637303 ], [ -61.475302, -34.637633 ], [ -61.470776, -34.641562 ], [ -61.466081, -34.64568 ], [ -61.463175, -34.648221 ], [ -61.459732, -34.651215 ], [ -61.456288, -34.654152 ], [ -61.456012, -34.654441 ], [ -61.451512, -34.658224 ], [ -61.446835, -34.662151 ], [ -61.437182099, -34.670502973999923 ], [ -61.436677, -34.67094 ], [ -61.436414699999951, -34.671158911999946 ], [ -61.436411, -34.671162 ], [ -61.430113, -34.666097 ], [ -61.417490702999942, -34.655831637999938 ], [ -61.410523, -34.650165 ], [ -61.410289, -34.649975 ], [ -61.407712, -34.647881 ], [ -61.405307, -34.645926 ], [ -61.404958, -34.645628 ], [ -61.396242, -34.638566 ], [ -61.395901, -34.63834 ], [ -61.39096821399994, -34.634364553999944 ], [ -61.383012312999938, -34.627952708999942 ], [ -61.382940594999987, -34.627894910999935 ], [ -61.382901, -34.627863 ], [ -61.376969, -34.623081 ], [ -61.369172, -34.616766 ], [ -61.359572998999958, -34.609037 ], [ -61.355961, -34.606116 ], [ -61.354079652999985, -34.604597867999978 ], [ -61.351061, -34.602162 ], [ -61.347704, -34.599459 ], [ -61.343941449999939, -34.596482709999961 ], [ -61.340937586999985, -34.594106563999951 ], [ -61.338607, -34.592263 ], [ -61.33848356499994, -34.592168823999934 ], [ -61.336126862999954, -34.594106563999951 ], [ -61.333209783999969, -34.596505060999945 ], [ -61.329306848999984, -34.599714152999987 ], [ -61.324233, -34.603886 ], [ -61.314619, -34.611837 ], [ -61.313696028999964, -34.612597809999954 ], [ -61.305711236999961, -34.619179721999956 ], [ -61.291135, -34.631195 ], [ -61.28155, -34.639025 ], [ -61.262877, -34.654512 ], [ -61.248893328999941, -34.666347 ], [ -61.246724, -34.668183 ] ] ] ] } },
{ "type": "Feature", "properties": { "id": null }, "geometry": { "type": "MultiPolygon", "coordinates": [ [ [ [ -60.904151, -34.810719 ], [ -60.903991, -34.810841 ], [ -60.886476, -34.795935 ], [ -60.878699536999932, -34.789286420999929 ], [ -60.875734, -34.786751 ], [ -60.874941, -34.786051 ], [ -60.873230232999958, -34.784408525999943 ], [ -60.872460998999948, -34.78367 ], [ -60.867874, -34.77951 ], [ -60.8671, -34.779267 ], [ -60.865879, -34.777437 ], [ -60.85534598899995, -34.768305700999974 ], [ -60.849248105999948, -34.763019311999969 ], [ -60.840169614999979, -34.770015053999941 ], [ -60.839292793999959, -34.770690718999958 ], [ -60.838957875999938, -34.770944108999963 ], [ -60.837643986999986, -34.771938161999962 ], [ -60.837552998999968, -34.772007 ], [ -60.837317356999954, -34.772194518999981 ], [ -60.836843, -34.772572 ], [ -60.835883, -34.77333 ], [ -60.835367, -34.773773 ], [ -60.834711509999984, -34.774291165999948 ], [ -60.83383, -34.774988 ], [ -60.831003, -34.777318 ], [ -60.829783, -34.778323 ], [ -60.827221, -34.780379 ], [ -60.823983, -34.783014 ], [ -60.82146, -34.785014 ], [ -60.817741, -34.788041 ], [ -60.816319336999982, -34.789157379999942 ], [ -60.815841, -34.789533 ], [ -60.815683, -34.789652 ], [ -60.812963981999978, -34.791865912999981 ], [ -60.812353226999967, -34.792357222999939 ], [ -60.811372122999948, -34.793146452999956 ], [ -60.810684, -34.7937 ], [ -60.808690019999972, -34.795306564999962 ], [ -60.807215, -34.796495 ], [ -60.80689, -34.796736 ], [ -60.803305, -34.799478 ], [ -60.802607, -34.80005 ], [ -60.799609, -34.802435 ], [ -60.796303, -34.805062 ], [ -60.796052, -34.805244 ], [ -60.795577055999964, -34.805619181999916 ], [ -60.792848, -34.807775 ], [ -60.79062, -34.809544 ], [ -60.789583, -34.810346 ], [ -60.787682705999941, -34.811977245999977 ], [ -60.786221, -34.813232 ], [ -60.78588, -34.8135 ], [ -60.783265, -34.815528 ], [ -60.776216, -34.821119 ], [ -60.767245, -34.828122 ], [ -60.765067549999969, -34.829703663999965 ], [ -60.759168, -34.833989 ], [ -60.758264773999947, -34.834663078999931 ], [ -60.756058, -34.83631 ], [ -60.755734, -34.83656 ], [ -60.752856, -34.838732 ], [ -60.746015, -34.843949 ], [ -60.745267412999958, -34.844538081999929 ], [ -60.739327, -34.849219 ], [ -60.734571, -34.853017 ], [ -60.734353, -34.85318 ], [ -60.734181, -34.853348 ], [ -60.729239, -34.857146 ], [ -60.725325749999975, -34.860171861999959 ], [ -60.723955998999941, -34.861231 ], [ -60.728222, -34.864973 ], [ -60.73176, -34.868139 ], [ -60.735946, -34.871801 ], [ -60.740179, -34.875541 ], [ -60.740599, -34.875866 ], [ -60.742383, -34.877464 ], [ -60.743792, -34.878658 ], [ -60.744771, -34.879078 ], [ -60.747197, -34.881197 ], [ -60.749066, -34.882836 ], [ -60.751723, -34.884872 ], [ -60.75316, -34.886082 ], [ -60.75373, -34.886581 ], [ -60.754004, -34.886821 ], [ -60.756795, -34.889276 ], [ -60.757193, -34.88961 ], [ -60.757652, -34.889999 ], [ -60.760742, -34.892694 ], [ -60.761414, -34.893208 ], [ -60.761773, -34.893525 ], [ -60.761911, -34.893647 ], [ -60.763847, -34.895347 ], [ -60.764058, -34.89555 ], [ -60.777224, -34.906935 ], [ -60.780268, -34.909582 ], [ -60.781282, -34.910387 ], [ -60.781682146999962, -34.910735493999937 ], [ -60.787952, -34.916196 ], [ -60.791684, -34.919405 ], [ -60.792902, -34.920437 ], [ -60.795329, -34.922497 ], [ -60.795753, -34.922857 ], [ -60.798405, -34.925158 ], [ -60.802566, -34.92872 ], [ -60.802748, -34.928884 ], [ -60.802929, -34.929048 ], [ -60.807381, -34.932976 ], [ -60.80843699899998, -34.933883 ], [ -60.811357, -34.936409 ], [ -60.814032, -34.938792 ], [ -60.81758299899996, -34.941917 ], [ -60.821248, -34.945135 ], [ -60.823607536999987, -34.947170904999943 ], [ -60.830449, -34.953074 ], [ -60.83835, -34.959921 ], [ -60.841407, -34.962571 ], [ -60.847692, -34.968081 ], [ -60.847361, -34.968271 ], [ -60.843527, -34.971327 ], [ -60.840457, -34.97376 ], [ -60.836089, -34.977155 ], [ -60.828211144999955, -34.983371625999951 ], [ -60.824408998999957, -34.986372 ], [ -60.81901, -34.990661 ], [ -60.816594, -34.992508 ], [ -60.81633, -34.992777 ], [ -60.813353721999931, -34.995128225999956 ], [ -60.813353674, -34.995128262999955 ], [ -60.813353626999969, -34.995128299999962 ], [ -60.811116, -34.996896 ], [ -60.811000170999932, -34.996971917999929 ], [ -60.81073, -34.997149 ], [ -60.810065410999989, -34.997704178999982 ], [ -60.805986, -35.001112 ], [ -60.800709, -35.005225 ], [ -60.795452, -35.00932 ], [ -60.790578, -35.013107 ], [ -60.785516, -35.017064 ], [ -60.785175, -35.017336 ], [ -60.777676, -35.023162 ], [ -60.772706, -35.02703 ], [ -60.770029, -35.029124 ], [ -60.762085, -35.035318 ], [ -60.754843782999956, -35.040924459999928 ], [ -60.754227, -35.041402 ], [ -60.757695, -35.044392 ], [ -60.758764, -35.045256 ], [ -60.765282557999967, -35.050974890999953 ], [ -60.777961, -35.062098 ], [ -60.779109, -35.063109 ], [ -60.789113, -35.071911 ], [ -60.791925, -35.074472 ], [ -60.792689, -35.075111 ], [ -60.799239, -35.080717 ], [ -60.800583808999932, -35.081870719999984 ], [ -60.809535, -35.08955 ], [ -60.809842, -35.089812 ], [ -60.810022, -35.089965 ], [ -60.81623, -35.095249 ], [ -60.818464, -35.097151 ], [ -60.825712, -35.103346 ], [ -60.829264998999975, -35.106386 ], [ -60.833121, -35.109657 ], [ -60.835217, -35.111432 ], [ -60.83784, -35.113675 ], [ -60.838122, -35.11398 ], [ -60.838633447999939, -35.114423218999946 ], [ -60.840948, -35.116429 ], [ -60.844093, -35.119152 ], [ -60.844572, -35.119567 ], [ -60.846893, -35.121576 ], [ -60.849589, -35.123908 ], [ -60.854067, -35.127756 ], [ -60.855357, -35.128865 ], [ -60.859494, -35.132421 ], [ -60.859783, -35.132669 ], [ -60.861986, -35.134564 ], [ -60.864356, -35.136597 ], [ -60.867219023999958, -35.139026845999979 ], [ -60.867468998999982, -35.139239 ], [ -60.86843, -35.140063 ], [ -60.872267, -35.143362 ], [ -60.872611, -35.143619 ], [ -60.872662765999962, -35.143670371 ], [ -60.87144739699994, -35.144627019 ], [ -60.870007350999963, -35.145760515999932 ], [ -60.871565004999979, -35.147093328999972 ], [ -60.872454, -35.147854 ], [ -60.874828478, -35.149891439999983 ], [ -60.882289, -35.156293 ], [ -60.886456, -35.159927 ], [ -60.88721163799994, -35.160583573999929 ], [ -60.888874, -35.162028 ], [ -60.891836, -35.164645 ], [ -60.900736, -35.172919 ], [ -60.90427, -35.176006 ], [ -60.904683, -35.176302 ], [ -60.911429, -35.182319 ], [ -60.918058, -35.188316 ], [ -60.919996, -35.190069 ], [ -60.926704, -35.196137 ], [ -60.927536, -35.196893 ], [ -60.927946, -35.197221 ], [ -60.931701, -35.200573 ], [ -60.932971550999987, -35.201721889999931 ], [ -60.936766, -35.205153 ], [ -60.937805, -35.206092 ], [ -60.940887, -35.208888 ], [ -60.943079773999955, -35.21084325299995 ], [ -60.945226, -35.212757 ], [ -60.945479, -35.213036 ], [ -60.945928, -35.213444 ], [ -60.947272, -35.214654 ], [ -60.948276, -35.215557 ], [ -60.949121998999949, -35.216319 ], [ -60.949314, -35.216492 ], [ -60.95047, -35.217532 ], [ -60.951461998999946, -35.218426 ], [ -60.952493, -35.219354 ], [ -60.953566, -35.220321 ], [ -60.954615, -35.221272 ], [ -60.958203225999966, -35.224537808999983 ], [ -60.958321, -35.224645 ], [ -60.962648, -35.228532 ], [ -60.965073, -35.230707 ], [ -60.966678, -35.231523 ], [ -60.968766, -35.233236 ], [ -60.972968365999982, -35.236803301999934 ], [ -60.976217, -35.239561 ], [ -60.980181, -35.242877 ], [ -60.980969, -35.243537 ], [ -60.984631, -35.2466 ], [ -60.993234, -35.239915 ], [ -60.993533, -35.239684 ], [ -60.997158, -35.236849 ], [ -60.999216, -35.235234 ], [ -60.999535, -35.234984 ], [ -61.00297, -35.232373 ], [ -61.005832, -35.230225 ], [ -61.00776, -35.228773 ], [ -61.009178, -35.227707 ], [ -61.02131843899997, -35.218531223999946 ], [ -61.021318469999983, -35.218531202999948 ], [ -61.026283, -35.214779 ], [ -61.026672, -35.214482 ], [ -61.034671, -35.208356 ], [ -61.038993, -35.205169 ], [ -61.04007699899995, -35.204317 ], [ -61.04084, -35.203742 ], [ -61.049871, -35.196588 ], [ -61.050207, -35.196349 ], [ -61.059212, -35.189397 ], [ -61.061886015999967, -35.187274970999944 ], [ -61.062511, -35.186779 ], [ -61.062721, -35.186947 ], [ -61.06743, -35.190752 ], [ -61.067767, -35.191068 ], [ -61.068892, -35.191995 ], [ -61.069147, -35.192161 ], [ -61.075215, -35.1972 ], [ -61.078101405, -35.199674966999964 ], [ -61.087513, -35.207745 ], [ -61.088608, -35.208574 ], [ -61.091777, -35.211245 ], [ -61.096842, -35.215459 ], [ -61.105489, -35.222712 ], [ -61.117222, -35.232548 ], [ -61.125987, -35.23987 ], [ -61.138314, -35.250149 ], [ -61.143638, -35.254569 ], [ -61.147772, -35.258067 ], [ -61.155019, -35.264171 ], [ -61.162836872999954, -35.258035477999961 ], [ -61.163444, -35.257559 ], [ -61.168114, -35.253823 ], [ -61.172102, -35.250643 ], [ -61.174902, -35.248438 ], [ -61.178829, -35.245329 ], [ -61.18413, -35.241168 ], [ -61.191386, -35.235435 ], [ -61.192018596999958, -35.234933355999942 ], [ -61.195922, -35.231838 ], [ -61.198556, -35.22975 ], [ -61.213774, -35.217671 ], [ -61.215302237999936, -35.216794277999952 ], [ -61.220717, -35.212539 ], [ -61.230327, -35.204604 ], [ -61.233094899999969, -35.202405129999917 ], [ -61.235632748999926, -35.200389016999964 ], [ -61.237641, -35.1988 ], [ -61.237971, -35.198567 ], [ -61.23859891099994, -35.198054671999948 ], [ -61.241073, -35.196036 ], [ -61.256796530999964, -35.183674096999937 ], [ -61.257469138999973, -35.183145289999977 ], [ -61.258285500999939, -35.182463991999953 ], [ -61.258151, -35.182355 ], [ -61.262659, -35.178592 ], [ -61.263809227999964, -35.177647670999924 ], [ -61.274607261999961, -35.168782552999964 ], [ -61.278178, -35.165851 ], [ -61.287309, -35.173646 ], [ -61.300713550999937, -35.185009409999957 ], [ -61.300798, -35.185081 ], [ -61.300941158999933, -35.185201864999947 ], [ -61.305549, -35.181433 ], [ -61.31133, -35.176742 ], [ -61.315283998999973, -35.173513 ], [ -61.315623, -35.173241 ], [ -61.324997, -35.16572 ], [ -61.325354, -35.165444 ], [ -61.335051944999982, -35.157579274999925 ], [ -61.335146, -35.157503 ], [ -61.341213, -35.152529 ], [ -61.341792, -35.152122 ], [ -61.344929, -35.14954 ], [ -61.345263, -35.14925 ], [ -61.35038283899997, -35.145046965999931 ], [ -61.360408, -35.136817 ], [ -61.360798, -35.136522 ], [ -61.361888, -35.135622 ], [ -61.372064, -35.127254 ], [ -61.380779, -35.12011 ], [ -61.384079, -35.117401 ], [ -61.386497, -35.115416 ], [ -61.391004, -35.111691 ], [ -61.399302, -35.104839 ], [ -61.405931, -35.099392 ], [ -61.406694828999953, -35.098759572999938 ], [ -61.419417, -35.088226 ], [ -61.419742, -35.087908 ], [ -61.419662682999956, -35.08784395199995 ], [ -61.412355800999933, -35.081943659999979 ], [ -61.407872, -35.078323 ], [ -61.40697, -35.077533 ], [ -61.392122, -35.065308 ], [ -61.360544, -35.039107 ], [ -61.3602, -35.038796 ], [ -61.349128, -35.02956 ], [ -61.340145, -35.022034 ], [ -61.328913, -35.012584 ], [ -61.319750114999984, -35.005053343999975 ], [ -61.319016, -35.00445 ], [ -61.310048, -34.997035 ], [ -61.298863998999934, -34.988088 ], [ -61.294282212, -34.984394694999935 ], [ -61.293867, -34.98406 ], [ -61.286479, -34.978012 ], [ -61.279068, -34.971842 ], [ -61.273118, -34.966922 ], [ -61.259009, -34.955245 ], [ -61.257748, -34.954181 ], [ -61.254155927999932, -34.951208069999943 ], [ -61.232324998999957, -34.93314 ], [ -61.223187, -34.925673 ], [ -61.222852, -34.925399 ], [ -61.219614724999978, -34.922766555999935 ], [ -61.215166, -34.919149 ], [ -61.207032, -34.912591 ], [ -61.206162, -34.911839 ], [ -61.205891, -34.911619 ], [ -61.205136, -34.91103 ], [ -61.202252998999946, -34.908658 ], [ -61.196293, -34.903816 ], [ -61.19593, -34.903498 ], [ -61.191273998999982, -34.899644 ], [ -61.179940616999943, -34.890323552999966 ], [ -61.179929, -34.890314 ], [ -61.17863907199996, -34.891358701999934 ], [ -61.171622, -34.885301 ], [ -61.163049, -34.877898 ], [ -61.162313, -34.87726 ], [ -61.153878, -34.869923 ], [ -61.153344, -34.869477 ], [ -61.146068998999958, -34.86317 ], [ -61.143225, -34.860725 ], [ -61.142020498999955, -34.859693254999975 ], [ -61.140206, -34.858139 ], [ -61.134085, -34.852897 ], [ -61.12822, -34.847865 ], [ -61.127689, -34.847407 ], [ -61.128168161999959, -34.84701528599993 ], [ -61.131278, -34.844473 ], [ -61.137106, -34.839718 ], [ -61.139625, -34.837475 ], [ -61.145067, -34.832795 ], [ -61.145183947999953, -34.832695106999942 ], [ -61.145211790999952, -34.832671324999971 ], [ -61.146027, -34.831975 ], [ -61.15184, -34.827184 ], [ -61.155639576999931, -34.824148313999963 ], [ -61.158147, -34.822145 ], [ -61.161948011999982, -34.818991580999977 ], [ -61.162238, -34.818751 ], [ -61.162576, -34.818427 ], [ -61.166879677999987, -34.81496026699994 ], [ -61.168618, -34.81356 ], [ -61.174450540999949, -34.80877158199997 ], [ -61.175433, -34.807965 ], [ -61.182368, -34.802214 ], [ -61.169381, -34.791818 ], [ -61.164132, -34.78761 ], [ -61.16085, -34.785 ], [ -61.151165, -34.777206 ], [ -61.150740661999976, -34.776873950999963 ], [ -61.150605991999953, -34.776766681999952 ], [ -61.150113, -34.776374 ], [ -61.149977146999959, -34.776262976999931 ], [ -61.149661527999974, -34.776005042999941 ], [ -61.149307823999948, -34.775715982999934 ], [ -61.148688470999964, -34.775209826999969 ], [ -61.147995051999942, -34.774643141999952 ], [ -61.145703, -34.77277 ], [ -61.145136, -34.772345 ], [ -61.144893003999975, -34.77214746099996 ], [ -61.144497857999966, -34.771826233999938 ], [ -61.141529414999972, -34.769413091999965 ], [ -61.141095206999985, -34.769060109999934 ], [ -61.140730793999978, -34.768763866999961 ], [ -61.13970597399998, -34.767930758999967 ], [ -61.138625, -34.767052 ], [ -61.138362883999946, -34.766840072999962 ], [ -61.137321070999974, -34.765997743999939 ], [ -61.137268422999966, -34.76595517699996 ], [ -61.135058, -34.764168 ], [ -61.135632889999954, -34.76366226499993 ], [ -61.135881, -34.763444 ], [ -61.132804620999934, -34.760950906999931 ], [ -61.132342, -34.760576 ], [ -61.131188093999988, -34.759617135999974 ], [ -61.128334750999954, -34.757246085999952 ], [ -61.127828823999955, -34.756825674999959 ], [ -61.126059, -34.755355 ], [ -61.125629385999964, -34.754998324999967 ], [ -61.12547, -34.754866 ], [ -61.121225310999925, -34.751399750999944 ], [ -61.120559274999955, -34.750855860999934 ], [ -61.118594, -34.749251 ], [ -61.118256, -34.748963 ], [ -61.117314589999985, -34.748214888999946 ], [ -61.11698, -34.747949 ], [ -61.116594, -34.747647 ], [ -61.11527939299998, -34.746588480999947 ], [ -61.114078318999987, -34.745621378999935 ], [ -61.110953, -34.743104876999951 ], [ -61.108976, -34.741513 ], [ -61.100852, -34.73501 ], [ -61.099852, -34.734241 ], [ -61.099247, -34.733785 ], [ -61.090282, -34.726555 ], [ -61.089805048999949, -34.726171217999941 ], [ -61.086975, -34.723894 ], [ -61.084422492999977, -34.72185081099996 ], [ -61.080074, -34.71837 ], [ -61.077769, -34.716519 ], [ -61.073935, -34.71344 ], [ -61.072534, -34.712324 ], [ -61.065129, -34.706337 ], [ -61.064836, -34.7061 ], [ -61.063681, -34.705166 ], [ -61.062605, -34.704288 ], [ -61.058856, -34.701246 ], [ -61.058437, -34.700922 ], [ -61.054031, -34.697525 ], [ -61.048353, -34.69305 ], [ -61.048176, -34.692906 ], [ -61.03267532099995, -34.705651420999978 ], [ -61.027546, -34.709869 ], [ -61.023001714999971, -34.713605370999957 ], [ -61.007972, -34.725963 ], [ -60.992267, -34.738474 ], [ -60.988104, -34.741908 ], [ -60.9866, -34.743117 ], [ -60.982864932999981, -34.746214862999963 ], [ -60.980505637999954, -34.748124004999966 ], [ -60.977935483999943, -34.750203773999935 ], [ -60.975953, -34.751808 ], [ -60.968906, -34.757546 ], [ -60.948598, -34.774259 ], [ -60.937339, -34.783528 ], [ -60.93591313799994, -34.784632768999977 ], [ -60.934719, -34.785558 ], [ -60.932733, -34.787179 ], [ -60.92869287499996, -34.790501369999944 ], [ -60.925939, -34.792766 ], [ -60.925596, -34.793042 ], [ -60.922400128999975, -34.795710965999938 ], [ -60.921884, -34.796142 ], [ -60.918734, -34.79877 ], [ -60.91505, -34.80179 ], [ -60.913714, -34.80286 ], [ -60.911587, -34.804641 ], [ -60.908648, -34.807045 ], [ -60.907407, -34.80806 ], [ -60.904429117999939, -34.810491875999944 ], [ -60.904151, -34.810719 ] ] ] ] } },
{ "type": "Feature", "properties": { "id": null }, "geometry": { "type": "MultiPolygon", "coordinates": [ [ [ [ -61.513147763999939, -34.332828463999931 ], [ -61.508861, -34.336846 ], [ -61.505115, -34.333972 ], [ -61.5, -34.330071 ], [ -61.499604, -34.329755 ], [ -61.496681, -34.327426 ], [ -61.494667, -34.32582 ], [ -61.490792, -34.322731 ], [ -61.486937998999963, -34.319641 ], [ -61.479259, -34.313483 ], [ -61.478911, -34.313192 ], [ -61.472019097999976, -34.307682248999981 ], [ -61.471674889999967, -34.307407070999943 ], [ -61.469781, -34.309023 ], [ -61.467135, -34.311281 ], [ -61.46082, -34.316669 ], [ -61.459755, -34.31761 ], [ -61.45237169699994, -34.323952125999924 ], [ -61.450047, -34.325949 ], [ -61.449618, -34.326314 ], [ -61.443132, -34.331749 ], [ -61.433828, -34.3395 ], [ -61.433344, -34.339902 ], [ -61.433885450999981, -34.340355242999969 ], [ -61.433921, -34.340385 ], [ -61.418776, -34.353358 ], [ -61.414020791999974, -34.357457148999977 ], [ -61.395408, -34.373502 ], [ -61.395555, -34.373638 ], [ -61.396901, -34.374815 ], [ -61.416972, -34.392317 ], [ -61.416583, -34.392645 ], [ -61.41634199899994, -34.392861 ], [ -61.405926, -34.40136 ], [ -61.404268, -34.402708 ], [ -61.398029, -34.407779 ], [ -61.397131692999956, -34.408516284999955 ], [ -61.392573, -34.412262 ], [ -61.387315, -34.416568 ], [ -61.382387, -34.420621 ], [ -61.376654, -34.425308 ], [ -61.376601221999977, -34.425267472999963 ], [ -61.376591722999926, -34.42526017899997 ], [ -61.369088998999977, -34.419499 ], [ -61.368796, -34.419726 ], [ -61.368679379999946, -34.419824376999941 ], [ -61.368446109999979, -34.420021156999951 ], [ -61.359354, -34.427691 ], [ -61.349535, -34.435961 ], [ -61.345272, -34.439584 ], [ -61.344042, -34.440629 ], [ -61.332117221999972, -34.45076068599996 ], [ -61.330742172999969, -34.451871973999957 ], [ -61.330459553999951, -34.452100381999962 ], [ -61.329812003999962, -34.452623719999963 ], [ -61.329596335999952, -34.452798018999935 ], [ -61.329167, -34.453145 ], [ -61.33481, -34.457625 ], [ -61.340729, -34.462325 ], [ -61.340953465999981, -34.462500018999947 ], [ -61.34693, -34.46716 ], [ -61.354102, -34.472852 ], [ -61.355509, -34.473947 ], [ -61.355373, -34.47406 ], [ -61.347640204999948, -34.480550897999933 ], [ -61.332620998999964, -34.493158 ], [ -61.322996, -34.501042 ], [ -61.283352, -34.534657 ], [ -61.280687, -34.536733 ], [ -61.279368, -34.537701 ], [ -61.275199, -34.541214 ], [ -61.278273661999947, -34.543709097999965 ], [ -61.280467, -34.545489 ], [ -61.286638, -34.550423 ], [ -61.288372148999947, -34.551829369999936 ], [ -61.292828, -34.555443 ], [ -61.293574, -34.556091 ], [ -61.294289, -34.556623 ], [ -61.29659, -34.558446 ], [ -61.306375, -34.566381 ], [ -61.310913, -34.570026 ], [ -61.311634555999937, -34.570607066999962 ], [ -61.315746, -34.573918 ], [ -61.325268, -34.581571 ], [ -61.332018, -34.586979 ], [ -61.338084535999947, -34.591842646999957 ], [ -61.338307, -34.592021 ], [ -61.338471998999985, -34.59216 ], [ -61.33848356499994, -34.592168823999934 ], [ -61.338607, -34.592263 ], [ -61.340937586999985, -34.594106563999951 ], [ -61.343941449999939, -34.596482709999961 ], [ -61.347704, -34.599459 ], [ -61.351061, -34.602162 ], [ -61.354079652999985, -34.604597867999978 ], [ -61.355961, -34.606116 ], [ -61.359572998999958, -34.609037 ], [ -61.369172, -34.616766 ], [ -61.376969, -34.623081 ], [ -61.382901, -34.627863 ], [ -61.382940594999987, -34.627894910999935 ], [ -61.383012312999938, -34.627952708999942 ], [ -61.39096821399994, -34.634364553999944 ], [ -61.395901, -34.63834 ], [ -61.396242, -34.638566 ], [ -61.404958, -34.645628 ], [ -61.405307, -34.645926 ], [ -61.407712, -34.647881 ], [ -61.410289, -34.649975 ], [ -61.410523, -34.650165 ], [ -61.417490702999942, -34.655831637999938 ], [ -61.430113, -34.666097 ], [ -61.436411, -34.671162 ], [ -61.436414699999951, -34.671158911999946 ], [ -61.436677, -34.67094 ], [ -61.437182099, -34.670502973999923 ], [ -61.446835, -34.662151 ], [ -61.451512, -34.658224 ], [ -61.456012, -34.654441 ], [ -61.456288, -34.654152 ], [ -61.459732, -34.651215 ], [ -61.463175, -34.648221 ], [ -61.466081, -34.64568 ], [ -61.470776, -34.641562 ], [ -61.475302, -34.637633 ], [ -61.475684, -34.637303 ], [ -61.479595, -34.634151 ], [ -61.480479, -34.633411 ], [ -61.481616939999981, -34.632451329999988 ], [ -61.485892, -34.628846 ], [ -61.495301, -34.620863 ], [ -61.495736, -34.620457 ], [ -61.500292932999969, -34.616653731999975 ], [ -61.516209, -34.60337 ], [ -61.516267840999944, -34.603319264999989 ], [ -61.516404998999967, -34.603201 ], [ -61.516416367999966, -34.603210147999953 ], [ -61.528869, -34.613231 ], [ -61.545388, -34.626603 ], [ -61.56459, -34.642219 ], [ -61.575453, -34.651205 ], [ -61.581172, -34.655861 ], [ -61.584713, -34.658716 ], [ -61.597606, -34.668713 ], [ -61.597610071999959, -34.668709751999977 ], [ -61.597947, -34.668441 ], [ -61.604527, -34.662826 ], [ -61.604842, -34.662547 ], [ -61.608234374999938, -34.659619223999982 ], [ -61.611618, -34.656699 ], [ -61.611629379999954, -34.656708123999969 ], [ -61.61170556899998, -34.656769211 ], [ -61.617556, -34.66146 ], [ -61.623968, -34.666667 ], [ -61.62897951299994, -34.670769504999953 ], [ -61.630457, -34.671979 ], [ -61.644585, -34.683654 ], [ -61.645006475999935, -34.683304201999931 ], [ -61.648616396999955, -34.680308194999959 ], [ -61.711613, -34.628025 ], [ -61.710567, -34.627116 ], [ -61.710685403999946, -34.627004592999974 ], [ -61.710787, -34.626909 ], [ -61.71092, -34.626771 ], [ -61.726287471999967, -34.613584104999966 ], [ -61.727115, -34.612874 ], [ -61.733461, -34.607446 ], [ -61.735489, -34.605691 ], [ -61.745499, -34.597087 ], [ -61.755005, -34.588905 ], [ -61.768976669999972, -34.57698080199998 ], [ -61.769417, -34.576605 ], [ -61.769608, -34.576422 ], [ -61.777115427999945, -34.582500911999944 ], [ -61.794897, -34.596899 ], [ -61.834323436999973, -34.628546354999969 ], [ -61.845370045999978, -34.637413399999957 ], [ -61.850964, -34.632717 ], [ -61.855271, -34.629052 ], [ -61.860162, -34.624966 ], [ -61.865825, -34.620106 ], [ -61.876494, -34.611082 ], [ -61.890424, -34.599244 ], [ -61.89200511699994, -34.597965788999943 ], [ -61.892846, -34.597286 ], [ -61.896095, -34.594461 ], [ -61.910880050999936, -34.581900628999961 ], [ -61.911899, -34.581035 ], [ -61.91592, -34.577635 ], [ -61.916111, -34.57748 ], [ -61.916281, -34.577334 ], [ -61.918144, -34.575689 ], [ -61.928009, -34.567147 ], [ -61.934021, -34.561892 ], [ -61.934309, -34.561641 ], [ -61.934525, -34.561443 ], [ -61.937649, -34.558669 ], [ -61.944753, -34.552438 ], [ -61.944887, -34.552327 ], [ -61.947655, -34.549892 ], [ -61.948064, -34.549481 ], [ -61.95826, -34.540628 ], [ -61.959044, -34.539988 ], [ -61.959445, -34.539679 ], [ -61.971703, -34.528948 ], [ -61.982321, -34.519707 ], [ -61.983941, -34.518249 ], [ -61.983825686999971, -34.518156070999972 ], [ -61.974941539999975, -34.510996488999979 ], [ -61.963917, -34.502112 ], [ -61.96015, -34.498786 ], [ -61.954765, -34.494527 ], [ -61.950470700999979, -34.491171390999966 ], [ -61.929009, -34.474401 ], [ -61.928753, -34.474228 ], [ -61.92853, -34.474065 ], [ -61.922051, -34.468942 ], [ -61.91671, -34.464757 ], [ -61.915251998999963, -34.463621 ], [ -61.911136, -34.460384 ], [ -61.905508, -34.455944 ], [ -61.904776, -34.455367 ], [ -61.900689, -34.452152 ], [ -61.899786, -34.451442 ], [ -61.899455, -34.451182 ], [ -61.894616735999932, -34.447345906999928 ], [ -61.894381, -34.447159 ], [ -61.890053, -34.443778 ], [ -61.889489, -34.443304 ], [ -61.886441, -34.440896 ], [ -61.883268, -34.43839 ], [ -61.880777331999987, -34.436427194999972 ], [ -61.874907, -34.431801 ], [ -61.869511, -34.427463 ], [ -61.869199, -34.427192 ], [ -61.868287, -34.426573 ], [ -61.862307, -34.422002 ], [ -61.861551, -34.421432 ], [ -61.86135, -34.421274 ], [ -61.854226, -34.41567 ], [ -61.842372, -34.406367 ], [ -61.840682, -34.405034 ], [ -61.836484, -34.401721 ], [ -61.833939890999936, -34.399711153999924 ], [ -61.833383998999977, -34.399272 ], [ -61.828472, -34.395432 ], [ -61.82448, -34.392295 ], [ -61.823671, -34.39165 ], [ -61.819939, -34.388675 ], [ -61.817745, -34.386939 ], [ -61.816383344999963, -34.38579735199994 ], [ -61.816149729999957, -34.385601482999959 ], [ -61.719753407999967, -34.385554687999957 ], [ -61.717649964999964, -34.383606956999976 ], [ -61.709070151999981, -34.375662281999936 ], [ -61.709070106999945, -34.375662239999933 ], [ -61.709069761999963, -34.375661919999963 ], [ -61.64838840699997, -34.319472618999946 ], [ -61.646598077999954, -34.320947333999982 ], [ -61.643592, -34.323528 ], [ -61.639427, -34.32708 ], [ -61.637002, -34.329132 ], [ -61.635754494999951, -34.330349139999953 ], [ -61.634537, -34.331537 ], [ -61.629897835999941, -34.335847021999939 ], [ -61.628138, -34.337482 ], [ -61.627049, -34.338416 ], [ -61.624276, -34.340804 ], [ -61.619382, -34.345163 ], [ -61.61771343799996, -34.346629735999954 ], [ -61.610784, -34.352721 ], [ -61.610702421999974, -34.352654317999956 ], [ -61.61058472499996, -34.352558109999968 ], [ -61.603775823999968, -34.346992436999983 ], [ -61.590016, -34.335745 ], [ -61.57759028199996, -34.326217749999955 ], [ -61.572808, -34.322551 ], [ -61.564973, -34.31623 ], [ -61.553239196999982, -34.306744885999933 ], [ -61.549084, -34.303386 ], [ -61.548437371999967, -34.30390695199997 ], [ -61.544914810999963, -34.306744885999919 ], [ -61.542884, -34.308381 ], [ -61.534001, -34.315625 ], [ -61.53094666599997, -34.318062233999967 ], [ -61.528022, -34.320396 ], [ -61.527283, -34.320976 ], [ -61.520895, -34.326181 ], [ -61.514402, -34.331653 ], [ -61.513147763999939, -34.332828463999931 ] ] ] ] } },
{ "type": "Feature", "properties": { "id": null }, "geometry": { "type": "MultiPolygon", "coordinates": [ [ [ [ -61.210038415, -34.125526779999973 ], [ -61.209891, -34.125642 ], [ -61.205104, -34.119681 ], [ -61.205019, -34.119611 ], [ -61.204659, -34.119312 ], [ -61.202213966999977, -34.117283715999967 ], [ -61.197954146999969, -34.11374997099994 ], [ -61.196944, -34.112912 ], [ -61.19657, -34.112601 ], [ -61.195543010999984, -34.111720722999962 ], [ -61.189823891999943, -34.106818621999935 ], [ -61.189381, -34.106439 ], [ -61.189153, -34.106147 ], [ -61.188347, -34.105443 ], [ -61.184829, -34.102471 ], [ -61.184526958999975, -34.102216911999953 ], [ -61.184344, -34.102063 ], [ -61.183644, -34.101669 ], [ -61.182764, -34.101143 ], [ -61.182294, -34.100753 ], [ -61.182082354999977, -34.100577274999978 ], [ -61.181722128999979, -34.100278184999958 ], [ -61.181693, -34.100254 ], [ -61.181389, -34.100002 ], [ -61.180700461999947, -34.099430374999933 ], [ -61.179952, -34.098809 ], [ -61.17825501599998, -34.097400035999954 ], [ -61.177554, -34.096818 ], [ -61.177460692999944, -34.096761581999935 ], [ -61.17744336, -34.096751100999938 ], [ -61.176957654999974, -34.096457418999925 ], [ -61.175513853999981, -34.095584422999934 ], [ -61.175211816999941, -34.095401795999976 ], [ -61.175017, -34.095284 ], [ -61.174843631999984, -34.095323644999951 ], [ -61.174705, -34.095237 ], [ -61.174526, -34.095167 ], [ -61.174254, -34.095196 ], [ -61.174144121, -34.095201562999932 ], [ -61.173938, -34.095212 ], [ -61.173672, -34.095141 ], [ -61.173651192999962, -34.095076687999949 ], [ -61.173606, -34.094937 ], [ -61.173413, -34.094775 ], [ -61.172988, -34.094669 ], [ -61.172795362999985, -34.094659307999954 ], [ -61.17267, -34.094653 ], [ -61.17255, -34.09452 ], [ -61.172379, -34.094411 ], [ -61.172232, -34.094367 ], [ -61.172069, -34.094351 ], [ -61.17184, -34.094295 ], [ -61.171617, -34.094199 ], [ -61.171386, -34.09414 ], [ -61.171278, -34.094047 ], [ -61.171057, -34.093919 ], [ -61.170994386999958, -34.093900658999928 ], [ -61.17076, -34.093832 ], [ -61.170583, -34.093866 ], [ -61.17055628899994, -34.093862326999954 ], [ -61.170423, -34.093844 ], [ -61.170330968999956, -34.093760963999955 ], [ -61.170289998999984, -34.093724 ], [ -61.170205, -34.093652 ], [ -61.170057402999987, -34.093635865999929 ], [ -61.169957998999969, -34.093625 ], [ -61.169675, -34.093518 ], [ -61.169614204999952, -34.093503718999948 ], [ -61.169487912999955, -34.093474052999959 ], [ -61.169377, -34.093448 ], [ -61.169234, -34.093475 ], [ -61.16921503399994, -34.093498342999965 ], [ -61.169195, -34.093523 ], [ -61.169100546999978, -34.093543779999955 ], [ -61.168950811999927, -34.093494784999962 ], [ -61.168817, -34.093451 ], [ -61.168810031999953, -34.093452526999947 ], [ -61.168793, -34.093447 ], [ -61.168614877999971, -34.093487061999951 ], [ -61.168504, -34.093512 ], [ -61.168207330999962, -34.09342995999998 ], [ -61.16692491799995, -34.09307532899993 ], [ -61.166768482999942, -34.093032068999939 ], [ -61.166759933999963, -34.09302964099993 ], [ -61.166714000999946, -34.09301415099997 ], [ -61.16666694099996, -34.09299121399993 ], [ -61.166605, -34.092916 ], [ -61.166595431999951, -34.092852702999949 ], [ -61.166592, -34.09283 ], [ -61.166642998999976, -34.092715 ], [ -61.166556, -34.092424 ], [ -61.166484, -34.092378 ], [ -61.166476, -34.092336 ], [ -61.166435, -34.092308 ], [ -61.166428998999947, -34.092172 ], [ -61.166372, -34.092125 ], [ -61.166232998999988, -34.092071 ], [ -61.166093, -34.09203 ], [ -61.165914, -34.092028 ], [ -61.165795744999976, -34.092009899999937 ], [ -61.165718, -34.091998 ], [ -61.165482, -34.091916 ], [ -61.165272, -34.091793 ], [ -61.165221374999987, -34.091748746999947 ], [ -61.165129, -34.091668 ], [ -61.164935, -34.091521 ], [ -61.164848998999958, -34.091457 ], [ -61.164777, -34.091456 ], [ -61.164706, -34.091445 ], [ -61.164655, -34.09139 ], [ -61.164508, -34.091325 ], [ -61.164360998999939, -34.091234 ], [ -61.164329246999962, -34.091224927999981 ], [ -61.164179, -34.091182 ], [ -61.164017, -34.091054 ], [ -61.163899, -34.09099 ], [ -61.16381, -34.090965 ], [ -61.163716, -34.090963 ], [ -61.163657, -34.090925 ], [ -61.163472, -34.090802 ], [ -61.163301, -34.090768 ], [ -61.163198, -34.090758 ], [ -61.162994, -34.090657 ], [ -61.16283, -34.090613 ], [ -61.162677, -34.090582 ], [ -61.162586998999984, -34.090512 ], [ -61.162545, -34.090344 ], [ -61.162055, -34.09017 ], [ -61.161855, -34.090022 ], [ -61.161555, -34.089827 ], [ -61.161413, -34.089734 ], [ -61.161240998999979, -34.089668 ], [ -61.161193, -34.0896 ], [ -61.160907, -34.089463 ], [ -61.160536, -34.089454 ], [ -61.16044199899995, -34.089438 ], [ -61.16033, -34.089322 ], [ -61.160161, -34.089174 ], [ -61.159761, -34.089026 ], [ -61.15964, -34.089017 ], [ -61.159571, -34.088895 ], [ -61.15947, -34.088822 ], [ -61.159419, -34.08873 ], [ -61.159384, -34.088655 ], [ -61.159292, -34.088634 ], [ -61.159212, -34.08855 ], [ -61.15905, -34.088525 ], [ -61.158845, -34.088436 ], [ -61.158811270999934, -34.088414095999951 ], [ -61.158671, -34.088323 ], [ -61.158635, -34.088253 ], [ -61.158363, -34.088101 ], [ -61.158311, -34.088038 ], [ -61.158187, -34.087959 ], [ -61.158064, -34.087922 ], [ -61.157921, -34.087809 ], [ -61.157791, -34.087735 ], [ -61.157568, -34.087661 ], [ -61.157474, -34.087581 ], [ -61.157386, -34.08753 ], [ -61.15737, -34.087476 ], [ -61.157228, -34.087388 ], [ -61.157226680999948, -34.087386816999974 ], [ -61.157053, -34.087231 ], [ -61.156689805, -34.087110837999951 ], [ -61.156651, -34.087098 ], [ -61.156476, -34.08704 ], [ -61.156321, -34.087048 ], [ -61.156162, -34.087034 ], [ -61.156065, -34.086977 ], [ -61.155961, -34.086954 ], [ -61.155752, -34.086873 ], [ -61.155563, -34.086765 ], [ -61.155468998999943, -34.086617 ], [ -61.155258, -34.086558 ], [ -61.15522, -34.086491 ], [ -61.155171648999961, -34.086445386999955 ], [ -61.155167, -34.086441 ], [ -61.155097998999963, -34.086416 ], [ -61.155042, -34.08638 ], [ -61.154978, -34.086342 ], [ -61.154875, -34.086334 ], [ -61.154813302999969, -34.086359327999965 ], [ -61.15478, -34.086373 ], [ -61.154677, -34.086391 ], [ -61.154587, -34.086376 ], [ -61.154476, -34.086323 ], [ -61.154352, -34.086208 ], [ -61.15423470099995, -34.08612980099997 ], [ -61.154196, -34.086104 ], [ -61.154146, -34.086051 ], [ -61.154077, -34.085968 ], [ -61.153904, -34.085882 ], [ -61.153852, -34.085876 ], [ -61.153786, -34.085915 ], [ -61.153747, -34.08591 ], [ -61.153667, -34.08572 ], [ -61.153615998999953, -34.085667 ], [ -61.153564, -34.085512 ], [ -61.153395, -34.085417 ], [ -61.153268, -34.085321 ], [ -61.153145, -34.085279 ], [ -61.152889, -34.085285 ], [ -61.152614, -34.085091 ], [ -61.152533, -34.084962 ], [ -61.152503, -34.08492 ], [ -61.151985, -34.08467 ], [ -61.151574947999961, -34.084476068999948 ], [ -61.151066277999973, -34.083725472999944 ], [ -61.150721997999931, -34.083207000999948 ], [ -61.150363322999972, -34.082581713999957 ], [ -61.150258177999952, -34.082459138999987 ], [ -61.149991, -34.082174 ], [ -61.149736474999941, -34.082070906999945 ], [ -61.149396, -34.081933 ], [ -61.148901, -34.081775 ], [ -61.148357, -34.081728 ], [ -61.148086000999967, -34.081715576999947 ], [ -61.14683, -34.081658 ], [ -61.14632432999997, -34.081465363999939 ], [ -61.145559938999952, -34.081185389999966 ], [ -61.145507, -34.081166 ], [ -61.144781998999974, -34.080761 ], [ -61.144614729999944, -34.080715380999948 ], [ -61.144141, -34.080599 ], [ -61.144137405999963, -34.080597755999982 ], [ -61.14396443, -34.080537899999968 ], [ -61.143877, -34.080514 ], [ -61.143742491999944, -34.080467539999965 ], [ -61.1428, -34.080142 ], [ -61.142141949999932, -34.080059221999925 ], [ -61.141914998999937, -34.080035 ], [ -61.14099, -34.080013 ], [ -61.140700960999936, -34.079891807999964 ], [ -61.14057291599994, -34.07983811899993 ], [ -61.140451, -34.079787 ], [ -61.140411313999955, -34.07977611299998 ], [ -61.139404, -34.07949 ], [ -61.139078814999941, -34.079400423999964 ], [ -61.137454463999973, -34.078952974999936 ], [ -61.137235663999945, -34.078891353999943 ], [ -61.136824324999971, -34.078711460999948 ], [ -61.136484038999981, -34.078562640999969 ], [ -61.135634, -34.078532 ], [ -61.135353701999982, -34.078455277999971 ], [ -61.134991, -34.078356 ], [ -61.134140430999942, -34.078037935999923 ], [ -61.133218, -34.077693 ], [ -61.133171503999968, -34.07768118499996 ], [ -61.129027, -34.076628 ], [ -61.128117, -34.076356 ], [ -61.128075, -34.076287 ], [ -61.128066477999937, -34.076280882999981 ], [ -61.12806, -34.076281 ], [ -61.127882499999934, -34.076148812999968 ], [ -61.127506683999961, -34.075868935999942 ], [ -61.127492, -34.075858 ], [ -61.127393456999982, -34.075659243999944 ], [ -61.127374954999937, -34.075621925999933 ], [ -61.12724910999998, -34.075495626999945 ], [ -61.127106, -34.075352 ], [ -61.126846533999981, -34.075184578999938 ], [ -61.126734865999943, -34.075112524999952 ], [ -61.126480344999948, -34.074948295999938 ], [ -61.126264120999963, -34.074808777999962 ], [ -61.124611, -34.073807 ], [ -61.122952389999966, -34.072420386999958 ], [ -61.122867, -34.072349 ], [ -61.122202580999961, -34.072011862999943 ], [ -61.122081144999989, -34.071950243999943 ], [ -61.119842, -34.073885 ], [ -61.113935, -34.078767 ], [ -61.113527, -34.079106 ], [ -61.110299074999951, -34.081770252999938 ], [ -61.108144, -34.083549 ], [ -61.102974992999982, -34.087848744999974 ], [ -61.100818, -34.089643 ], [ -61.100306, -34.09007 ], [ -61.098057, -34.091947 ], [ -61.09515331099994, -34.094364966999933 ], [ -61.088235, -34.100126 ], [ -61.087897, -34.100417 ], [ -61.084365, -34.103364 ], [ -61.08075924099996, -34.106352505999951 ], [ -61.079312, -34.107552 ], [ -61.078643, -34.108136 ], [ -61.078084, -34.108611 ], [ -61.077962272999969, -34.108728514999932 ], [ -61.077795, -34.10889 ], [ -61.077781604999984, -34.108885569999984 ], [ -61.077776, -34.108891 ], [ -61.077632723999962, -34.108843712999949 ], [ -61.077284252999959, -34.108728703999923 ], [ -61.074857084999969, -34.111137458999949 ], [ -61.073599, -34.112386 ], [ -61.071208, -34.114206 ], [ -61.06837, -34.116572 ], [ -61.065453, -34.118927 ], [ -61.065164, -34.11918 ], [ -61.060943998999953, -34.122703 ], [ -61.060594, -34.12298 ], [ -61.057023870999956, -34.12594102099996 ], [ -61.055694, -34.127044 ], [ -61.054623830999965, -34.127930764999967 ], [ -61.051166, -34.130796 ], [ -61.048513041999968, -34.132999016999982 ], [ -61.042074, -34.138346 ], [ -61.041940346999986, -34.138443103999975 ], [ -61.039735444999955, -34.140307559999926 ], [ -61.038465, -34.14144 ], [ -61.036752, -34.142836 ], [ -61.034997929999975, -34.144251272999945 ], [ -61.034008, -34.14505 ], [ -61.031512, -34.147063 ], [ -61.030481484999932, -34.147894442999984 ], [ -61.029705773999979, -34.148520303999923 ], [ -61.028968028999941, -34.149122303999931 ], [ -61.028651, -34.149381 ], [ -61.02741, -34.150458 ], [ -61.026976, -34.150835 ], [ -61.025411998999964, -34.152174 ], [ -61.023364, -34.153839 ], [ -61.022728, -34.154303 ], [ -61.021869, -34.154968 ], [ -61.021105453999944, -34.155556986999962 ], [ -61.020548, -34.155987 ], [ -61.020267, -34.156225 ], [ -61.016217, -34.1592 ], [ -61.01172, -34.162664 ], [ -61.010430129999975, -34.163658066999972 ], [ -61.010172, -34.163857 ], [ -61.00853, -34.165099 ], [ -61.007108734999974, -34.166249073999943 ], [ -61.003959998999967, -34.168797 ], [ -61.00369, -34.169085 ], [ -61.000584360999945, -34.172515305999973 ], [ -61.000409, -34.172709 ], [ -60.999226, -34.173682 ], [ -60.996832, -34.17568 ], [ -60.993970540999953, -34.17804761099994 ], [ -60.990773442999973, -34.180692933999971 ], [ -60.98923, -34.18197 ], [ -60.988891, -34.182262 ], [ -60.985605979999946, -34.184966445999976 ], [ -60.981292, -34.188518 ], [ -60.975513142999944, -34.193243492999962 ], [ -60.974391794999981, -34.194160441999941 ], [ -60.973704773999941, -34.194722235999961 ], [ -60.973595, -34.194812 ], [ -60.973267, -34.195084 ], [ -60.972409658999936, -34.195798448999945 ], [ -60.970375, -34.197494 ], [ -60.965741, -34.201333 ], [ -60.965599, -34.201429 ], [ -60.963719, -34.203009 ], [ -60.963373, -34.203278 ], [ -60.962086, -34.204343 ], [ -60.961694609999938, -34.204653203999953 ], [ -60.960794, -34.205367 ], [ -60.957879, -34.207785 ], [ -60.957660016999974, -34.207987329999973 ], [ -60.957616, -34.208028 ], [ -60.957122480999949, -34.208431540999975 ], [ -60.957034612999962, -34.208503389999976 ], [ -60.95500841299998, -34.210160178999949 ], [ -60.952153, -34.212495 ], [ -60.950766, -34.213643 ], [ -60.94708, -34.216667 ], [ -60.943862, -34.219379 ], [ -60.942729, -34.2203 ], [ -60.941413, -34.221413 ], [ -60.941178778999976, -34.221607171999949 ], [ -60.938746, -34.223624 ], [ -60.938155501999965, -34.224112489999975 ], [ -60.937513, -34.224644 ], [ -60.936093787999937, -34.225826549999965 ], [ -60.935642, -34.226203 ], [ -60.933713, -34.227806 ], [ -60.932692, -34.228639 ], [ -60.931715, -34.229464 ], [ -60.927964, -34.232587 ], [ -60.927668, -34.232843 ], [ -60.923632915999974, -34.236311362999963 ], [ -60.922449, -34.237329 ], [ -60.921847, -34.237776 ], [ -60.917593099, -34.241302563999966 ], [ -60.917256706999986, -34.241581439999948 ], [ -60.91725, -34.241587 ], [ -60.922087, -34.245702 ], [ -60.926499998999986, -34.249462 ], [ -60.926811998999938, -34.249759 ], [ -60.930849989999956, -34.253177432999955 ], [ -60.931843378999986, -34.254018403999964 ], [ -60.934241998999937, -34.256049 ], [ -60.940855, -34.261777 ], [ -60.942016, -34.262775 ], [ -60.947263503, -34.267305046999979 ], [ -60.947369986999945, -34.267396971999972 ], [ -60.950339553999989, -34.269960529999921 ], [ -60.953265, -34.272486 ], [ -60.958191965999958, -34.276612064999924 ], [ -60.958291, -34.276695 ], [ -60.95871597099994, -34.276352990999953 ], [ -60.961839317999932, -34.273839372999944 ], [ -60.962552563999964, -34.273265363999933 ], [ -60.967573, -34.269225 ], [ -60.96793, -34.268939 ], [ -60.969481187999975, -34.267684817999957 ], [ -60.975082891999939, -34.263330085999939 ], [ -60.975409, -34.263061 ], [ -60.977143, -34.261632 ], [ -60.977964, -34.260954 ], [ -60.978131657999931, -34.26081570599996 ], [ -60.979831, -34.259414 ], [ -60.982028, -34.257633 ], [ -60.982931, -34.25689 ], [ -60.98928, -34.25166 ], [ -60.989665998999961, -34.251328 ], [ -60.992294342999969, -34.249221410999958 ], [ -60.992754, -34.248853 ], [ -60.99625363399997, -34.24595777199994 ], [ -60.99937799899994, -34.243373 ], [ -61.00249, -34.241108 ], [ -61.003388, -34.240357 ], [ -61.007956, -34.236538 ], [ -61.008096241999972, -34.23642073499996 ], [ -61.008487, -34.236094 ], [ -61.013252502999933, -34.232127327999933 ], [ -61.013852534999955, -34.231627877999976 ], [ -61.013862, -34.23162 ], [ -61.015439, -34.232922 ], [ -61.019022097999937, -34.23590093699994 ], [ -61.019033, -34.23591 ], [ -61.020204541999988, -34.236886284999962 ], [ -61.022621, -34.2389 ], [ -61.024237, -34.240246 ], [ -61.026574, -34.242189 ], [ -61.029390998999986, -34.244522 ], [ -61.034279, -34.248573 ], [ -61.035614412999969, -34.249676081999951 ], [ -61.037981275999989, -34.251631165999989 ], [ -61.03836, -34.251944 ], [ -61.038915, -34.252402 ], [ -61.039725, -34.25307 ], [ -61.039836255999937, -34.253161797999951 ], [ -61.040211, -34.253471 ], [ -61.041993, -34.254941 ], [ -61.042089, -34.254988 ], [ -61.044026, -34.256599 ], [ -61.051861, -34.263044 ], [ -61.056633519999941, -34.266972088999964 ], [ -61.058937, -34.268868 ], [ -61.059003812999947, -34.268923347999923 ], [ -61.059106, -34.269008 ], [ -61.05534008799998, -34.272072563999984 ], [ -61.055340015999946, -34.272072621999939 ], [ -61.055339943999961, -34.272072680999933 ], [ -61.045927182999954, -34.279732446999951 ], [ -61.045832593999933, -34.279809419999928 ], [ -61.041595738999952, -34.283257220999928 ], [ -61.041553, -34.283292 ], [ -61.043485608999958, -34.284913325999973 ], [ -61.055364151999989, -34.294878604999951 ], [ -61.056351070999931, -34.295706560999982 ], [ -61.056708, -34.296006 ], [ -61.070040422999966, -34.307165805999944 ], [ -61.070098, -34.307214 ], [ -61.077424949999966, -34.30136866099997 ], [ -61.077831868999972, -34.301044026999925 ], [ -61.080258124999943, -34.299108393999958 ], [ -61.080353302999981, -34.299032461999957 ], [ -61.087985, -34.292944 ], [ -61.088168998999947, -34.292787 ], [ -61.093060011999967, -34.288741920999946 ], [ -61.093124, -34.288689 ], [ -61.09751161999997, -34.285058407999941 ], [ -61.097694814999954, -34.284906820999922 ], [ -61.098149, -34.284531 ], [ -61.109976374999974, -34.294337731999967 ], [ -61.112637394999979, -34.296544130999962 ], [ -61.125595, -34.307288 ], [ -61.128719345999976, -34.309888147999978 ], [ -61.130393, -34.311281 ], [ -61.130434375999982, -34.311315017999952 ], [ -61.130759502999979, -34.311582324999961 ], [ -61.138344, -34.317818 ], [ -61.128827, -34.325534 ], [ -61.130671168999974, -34.327141446999981 ], [ -61.131580415999963, -34.32793398099993 ], [ -61.133960294999959, -34.330008372999941 ], [ -61.135184, -34.331075 ], [ -61.135348, -34.331187 ], [ -61.13965804299994, -34.33483308499995 ], [ -61.144981370999979, -34.339336357999976 ], [ -61.14716407699995, -34.341182819999965 ], [ -61.148227, -34.342082 ], [ -61.148369998999947, -34.342189 ], [ -61.154184, -34.347223 ], [ -61.154274, -34.347316 ], [ -61.154419, -34.347442 ], [ -61.164357816999932, -34.355927257999944 ], [ -61.166061984999942, -34.357382189999953 ], [ -61.168395, -34.359374 ], [ -61.168531, -34.359483 ], [ -61.176566, -34.366204 ], [ -61.17834, -34.365974 ], [ -61.179895, -34.36549 ], [ -61.181452, -34.365231 ], [ -61.18217, -34.364822 ], [ -61.182945, -34.364445 ], [ -61.183723, -34.364299 ], [ -61.184517, -34.364117 ], [ -61.185221, -34.363869 ], [ -61.18605, -34.363445 ], [ -61.187932, -34.363241 ], [ -61.189116409999933, -34.363538551999966 ], [ -61.189565198999958, -34.363651297999972 ], [ -61.190997, -34.364011 ], [ -61.192758, -34.364599 ], [ -61.193368, -34.36505 ], [ -61.193596610999982, -34.365300155999918 ], [ -61.193941, -34.365677 ], [ -61.194013400999943, -34.365796163999967 ], [ -61.19439, -34.366416 ], [ -61.195091912999942, -34.36758096899996 ], [ -61.195204, -34.367767 ], [ -61.195656, -34.368713 ], [ -61.196337, -34.36964 ], [ -61.196722, -34.370294 ], [ -61.197406, -34.37148 ], [ -61.198579, -34.373559 ], [ -61.19917, -34.375529 ], [ -61.199276, -34.376314 ], [ -61.199329, -34.376781 ], [ -61.199124, -34.377101 ], [ -61.198839998999972, -34.377417 ], [ -61.198703908999967, -34.377561207999975 ], [ -61.198118998999973, -34.378181 ], [ -61.196947, -34.37971 ], [ -61.196825870999987, -34.380270082999971 ], [ -61.196724194999945, -34.380740218999968 ], [ -61.196584489999971, -34.381386192999969 ], [ -61.196511, -34.381726 ], [ -61.196483, -34.382404 ], [ -61.196275, -34.383742 ], [ -61.195907459999944, -34.38417170799994 ], [ -61.195335, -34.384841 ], [ -61.194587, -34.385475 ], [ -61.193856, -34.386285 ], [ -61.193807, -34.386838 ], [ -61.193935, -34.387694 ], [ -61.193535998999955, -34.388306 ], [ -61.193221, -34.389143 ], [ -61.193047998999987, -34.389654 ], [ -61.193184998999982, -34.390666 ], [ -61.193798, -34.391459 ], [ -61.194046, -34.391727 ], [ -61.194555, -34.393119 ], [ -61.194848, -34.393721 ], [ -61.194769, -34.394269 ], [ -61.194900998999969, -34.394953 ], [ -61.194872625999956, -34.395511671999941 ], [ -61.194843, -34.396095 ], [ -61.19488099899997, -34.396811 ], [ -61.195054485999947, -34.397452312999974 ], [ -61.195059, -34.397469 ], [ -61.195536, -34.400929 ], [ -61.195633, -34.40201 ], [ -61.195121, -34.403345 ], [ -61.194938, -34.4039 ], [ -61.194572, -34.405009 ], [ -61.194444, -34.406038 ], [ -61.193983998999961, -34.407228 ], [ -61.193663, -34.408179 ], [ -61.19353, -34.408852 ], [ -61.19339899899996, -34.409723 ], [ -61.192839, -34.410597 ], [ -61.1928, -34.41119 ], [ -61.192479, -34.412102 ], [ -61.192430257999945, -34.412323201999975 ], [ -61.192368224999939, -34.41260472099998 ], [ -61.192165, -34.413527 ], [ -61.191462, -34.414403 ], [ -61.191386, -34.415747 ], [ -61.192182, -34.418291 ], [ -61.193118, -34.420376 ], [ -61.194057, -34.422737 ], [ -61.196274, -34.424296 ], [ -61.199109, -34.42573 ], [ -61.200601168999974, -34.425863676999946 ], [ -61.200895, -34.42589 ], [ -61.201486, -34.425786 ], [ -61.202319, -34.425542 ], [ -61.202485600999978, -34.425514489999948 ], [ -61.203076, -34.425417 ], [ -61.203505, -34.425412 ], [ -61.203686, -34.425251 ], [ -61.203959, -34.425199 ], [ -61.204341, -34.425304 ], [ -61.204707, -34.425162 ], [ -61.205266, -34.425351 ], [ -61.205754, -34.425633 ], [ -61.206097854999939, -34.425586698999943 ], [ -61.206764, -34.425497 ], [ -61.207075260999936, -34.425510672999962 ], [ -61.207537998999953, -34.425531 ], [ -61.207749, -34.4257 ], [ -61.207826, -34.425928 ], [ -61.208072, -34.426242 ], [ -61.208602, -34.426754 ], [ -61.209053, -34.4273 ], [ -61.209444, -34.427896 ], [ -61.21014, -34.428656 ], [ -61.210407664999927, -34.429241911999945 ], [ -61.21141, -34.431436 ], [ -61.211835, -34.431632 ], [ -61.212323, -34.43196 ], [ -61.212871, -34.432272 ], [ -61.21421, -34.432975 ], [ -61.21613, -34.434263 ], [ -61.216451, -34.434193 ], [ -61.216735, -34.434357 ], [ -61.217119, -34.434503 ], [ -61.217442, -34.434567 ], [ -61.217826, -34.434613 ], [ -61.21847, -34.434657 ], [ -61.219479, -34.434763 ], [ -61.220185, -34.434923 ], [ -61.220629, -34.434985 ], [ -61.220898, -34.435449 ], [ -61.220893, -34.436064 ], [ -61.220685, -34.437402 ], [ -61.221137, -34.437787 ], [ -61.222362, -34.437524 ], [ -61.223801998999939, -34.436876 ], [ -61.224626, -34.436973 ], [ -61.22686, -34.436584 ], [ -61.227861, -34.436259 ], [ -61.228080841999947, -34.436170101999934 ], [ -61.228593, -34.435963 ], [ -61.229131790999986, -34.435211395999936 ], [ -61.229231, -34.435073 ], [ -61.229418, -34.434869 ], [ -61.233509221999959, -34.433576316999954 ], [ -61.234215998999957, -34.433353 ], [ -61.234209, -34.43282 ], [ -61.231867, -34.429913 ], [ -61.23162, -34.429235 ], [ -61.231812, -34.428232 ], [ -61.231545124999968, -34.426341866999955 ], [ -61.231521, -34.426171 ], [ -61.230662588999969, -34.424273597999964 ], [ -61.230537, -34.423996 ], [ -61.231129, -34.423278 ], [ -61.230982, -34.42267 ], [ -61.231158, -34.422136 ], [ -61.231703, -34.421712 ], [ -61.232056, -34.42068 ], [ -61.233041, -34.418881 ], [ -61.232849, -34.418312 ], [ -61.232794, -34.417703 ], [ -61.232616, -34.416971 ], [ -61.232657, -34.416448 ], [ -61.232545836, -34.416330892999945 ], [ -61.232021, -34.415778 ], [ -61.232029841999974, -34.415713615999934 ], [ -61.232195, -34.414511 ], [ -61.232219312, -34.414048394999945 ], [ -61.232231, -34.413826 ], [ -61.232224, -34.413369 ], [ -61.232584, -34.412794 ], [ -61.232798, -34.411764 ], [ -61.232890494999936, -34.411557757999958 ], [ -61.233786, -34.409561 ], [ -61.236313, -34.406414 ], [ -61.237657, -34.40404 ], [ -61.237970067999989, -34.403685477999929 ], [ -61.238317, -34.403511 ], [ -61.239142, -34.403312 ], [ -61.239822494999942, -34.402842434999968 ], [ -61.239845, -34.402837 ], [ -61.2413, -34.401833 ], [ -61.241889098999941, -34.401373025999931 ], [ -61.242374, -34.401224 ], [ -61.242495212999977, -34.400927801999948 ], [ -61.24264, -34.400574 ], [ -61.24282, -34.400305 ], [ -61.243154, -34.39984 ], [ -61.243290757999944, -34.40022665999993 ], [ -61.243432, -34.400626 ], [ -61.243685, -34.401187 ], [ -61.243939280999946, -34.401392700999949 ], [ -61.244758, -34.402055 ], [ -61.244802611999937, -34.402103073999974 ], [ -61.245164289999927, -34.402492812999974 ], [ -61.245338, -34.40268 ], [ -61.245721, -34.402856 ], [ -61.247326, -34.402863 ], [ -61.247919, -34.402518 ], [ -61.248189, -34.402426 ], [ -61.248541, -34.402354 ], [ -61.249994, -34.402713 ], [ -61.250533, -34.402524 ], [ -61.251078, -34.402541 ], [ -61.251636, -34.402766 ], [ -61.252847, -34.403469 ], [ -61.25317199899996, -34.403616 ], [ -61.255199, -34.403741 ], [ -61.256477, -34.403348 ], [ -61.256897457999962, -34.402959884999966 ], [ -61.25718, -34.402873 ], [ -61.25822, -34.401913 ], [ -61.258400319999957, -34.401785429999961 ], [ -61.259214597999971, -34.401483755999941 ], [ -61.260021, -34.401185 ], [ -61.261566, -34.400257 ], [ -61.262600980999935, -34.400743664999936 ], [ -61.262674, -34.400778 ], [ -61.262883030999944, -34.400828684999958 ], [ -61.263272, -34.400923 ], [ -61.264187, -34.400762 ], [ -61.264575, -34.400623 ], [ -61.265213, -34.400711 ], [ -61.266543442999932, -34.401082170999985 ], [ -61.266549998999949, -34.401084 ], [ -61.267003, -34.401091 ], [ -61.267709, -34.400978 ], [ -61.268795, -34.400685 ], [ -61.270325, -34.400763 ], [ -61.270757, -34.400746 ], [ -61.271647, -34.40062 ], [ -61.271871360999967, -34.40063319799998 ], [ -61.272157, -34.40065 ], [ -61.273589998999974, -34.400858 ], [ -61.274786, -34.401268 ], [ -61.275807, -34.401731 ], [ -61.275699, -34.4018 ], [ -61.275520998999987, -34.401972 ], [ -61.275489240999946, -34.402018453999972 ], [ -61.275204, -34.402175 ], [ -61.274911, -34.402343 ], [ -61.274622, -34.402515 ], [ -61.274284, -34.402655 ], [ -61.274004, -34.402864 ], [ -61.27390023799996, -34.402997770999946 ], [ -61.2738, -34.403127 ], [ -61.273688, -34.403425 ], [ -61.273675, -34.403737 ], [ -61.273595, -34.403917 ], [ -61.273455, -34.404068 ], [ -61.273267, -34.404179 ], [ -61.273048, -34.404239 ], [ -61.27295948699998, -34.404240154999961 ], [ -61.272818, -34.404242 ], [ -61.272727, -34.404245 ], [ -61.272643, -34.404274 ], [ -61.272575998999969, -34.404325 ], [ -61.272534, -34.404391 ], [ -61.272521, -34.404466 ], [ -61.272506, -34.404557 ], [ -61.272455, -34.40464 ], [ -61.272373, -34.404703 ], [ -61.272341711999964, -34.404714042999949 ], [ -61.272271, -34.404739 ], [ -61.27216, -34.404745 ], [ -61.272050879999938, -34.404719817999926 ], [ -61.272024, -34.404721 ], [ -61.27194, -34.404749 ], [ -61.271873, -34.4048 ], [ -61.271831, -34.404866 ], [ -61.271818, -34.404941 ], [ -61.271803, -34.405033 ], [ -61.271752, -34.405115 ], [ -61.271671, -34.405178 ], [ -61.271568, -34.405214 ], [ -61.271457, -34.40522 ], [ -61.271223, -34.405166 ], [ -61.270981, -34.405158 ], [ -61.270783320999961, -34.405188731999935 ], [ -61.270742998999935, -34.405195 ], [ -61.270521, -34.405276 ], [ -61.270328, -34.405397 ], [ -61.270244, -34.40547 ], [ -61.270168, -34.405549 ], [ -61.270101, -34.405633 ], [ -61.270043, -34.405721 ], [ -61.269995, -34.405814 ], [ -61.269927, -34.405899 ], [ -61.269822, -34.405953 ], [ -61.269699, -34.405963 ], [ -61.27031501099998, -34.406456952999982 ], [ -61.275513, -34.410625 ], [ -61.277562558999939, -34.412263194999966 ], [ -61.278299448999967, -34.412852184999963 ], [ -61.282852, -34.416491 ], [ -61.288068, -34.420527 ], [ -61.288550604999955, -34.420903814999974 ], [ -61.291015, -34.422828 ], [ -61.291302789999975, -34.423055313999953 ], [ -61.299162, -34.429263 ], [ -61.299422, -34.429468 ], [ -61.307777453999961, -34.436091702999938 ], [ -61.310524, -34.438269 ], [ -61.310590335999962, -34.438321935999959 ], [ -61.314500589999966, -34.441442275999975 ], [ -61.317683587999973, -34.443982273999943 ], [ -61.317984, -34.444222 ], [ -61.318527998999969, -34.444656060999925 ], [ -61.322118479, -34.447520931999975 ], [ -61.323150294999948, -34.448344224999971 ], [ -61.32617157, -34.450754923999959 ], [ -61.327772589999938, -34.452032389999943 ], [ -61.329167, -34.453145 ], [ -61.329596335999952, -34.452798018999935 ], [ -61.329812003999962, -34.452623719999963 ], [ -61.330459553999951, -34.452100381999962 ], [ -61.330742172999969, -34.451871973999957 ], [ -61.332117221999972, -34.45076068599996 ], [ -61.344042, -34.440629 ], [ -61.345272, -34.439584 ], [ -61.349535, -34.435961 ], [ -61.359354, -34.427691 ], [ -61.368446109999979, -34.420021156999951 ], [ -61.368679379999946, -34.419824376999941 ], [ -61.368796, -34.419726 ], [ -61.369088998999977, -34.419499 ], [ -61.376591722999926, -34.42526017899997 ], [ -61.376601221999977, -34.425267472999963 ], [ -61.376654, -34.425308 ], [ -61.382387, -34.420621 ], [ -61.387315, -34.416568 ], [ -61.392573, -34.412262 ], [ -61.397131692999956, -34.408516284999955 ], [ -61.398029, -34.407779 ], [ -61.404268, -34.402708 ], [ -61.405926, -34.40136 ], [ -61.41634199899994, -34.392861 ], [ -61.416583, -34.392645 ], [ -61.416972, -34.392317 ], [ -61.396901, -34.374815 ], [ -61.395555, -34.373638 ], [ -61.395408, -34.373502 ], [ -61.414020791999974, -34.357457148999977 ], [ -61.418776, -34.353358 ], [ -61.433921, -34.340385 ], [ -61.433885450999981, -34.340355242999969 ], [ -61.433344, -34.339902 ], [ -61.433828, -34.3395 ], [ -61.443132, -34.331749 ], [ -61.449618, -34.326314 ], [ -61.450047, -34.325949 ], [ -61.45237169699994, -34.323952125999924 ], [ -61.459755, -34.31761 ], [ -61.46082, -34.316669 ], [ -61.467135, -34.311281 ], [ -61.469781, -34.309023 ], [ -61.471674889999967, -34.307407070999943 ], [ -61.472019097999976, -34.307682248999981 ], [ -61.478911, -34.313192 ], [ -61.479259, -34.313483 ], [ -61.486937998999963, -34.319641 ], [ -61.490792, -34.322731 ], [ -61.494667, -34.32582 ], [ -61.496681, -34.327426 ], [ -61.499604, -34.329755 ], [ -61.5, -34.330071 ], [ -61.505115, -34.333972 ], [ -61.508861, -34.336846 ], [ -61.513147763999939, -34.332828463999931 ], [ -61.514402, -34.331653 ], [ -61.520895, -34.326181 ], [ -61.527283, -34.320976 ], [ -61.528022, -34.320396 ], [ -61.53094666599997, -34.318062233999967 ], [ -61.534001, -34.315625 ], [ -61.542884, -34.308381 ], [ -61.544914810999963, -34.306744885999919 ], [ -61.548437371999967, -34.30390695199997 ], [ -61.549084, -34.303386 ], [ -61.553239196999982, -34.306744885999933 ], [ -61.564973, -34.31623 ], [ -61.572808, -34.322551 ], [ -61.57759028199996, -34.326217749999955 ], [ -61.590016, -34.335745 ], [ -61.603775823999968, -34.346992436999983 ], [ -61.61058472499996, -34.352558109999968 ], [ -61.610702421999974, -34.352654317999956 ], [ -61.610784, -34.352721 ], [ -61.61771343799996, -34.346629735999954 ], [ -61.619382, -34.345163 ], [ -61.624276, -34.340804 ], [ -61.627049, -34.338416 ], [ -61.628138, -34.337482 ], [ -61.629897835999941, -34.335847021999939 ], [ -61.634537, -34.331537 ], [ -61.635754494999951, -34.330349139999953 ], [ -61.637002, -34.329132 ], [ -61.639427, -34.32708 ], [ -61.643592, -34.323528 ], [ -61.646598077999954, -34.320947333999982 ], [ -61.64838840699997, -34.319472618999946 ], [ -61.56582253899996, -34.243018848999938 ], [ -61.331409408999946, -34.025678210999949 ], [ -61.330310953999962, -34.026586875999939 ], [ -61.329056, -34.027625 ], [ -61.325265882999986, -34.030797166999939 ], [ -61.323516365999978, -34.032261437999971 ], [ -61.319537, -34.035592 ], [ -61.311908, -34.041973 ], [ -61.293734, -34.057212 ], [ -61.291783559999935, -34.058828837999947 ], [ -61.281994, -34.066944 ], [ -61.275764788999943, -34.07210681399993 ], [ -61.274114, -34.073475 ], [ -61.26372188999995, -34.081969096999948 ], [ -61.260940199999943, -34.084242738999933 ], [ -61.255416, -34.088758 ], [ -61.244586, -34.097652 ], [ -61.23888741199994, -34.102263566999966 ], [ -61.234191631999984, -34.106063613999929 ], [ -61.230809, -34.108801 ], [ -61.229912527999943, -34.109524047999976 ], [ -61.21838508899998, -34.118821483999966 ], [ -61.216993503999959, -34.119943863999943 ], [ -61.214193977999969, -34.122201815999972 ], [ -61.211109, -34.12469 ], [ -61.210293056999937, -34.12532774899995 ], [ -61.210038415, -34.125526779999973 ] ] ] ] } },
{ "type": "Feature", "properties": { "id": null }, "geometry": { "type": "MultiPolygon", "coordinates": [ [ [ [ -62.36867, -34.650056 ], [ -62.362558684999954, -34.651167391999941 ], [ -62.358170282999936, -34.651965458999932 ], [ -62.357465213999951, -34.652093680999947 ], [ -62.353076182999985, -34.652891861999933 ], [ -62.352359067999949, -34.653022274999962 ], [ -62.352176676999939, -34.653055443999961 ], [ -62.351102535999985, -34.653250785999937 ], [ -62.34902901199996, -34.653627872999948 ], [ -62.348747275999983, -34.653679108999938 ], [ -62.348528029999954, -34.653718980999948 ], [ -62.348208707999959, -34.653777051999953 ], [ -62.348176, -34.653783 ], [ -62.348165651999977, -34.653784848999976 ], [ -62.348164536999946, -34.653781627999926 ], [ -62.34564222399996, -34.654230245999926 ], [ -62.343209872999978, -34.654662862999935 ], [ -62.343119910999974, -34.654678862999951 ], [ -62.334942, -34.65614 ], [ -62.315889, -34.659614 ], [ -62.304646452999968, -34.661604935999939 ], [ -62.297068, -34.662947 ], [ -62.289875616999943, -34.664167028999934 ], [ -62.284517, -34.665076 ], [ -62.268640998999956, -34.667942 ], [ -62.263362188999963, -34.668941912999962 ], [ -62.263362155999964, -34.668941919999952 ], [ -62.251684, -34.671154 ], [ -62.219765, -34.676876 ], [ -62.188183, -34.682722 ], [ -62.197437, -34.690168 ], [ -62.21154456499994, -34.701429961999963 ], [ -62.248213706999934, -34.730702658999974 ], [ -62.259512, -34.739722 ], [ -62.26380399899994, -34.743064 ], [ -62.243403522999984, -34.75948963899998 ], [ -62.240236, -34.76204 ], [ -62.253039074999947, -34.771643732999962 ], [ -62.253702, -34.772141 ], [ -62.278241, -34.791293 ], [ -62.289931926999941, -34.800692476999977 ], [ -62.291737567999974, -34.802144207999959 ], [ -62.294751, -34.804567 ], [ -62.302453, -34.810719 ], [ -62.304127, -34.812048 ], [ -62.304742019999942, -34.812562175999965 ], [ -62.305054, -34.812823 ], [ -62.288957922999934, -34.813409499999977 ], [ -62.285843, -34.813523 ], [ -62.28561, -34.813533 ], [ -62.285605415999953, -34.813589469999954 ], [ -62.285187, -34.818744 ], [ -62.285147656999982, -34.819062750999926 ], [ -62.284755, -34.822244 ], [ -62.28468593599996, -34.823549933999971 ], [ -62.284337, -34.830148 ], [ -62.284233871999959, -34.832298181999924 ], [ -62.283104003999945, -34.855855533999943 ], [ -62.28306, -34.856773 ], [ -62.282853, -34.856768 ], [ -62.22259, -34.854785 ], [ -62.221189, -34.880718 ], [ -62.220666, -34.891339 ], [ -62.21191, -34.890574 ], [ -62.211099, -34.890503 ], [ -62.205554, -34.890125 ], [ -62.195845, -34.900721 ], [ -62.183371466999972, -34.914271606999925 ], [ -62.182469, -34.915252 ], [ -62.182267998999983, -34.915428 ], [ -62.182301465999963, -34.915455029999976 ], [ -62.183353013999977, -34.916304371999956 ], [ -62.184855188999954, -34.917517686999929 ], [ -62.185201, -34.917797 ], [ -62.18502, -34.91795 ], [ -62.183241648999974, -34.91938941799998 ], [ -62.17822, -34.923454 ], [ -62.166908035999938, -34.93264660199997 ], [ -62.165218, -34.93402 ], [ -62.155418, -34.942226 ], [ -62.150066759999959, -34.946743475999931 ], [ -62.145457, -34.950635 ], [ -62.145107, -34.950926 ], [ -62.144553686999977, -34.951389244999973 ], [ -62.137195565999953, -34.957549610999919 ], [ -62.132114, -34.961804 ], [ -62.120883, -34.971219 ], [ -62.119256, -34.972566 ], [ -62.111679, -34.978889 ], [ -62.105302819999963, -34.984083078999952 ], [ -62.104559, -34.984689 ], [ -62.109731, -34.988994 ], [ -62.114668, -34.993142 ], [ -62.12434, -35.001282 ], [ -62.124635, -35.001526 ], [ -62.125162694999972, -35.001950309999984 ], [ -62.133350427999972, -35.00853392199997 ], [ -62.136834, -35.011335 ], [ -62.139885, -35.013838 ], [ -62.144228, -35.017372 ], [ -62.144795, -35.017831 ], [ -62.149127, -35.021328 ], [ -62.159603, -35.02976 ], [ -62.166652, -35.035492 ], [ -62.167046, -35.035722 ], [ -62.181971, -35.047944 ], [ -62.185232825999947, -35.050587220999937 ], [ -62.185372, -35.0507 ], [ -62.182579998999984, -35.053004 ], [ -62.178996, -35.055983 ], [ -62.175817, -35.058625 ], [ -62.174011, -35.060125 ], [ -62.169618, -35.063705 ], [ -62.166266986999979, -35.066433734999976 ], [ -62.16601, -35.066643 ], [ -62.166112, -35.066904 ], [ -62.166223, -35.067128 ], [ -62.171587, -35.071511 ], [ -62.177642, -35.07642 ], [ -62.177889, -35.076597 ], [ -62.183757, -35.081398 ], [ -62.184108, -35.0817 ], [ -62.190621, -35.08706 ], [ -62.198999, -35.093859 ], [ -62.202027, -35.09631 ], [ -62.202389, -35.096581 ], [ -62.205476, -35.099097 ], [ -62.208561, -35.101611 ], [ -62.20882, -35.101943 ], [ -62.212879210999979, -35.105225322999949 ], [ -62.218365998999957, -35.109662 ], [ -62.227411, -35.117086 ], [ -62.228271, -35.117792 ], [ -62.231013, -35.120042 ], [ -62.234172415999979, -35.122554796999964 ], [ -62.260688657999935, -35.143812567999916 ], [ -62.26068868599998, -35.143812590999957 ], [ -62.270612, -35.151768 ], [ -62.277544743999961, -35.157500964999926 ], [ -62.285185, -35.163819 ], [ -62.285348, -35.16368 ], [ -62.285514, -35.163524 ], [ -62.29109, -35.158949 ], [ -62.296501830999944, -35.154500042999985 ], [ -62.297177, -35.153945 ], [ -62.301367, -35.150451 ], [ -62.316317, -35.138245 ], [ -62.322548, -35.133054 ], [ -62.323745, -35.132037 ], [ -62.332273, -35.124992 ], [ -62.338243, -35.120065 ], [ -62.341862, -35.117067 ], [ -62.347680998999977, -35.11225 ], [ -62.348261407999985, -35.111746851999953 ], [ -62.34859, -35.111462 ], [ -62.351469, -35.109072 ], [ -62.35514, -35.106061 ], [ -62.361535927999974, -35.100650853999966 ], [ -62.37077, -35.09284 ], [ -62.37111, -35.092563 ], [ -62.389914, -35.077115 ], [ -62.396424, -35.071756 ], [ -62.400939998999945, -35.068106 ], [ -62.405057, -35.06473 ], [ -62.40889, -35.06153 ], [ -62.409227, -35.061254 ], [ -62.412419, -35.058686 ], [ -62.413981077999949, -35.057445623999968 ], [ -62.421164, -35.051742 ], [ -62.42526, -35.048431 ], [ -62.430865, -35.043966 ], [ -62.437634, -35.038496 ], [ -62.440305, -35.036364 ], [ -62.440726, -35.036043 ], [ -62.442933, -35.034275 ], [ -62.45015, -35.02833 ], [ -62.456857, -35.022764 ], [ -62.460838660999976, -35.019449800999944 ], [ -62.461164, -35.019179 ], [ -62.461734, -35.018691 ], [ -62.465888, -35.015224 ], [ -62.471445, -35.010657 ], [ -62.477008, -35.0153 ], [ -62.479023, -35.016967 ], [ -62.479458, -35.017327 ], [ -62.483049, -35.020256 ], [ -62.499113, -35.033565 ], [ -62.504093, -35.03765 ], [ -62.507973, -35.040843 ], [ -62.509114998999962, -35.041734 ], [ -62.524832, -35.05457 ], [ -62.528307, -35.057408 ], [ -62.536244, -35.063914 ], [ -62.53830899899998, -35.065586 ], [ -62.54431, -35.070465 ], [ -62.548554, -35.073872 ], [ -62.568919, -35.057124 ], [ -62.576986, -35.050471 ], [ -62.579838, -35.048174 ], [ -62.580306, -35.047815 ], [ -62.583833653999932, -35.044740522 ], [ -62.586837, -35.042123 ], [ -62.598429, -35.032676 ], [ -62.60387, -35.028235 ], [ -62.610560975999981, -35.022772163999946 ], [ -62.610626526999965, -35.022718644999934 ], [ -62.61215520899998, -35.021461077999945 ], [ -62.62135, -35.013897 ], [ -62.621643, -35.013653 ], [ -62.625122715999964, -35.010805025999957 ], [ -62.631475, -35.005606 ], [ -62.642162, -34.996989 ], [ -62.641482158999963, -34.996982790999944 ], [ -62.638877, -34.996959 ], [ -62.622187, -34.996808 ], [ -62.607069, -34.996705 ], [ -62.606722, -34.99671 ], [ -62.606729564999974, -34.996521960999921 ], [ -62.6072, -34.984828 ], [ -62.60755, -34.976862 ], [ -62.608158, -34.963083 ], [ -62.608225, -34.961626 ], [ -62.608707, -34.94971 ], [ -62.608839006999972, -34.946886621999958 ], [ -62.609011, -34.943208 ], [ -62.609547, -34.930222 ], [ -62.609898, -34.923064 ], [ -62.610025, -34.917426 ], [ -62.610646, -34.904654 ], [ -62.61083, -34.90006 ], [ -62.610863, -34.899233 ], [ -62.610979, -34.897179 ], [ -62.611166998999977, -34.892369 ], [ -62.611468, -34.884885 ], [ -62.611399, -34.883407 ], [ -62.611597, -34.878211 ], [ -62.612086, -34.867017 ], [ -62.612256779999946, -34.862503538999931 ], [ -62.612296, -34.861467 ], [ -62.612709, -34.85193 ], [ -62.612965, -34.846712 ], [ -62.613903, -34.824338 ], [ -62.614191, -34.815621 ], [ -62.614259952999987, -34.813111720999984 ], [ -62.614439, -34.806596 ], [ -62.615292, -34.789863 ], [ -62.615529513999945, -34.785334055999954 ], [ -62.615718, -34.78174 ], [ -62.616613, -34.766188 ], [ -62.616941, -34.761261 ], [ -62.617519688999941, -34.745352356999952 ], [ -62.61774693499995, -34.739105169999966 ], [ -62.61776, -34.738746 ], [ -62.617987, -34.732785 ], [ -62.618369, -34.722809 ], [ -62.618628, -34.715947 ], [ -62.618767, -34.712041 ], [ -62.618847485999929, -34.709934897999972 ], [ -62.61906, -34.704374 ], [ -62.619120332999955, -34.702807593999978 ], [ -62.619407, -34.695365 ], [ -62.619442, -34.694909 ], [ -62.620162, -34.671921 ], [ -62.620173, -34.671115 ], [ -62.620189, -34.670831 ], [ -62.620252, -34.669412 ], [ -62.62045952699998, -34.666775036999972 ], [ -62.621012479999941, -34.659748866999962 ], [ -62.621444998999941, -34.654253 ], [ -62.621723, -34.645952 ], [ -62.62189, -34.641244 ], [ -62.622172848999973, -34.632501678 ], [ -62.622173, -34.632497 ], [ -62.62122092299996, -34.632766815999943 ], [ -62.610211, -34.635887 ], [ -62.609605, -34.636037 ], [ -62.599839, -34.645324 ], [ -62.594748861999953, -34.65016057499998 ], [ -62.59472, -34.650188 ], [ -62.594635, -34.649817 ], [ -62.594528809999979, -34.649392685999942 ], [ -62.592949, -34.64308 ], [ -62.591472, -34.637176 ], [ -62.589293, -34.628464 ], [ -62.588675370999965, -34.626019688999975 ], [ -62.58703, -34.619508 ], [ -62.586908, -34.619006 ], [ -62.586872063, -34.61886020999998 ], [ -62.584917998999977, -34.610933 ], [ -62.584849367999936, -34.61069129699996 ], [ -62.584849, -34.61069 ], [ -62.583880109999939, -34.61087141999996 ], [ -62.568886, -34.613679 ], [ -62.567873, -34.613837 ], [ -62.558252, -34.615598 ], [ -62.552954170999953, -34.616579855999923 ], [ -62.552828587999961, -34.616602587999971 ], [ -62.547694, -34.617532 ], [ -62.546982, -34.617664 ], [ -62.546948130999972, -34.617669769999956 ], [ -62.544155820999947, -34.618145457999958 ], [ -62.542104, -34.618495 ], [ -62.537227, -34.61941 ], [ -62.531658998999944, -34.62041 ], [ -62.518526, -34.622803 ], [ -62.510664, -34.624252 ], [ -62.503577998999965, -34.625502996999963 ], [ -62.503285525999956, -34.625557655999948 ], [ -62.49848857999995, -34.626454082999935 ], [ -62.498382, -34.626474 ], [ -62.488124, -34.628274 ], [ -62.479218998999954, -34.62989 ], [ -62.474072910999958, -34.630806806999942 ], [ -62.46892556499995, -34.631816581999935 ], [ -62.468412, -34.631919 ], [ -62.465197, -34.632502 ], [ -62.464583208999962, -34.63261333699996 ], [ -62.459123402999978, -34.633603703999938 ], [ -62.454524, -34.634438 ], [ -62.449424, -34.635363 ], [ -62.446202, -34.635947 ], [ -62.438501, -34.637352 ], [ -62.426767, -34.639501 ], [ -62.421847, -34.640407 ], [ -62.403639, -34.643707 ], [ -62.399789162999987, -34.644412056999954 ], [ -62.393058103, -34.645644778999959 ], [ -62.383930275999944, -34.647316443999948 ], [ -62.381552, -34.647752 ], [ -62.377638, -34.648451607999952 ], [ -62.3772, -34.64853 ], [ -62.372638742999975, -34.649346 ], [ -62.372628608999946, -34.649347812999963 ], [ -62.36867, -34.650056 ] ] ] ] } }
]
}
