{
"type": "FeatureCollection",
"name": "pedanias",
"crs": { "type": "name", "properties": { "name": "urn:ogc:def:crs:OGC:1.3:CRS84" } },
"features": [
{ "type": "Feature", "properties": { "id": 18, "nomenclatu": "1501", "nombre": "ITALO" }, "geometry": { "type": "MultiPolygon", "coordinates": [ [ [ [ -64.147511796929436, -34.990944234392352 ], [ -64.147868759963714, -34.975635798552943 ], [ -64.148216094022601, -34.958926978130471 ], [ -64.149244755321703, -34.913079670838066 ], [ -64.149801702374376, -34.888944671876871 ], [ -64.150072899630445, -34.877778810121896 ], [ -64.150849005703847, -34.844534465065443 ], [ -64.151007894730995, -34.821723869293997 ], [ -64.151075297732433, -34.812861932357016 ], [ -64.152110440907066, -34.805180985653315 ], [ -64.152405022496509, -34.794532704347759 ], [ -64.152826283162852, -34.777723181631174 ], [ -64.153964393953004, -34.73265947736806 ], [ -64.154864808933368, -34.705458448378778 ], [ -64.15560351609048, -34.687674117718572 ], [ -64.15596875266877, -34.665156391209685 ], [ -64.156492872660237, -34.64187049987521 ], [ -64.157231918865108, -34.597119958039883 ], [ -64.1578208736085, -34.574575905697408 ], [ -64.158321440284809, -34.552095832573755 ], [ -64.158657445619838, -34.532625190524428 ], [ -64.159916269954223, -34.480787710013544 ], [ -64.160445282789354, -34.450914105813091 ], [ -64.161255154768398, -34.416738932724762 ], [ -64.162196479180167, -34.370458566633125 ], [ -64.094057874489422, -34.36923855239133 ], [ -64.032527200322079, -34.368271213180357 ], [ -64.018699263206472, -34.367937155337621 ], [ -64.001234119779411, -34.367512990896998 ], [ -63.970502532684797, -34.36708908035795 ], [ -63.944219943946109, -34.366356861212765 ], [ -63.918199273051663, -34.366049038521481 ], [ -63.903914583075903, -34.365728573694099 ], [ -63.870882924586418, -34.364888497014242 ], [ -63.86479064486803, -34.364931693522934 ], [ -63.834941408656121, -34.364239990236612 ], [ -63.833557137373731, -34.418880676259832 ], [ -63.831992542260629, -34.473098690386259 ], [ -63.830309292356624, -34.53086261013182 ], [ -63.829820419993531, -34.54543339843174 ], [ -63.818917326481348, -34.545392810083086 ], [ -63.692944362200812, -34.542221390567796 ], [ -63.640427201954239, -34.541720839435762 ], [ -63.611150274890001, -34.541050337193028 ], [ -63.610809026054014, -34.549473383001519 ], [ -63.588881915843459, -34.549508807369655 ], [ -63.554850945903674, -34.547733102685207 ], [ -63.501538851378506, -34.544843010636704 ], [ -63.501998848798728, -34.524858287548874 ], [ -63.501980449910448, -34.521791543687257 ], [ -63.502403629012441, -34.521050359185502 ], [ -63.45167909677874, -34.524457136496331 ], [ -63.433878595036148, -34.525958173245584 ], [ -63.417074098801073, -34.527117427329834 ], [ -63.415901666820233, -34.527805815930314 ], [ -63.412861190451729, -34.527990659606978 ], [ -63.392248042271959, -34.529241805376508 ], [ -63.39188780847806, -34.556293812131948 ], [ -63.390558420991937, -34.586599160619642 ], [ -63.389310951302079, -34.613712265986777 ], [ -63.388956927105134, -34.625723441094301 ], [ -63.388429302172717, -34.637441452073418 ], [ -63.388428681031456, -34.639189453747996 ], [ -63.38789348956972, -34.653538237688466 ], [ -63.387268318962768, -34.674768917350363 ], [ -63.386153634948435, -34.704830561047984 ], [ -63.385862468581927, -34.710613314424748 ], [ -63.385677089178166, -34.716242721493984 ], [ -63.385359040838154, -34.727555689032194 ], [ -63.385212702255252, -34.750920594728683 ], [ -63.384622903733209, -34.763005029689481 ], [ -63.384195752665654, -34.773611128846461 ], [ -63.383297222500524, -34.796795741917762 ], [ -63.382232272390681, -34.81865028267228 ], [ -63.385105413482485, -34.821521496854629 ], [ -63.385189178022046, -34.829712697549411 ], [ -63.385178387566967, -34.850935086114376 ], [ -63.385203989729739, -34.878880349056935 ], [ -63.385327727489539, -34.909669371551132 ], [ -63.385528102785848, -34.923495073529168 ], [ -63.385455201062079, -34.930439920612955 ], [ -63.385293812299764, -34.937113399441998 ], [ -63.385210716486917, -34.955456025337874 ], [ -63.385259739217418, -34.96593108417791 ], [ -63.385710605411802, -34.984336924561106 ], [ -63.385740658945146, -35.00205439879457 ], [ -63.391602909194241, -35.002278281476457 ], [ -63.396465952373774, -35.002427269408919 ], [ -63.430018175452446, -35.002986193523142 ], [ -63.446131252118555, -35.003175728650291 ], [ -63.451055147851157, -35.00324131433203 ], [ -63.462797132157426, -35.003554349198446 ], [ -63.482383410294915, -35.004125893445227 ], [ -63.523145160067536, -35.004332277907309 ], [ -63.528913798582032, -35.004307279513611 ], [ -63.566820300123055, -35.004752946540613 ], [ -63.593206007575795, -35.004943258438736 ], [ -63.604348049520425, -35.004888296060571 ], [ -63.630183052138513, -35.005122508437566 ], [ -63.641545332807695, -35.005253967859964 ], [ -63.662964984538434, -35.005459651385721 ], [ -63.680765870215595, -35.005722731113678 ], [ -63.706329563548486, -35.006095699981152 ], [ -63.727205515108992, -35.006134627806638 ], [ -63.756275914038703, -35.006351487866482 ], [ -63.770546832655334, -35.006474431680871 ], [ -63.779592445780928, -35.006416670844629 ], [ -63.795985066419334, -35.006555039970998 ], [ -63.801680160350386, -35.006669271666787 ], [ -63.816668923503599, -35.006716723027914 ], [ -63.824711279684301, -35.006928868087996 ], [ -63.837449977066335, -35.007116802945447 ], [ -63.849108211793855, -35.007144468223871 ], [ -63.86126614181412, -35.007058806865679 ], [ -63.88158914999115, -35.007065216913531 ], [ -63.886456162230289, -35.007092354153698 ], [ -63.890831365111509, -35.006997736303191 ], [ -63.907281056692426, -35.007331009583176 ], [ -63.916356773770204, -35.007312774626328 ], [ -63.926473638927867, -35.007235972781281 ], [ -63.927912317604431, -35.007500123986155 ], [ -63.933821066900158, -35.007454807600965 ], [ -63.954828290387844, -35.00792566066837 ], [ -63.994239155098271, -35.00815100390399 ], [ -64.014948351738781, -35.008274102621392 ], [ -64.03534871084868, -35.008401977185464 ], [ -64.036781670571131, -35.008389744903063 ], [ -64.04343280219409, -35.008287083644838 ], [ -64.064575487676194, -35.008518902050071 ], [ -64.078038001307661, -35.0087300833572 ], [ -64.121874158942845, -35.008758648156359 ], [ -64.133248610888188, -35.008652974286051 ], [ -64.147393972361897, -35.008982106236779 ], [ -64.147511796929436, -34.990944234392352 ] ] ] ] } },
{ "type": "Feature", "properties": { "id": 24, "nomenclatu": "1602", "nombre": "CHAZON" }, "geometry": { "type": "MultiPolygon", "coordinates": [ [ [ [ -63.085434709086009, -32.739222834168572 ], [ -63.094785753324281, -32.776047635749897 ], [ -63.099376610623239, -32.794211642069975 ], [ -63.101945480523369, -32.805290256648966 ], [ -63.103317826836488, -32.811029210893665 ], [ -63.082304539161235, -32.814695169442253 ], [ -63.072502018923387, -32.816483098782612 ], [ -63.060191680419457, -32.818727252465592 ], [ -63.054823371108043, -32.81973228282812 ], [ -63.055001155488526, -32.82960834826504 ], [ -63.055747321449637, -32.85227448127614 ], [ -63.055850417167846, -32.85704998208621 ], [ -63.071009327342878, -32.854029210602988 ], [ -63.090610978781889, -32.850247070859488 ], [ -63.096133767549112, -32.872096793650279 ], [ -63.106760753033235, -32.911674197880842 ], [ -63.109799193636711, -32.923186244803162 ], [ -63.131753743471315, -32.919096571072764 ], [ -63.136303041966841, -32.935729531399332 ], [ -63.142134199417526, -32.957899303248801 ], [ -63.143971660995625, -32.964899163180498 ], [ -63.147037054939517, -32.976800842639918 ], [ -63.148374329138605, -32.98186103718303 ], [ -63.150623425536132, -32.990714667793434 ], [ -63.152399026840953, -32.997204825800857 ], [ -63.154364320731858, -33.00383297178503 ], [ -63.156191958401912, -33.010777752750741 ], [ -63.159779524655157, -33.02484292074309 ], [ -63.162883855911311, -33.037151648735744 ], [ -63.167305713422515, -33.053550806478349 ], [ -63.173270364007124, -33.077051644309606 ], [ -63.177095663112233, -33.091977403077891 ], [ -63.1801916916327, -33.102497464373897 ], [ -63.190967133081791, -33.100600179012538 ], [ -63.234555966505383, -33.092522168677455 ], [ -63.271845987735695, -33.086061966186193 ], [ -63.300329753326793, -33.081447693605661 ], [ -63.307295234272658, -33.107655700726355 ], [ -63.310226501637857, -33.118452577064595 ], [ -63.314258161953347, -33.133675160129116 ], [ -63.316602978819006, -33.143264082934479 ], [ -63.324871204514835, -33.142028517252037 ], [ -63.33783633074701, -33.139395109902544 ], [ -63.3394852514392, -33.14539169544036 ], [ -63.358015193674142, -33.141849721117843 ], [ -63.379395713149279, -33.137859536665744 ], [ -63.40845044543147, -33.132525629607926 ], [ -63.427531529356578, -33.128868499707771 ], [ -63.462007613937729, -33.122455309805858 ], [ -63.481337756675984, -33.118902456957677 ], [ -63.476572462186986, -33.100788330688026 ], [ -63.47504584489451, -33.094930658025937 ], [ -63.472752013164012, -33.086110412315527 ], [ -63.47042296756598, -33.076882319005044 ], [ -63.465040951422246, -33.056038983252655 ], [ -63.462156224846169, -33.045853964046294 ], [ -63.461257773605645, -33.042465317274264 ], [ -63.458682804550506, -33.033244311220649 ], [ -63.44042970930564, -33.037080946271047 ], [ -63.424139069997281, -33.04002950684098 ], [ -63.403472824263559, -33.043963903896667 ], [ -63.393003664341364, -33.045808461900968 ], [ -63.390265260281488, -33.035712699618259 ], [ -63.387280719206103, -33.022779578895921 ], [ -63.384369969593507, -33.012097315867258 ], [ -63.383002746390872, -33.00709018965626 ], [ -63.381909950043088, -33.002150375091247 ], [ -63.382069444828652, -33.001996710896591 ], [ -63.381375986956591, -32.997983990408549 ], [ -63.380243798487676, -32.99383400410688 ], [ -63.374646724059282, -32.971952413546191 ], [ -63.373559457880312, -32.96784816642721 ], [ -63.371313333191807, -32.959513548324743 ], [ -63.366889187958293, -32.942891525730637 ], [ -63.365569439578813, -32.93792776060576 ], [ -63.360217688397086, -32.918410473915294 ], [ -63.359271421957949, -32.914406234236388 ], [ -63.355004337657796, -32.89807017315583 ], [ -63.35387696405639, -32.892984203705105 ], [ -63.349783172493694, -32.877533607732154 ], [ -63.345375646237081, -32.861306626982355 ], [ -63.348788321354476, -32.860653703007472 ], [ -63.353071424729549, -32.859897093980912 ], [ -63.367431021192118, -32.857304010066521 ], [ -63.375877186385694, -32.855564312619954 ], [ -63.383599197247108, -32.854178804237279 ], [ -63.396510741030021, -32.851683764929078 ], [ -63.400306925009858, -32.851026436401838 ], [ -63.404789842785028, -32.850128083082502 ], [ -63.408575988059653, -32.864227775818655 ], [ -63.412483928842541, -32.880093563192936 ], [ -63.415912973295789, -32.89291406939099 ], [ -63.417249296576557, -32.897611988726041 ], [ -63.42080754790689, -32.909828332580581 ], [ -63.425989911870694, -32.908345816038384 ], [ -63.455752640566978, -32.897469863655665 ], [ -63.485926342923783, -32.886457127642508 ], [ -63.50889085764468, -32.8779003715428 ], [ -63.524450553380845, -32.872076062428761 ], [ -63.52156623275129, -32.86044005799846 ], [ -63.518491776889569, -32.848464347989143 ], [ -63.515313693034734, -32.836649458557154 ], [ -63.513140994823857, -32.829308981470746 ], [ -63.530301154170388, -32.826223150844854 ], [ -63.532124353187783, -32.825809121874933 ], [ -63.53276631614056, -32.825806391314941 ], [ -63.537636673800428, -32.824926074868365 ], [ -63.547003790996989, -32.823247946055048 ], [ -63.550249827667713, -32.822658617520787 ], [ -63.576769523776214, -32.769383227867195 ], [ -63.576054513059013, -32.766553815763551 ], [ -63.569765581033373, -32.744475189294448 ], [ -63.563768885354996, -32.721956940475486 ], [ -63.560294279008993, -32.707101116713524 ], [ -63.581384011943776, -32.703139560180517 ], [ -63.573614442880135, -32.673799033037227 ], [ -63.562785555098898, -32.633641086547193 ], [ -63.558138972241693, -32.616363310988326 ], [ -63.552743524130726, -32.596440536992048 ], [ -63.551067244047267, -32.589484062335423 ], [ -63.549401237729597, -32.588282928734863 ], [ -63.549291954633702, -32.587836624026366 ], [ -63.541343530586857, -32.557853774084357 ], [ -63.538104954351553, -32.542082322895702 ], [ -63.536479883244489, -32.535720101914116 ], [ -63.514658138740693, -32.582467116395691 ], [ -63.491058975683323, -32.494704885741058 ], [ -63.467840086130941, -32.520869435877444 ], [ -63.45568357527582, -32.523425156895506 ], [ -63.456528012233996, -32.528744480200551 ], [ -63.455391476810597, -32.529040252102654 ], [ -63.438804591021572, -32.532989838387131 ], [ -63.437165651551481, -32.526389712278856 ], [ -63.436951950561479, -32.525100794975849 ], [ -63.436423086643948, -32.525219863488772 ], [ -63.427154314246415, -32.527337603135933 ], [ -63.426543190925265, -32.527411917105724 ], [ -63.421987620064421, -32.52845531984768 ], [ -63.416422048832175, -32.530376175112323 ], [ -63.411443802507868, -32.535086850326593 ], [ -63.403721809445763, -32.542431214887273 ], [ -63.396306958477723, -32.549349724125797 ], [ -63.393119402588496, -32.552285425107236 ], [ -63.393800356792617, -32.55497569553922 ], [ -63.394611680038459, -32.558344316705423 ], [ -63.390013854006042, -32.559253528226762 ], [ -63.382636399649677, -32.560552427214283 ], [ -63.367669466891009, -32.501766546559686 ], [ -63.366245686118305, -32.497340936326324 ], [ -63.364229950361171, -32.497434465873063 ], [ -63.363039316886457, -32.497705338438159 ], [ -63.361686052564522, -32.498062932791946 ], [ -63.358988471597392, -32.498476115690465 ], [ -63.357573861215393, -32.498782080095715 ], [ -63.353597344722829, -32.499535056944559 ], [ -63.351458765184965, -32.500448378033433 ], [ -63.350586968571626, -32.500772561208144 ], [ -63.34982384170516, -32.501184575557403 ], [ -63.349190828190949, -32.501658121422935 ], [ -63.348620056621982, -32.502062891356921 ], [ -63.347812461241183, -32.50267439970105 ], [ -63.347497558244172, -32.503172871528342 ], [ -63.347347651568363, -32.503806233682994 ], [ -63.347314651748022, -32.504616121913962 ], [ -63.347394654212849, -32.505296626881801 ], [ -63.347789186752514, -32.506561432906693 ], [ -63.348460433624147, -32.508042824255725 ], [ -63.348660764395198, -32.508758364442087 ], [ -63.348772156867881, -32.509136464106078 ], [ -63.348321095818818, -32.510046305624776 ], [ -63.347072518019729, -32.510360123491331 ], [ -63.345759219737985, -32.510201713804456 ], [ -63.344317485408595, -32.510334297104876 ], [ -63.343786997086106, -32.510418752678746 ], [ -63.34307680519526, -32.51065401768976 ], [ -63.342155947435792, -32.511039888068126 ], [ -63.341354738562593, -32.51160726763981 ], [ -63.340980429812205, -32.51190336349098 ], [ -63.340382780087559, -32.512450931270465 ], [ -63.340002973649767, -32.512828488593144 ], [ -63.338776752240634, -32.513366750699539 ], [ -63.338074887204527, -32.513414689697171 ], [ -63.337085526323833, -32.513094896063407 ], [ -63.336572739037486, -32.512967483134041 ], [ -63.336188912481411, -32.51307690062643 ], [ -63.335675070733615, -32.513409729950645 ], [ -63.335071412110999, -32.514139405959448 ], [ -63.334633290288913, -32.514668979170175 ], [ -63.33355218891495, -32.515272597595562 ], [ -63.33233379573349, -32.515049309687569 ], [ -63.33171087886938, -32.514935146301731 ], [ -63.331050855067772, -32.514881833596057 ], [ -63.330102966628125, -32.514938431960154 ], [ -63.328684180771866, -32.515239312415858 ], [ -63.32795378933654, -32.515449729069942 ], [ -63.327295364128226, -32.515754226094835 ], [ -63.326761100368707, -32.516150672366258 ], [ -63.326036359594902, -32.51686678915069 ], [ -63.326004048951233, -32.517302866716427 ], [ -63.326051303295557, -32.517528939520169 ], [ -63.326338209049986, -32.517887455244079 ], [ -63.326786648093247, -32.518345955201518 ], [ -63.327838066486244, -32.519176547856325 ], [ -63.328682519810542, -32.520570338248696 ], [ -63.328258618815831, -32.52190122051698 ], [ -63.327252750290675, -32.522755548918056 ], [ -63.325671839119622, -32.524074321669033 ], [ -63.324718015375652, -32.524841866000109 ], [ -63.323458687855265, -32.525587238658737 ], [ -63.3224954565787, -32.525855291275043 ], [ -63.321584901866899, -32.525562346379147 ], [ -63.32027938900459, -32.524483367635376 ], [ -63.31943729751567, -32.523863543846346 ], [ -63.318734829976826, -32.523497509213826 ], [ -63.31747933891927, -32.523049292402526 ], [ -63.316551007405543, -32.522842693921348 ], [ -63.315568167474332, -32.522845163499106 ], [ -63.314835337889711, -32.522992186950198 ], [ -63.313468141968961, -32.523584336565769 ], [ -63.312742366311184, -32.523930285026985 ], [ -63.312118455440299, -32.524307499610828 ], [ -63.31153704032922, -32.524642382280867 ], [ -63.31069001639333, -32.525130240700982 ], [ -63.309906866681942, -32.525599240438666 ], [ -63.30934856754763, -32.525901127280669 ], [ -63.308001296448055, -32.526629613241177 ], [ -63.306365841531075, -32.527329659888842 ], [ -63.305032299715009, -32.527400991873449 ], [ -63.304222447341701, -32.526917275340274 ], [ -63.303711385142932, -32.525983037713232 ], [ -63.303163059042461, -32.525314189539706 ], [ -63.302781979591487, -32.525184467609051 ], [ -63.302537068478387, -32.525470724643462 ], [ -63.302463435071445, -32.526052505760866 ], [ -63.302627728986607, -32.526889859875226 ], [ -63.30277327641933, -32.527620184504528 ], [ -63.302686778508992, -32.529212069817476 ], [ -63.30219144543014, -32.530310647757283 ], [ -63.301270601107049, -32.532235534860725 ], [ -63.30097839371016, -32.532852902001061 ], [ -63.300336907918975, -32.534208182271932 ], [ -63.300086232110765, -32.535052804240415 ], [ -63.299755464380695, -32.535732035064179 ], [ -63.299455827099464, -32.53627955285782 ], [ -63.299220463833421, -32.537106432956364 ], [ -63.299875979783884, -32.537557422363157 ], [ -63.301128260765267, -32.538483174953768 ], [ -63.301458548648235, -32.539837847452858 ], [ -63.300280578303969, -32.540814883093518 ], [ -63.299286794328744, -32.541240694269128 ], [ -63.298624209138417, -32.541658576081304 ], [ -63.297961444461571, -32.542023970817638 ], [ -63.297307301138076, -32.542427563719457 ], [ -63.296612608235634, -32.542873464260317 ], [ -63.295841162037924, -32.543339365677539 ], [ -63.295277390810611, -32.543810194393139 ], [ -63.29447352061181, -32.544392683703819 ], [ -63.293736227148798, -32.544911546656948 ], [ -63.292565557933166, -32.545489175289283 ], [ -63.29188083014094, -32.545839043507854 ], [ -63.290949867023677, -32.546189335392484 ], [ -63.290099563773587, -32.546510197313673 ], [ -63.289156364699068, -32.546607439182502 ], [ -63.287858923756957, -32.546428634253232 ], [ -63.287026112848324, -32.546430538103138 ], [ -63.286376285289727, -32.546497624799521 ], [ -63.285549998736613, -32.546642551412972 ], [ -63.284831937186631, -32.546831867401288 ], [ -63.283947171089906, -32.547112689752204 ], [ -63.283190445015435, -32.547367546051809 ], [ -63.281148171306846, -32.548200891335682 ], [ -63.280446690645086, -32.548554442918125 ], [ -63.278791836039396, -32.549532456624696 ], [ -63.277181530603549, -32.550035656182622 ], [ -63.276228153197884, -32.550139156828877 ], [ -63.275535615131297, -32.550250778684912 ], [ -63.274394403949458, -32.550791805720131 ], [ -63.273333840915463, -32.551498798798811 ], [ -63.272505488143103, -32.55208747612231 ], [ -63.271688790256142, -32.553020834038179 ], [ -63.271263236341738, -32.553675092680244 ], [ -63.271091495549967, -32.554219841544779 ], [ -63.270972182631354, -32.555236404817556 ], [ -63.271045514381193, -32.556095528674298 ], [ -63.271311251568299, -32.55711967575526 ], [ -63.271697631788832, -32.557870017491275 ], [ -63.272404573968338, -32.558987336353788 ], [ -63.273204408462725, -32.559989355365431 ], [ -63.273797584777178, -32.560634682276394 ], [ -63.274130964820259, -32.561016336405288 ], [ -63.27476723659251, -32.561744730034476 ], [ -63.275392925890976, -32.562666298034962 ], [ -63.27581299894419, -32.563904835799434 ], [ -63.275541811437371, -32.564806456817472 ], [ -63.274842006559012, -32.565850573494721 ], [ -63.274437368870117, -32.566975343026485 ], [ -63.274382012239364, -32.567673252718571 ], [ -63.274411819771046, -32.56908483153326 ], [ -63.274520936446258, -32.57110878563735 ], [ -63.274594147157629, -32.57270980947888 ], [ -63.274597176081151, -32.573703772498547 ], [ -63.274447104612527, -32.575321486975284 ], [ -63.273617436578441, -32.576592157453135 ], [ -63.272221487641424, -32.576854551381793 ], [ -63.271257503366407, -32.57624433064943 ], [ -63.270297889497925, -32.575119685456507 ], [ -63.269886714047786, -32.574832478762005 ], [ -63.269257446244836, -32.57453489908616 ], [ -63.268424269280793, -32.574297509258443 ], [ -63.267519296739891, -32.574222709774411 ], [ -63.266821127167056, -32.574447392669541 ], [ -63.266203888612608, -32.574824787863037 ], [ -63.265788949882406, -32.575419103694159 ], [ -63.265252132923088, -32.575420237820872 ], [ -63.264055233457675, -32.574963239820697 ], [ -63.263352567680442, -32.574797564685589 ], [ -63.262378412756071, -32.574744979086582 ], [ -63.261645830431249, -32.574838780843614 ], [ -63.260690894552532, -32.575248254557934 ], [ -63.260060080378267, -32.575655285757094 ], [ -63.259151340672176, -32.576241635643477 ], [ -63.257445025438379, -32.576931101214868 ], [ -63.254685562438027, -32.577269615026459 ], [ -63.25409401167208, -32.577411006909024 ], [ -63.252617452036461, -32.577889760572738 ], [ -63.251912543035715, -32.578226044928726 ], [ -63.251282441354761, -32.579086223130901 ], [ -63.250182039663706, -32.579365441888164 ], [ -63.249261251332001, -32.580022039579369 ], [ -63.247952564710772, -32.580326832113101 ], [ -63.244683295848851, -32.581995348097728 ], [ -63.242841147999847, -32.583157367151934 ], [ -63.242218979036807, -32.584216276356599 ], [ -63.242490576200275, -32.585600844583539 ], [ -63.243148291478377, -32.58668246196563 ], [ -63.243180569530921, -32.587614189918376 ], [ -63.243058762529998, -32.588738552259272 ], [ -63.241466770748339, -32.589262904116623 ], [ -63.240501367070394, -32.589661222835346 ], [ -63.239302993904978, -32.590567952354498 ], [ -63.238808394716166, -32.591807856095947 ], [ -63.238341501735306, -32.59245300061967 ], [ -63.237944136726803, -32.593990996811542 ], [ -63.236688931281648, -32.593298619988005 ], [ -63.236160258755696, -32.592729694890878 ], [ -63.234651840272896, -32.592707736377015 ], [ -63.233218600109311, -32.592891066803979 ], [ -63.231322104195719, -32.59342980049675 ], [ -63.230620396115015, -32.5939068493402 ], [ -63.230387258032373, -32.594363220877682 ], [ -63.229521935101118, -32.594999155008779 ], [ -63.228938123864268, -32.595773331168118 ], [ -63.228871199190365, -32.597101614497717 ], [ -63.229180456956655, -32.598924801252942 ], [ -63.229535227208856, -32.60021267632618 ], [ -63.229418181660229, -32.601349602957839 ], [ -63.228787211535128, -32.602024749195159 ], [ -63.226961386511299, -32.602801171230276 ], [ -63.225251859595041, -32.603240360512729 ], [ -63.223566889505641, -32.604135418138746 ], [ -63.223123715644284, -32.604968792766485 ], [ -63.222822705630072, -32.606436255105272 ], [ -63.223126356354058, -32.60765668929178 ], [ -63.223573680089601, -32.608488472252979 ], [ -63.224066943306774, -32.608943536207271 ], [ -63.224396968937974, -32.609716056476913 ], [ -63.225029760723423, -32.609734747355361 ], [ -63.225546862219538, -32.610348338016877 ], [ -63.225976068136504, -32.611250438284799 ], [ -63.225199946709246, -32.612192538147355 ], [ -63.224756105014102, -32.612768205192758 ], [ -63.224841513261929, -32.613510473347574 ], [ -63.225102027709951, -32.614316296154833 ], [ -63.225717936487278, -32.615094139572193 ], [ -63.226445942727885, -32.615475470328803 ], [ -63.227592466165774, -32.61524107848286 ], [ -63.228237932128927, -32.614925597666236 ], [ -63.229383226724465, -32.613610100634631 ], [ -63.230533116870554, -32.613870707244345 ], [ -63.230515751753323, -32.614825773606626 ], [ -63.229631895409462, -32.616127220257106 ], [ -63.229116034712995, -32.616579135003299 ], [ -63.228810822483211, -32.617276649810826 ], [ -63.228535970270158, -32.61800922791415 ], [ -63.228360325107957, -32.618829494562874 ], [ -63.228474211443256, -32.619143596794835 ], [ -63.228345552651355, -32.619376150167426 ], [ -63.228201236805717, -32.619813718601115 ], [ -63.228056554669799, -32.620100966011471 ], [ -63.227912494876549, -32.62063418985494 ], [ -63.227687458002698, -32.621099236699933 ], [ -63.227769524582385, -32.621604725439923 ], [ -63.227715102909187, -32.62201528972534 ], [ -63.228548265464212, -32.622841903676189 ], [ -63.229736615924281, -32.623132690507084 ], [ -63.229215132549612, -32.624562579018175 ], [ -63.228910172652, -32.625369415263791 ], [ -63.228670026622964, -32.626244464157885 ], [ -63.22888190102136, -32.626954701802546 ], [ -63.228528982313087, -32.627966610729722 ], [ -63.228401613980523, -32.62871845686454 ], [ -63.227983877947182, -32.629662158354122 ], [ -63.2275525948208, -32.630847563300591 ], [ -63.226763584883024, -32.631821370241383 ], [ -63.225924764507141, -32.632353176856746 ], [ -63.223715339042698, -32.63397502441525 ], [ -63.222674497614996, -32.635347609621057 ], [ -63.221650405996208, -32.637207813768285 ], [ -63.220703695306028, -32.639185353992481 ], [ -63.21876148575511, -32.642123693168067 ], [ -63.216856436717926, -32.644822915983084 ], [ -63.21660140620245, -32.647425984263549 ], [ -63.211503631414452, -32.647143896112013 ], [ -63.202637279752402, -32.64908805176389 ], [ -63.18412984762346, -32.575000267195456 ], [ -63.18363458915379, -32.573699094118524 ], [ -63.170176082082762, -32.597419548653193 ], [ -63.15136353862772, -32.604382683872501 ], [ -63.13536437907181, -32.610175088520187 ], [ -63.118060993215451, -32.616095556666046 ], [ -63.108141566834824, -32.618162461197478 ], [ -63.097665731546087, -32.620141791067155 ], [ -63.078430655778895, -32.623848000982832 ], [ -63.064688467456257, -32.626658441368811 ], [ -63.058800336967678, -32.63284177975779 ], [ -63.06394677768202, -32.653572039860023 ], [ -63.068789877741168, -32.673067049059888 ], [ -63.070466609120118, -32.679747367566804 ], [ -63.081463959907026, -32.723422108467567 ], [ -63.085434709086009, -32.739222834168572 ] ] ] ] } },
{ "type": "Feature", "properties": { "id": 34, "nomenclatu": "1801", "nombre": "LA CARLOTA" }, "geometry": { "type": "MultiPolygon", "coordinates": [ [ [ [ -63.134513651246422, -33.26329041804081 ], [ -63.113368490656427, -33.267133036032 ], [ -63.081660113924841, -33.272761942130842 ], [ -63.087730654770425, -33.296530043756938 ], [ -63.091438961846471, -33.310852401033074 ], [ -63.113444144545511, -33.394899512164798 ], [ -63.122933191673049, -33.431326140419429 ], [ -63.125746643014566, -33.441963294256368 ], [ -63.127140973185874, -33.447583718484829 ], [ -63.142689453897113, -33.507415204643877 ], [ -63.167664895005814, -33.601488926807221 ], [ -63.178642457356055, -33.642245638260874 ], [ -63.1816336149233, -33.654439167642671 ], [ -63.185605412110924, -33.669075147338276 ], [ -63.200348519404947, -33.72405975398685 ], [ -63.224709522772244, -33.815258547610156 ], [ -63.228509990645961, -33.83057561599113 ], [ -63.489949397235435, -33.831018614127359 ], [ -63.519194555659659, -33.83097439114762 ], [ -63.51915626338802, -33.830556372320963 ], [ -63.578330300653498, -33.830401035038498 ], [ -63.591391517125693, -33.830248814416301 ], [ -63.591396424495272, -33.830961469686756 ], [ -63.629600223487124, -33.831387798999813 ], [ -63.640270034982002, -33.831473624065232 ], [ -63.641257085989686, -33.744755160537714 ], [ -63.641520631810309, -33.698422886599388 ], [ -63.645346656119706, -33.695702988725657 ], [ -63.641496584132618, -33.690837626539945 ], [ -63.641725635519443, -33.664414230280769 ], [ -63.6415041935213, -33.643750205024681 ], [ -63.62919906638092, -33.64363414540675 ], [ -63.630183782678536, -33.574420365716314 ], [ -63.614495308269539, -33.574025661211792 ], [ -63.614152702932159, -33.551932374871463 ], [ -63.614171132744943, -33.455031889911361 ], [ -63.613799168655028, -33.40534959701111 ], [ -63.613621773609339, -33.378598408221428 ], [ -63.612629007360084, -33.378793550619164 ], [ -63.61282307469201, -33.360538057741465 ], [ -63.612798308485146, -33.345308160421624 ], [ -63.612796509050995, -33.344610680069465 ], [ -63.611574330804416, -33.344672873323923 ], [ -63.610365970435161, -33.344171718276868 ], [ -63.609851491775615, -33.343567795526184 ], [ -63.609083787039097, -33.34299332346707 ], [ -63.608222722137718, -33.343146886006195 ], [ -63.606756749698782, -33.343925110103484 ], [ -63.605189474134392, -33.344031686796399 ], [ -63.604949170749606, -33.342984909874595 ], [ -63.605582079454813, -33.342443154277184 ], [ -63.605955964118152, -33.34182337932711 ], [ -63.606628455349416, -33.341399514985916 ], [ -63.607388981980407, -33.341121200715648 ], [ -63.607863107609496, -33.340778246256562 ], [ -63.607937829681632, -33.340240232392233 ], [ -63.607668122446547, -33.339588085607225 ], [ -63.607027686620398, -33.339254059800311 ], [ -63.60599142685497, -33.339203499440245 ], [ -63.605261217607854, -33.339661671000499 ], [ -63.604905099545881, -33.340277895141647 ], [ -63.60481530318259, -33.340962202715488 ], [ -63.60443948039358, -33.341471069044331 ], [ -63.603519763876356, -33.341743139961906 ], [ -63.602256094856038, -33.34182856710089 ], [ -63.600998943230934, -33.341660111985149 ], [ -63.599880017874881, -33.341313682293034 ], [ -63.599013594986396, -33.340743006461558 ], [ -63.598437838092067, -33.339899714940287 ], [ -63.59814183273788, -33.33894470858305 ], [ -63.598053921611324, -33.338181968307715 ], [ -63.59766729861439, -33.337797306590566 ], [ -63.597113281870435, -33.337983328577934 ], [ -63.596091676544106, -33.338042742296153 ], [ -63.594903026838267, -33.33785517258449 ], [ -63.594863066639675, -33.337458379657875 ], [ -63.559017348355489, -33.213568712377679 ], [ -63.562461203138604, -33.212788699369831 ], [ -63.554932726288712, -33.183804555029347 ], [ -63.550510756221563, -33.16619411621496 ], [ -63.546124873543235, -33.14827258556695 ], [ -63.545188332616782, -33.143641552268512 ], [ -63.543845416925613, -33.142206250961898 ], [ -63.543040838591757, -33.139404505235895 ], [ -63.540867240767682, -33.136712160834612 ], [ -63.540501106388128, -33.136258625305658 ], [ -63.539966569709769, -33.133524819278534 ], [ -63.537252435320475, -33.12805396605615 ], [ -63.537833797401888, -33.124956691431095 ], [ -63.539667084335051, -33.124588470510055 ], [ -63.540081220854034, -33.124277816638937 ], [ -63.535881166180474, -33.108435893209737 ], [ -63.52308239153701, -33.110736287335691 ], [ -63.515085896100672, -33.112262433069361 ], [ -63.507739018115039, -33.1136826468923 ], [ -63.481337756675984, -33.11890245695777 ], [ -63.471672884400014, -33.120679256727676 ], [ -63.427531529356258, -33.128868499707494 ], [ -63.40845044543147, -33.132525629608118 ], [ -63.379395713146607, -33.137859536665751 ], [ -63.358015193672856, -33.141849721118042 ], [ -63.3394852514392, -33.145391695440452 ], [ -63.33783633074701, -33.139395109902544 ], [ -63.324871204514949, -33.142028517252037 ], [ -63.316602978819006, -33.143264082934479 ], [ -63.314258161953447, -33.133675160129648 ], [ -63.310226501637857, -33.118452577065447 ], [ -63.307295234272111, -33.107655700724635 ], [ -63.300329753326793, -33.081447693605661 ], [ -63.271845987735581, -33.086061966186271 ], [ -63.23455596650625, -33.092522168677284 ], [ -63.190967133082012, -33.100600179012361 ], [ -63.193855963417874, -33.110670926823396 ], [ -63.196869896600553, -33.12245292725634 ], [ -63.203803713684344, -33.148195738902942 ], [ -63.207223578017874, -33.162508545710146 ], [ -63.211663879636475, -33.179252367981285 ], [ -63.213441573061637, -33.185293157477787 ], [ -63.215281769188721, -33.192041517894467 ], [ -63.204303211848611, -33.19427572915761 ], [ -63.212265676292944, -33.217806142656201 ], [ -63.219550423173281, -33.244115956683075 ], [ -63.218447928553999, -33.247014204233288 ], [ -63.204848339620654, -33.249539960038575 ], [ -63.205580632189381, -33.251616451400935 ], [ -63.204010980808157, -33.251950106051851 ], [ -63.204716458995321, -33.253955026279655 ], [ -63.200901388525253, -33.254777410200674 ], [ -63.199627894067447, -33.250509083182862 ], [ -63.176824092048257, -33.254739560258415 ], [ -63.177142235983325, -33.255965037473828 ], [ -63.166304102471805, -33.257902573348296 ], [ -63.166008839534676, -33.256743101666366 ], [ -63.135149625215561, -33.262284658080596 ], [ -63.134513651246422, -33.26329041804081 ] ] ] ] } },
{ "type": "Feature", "properties": { "id": 35, "nomenclatu": "1802", "nombre": "CARNERILLO" }, "geometry": { "type": "MultiPolygon", "coordinates": [ [ [ [ -64.010230616106384, -32.902070857543201 ], [ -63.993863939642331, -32.891034735516833 ], [ -63.995622998634154, -32.890969528859308 ], [ -64.017976800894132, -32.886711993370042 ], [ -64.012679782372842, -32.868429747564683 ], [ -64.007765003227135, -32.850801822395418 ], [ -64.00526529434363, -32.84183316545284 ], [ -64.004517744640793, -32.838195143067246 ], [ -64.002289759026908, -32.830263302759185 ], [ -64.00106588394911, -32.824385925688567 ], [ -63.998717519222616, -32.815720658376875 ], [ -63.997126120566556, -32.809949569287909 ], [ -63.996280132776569, -32.806881327532906 ], [ -63.993517664643946, -32.797539325946815 ], [ -63.991403377876232, -32.789591409800437 ], [ -63.986404185304771, -32.771743022473117 ], [ -63.981773374426837, -32.7538644626989 ], [ -63.979327173775232, -32.744696438049886 ], [ -63.977397192292493, -32.737687479928525 ], [ -63.958500366844909, -32.727524137262073 ], [ -63.934358589653044, -32.71412318489827 ], [ -63.907983372996796, -32.700716652974613 ], [ -63.907448060370307, -32.70037877033031 ], [ -63.901630026122881, -32.700621418287511 ], [ -63.889639525805414, -32.701135505011713 ], [ -63.882083302511795, -32.701384023881189 ], [ -63.871409344225526, -32.701792842110812 ], [ -63.860590926482899, -32.702360842331096 ], [ -63.849195123633017, -32.702824930130618 ], [ -63.839195882090223, -32.70327410895257 ], [ -63.81820858886158, -32.704322392435998 ], [ -63.807760285709008, -32.704780711328588 ], [ -63.797670430041514, -32.705336368822181 ], [ -63.796605622037461, -32.705391442606881 ], [ -63.796008008353347, -32.705429682617222 ], [ -63.788730426108025, -32.705705631637549 ], [ -63.775092580757004, -32.706275622525027 ], [ -63.76805240313805, -32.706534462800839 ], [ -63.758199334452478, -32.707075854584595 ], [ -63.740367991884682, -32.708024054221816 ], [ -63.72701080437794, -32.708713715113419 ], [ -63.721642685571894, -32.708761275975128 ], [ -63.711952113429838, -32.709340808513353 ], [ -63.69991718226494, -32.709767979503354 ], [ -63.702920972408194, -32.720486604664146 ], [ -63.705448398059687, -32.730013429854203 ], [ -63.70962896031066, -32.745712156615646 ], [ -63.710949568680981, -32.75091352811625 ], [ -63.71519135347836, -32.766903639292146 ], [ -63.719896848202929, -32.785082857002571 ], [ -63.72151763155091, -32.790689717513011 ], [ -63.714225445511168, -32.79206393337833 ], [ -63.691086487144695, -32.796400493037972 ], [ -63.668952558537107, -32.800639758809865 ], [ -63.64712092500227, -32.804597360055425 ], [ -63.624473085229234, -32.808909121731567 ], [ -63.606363956783362, -32.812210952397109 ], [ -63.586043536349266, -32.816059745085624 ], [ -63.568716382493662, -32.819212722033591 ], [ -63.557502703255992, -32.821185208955313 ], [ -63.550249827667713, -32.822658617520872 ], [ -63.547003790996783, -32.823247946055865 ], [ -63.537636673793813, -32.824926074868316 ], [ -63.53276631614056, -32.825806391314941 ], [ -63.532124353187783, -32.825809121874933 ], [ -63.530301154170502, -32.826223150844854 ], [ -63.518814009452569, -32.828289113374815 ], [ -63.518908688035168, -32.82868975195187 ], [ -63.519127640017139, -32.829039146609098 ], [ -63.519096389440364, -32.829440508200747 ], [ -63.519209296971084, -32.829675210030778 ], [ -63.519741448476616, -32.830259772556914 ], [ -63.519827820885411, -32.830752261107442 ], [ -63.519967161254357, -32.830816318042956 ], [ -63.520235005353719, -32.831305311014638 ], [ -63.520239110786072, -32.832009361268419 ], [ -63.520309443876961, -32.832108907963331 ], [ -63.520310983633578, -32.832372921395724 ], [ -63.520408717344949, -32.832454613548101 ], [ -63.520860790967419, -32.832832482922001 ], [ -63.520956834580382, -32.833025109344661 ], [ -63.520959228104793, -32.833434987631271 ], [ -63.521060242841656, -32.833794824406738 ], [ -63.521001004364997, -32.833940212695069 ], [ -63.521011411713509, -32.834244880341011 ], [ -63.521167769659137, -32.834530761541792 ], [ -63.521156939295679, -32.834892218046484 ], [ -63.521150070491217, -32.835193350666849 ], [ -63.521254187218567, -32.835345272546384 ], [ -63.521331650946685, -32.836156502326098 ], [ -63.521425593254747, -32.836307240065906 ], [ -63.521519535882923, -32.836457977728358 ], [ -63.522275695028455, -32.837082280709005 ], [ -63.522604163139704, -32.837499165523958 ], [ -63.522643855240709, -32.837751915482798 ], [ -63.522778554874265, -32.837968343894985 ], [ -63.523167667998536, -32.838426236713346 ], [ -63.523404576887039, -32.838677873261801 ], [ -63.524064894871181, -32.839243701251625 ], [ -63.524514510544307, -32.83955980172523 ], [ -63.524747296398893, -32.839633272236384 ], [ -63.525051681863232, -32.839881737112691 ], [ -63.525921004349492, -32.840560511684643 ], [ -63.526678753193046, -32.84107758365775 ], [ -63.527249370237882, -32.84142432838685 ], [ -63.527628787618049, -32.841591243440533 ], [ -63.528020027573042, -32.841776863301455 ], [ -63.528569512944166, -32.841936276843683 ], [ -63.529571111871647, -32.842100123729679 ], [ -63.53080927610231, -32.842296719920022 ], [ -63.531462742992709, -32.842424516050734 ], [ -63.532171389407701, -32.842606466068048 ], [ -63.532559341753817, -32.842755295295994 ], [ -63.533201852458703, -32.843111373090935 ], [ -63.533715037370612, -32.84338157801745 ], [ -63.53397759279656, -32.843431531581103 ], [ -63.534216968590876, -32.84347033004078 ], [ -63.534829697340932, -32.843842973924367 ], [ -63.535492238765976, -32.844247430807179 ], [ -63.536069690856763, -32.84454303198838 ], [ -63.53667635515, -32.844724815994667 ], [ -63.537356467589113, -32.844766264780695 ], [ -63.538165777934047, -32.844672828516494 ], [ -63.53885500086686, -32.844593252274286 ], [ -63.540329361497449, -32.844344800547987 ], [ -63.541402620196813, -32.84412144007311 ], [ -63.541943931612188, -32.844045227913455 ], [ -63.542513662864174, -32.843980287986561 ], [ -63.542822735111379, -32.843924988649015 ], [ -63.543202871228971, -32.843798685065863 ], [ -63.543525726863201, -32.843780258717032 ], [ -63.54384612362248, -32.84386398933421 ], [ -63.544406429217567, -32.844173765427868 ], [ -63.544769506834157, -32.8443829719929 ], [ -63.545251478315279, -32.844531208054292 ], [ -63.545728972668243, -32.844854035176198 ], [ -63.546135035537802, -32.845187127211837 ], [ -63.546905495469169, -32.8455906193483 ], [ -63.547292896799753, -32.845693813945978 ], [ -63.54760311728068, -32.845774838124861 ], [ -63.547933855867363, -32.845734291722493 ], [ -63.548145948627784, -32.845744616357706 ], [ -63.548406205340171, -32.845919492179377 ], [ -63.548614995854159, -32.846444893953986 ], [ -63.548767078432761, -32.846569025397628 ], [ -63.548956206598803, -32.84665331838994 ], [ -63.549143856746589, -32.846547606791724 ], [ -63.549264825744153, -32.846423576079275 ], [ -63.549371050326371, -32.846207417954268 ], [ -63.549592194579752, -32.846036057572022 ], [ -63.54990474728946, -32.845995008728551 ], [ -63.550505730548807, -32.846149049485497 ], [ -63.550974978313135, -32.846379700599115 ], [ -63.551553680314299, -32.846767272050691 ], [ -63.552329594921545, -32.847497923054675 ], [ -63.552738917439967, -32.84785377441797 ], [ -63.553171899223287, -32.848147914223333 ], [ -63.553597121115068, -32.848333447467944 ], [ -63.554441459429427, -32.848613931695233 ], [ -63.555285295339409, -32.848911869726095 ], [ -63.555846513702505, -32.84920831651894 ], [ -63.556292521765997, -32.849512919591007 ], [ -63.556830738592048, -32.84982634436394 ], [ -63.557232570804885, -32.850014710419551 ], [ -63.557890681420602, -32.850180147242831 ], [ -63.55839324201321, -32.850359548154636 ], [ -63.558893767110277, -32.850656396196342 ], [ -63.559289129450846, -32.850892972407991 ], [ -63.560127267669564, -32.851259145098169 ], [ -63.560569928512408, -32.851566633155379 ], [ -63.561195833913764, -32.851949908031031 ], [ -63.561564412752951, -32.852061774592279 ], [ -63.56175126873606, -32.852153873480574 ], [ -63.562235112058687, -32.852392351372451 ], [ -63.564146363054064, -32.85313441252422 ], [ -63.56439183192569, -32.853350583926137 ], [ -63.56479999503135, -32.853560249535789 ], [ -63.565126123749373, -32.853713007105831 ], [ -63.565601260542628, -32.853790932910897 ], [ -63.566003307382204, -32.853910305967787 ], [ -63.566478953873087, -32.854068154536236 ], [ -63.566893634045719, -32.854283554738075 ], [ -63.567477644802423, -32.854759900696877 ], [ -63.567880347696438, -32.855077931474256 ], [ -63.568335862586579, -32.855315648377463 ], [ -63.568593362744778, -32.855386038890877 ], [ -63.568753644089277, -32.855484138823051 ], [ -63.568964124186785, -32.855624138599815 ], [ -63.569330523514047, -32.855999318332096 ], [ -63.569487086985369, -32.85623882375954 ], [ -63.569929294362488, -32.856514683929312 ], [ -63.570442188903058, -32.856758335464647 ], [ -63.570744888927749, -32.856907145289526 ], [ -63.571021808986266, -32.856969786402566 ], [ -63.572100743998213, -32.857386438259681 ], [ -63.572528692844536, -32.857551695394115 ], [ -63.57374149136669, -32.858069569273134 ], [ -63.574260146864823, -32.858295432734387 ], [ -63.574531360831209, -32.858572913162654 ], [ -63.574926614539741, -32.858882023560795 ], [ -63.575216578588176, -32.859108789399421 ], [ -63.575652408409184, -32.859331234543134 ], [ -63.576489891101005, -32.859636601547976 ], [ -63.577080311761911, -32.85985187893683 ], [ -63.577496787182831, -32.86009839854723 ], [ -63.577885414523244, -32.860423098077945 ], [ -63.578097739880612, -32.860701000441594 ], [ -63.578387750646897, -32.860932808177154 ], [ -63.578671775480146, -32.861144444433215 ], [ -63.579124587250604, -32.861431331654586 ], [ -63.579752753076882, -32.861617999383633 ], [ -63.580120060565122, -32.861743114271569 ], [ -63.580321030434966, -32.862061721737255 ], [ -63.580616791778446, -32.862288332768216 ], [ -63.580840457092641, -32.862459702895691 ], [ -63.581256260515808, -32.862599738081464 ], [ -63.581395174165124, -32.862725765836146 ], [ -63.581552714839248, -32.862872049585711 ], [ -63.581706819492922, -32.863152957452172 ], [ -63.581913329337262, -32.863481520574908 ], [ -63.582148911906792, -32.863683274830358 ], [ -63.582463062394986, -32.863879613234417 ], [ -63.583005506667412, -32.864105184829555 ], [ -63.58327900472711, -32.864400683043094 ], [ -63.583600011731946, -32.864748907824513 ], [ -63.583877431166385, -32.864889579640163 ], [ -63.58427543993291, -32.865039931184327 ], [ -63.584463478471925, -32.865322985380018 ], [ -63.584921762707374, -32.865498301283239 ], [ -63.585388775963764, -32.865735179921927 ], [ -63.58566690111703, -32.865982319095011 ], [ -63.585932306164302, -32.866123042525835 ], [ -63.586277140148837, -32.86643580134573 ], [ -63.586533453326425, -32.866833952006779 ], [ -63.586680415556394, -32.867243868408821 ], [ -63.586940771445903, -32.867506381077327 ], [ -63.587483155761674, -32.867671049310957 ], [ -63.587990073321777, -32.867972942734731 ], [ -63.588203183851491, -32.868268857918828 ], [ -63.588381302377215, -32.868820591818711 ], [ -63.588671299554107, -32.869042275911106 ], [ -63.589280132906048, -32.869277750853307 ], [ -63.589970343404502, -32.86960517471914 ], [ -63.590593338098593, -32.870115707883897 ], [ -63.590931674260588, -32.870327059176326 ], [ -63.591221044012102, -32.870452509113392 ], [ -63.591612216603686, -32.870496250404727 ], [ -63.592162491554724, -32.870474853872047 ], [ -63.592748678515697, -32.870200590093376 ], [ -63.593318120419354, -32.869934156719523 ], [ -63.593721145343203, -32.869952587177529 ], [ -63.595020393916066, -32.870677885201438 ], [ -63.595938843668407, -32.87115683228371 ], [ -63.596362199226313, -32.871494436593025 ], [ -63.596851628402966, -32.871847017262276 ], [ -63.597760437469759, -32.872402029325926 ], [ -63.598328410848815, -32.872789143113849 ], [ -63.598637213741192, -32.872959496359364 ], [ -63.599066971811723, -32.873192028932799 ], [ -63.599344885908359, -32.873261247753824 ], [ -63.599626266141406, -32.873341558460901 ], [ -63.599970543447441, -32.873331539679597 ], [ -63.600242625889067, -32.87340439132636 ], [ -63.600493930440095, -32.873504609973772 ], [ -63.600996906919754, -32.873713556156446 ], [ -63.60142991508993, -32.873878111707832 ], [ -63.601674387088423, -32.873924835048506 ], [ -63.602155752108942, -32.873900300410732 ], [ -63.602370033732399, -32.873950053209057 ], [ -63.602598717827597, -32.874123667858299 ], [ -63.602777353060524, -32.874326810954386 ], [ -63.602956402230063, -32.874590979800999 ], [ -63.603288206557792, -32.87474144495814 ], [ -63.603580598815213, -32.874807843252583 ], [ -63.603757546567365, -32.874806989261302 ], [ -63.604099068055547, -32.874889884997508 ], [ -63.604502014927363, -32.875074917654707 ], [ -63.604553160480741, -32.87525227204106 ], [ -63.604752119391712, -32.875496432154854 ], [ -63.605094157500204, -32.875700224434489 ], [ -63.605866397963915, -32.875879714423455 ], [ -63.606678444004807, -32.876154660337072 ], [ -63.607627619271582, -32.876601053913156 ], [ -63.608156254281589, -32.876905644353222 ], [ -63.608786126863798, -32.877227052700071 ], [ -63.609214588599194, -32.877488555336399 ], [ -63.609845129989978, -32.877906474388581 ], [ -63.610480978036179, -32.878108241695827 ], [ -63.611028616851129, -32.878259219406054 ], [ -63.611692548997475, -32.878284973199683 ], [ -63.612367570491855, -32.878264501468699 ], [ -63.61320003465211, -32.878364588788706 ], [ -63.613853896954389, -32.878635009482856 ], [ -63.614446392622185, -32.879024296746117 ], [ -63.615302098369341, -32.879586509763541 ], [ -63.615541465546556, -32.880006467757724 ], [ -63.615807937584137, -32.880511557721945 ], [ -63.616154503066866, -32.880828552062667 ], [ -63.616995774567222, -32.88112781282809 ], [ -63.617469294237914, -32.881256332402366 ], [ -63.617868753814655, -32.881419408994638 ], [ -63.618335778566028, -32.881633367516493 ], [ -63.618952503179607, -32.881960415620824 ], [ -63.619313079401984, -32.882073039826011 ], [ -63.619724852809036, -32.882099566330055 ], [ -63.620332265311788, -32.882062362107945 ], [ -63.620804891831796, -32.882105607525176 ], [ -63.621897192478741, -32.882542957305148 ], [ -63.622592381786312, -32.882845214796603 ], [ -63.622897785601296, -32.882870673284962 ], [ -63.623904113253971, -32.883179741257827 ], [ -63.624402212439911, -32.883337110809151 ], [ -63.625083673387621, -32.883658034171695 ], [ -63.625404986640092, -32.8838410982559 ], [ -63.625654899841678, -32.884042264392669 ], [ -63.626070935107741, -32.884497963096663 ], [ -63.626286418594333, -32.884844583966903 ], [ -63.626563311857794, -32.885505413562129 ], [ -63.626696958939618, -32.885832678122448 ], [ -63.626954255780312, -32.886117916123524 ], [ -63.627147069811322, -32.886265407006185 ], [ -63.627442322988124, -32.886379922078866 ], [ -63.627827959681241, -32.886500763590774 ], [ -63.628142130140724, -32.886543189443216 ], [ -63.628474556120644, -32.886551041347374 ], [ -63.628742959100386, -32.886530503801481 ], [ -63.629076426528968, -32.886423939826827 ], [ -63.629250375978302, -32.886388294728469 ], [ -63.629598176309109, -32.886346724685723 ], [ -63.629913815086041, -32.886335180333013 ], [ -63.630321569922415, -32.886313504593964 ], [ -63.630574595364024, -32.886236297687397 ], [ -63.631179174309388, -32.886032317928276 ], [ -63.631467988855768, -32.886020905042116 ], [ -63.631851850385289, -32.886021418841445 ], [ -63.632380870891019, -32.886013551018983 ], [ -63.632678846257747, -32.885989681478442 ], [ -63.632955697510759, -32.885943555727501 ], [ -63.633661978119541, -32.885932476822767 ], [ -63.633995780144907, -32.885960649674921 ], [ -63.634715621602545, -32.885862354787676 ], [ -63.63523775293671, -32.885839793939965 ], [ -63.635826720051774, -32.885937071061143 ], [ -63.636338967102546, -32.886170785825236 ], [ -63.637008154299672, -32.886361715532409 ], [ -63.637463457646305, -32.886478854061437 ], [ -63.637928979646183, -32.886693479811818 ], [ -63.638219514794436, -32.88691647505572 ], [ -63.638706881491004, -32.887290540881921 ], [ -63.639053833970515, -32.887517586254255 ], [ -63.639555108988645, -32.887766636723633 ], [ -63.639759006856956, -32.887822726107835 ], [ -63.640147788895057, -32.888077687730089 ], [ -63.64023772377913, -32.888278633173613 ], [ -63.640329204250932, -32.888694393900828 ], [ -63.640422904227115, -32.888989963328378 ], [ -63.640583884860462, -32.889208723081182 ], [ -63.640735131665906, -32.88931730753545 ], [ -63.640916193590016, -32.889455747883773 ], [ -63.641179867223542, -32.889591167489442 ], [ -63.641434644192579, -32.889647137476388 ], [ -63.641517274087889, -32.889646713609281 ], [ -63.641582111855328, -32.889658932765215 ], [ -63.641691565645523, -32.88965837115839 ], [ -63.641856337163993, -32.889632566224272 ], [ -63.64202442935197, -32.889596933428486 ], [ -63.642177811539298, -32.889573783467831 ], [ -63.642431271699436, -32.889532662134719 ], [ -63.642921142954172, -32.889395248846647 ], [ -63.643047502738739, -32.889344824788893 ], [ -63.643230338995814, -32.889301612338734 ], [ -63.643389650346847, -32.889288385267605 ], [ -63.64367586021848, -32.889299319913292 ], [ -63.644055090933804, -32.889382344402314 ], [ -63.644196969740321, -32.889431387944214 ], [ -63.644434186957852, -32.889574439158082 ], [ -63.644959100551837, -32.889890721564413 ], [ -63.645264419913033, -32.890113058845941 ], [ -63.645771175334033, -32.890390621919202 ], [ -63.645935201994263, -32.890474607525427 ], [ -63.646115981499598, -32.890530228766181 ], [ -63.646313051399872, -32.890536279770068 ], [ -63.646513770381873, -32.890450409438586 ], [ -63.64679000286791, -32.890360685671801 ], [ -63.647115694267278, -32.890203473958422 ], [ -63.647366590517073, -32.890106666362783 ], [ -63.647651248593739, -32.890031035877563 ], [ -63.647904952391571, -32.890065934279754 ], [ -63.648060373186972, -32.890111152136974 ], [ -63.648220366984674, -32.890191548802278 ], [ -63.648413918392841, -32.890307262513012 ], [ -63.648683961121165, -32.890510874457888 ], [ -63.649274670200953, -32.89088306383416 ], [ -63.649607099032607, -32.891015655859192 ], [ -63.649997337710481, -32.891084321962566 ], [ -63.650261495259855, -32.891072416645571 ], [ -63.650526443800771, -32.891042183941458 ], [ -63.650802468958069, -32.890966591200574 ], [ -63.65112062958061, -32.890876495402388 ], [ -63.651325482604143, -32.89080834147434 ], [ -63.651685962808422, -32.890771116400217 ], [ -63.652102767147653, -32.890804290516243 ], [ -63.652442695477653, -32.890823725579246 ], [ -63.652715072907313, -32.890797633412767 ], [ -63.653205537707422, -32.890784396153933 ], [ -63.653492264773327, -32.890864989592039 ], [ -63.653828369795349, -32.89095152795224 ], [ -63.654046537376942, -32.890975202059252 ], [ -63.654222590570065, -32.890974281115952 ], [ -63.654561948091803, -32.890915950086772 ], [ -63.654837942741956, -32.890836741790672 ], [ -63.655079256016428, -32.890737516312598 ], [ -63.655508744018931, -32.890566898729972 ], [ -63.655783238676825, -32.890493611425079 ], [ -63.65622163387502, -32.890444134259774 ], [ -63.656446709194434, -32.890442952929568 ], [ -63.656596204312713, -32.890478380660518 ], [ -63.656881589307844, -32.890543968940413 ], [ -63.657649819686839, -32.890817224299226 ], [ -63.657802936460229, -32.89092534525409 ], [ -63.658055580491521, -32.891024574453894 ], [ -63.658282102877138, -32.891218872448938 ], [ -63.658762858912759, -32.891518448872105 ], [ -63.658885923975923, -32.891565266385008 ], [ -63.659115076236212, -32.891656249342844 ], [ -63.659251296065086, -32.891689002650658 ], [ -63.659499602565688, -32.891701687827094 ], [ -63.659701553604215, -32.891658639063245 ], [ -63.660149029801261, -32.891544321526936 ], [ -63.660337743548538, -32.891504227085242 ], [ -63.660579450610562, -32.891500209276749 ], [ -63.660887323417406, -32.891479105633614 ], [ -63.661379152521697, -32.891524692551478 ], [ -63.661648017937537, -32.891606948679659 ], [ -63.66191359459404, -32.891661521180126 ], [ -63.662458615860416, -32.891832925496658 ], [ -63.662781159950796, -32.891855301493692 ], [ -63.663119274246576, -32.891878756743175 ], [ -63.663361168111074, -32.891899691818907 ], [ -63.663570488395294, -32.891976777274081 ], [ -63.663860129018964, -32.892156879843171 ], [ -63.664377920257174, -32.892540493348008 ], [ -63.664661552451498, -32.892823925507727 ], [ -63.665122864899743, -32.892910777665406 ], [ -63.665654602759766, -32.893013988915591 ], [ -63.665972721602401, -32.893043025225289 ], [ -63.666783409396444, -32.893214862413551 ], [ -63.667197896292073, -32.893265744016475 ], [ -63.667722306366414, -32.893254721246699 ], [ -63.667980352409529, -32.893208618381067 ], [ -63.668254314745951, -32.893064757047618 ], [ -63.668693932312237, -32.892807909172667 ], [ -63.668796123730338, -32.892743161124052 ], [ -63.668998198142162, -32.892716832384792 ], [ -63.669262822061029, -32.892684686181688 ], [ -63.669488441917906, -32.892714208585069 ], [ -63.669743977448306, -32.89278555381896 ], [ -63.67016374197479, -32.893005052542478 ], [ -63.670679629312538, -32.893295449470763 ], [ -63.67131791858035, -32.893420427342321 ], [ -63.671672423618652, -32.893449253771642 ], [ -63.672188088422637, -32.893586716187968 ], [ -63.67255180190611, -32.893681135586483 ], [ -63.672940463740083, -32.89395561515289 ], [ -63.673110852445895, -32.894075945614439 ], [ -63.673194483687311, -32.894233416094799 ], [ -63.673510415806504, -32.894828283602259 ], [ -63.67360881482562, -32.895118175057227 ], [ -63.673729959821756, -32.895357736867801 ], [ -63.673869845123505, -32.895465909156627 ], [ -63.674089345609474, -32.895582019933691 ], [ -63.674697218615712, -32.895637460485354 ], [ -63.674819937613648, -32.895636798246144 ], [ -63.674955500721587, -32.895622072079348 ], [ -63.675163908111976, -32.895576366591037 ], [ -63.675361980966024, -32.895469112028813 ], [ -63.675765095929911, -32.895198009309247 ], [ -63.675942904396862, -32.895021179513591 ], [ -63.676071567165245, -32.894950655814938 ], [ -63.676170490981583, -32.894902655111814 ], [ -63.67633270806612, -32.894865421016199 ], [ -63.676474989520166, -32.894842289040852 ], [ -63.676776616972553, -32.894891008114492 ], [ -63.677217126312492, -32.89511816133308 ], [ -63.677363596997786, -32.895240288494669 ], [ -63.677523017723423, -32.89528126392851 ], [ -63.677695655377327, -32.895316685153666 ], [ -63.678717021622795, -32.895250117888899 ], [ -63.678912357981815, -32.895229436332393 ], [ -63.679061743040684, -32.89524824626082 ], [ -63.679191447337743, -32.895314484425548 ], [ -63.679324544645674, -32.895380848292781 ], [ -63.679623458845619, -32.895477618082225 ], [ -63.679925938732573, -32.895475973652346 ], [ -63.680061820347625, -32.895503079361696 ], [ -63.680198267294429, -32.895563797429183 ], [ -63.680278673291212, -32.895675171486275 ], [ -63.680346246611037, -32.895842304642599 ], [ -63.680595052649458, -32.896241019278698 ], [ -63.680757731052246, -32.896304335117627 ], [ -63.6809135934339, -32.896323107547765 ], [ -63.681115586992753, -32.896285650634056 ], [ -63.68162451357577, -32.896022464831155 ], [ -63.681812426333771, -32.895918140951174 ], [ -63.682193293823204, -32.895804252105634 ], [ -63.682395278179392, -32.895806035399964 ], [ -63.682600653163284, -32.895807655585251 ], [ -63.682947328303669, -32.895979755608842 ], [ -63.683120654812789, -32.896104470434807 ], [ -63.683345705041816, -32.896499846715749 ], [ -63.683546615719962, -32.896722948507673 ], [ -63.68370984257438, -32.896817131860949 ], [ -63.684021762147097, -32.896879627269001 ], [ -63.68480144830783, -32.896900751512781 ], [ -63.685059989596915, -32.896918812088245 ], [ -63.685265948120133, -32.896995879346022 ], [ -63.68583653394645, -32.897412440428482 ], [ -63.686100019204794, -32.897631587954642 ], [ -63.686342451831315, -32.897719706537046 ], [ -63.686713627661618, -32.897748254345345 ], [ -63.687695908908246, -32.897728861158313 ], [ -63.688150118257575, -32.897768345528377 ], [ -63.688881709228703, -32.897948841758982 ], [ -63.689190135985584, -32.89799734899244 ], [ -63.689402386743005, -32.898010173335571 ], [ -63.689729861317176, -32.897930171496249 ], [ -63.69011606579113, -32.897709467315934 ], [ -63.69020462388427, -32.897558069240922 ], [ -63.690440786186265, -32.897274712224963 ], [ -63.690665051748837, -32.897087650380556 ], [ -63.691081117740481, -32.896901115192399 ], [ -63.6916149830978, -32.896795152637118 ], [ -63.691976246888444, -32.896818257304766 ], [ -63.692394133904706, -32.896866295108836 ], [ -63.692622397723127, -32.896837041975296 ], [ -63.692850578854923, -32.896757581985376 ], [ -63.693041712398703, -32.896593206038524 ], [ -63.693139171250735, -32.89635807840336 ], [ -63.693206016064259, -32.896032661426119 ], [ -63.693121637938759, -32.895848892932399 ], [ -63.693062313848003, -32.895437467422973 ], [ -63.693050898419656, -32.895278253604431 ], [ -63.693012775676678, -32.895055130710531 ], [ -63.692792088354544, -32.894829124073937 ], [ -63.692515623928003, -32.894607321319377 ], [ -63.692286970715557, -32.894400269798872 ], [ -63.692249211364214, -32.894012661464572 ], [ -63.692209669625285, -32.893606752510188 ], [ -63.692195346620153, -32.89346991693067 ], [ -63.692044550919164, -32.893269635331251 ], [ -63.691900074846458, -32.893009589633422 ], [ -63.691888233415213, -32.892755590756629 ], [ -63.691971864493937, -32.892407719073127 ], [ -63.692097918318744, -32.892207981302647 ], [ -63.692201923337592, -32.892174599362939 ], [ -63.692449825832789, -32.892095030964818 ], [ -63.692701270598299, -32.891995244261828 ], [ -63.692829698707968, -32.891896860066758 ], [ -63.692993964092949, -32.891728304825882 ], [ -63.693193366693187, -32.891360169562631 ], [ -63.693297667935695, -32.891133371550502 ], [ -63.693485183662361, -32.890941603102135 ], [ -63.693805475449189, -32.890814164803842 ], [ -63.694075793501248, -32.890695351676015 ], [ -63.694438077181566, -32.89064315259315 ], [ -63.694640117092867, -32.890614041504158 ], [ -63.694885319733778, -32.890623932449749 ], [ -63.695246689826966, -32.890663762932597 ], [ -63.695706015655901, -32.890809809300592 ], [ -63.695939008966981, -32.890953795524823 ], [ -63.696370257907965, -32.891018337285907 ], [ -63.696855929124652, -32.891142014668766 ], [ -63.697253863104642, -32.891290133061887 ], [ -63.697450889995849, -32.891401274124767 ], [ -63.697710733268181, -32.891547848422789 ], [ -63.698133024509374, -32.891609837135746 ], [ -63.698451083264573, -32.891591325373433 ], [ -63.698679682436826, -32.891606783953982 ], [ -63.699156879074387, -32.89159286349885 ], [ -63.699652094494439, -32.891635395317067 ], [ -63.699891264531146, -32.891701143714677 ], [ -63.700093326765433, -32.891714007050503 ], [ -63.700328204492727, -32.891665226100422 ], [ -63.70093363687738, -32.891412242082033 ], [ -63.701135061422114, -32.891305072413708 ], [ -63.701449197894924, -32.891258586122476 ], [ -63.701710919156092, -32.891251491091715 ], [ -63.701938402910415, -32.891399248048316 ], [ -63.702108927342223, -32.891596521399222 ], [ -63.702319579222333, -32.891838293670489 ], [ -63.702538908722659, -32.891929251861491 ], [ -63.702903150079941, -32.891902101482714 ], [ -63.703399617220079, -32.891829481796762 ], [ -63.703646010397485, -32.891833433648614 ], [ -63.704063591947566, -32.891845077625497 ], [ -63.704503635610166, -32.891772915513727 ], [ -63.704869307702772, -32.89177085479799 ], [ -63.705227470551428, -32.891793938805208 ], [ -63.705740541546376, -32.891754687454039 ], [ -63.706182238505228, -32.891774556062735 ], [ -63.706706349519763, -32.891844308516596 ], [ -63.706998668061445, -32.891884927993523 ], [ -63.707274203272512, -32.891947571153324 ], [ -63.707913468149428, -32.891918850317765 ], [ -63.708441275421237, -32.891910378800013 ], [ -63.708690072937934, -32.891945181423687 ], [ -63.709019398569019, -32.892102591502045 ], [ -63.709206950662143, -32.892306395004354 ], [ -63.709311780978538, -32.892576600047626 ], [ -63.709446298904879, -32.892818936220358 ], [ -63.709693217029134, -32.8929657029975 ], [ -63.709908008650991, -32.893025156092293 ], [ -63.710239881923208, -32.892962599168342 ], [ -63.710514509363598, -32.892910832148367 ], [ -63.710910113533131, -32.892679478825123 ], [ -63.711164122083957, -32.892478505508436 ], [ -63.711291369150615, -32.892234826756656 ], [ -63.711491041413758, -32.891909798891554 ], [ -63.711698579310962, -32.891758862931731 ], [ -63.711933003819063, -32.891654229324921 ], [ -63.712329667852472, -32.89151794112734 ], [ -63.712722160019084, -32.891515416124221 ], [ -63.713218822336636, -32.891506957699072 ], [ -63.713403537440428, -32.891394237056147 ], [ -63.7139881512554, -32.891164681044273 ], [ -63.714354839762663, -32.890943869613267 ], [ -63.714521827128863, -32.89069721939461 ], [ -63.71460912631975, -32.890395046612241 ], [ -63.714742297038185, -32.89008424377112 ], [ -63.714825459608917, -32.889996627779404 ], [ -63.714989971360609, -32.889864399225168 ], [ -63.715224633833053, -32.889790488183259 ], [ -63.715490639284951, -32.889895151083607 ], [ -63.715725258523634, -32.890199377729253 ], [ -63.715855454154472, -32.890324293870464 ], [ -63.716067897693229, -32.890401273251861 ], [ -63.716359566836722, -32.890399602719441 ], [ -63.71658865192655, -32.890322258531221 ], [ -63.717014315450307, -32.890113076003274 ], [ -63.717372342206474, -32.890004982298279 ], [ -63.717583840731798, -32.889964670954178 ], [ -63.717806166141358, -32.890005233996554 ], [ -63.717973595202281, -32.890197020906371 ], [ -63.718131103053182, -32.890420171693052 ], [ -63.718094191868744, -32.890775149775664 ], [ -63.718022735337129, -32.890937578127328 ], [ -63.718073861070941, -32.891121520541567 ], [ -63.718197699492038, -32.891260465126258 ], [ -63.718420141355075, -32.891315020803482 ], [ -63.71907949795137, -32.891255397464704 ], [ -63.7198191336836, -32.891209735810136 ], [ -63.720007848237159, -32.891211390528582 ], [ -63.720216988860614, -32.891260537234025 ], [ -63.720429971957252, -32.891365350622252 ], [ -63.721181440398134, -32.89194286972257 ], [ -63.721357691298756, -32.892042410986839 ], [ -63.721672852362104, -32.89208531694986 ], [ -63.721948284393314, -32.89213393385031 ], [ -63.72247397177847, -32.892282239452982 ], [ -63.722790108887999, -32.89244517159468 ], [ -63.723002803649521, -32.892513769825698 ], [ -63.723318176929368, -32.892506607867368 ], [ -63.723499761492143, -32.892427361718021 ], [ -63.72365833515925, -32.892362242900354 ], [ -63.723830347214623, -32.892319264044126 ], [ -63.724047190395858, -32.892363726644462 ], [ -63.724486910755871, -32.892673690088543 ], [ -63.724750202833221, -32.892859285607585 ], [ -63.724919916452677, -32.892950491880825 ], [ -63.725271190923337, -32.892959563898081 ], [ -63.725572894648316, -32.892901835926637 ], [ -63.725899746700996, -32.892751915474619 ], [ -63.72638052184449, -32.892723010272086 ], [ -63.726571970443878, -32.892643702381108 ], [ -63.726743366667961, -32.892525412934219 ], [ -63.727132996815826, -32.892065170613812 ], [ -63.727352874918957, -32.891987484245007 ], [ -63.728132565793501, -32.891712003086667 ], [ -63.728711092906543, -32.891459041852912 ], [ -63.72905259371516, -32.891066073194267 ], [ -63.729244234555466, -32.890935687703013 ], [ -63.729636916117613, -32.890768638032171 ], [ -63.730652966326772, -32.890629541996752 ], [ -63.730851486829486, -32.890586398632287 ], [ -63.73111587813154, -32.890529596789527 ], [ -63.731328055270062, -32.890534992604017 ], [ -63.731573748255748, -32.890524448436402 ], [ -63.73186124308431, -32.890394814460642 ], [ -63.732213285865051, -32.890236073831097 ], [ -63.732469678305101, -32.890219135138807 ], [ -63.732659063474152, -32.890265058454304 ], [ -63.732954288566695, -32.890508158513619 ], [ -63.733169495483146, -32.890581918522024 ], [ -63.73337057264407, -32.890549865146482 ], [ -63.733694387546215, -32.890370799243883 ], [ -63.733951972817501, -32.890161968336237 ], [ -63.734216017810915, -32.890138344624994 ], [ -63.734399686137316, -32.890163956468903 ], [ -63.734852105020977, -32.890437147270049 ], [ -63.735044910704545, -32.890486365117809 ], [ -63.735659852816163, -32.890501792852206 ], [ -63.735866612681285, -32.890523227055823 ], [ -63.736309954474414, -32.890891108537616 ], [ -63.73657032304294, -32.89109372039848 ], [ -63.736825809267316, -32.89119060890873 ], [ -63.737114158533835, -32.891234643805916 ], [ -63.737764601663322, -32.891142946136164 ], [ -63.738079076700075, -32.891139791913474 ], [ -63.738520208712394, -32.891128386776892 ], [ -63.738793950818149, -32.891269887816478 ], [ -63.739315007582412, -32.891637587833117 ], [ -63.739555507716972, -32.891785775954261 ], [ -63.739929637019905, -32.891874021348869 ], [ -63.740128143431733, -32.891940654499685 ], [ -63.740525511063517, -32.8920794000881 ], [ -63.740817243751948, -32.892195975267946 ], [ -63.741028146547514, -32.892232957737221 ], [ -63.741393656554337, -32.892211458675852 ], [ -63.741630554893078, -32.892185816147354 ], [ -63.741932165029183, -32.892229472684619 ], [ -63.742102115095875, -32.892310122237284 ], [ -63.742422579596223, -32.892654905934407 ], [ -63.742582642467944, -32.892806883958428 ], [ -63.742963661972198, -32.892943987533187 ], [ -63.743161897113893, -32.892977579111722 ], [ -63.743459079411281, -32.892970618731745 ], [ -63.744084408590616, -32.892935447869739 ], [ -63.744428232828604, -32.892901517289353 ], [ -63.744799544544023, -32.892983561089558 ], [ -63.74518394340766, -32.893045039150941 ], [ -63.745592578447955, -32.893091800033091 ], [ -63.745887556663035, -32.89300578591623 ], [ -63.746235960175746, -32.892856116838189 ], [ -63.746570492535284, -32.892854119958109 ], [ -63.746986730908816, -32.892851634111246 ], [ -63.747603297872423, -32.89300378062299 ], [ -63.748036617303477, -32.893253792057138 ], [ -63.748748642091719, -32.893664601167679 ], [ -63.7490744339486, -32.893796101528721 ], [ -63.749221602814643, -32.893953197676801 ], [ -63.749502561940545, -32.894179752237633 ], [ -63.749754849372657, -32.894301816772817 ], [ -63.750020551108555, -32.894359150382279 ], [ -63.750241728652483, -32.894406875990271 ], [ -63.750525841174124, -32.894531553254886 ], [ -63.750805101469496, -32.894723229751989 ], [ -63.75159506345237, -32.894853974450712 ], [ -63.751995434614493, -32.895077595470198 ], [ -63.752232601934196, -32.895181682354696 ], [ -63.752852792175801, -32.895177949745019 ], [ -63.753179865066492, -32.895208377817646 ], [ -63.753506802764953, -32.895286457079813 ], [ -63.753977875738208, -32.895331646820843 ], [ -63.754252834717668, -32.895358022623554 ], [ -63.754498981207178, -32.895335436856406 ], [ -63.754722868570042, -32.895271054962031 ], [ -63.75500191566222, -32.89510284317015 ], [ -63.755213649932422, -32.894876418762664 ], [ -63.755466047805314, -32.894584322428742 ], [ -63.755707435453928, -32.894169760393936 ], [ -63.75588159990437, -32.893739342342847 ], [ -63.755985235025946, -32.893347799212371 ], [ -63.75601920237947, -32.892906126563986 ], [ -63.756017010648669, -32.892077159478958 ], [ -63.756026811054191, -32.891771905339247 ], [ -63.756258020305225, -32.891524056992061 ], [ -63.757152160068465, -32.89088443076016 ], [ -63.757318120550515, -32.890852918883013 ], [ -63.757459629547398, -32.890892401465386 ], [ -63.757673318447964, -32.891024101760046 ], [ -63.757755945903163, -32.891172605767018 ], [ -63.757806660713385, -32.891433371777723 ], [ -63.757889079490063, -32.89162057782147 ], [ -63.758144948339904, -32.891896235944522 ], [ -63.758358744677125, -32.892008520900248 ], [ -63.758514069288083, -32.892151414936336 ], [ -63.758563724431397, -32.892287512221259 ], [ -63.75856531227236, -32.892473821424041 ], [ -63.758484944281498, -32.892559148303484 ], [ -63.758150684021381, -32.892854268290364 ], [ -63.757910200985457, -32.89312020306896 ], [ -63.757911496609481, -32.893272351385974 ], [ -63.757945615007287, -32.893482289011487 ], [ -63.758070973883967, -32.893617927559276 ], [ -63.758254926691293, -32.893705433388632 ], [ -63.758416862015508, -32.893738487888299 ], [ -63.758605717670164, -32.893737342271976 ], [ -63.758761510587782, -32.893681938465065 ], [ -63.758972812760021, -32.893501144610326 ], [ -63.759154399206622, -32.893279560848534 ], [ -63.759317366127391, -32.89302304481177 ], [ -63.759335787535242, -32.89268748345625 ], [ -63.759373686098094, -32.892203303412224 ], [ -63.759622188610578, -32.891993918714526 ], [ -63.759845023500468, -32.891776117321051 ], [ -63.759816445622604, -32.891395081121694 ], [ -63.759736521648733, -32.891153402662852 ], [ -63.759536076870354, -32.890648231385995 ], [ -63.759531946352169, -32.890448322962769 ], [ -63.759676793745953, -32.890279151001266 ], [ -63.75991820088565, -32.890154522127681 ], [ -63.760101110092108, -32.890057351601726 ], [ -63.760360981937701, -32.890044426177141 ], [ -63.760697853916135, -32.890057000491595 ], [ -63.760895398905355, -32.890033233618823 ], [ -63.76116201401517, -32.88998975862237 ], [ -63.761431065170633, -32.88972717338401 ], [ -63.76147035823216, -32.889533429751545 ], [ -63.761379532060694, -32.889340352354829 ], [ -63.761251402802721, -32.889195657462778 ], [ -63.760962530527074, -32.889093414930116 ], [ -63.760738875055665, -32.888961906912456 ], [ -63.76071652770964, -32.888774337283259 ], [ -63.760763406901205, -32.888616979461112 ], [ -63.761142332995945, -32.888444238491168 ], [ -63.761358806427992, -32.888492084694477 ], [ -63.761663892089139, -32.888559515755269 ], [ -63.762001613732721, -32.888618264852532 ], [ -63.762534853516513, -32.888596483367216 ], [ -63.762756685276621, -32.888514955384025 ], [ -63.763087749873726, -32.888384983195593 ], [ -63.763376949862852, -32.888211270247972 ], [ -63.763605033950917, -32.887979437314257 ], [ -63.763859147974578, -32.887721144713524 ], [ -63.764152940406376, -32.887532606144383 ], [ -63.76447287181653, -32.887424464682539 ], [ -63.764656798691377, -32.88735291410223 ], [ -63.764952772621506, -32.887309881873712 ], [ -63.765559167350943, -32.887306171085136 ], [ -63.765781747597408, -32.88724971942041 ], [ -63.766052528657376, -32.887096787200207 ], [ -63.766293537507813, -32.886960668852588 ], [ -63.766426787034177, -32.886853212362595 ], [ -63.766572004436284, -32.88666663372824 ], [ -63.766730670226764, -32.886415050811102 ], [ -63.766839647794598, -32.886118516315776 ], [ -63.767000199857705, -32.885804647109381 ], [ -63.767039238059951, -32.885614180887885 ], [ -63.766997079834567, -32.885442491584456 ], [ -63.767034915734087, -32.885081219398174 ], [ -63.767102502746823, -32.884733631459952 ], [ -63.767234799235169, -32.884611296598464 ], [ -63.767514402095358, -32.884545415617993 ], [ -63.767742638952541, -32.884521071475334 ], [ -63.767963789692686, -32.884549716261709 ], [ -63.768305666757342, -32.884769988863027 ], [ -63.768749184641635, -32.885092754038922 ], [ -63.769077492888755, -32.885238731617335 ], [ -63.769408657868681, -32.88534107347796 ], [ -63.769718598499679, -32.885356562681444 ], [ -63.76995239130936, -32.885320330521623 ], [ -63.770350622739805, -32.885047350169422 ], [ -63.770567224212378, -32.885017021591111 ], [ -63.770843203389056, -32.885061711405363 ], [ -63.77111649235583, -32.885231218029958 ], [ -63.771579678893865, -32.885708277009684 ], [ -63.771600043111405, -32.885788830679907 ], [ -63.771671626324213, -32.885935376614881 ], [ -63.771971848717641, -32.886414321949964 ], [ -63.772377170581343, -32.887176129494506 ], [ -63.772450161913063, -32.887360484650799 ], [ -63.772627384907935, -32.887808095603958 ], [ -63.772805069906937, -32.88799313699284 ], [ -63.772969604787335, -32.888077967873194 ], [ -63.773222493697943, -32.888161495883558 ], [ -63.773419608065197, -32.888182085541729 ], [ -63.773580345939401, -32.888201891430775 ], [ -63.773668595499402, -32.888157602188947 ], [ -63.773785133060954, -32.888082378879027 ], [ -63.773875643818776, -32.888050303452125 ], [ -63.774313673132802, -32.888047591968807 ], [ -63.774448091795101, -32.888076888247248 ], [ -63.774689999523282, -32.888167666780319 ], [ -63.774959985347522, -32.888296215302674 ], [ -63.775315147913503, -32.888522563005864 ], [ -63.775449783512684, -32.88860836668659 ], [ -63.775839062337155, -32.888605952131996 ], [ -63.776096000033967, -32.888751689097333 ], [ -63.776487330845882, -32.889047016595235 ], [ -63.776810792132963, -32.889313644298767 ], [ -63.776927115034937, -32.889409528145961 ], [ -63.777181244599973, -32.889407948987881 ], [ -63.777309498939069, -32.889502284541621 ], [ -63.777721942527215, -32.88949972009592 ], [ -63.777888122325173, -32.889463641421443 ], [ -63.778418477030741, -32.889512404444794 ], [ -63.778561477535796, -32.889567611463185 ], [ -63.778720816938531, -32.889673519259567 ], [ -63.778846537128075, -32.889816698255828 ], [ -63.779095021936854, -32.890288510363312 ], [ -63.779244716409842, -32.890492679263843 ], [ -63.779439095352863, -32.890661650491325 ], [ -63.779606500962259, -32.890734604854003 ], [ -63.780107367024172, -32.890768417126075 ], [ -63.780551501483188, -32.890876705522366 ], [ -63.780742274238705, -32.890923218966257 ], [ -63.781001007907896, -32.89092160326075 ], [ -63.78124628882896, -32.890873249087178 ], [ -63.781486193971226, -32.890764976167638 ], [ -63.781750269047052, -32.890740004210741 ], [ -63.781905442507423, -32.890739034020207 ], [ -63.782125727653501, -32.890820226488472 ], [ -63.782340578097354, -32.890804133321403 ], [ -63.782672496092879, -32.890712300696705 ], [ -63.782977786190862, -32.890594917444673 ], [ -63.783477003070402, -32.890349501002405 ], [ -63.783571332983797, -32.89020053592246 ], [ -63.783635204172157, -32.89004987073168 ], [ -63.783866680344843, -32.889902819247787 ], [ -63.783958829889059, -32.88950640940358 ], [ -63.784160360737651, -32.88938551371843 ], [ -63.785016764533935, -32.889380140431797 ], [ -63.785240864574746, -32.889283052960721 ], [ -63.785419920282457, -32.889118931339539 ], [ -63.785451352334753, -32.888986747844307 ], [ -63.785593440062215, -32.888846557674505 ], [ -63.785696172911535, -32.888745196432417 ], [ -63.785899221869229, -32.888725004236001 ], [ -63.786067213494121, -32.888559060309397 ], [ -63.786473740828335, -32.888558269078729 ], [ -63.786511860272142, -32.888939238361132 ], [ -63.786570727852144, -32.889320581344926 ], [ -63.786953131982905, -32.889638118646147 ], [ -63.787130807935711, -32.88974478266563 ], [ -63.787367992368807, -32.889817413416516 ], [ -63.787815788801495, -32.890065076557114 ], [ -63.788671503982783, -32.890528629921562 ], [ -63.78915808181516, -32.890804281250823 ], [ -63.789287265435298, -32.890849856404323 ], [ -63.789582004013013, -32.890910648046393 ], [ -63.78964899528016, -32.891052043765285 ], [ -63.789730073215992, -32.891809411038686 ], [ -63.789874123587445, -32.892012089839149 ], [ -63.790035663004574, -32.892239374392403 ], [ -63.790041173495823, -32.892860181879577 ], [ -63.789871743068893, -32.893140351448864 ], [ -63.789732637508777, -32.893370374453028 ], [ -63.78973566338064, -32.893711385121591 ], [ -63.789803650118785, -32.893816216684243 ], [ -63.790030771452372, -32.893937439284606 ], [ -63.790154911360588, -32.894003696778306 ], [ -63.790907210908699, -32.89399894056983 ], [ -63.791216937126457, -32.893895650604428 ], [ -63.791663291708034, -32.893746794961181 ], [ -63.791784282967953, -32.89364687063388 ], [ -63.79266443395764, -32.893641294230065 ], [ -63.793168426906441, -32.893932954963269 ], [ -63.793674352939234, -32.894225730355537 ], [ -63.794039710033587, -32.894322248113987 ], [ -63.794281239516579, -32.894396728860869 ], [ -63.79447627175788, -32.894423475349356 ], [ -63.794665935475656, -32.894422270115562 ], [ -63.795160424598336, -32.894674273881797 ], [ -63.795526967068284, -32.894899230284423 ], [ -63.795651979891922, -32.894989576922704 ], [ -63.795933556544938, -32.89502270373513 ], [ -63.796153469243635, -32.895180140463701 ], [ -63.796354063274194, -32.895406655165651 ], [ -63.796403062911338, -32.895673592249054 ], [ -63.796410620221586, -32.895885830709396 ], [ -63.796379312076645, -32.896090500933383 ], [ -63.796256525456521, -32.896219108698254 ], [ -63.79606089534596, -32.896427220330708 ], [ -63.795828312711507, -32.896540516931438 ], [ -63.795361265018364, -32.896616982264156 ], [ -63.795197874821149, -32.896694540481654 ], [ -63.795118771578814, -32.896827407505974 ], [ -63.795138099219642, -32.897030494794585 ], [ -63.79523952674198, -32.89710435173734 ], [ -63.795480838182229, -32.89718362175909 ], [ -63.796183208191025, -32.897179151214686 ], [ -63.796309540081964, -32.89720570191551 ], [ -63.79648303110384, -32.897353600847602 ], [ -63.796687121603206, -32.897638963046326 ], [ -63.796869194791519, -32.897962787718555 ], [ -63.796939991562908, -32.89816617691833 ], [ -63.797047309569678, -32.898474484586529 ], [ -63.797173522404989, -32.898609556981675 ], [ -63.797293776150831, -32.898709260710319 ], [ -63.797563693617953, -32.898762879926487 ], [ -63.797800202170286, -32.898726452171609 ], [ -63.79810465140303, -32.898664756318944 ], [ -63.798208110310973, -32.89866422193105 ], [ -63.798493761840234, -32.898759716946188 ], [ -63.798785234426234, -32.898663183461025 ], [ -63.799074632500513, -32.898575738938909 ], [ -63.799452982074449, -32.898552520290359 ], [ -63.799633168373347, -32.898541462167621 ], [ -63.799898164951841, -32.898680650175336 ], [ -63.800017590254861, -32.898717830388065 ], [ -63.800386966882492, -32.898715466358297 ], [ -63.800505984589591, -32.898587509043779 ], [ -63.800573573590711, -32.898553165929521 ], [ -63.801499917899456, -32.898585553593961 ], [ -63.802098603363198, -32.898704875732591 ], [ -63.802769917135969, -32.898840620835756 ], [ -63.803693493985975, -32.898834687503573 ], [ -63.803992340945449, -32.898869071661778 ], [ -63.804333700487284, -32.898986381723979 ], [ -63.804505315347697, -32.899133525035239 ], [ -63.804611050160275, -32.899354837621175 ], [ -63.804619718076246, -32.89962808153718 ], [ -63.804713762129701, -32.899867495932071 ], [ -63.804877899140962, -32.899932369160858 ], [ -63.805044931906451, -32.899959909549437 ], [ -63.805219638213082, -32.899912394159976 ], [ -63.805364285330796, -32.899848180018466 ], [ -63.805437698708765, -32.89965369964343 ], [ -63.805596506515435, -32.899232996745162 ], [ -63.805862352941752, -32.899030870542049 ], [ -63.806231884739219, -32.898807629819565 ], [ -63.806496806472019, -32.898755370890811 ], [ -63.80676722660003, -32.898774678420892 ], [ -63.807042052846207, -32.89883417029688 ], [ -63.807858695842128, -32.899188043356936 ], [ -63.808335655143779, -32.899342284406394 ], [ -63.808535920686992, -32.899379942250029 ], [ -63.808652041900729, -32.89937919126568 ], [ -63.808786248006676, -32.899322730420693 ], [ -63.808926849029369, -32.899258412295389 ], [ -63.809168520895398, -32.899256848470017 ], [ -63.80932664430712, -32.899282423827962 ], [ -63.809509490660005, -32.899389652302759 ], [ -63.809739184942408, -32.899493047407191 ], [ -63.810003901342874, -32.899595837013536 ], [ -63.810159662741533, -32.899628233887519 ], [ -63.810412381897549, -32.899626596063911 ], [ -63.810621457010846, -32.899566370371019 ], [ -63.81103502159548, -32.899563688348302 ], [ -63.811665755087169, -32.899738349326903 ], [ -63.812266273903774, -32.899938163400847 ], [ -63.812359641046342, -32.89996922964383 ], [ -63.812931232724274, -32.899965514461819 ], [ -63.813057053848382, -32.899964696309624 ], [ -63.81321022070474, -32.899860424882874 ], [ -63.81344003929761, -32.899858929880921 ], [ -63.81376232645836, -32.900039746605636 ], [ -63.814285548644179, -32.900036340038007 ], [ -63.814422454987344, -32.899892495581163 ], [ -63.814512260812585, -32.899724880248968 ], [ -63.814690287108618, -32.899599172462047 ], [ -63.814919591931748, -32.89957107930482 ], [ -63.815138213646215, -32.899612136592154 ], [ -63.815410293441658, -32.899782687284684 ], [ -63.815571840160587, -32.899916896625122 ], [ -63.815836971391711, -32.900005300185612 ], [ -63.815947171911226, -32.900042044480955 ], [ -63.816489187197966, -32.900023859580536 ], [ -63.817172874132083, -32.900000918161496 ], [ -63.81764895341172, -32.899975562823272 ], [ -63.818010358106875, -32.89989693216674 ], [ -63.818333454163131, -32.899813130609481 ], [ -63.81851959259177, -32.899691146139624 ], [ -63.818789250372951, -32.899568488409223 ], [ -63.81901175428014, -32.899533498964558 ], [ -63.819216559321895, -32.899566193552246 ], [ -63.819376654012522, -32.899659185644431 ], [ -63.819549429201487, -32.899812477410748 ], [ -63.819727408293325, -32.899970385432816 ], [ -63.819917739449529, -32.900044913408991 ], [ -63.820204716839335, -32.900076689274698 ], [ -63.820476594087346, -32.900106792531481 ], [ -63.82080901305654, -32.900274798533921 ], [ -63.821011889819268, -32.900273466473728 ], [ -63.821174479435641, -32.90019852723205 ], [ -63.821253114483078, -32.900077244758165 ], [ -63.82125221631226, -32.899979931935611 ], [ -63.821173782593753, -32.899685087295651 ], [ -63.821256405514454, -32.899587225880637 ], [ -63.821379420013585, -32.899515949956822 ], [ -63.8215627907189, -32.899561639678389 ], [ -63.822004937033348, -32.899823838820197 ], [ -63.822148642882205, -32.899863233297879 ], [ -63.822259470082422, -32.899785229386048 ], [ -63.822445447982282, -32.899646474127245 ], [ -63.822742975233012, -32.899537113062266 ], [ -63.823269083472205, -32.899496588141751 ], [ -63.823508371216256, -32.899528544380914 ], [ -63.823724053950293, -32.899600995038476 ], [ -63.823949788245557, -32.899478615614967 ], [ -63.824151348140397, -32.899306223061835 ], [ -63.8245026121444, -32.899005787436664 ], [ -63.824762309301704, -32.898914936469957 ], [ -63.825020793809138, -32.898896086874252 ], [ -63.82513653756439, -32.898970959369358 ], [ -63.825372332039343, -32.899033063560125 ], [ -63.825464305308863, -32.899057287585279 ], [ -63.825527203025132, -32.89934656199712 ], [ -63.825819835507168, -32.899465143304532 ], [ -63.825930659940134, -32.899510051610086 ], [ -63.826203905435392, -32.899652200854511 ], [ -63.826406052858097, -32.899688556950487 ], [ -63.826566610789342, -32.899772586406769 ], [ -63.826902520086861, -32.900053749131565 ], [ -63.827431228562105, -32.900408641077931 ], [ -63.82774648231802, -32.900409453709898 ], [ -63.828544414663462, -32.900335213357714 ], [ -63.828736860540914, -32.900371125706627 ], [ -63.828904742627678, -32.900431152092125 ], [ -63.829116940091815, -32.900562612750853 ], [ -63.829427519404234, -32.900611102968874 ], [ -63.829698263653967, -32.900577413270504 ], [ -63.829965130250685, -32.900474667630775 ], [ -63.830238140131932, -32.90033734008248 ], [ -63.830459795078269, -32.900298301992713 ], [ -63.830703018070864, -32.900347236425041 ], [ -63.831003759719422, -32.900467516449453 ], [ -63.831216850998139, -32.90060779179872 ], [ -63.831309527468022, -32.900750758388384 ], [ -63.831419042662702, -32.90099446122295 ], [ -63.831521173360429, -32.901139885976626 ], [ -63.83169592596073, -32.901271591225253 ], [ -63.831873588369142, -32.901311000680963 ], [ -63.832025006364788, -32.901309993104611 ], [ -63.83217543457954, -32.901231969057115 ], [ -63.832347752071151, -32.901103248903702 ], [ -63.832406122469266, -32.90094868847865 ], [ -63.832294610198609, -32.900808621443701 ], [ -63.832246022882956, -32.900684019059696 ], [ -63.832244922845632, -32.900566412061615 ], [ -63.832353995563643, -32.900416934732966 ], [ -63.83251397147086, -32.900322837054027 ], [ -63.832873287505372, -32.900310233075835 ], [ -63.833288288402109, -32.900295674512421 ], [ -63.833622358840756, -32.900169221726841 ], [ -63.834279482608295, -32.900164838603622 ], [ -63.834645020377131, -32.900356027594803 ], [ -63.83516051307668, -32.900218078863325 ], [ -63.83552552684386, -32.900095000358327 ], [ -63.835667910943023, -32.900046989674586 ], [ -63.836027544887159, -32.89998575381383 ], [ -63.837003393920241, -32.899979224740157 ], [ -63.83739922402674, -32.900067589747088 ], [ -63.837876862264274, -32.900230915395042 ], [ -63.838161218467114, -32.90038418965753 ], [ -63.838311896245969, -32.900562185051491 ], [ -63.838407880529218, -32.900675570639677 ], [ -63.838571593921216, -32.900957785483314 ], [ -63.838748005011162, -32.901092873285691 ], [ -63.839193985600716, -32.901241278944269 ], [ -63.839419218073246, -32.901324605484909 ], [ -63.83962928752878, -32.901485686560612 ], [ -63.839954814976444, -32.901832308674464 ], [ -63.840127085337379, -32.901927965441473 ], [ -63.840236624045744, -32.902142918375922 ], [ -63.840292177363395, -32.902347644997178 ], [ -63.840574971934757, -32.902505588339039 ], [ -63.840685550818954, -32.902174567050125 ], [ -63.84073120055583, -32.902037912433805 ], [ -63.840727178917383, -32.901612310631684 ], [ -63.840847189434363, -32.901458718558487 ], [ -63.841221428610204, -32.901285767633169 ], [ -63.841499141056516, -32.901157424427161 ], [ -63.841721087254584, -32.900984146208735 ], [ -63.841788910328852, -32.90080518828794 ], [ -63.841784395056202, -32.900612724707457 ], [ -63.841778692230761, -32.900351692344024 ], [ -63.8419701977408, -32.900173792428376 ], [ -63.842342600500466, -32.900120733840154 ], [ -63.842582050952913, -32.900055207823492 ], [ -63.84275461785731, -32.899926219660898 ], [ -63.842863836630542, -32.899708785864817 ], [ -63.842826406761155, -32.899426663239929 ], [ -63.84271769742206, -32.899299570917314 ], [ -63.842636140386794, -32.898995306902236 ], [ -63.842656800825395, -32.898502524148554 ], [ -63.84271813712806, -32.898293354942588 ], [ -63.842974489944211, -32.897993242173662 ], [ -63.843300385472496, -32.89766795204207 ], [ -63.843699121019078, -32.897409611822958 ], [ -63.843938538058367, -32.897341436217879 ], [ -63.844052230846252, -32.897340668767015 ], [ -63.844243969694695, -32.897557710638431 ], [ -63.844391660215628, -32.897817658052325 ], [ -63.844514307907573, -32.897937091183103 ], [ -63.844654034859659, -32.898010774998362 ], [ -63.844979489576403, -32.898008575947244 ], [ -63.845450226557411, -32.89798408956495 ], [ -63.846064823439114, -32.898014472702044 ], [ -63.84636439559236, -32.898265448059639 ], [ -63.846610947174021, -32.89829579813965 ], [ -63.84698058713456, -32.898293294672527 ], [ -63.847131102415226, -32.898169744433886 ], [ -63.847224339633513, -32.898001326533937 ], [ -63.847274936113237, -32.897684068283858 ], [ -63.847406173612598, -32.897431940860272 ], [ -63.847547460270569, -32.897329756847974 ], [ -63.847917401203809, -32.897359267904456 ], [ -63.848095369649783, -32.897459161162729 ], [ -63.848138300530998, -32.89766661718614 ], [ -63.848147405788914, -32.898197899190329 ], [ -63.848270764275526, -32.898532634566429 ], [ -63.848437393714235, -32.898771144368631 ], [ -63.848615185405315, -32.89882389152374 ], [ -63.848789061240495, -32.898833300305682 ], [ -63.848974762728396, -32.898754890663426 ], [ -63.849115362789647, -32.89858072919688 ], [ -63.8492074634907, -32.898321806366909 ], [ -63.849229789637064, -32.898007386679197 ], [ -63.849263744153475, -32.897866851057508 ], [ -63.84945833848176, -32.897732409578836 ], [ -63.849804382700697, -32.897572861034277 ], [ -63.850117623495763, -32.897533291760062 ], [ -63.850434003082867, -32.897568454042791 ], [ -63.850662558890271, -32.897689303688928 ], [ -63.850905423735298, -32.897954016243112 ], [ -63.851109905581367, -32.898121166902783 ], [ -63.851552286709641, -32.89811815473918 ], [ -63.851774879299938, -32.898263120415898 ], [ -63.852028801911494, -32.898428489009653 ], [ -63.852376026492507, -32.898576695180857 ], [ -63.8529483017413, -32.898829198746689 ], [ -63.853315578209589, -32.898917203815365 ], [ -63.853578335264579, -32.898979322715931 ], [ -63.854055475352688, -32.898976064348005 ], [ -63.854482737528556, -32.898885281158428 ], [ -63.854800949355287, -32.898773937962261 ], [ -63.855134761141343, -32.898659840005372 ], [ -63.855833899217892, -32.898655056321893 ], [ -63.856052127254152, -32.898653562348571 ], [ -63.856158892049443, -32.898604676353663 ], [ -63.856274922705971, -32.898510723360616 ], [ -63.856320545994897, -32.898323968030788 ], [ -63.856895480327317, -32.898320029034139 ], [ -63.857082220644514, -32.898238448797947 ], [ -63.857080117825902, -32.898020127151661 ], [ -63.857501534857214, -32.897798901587649 ], [ -63.85783331495827, -32.897670439559903 ], [ -63.858004749944548, -32.897426849702242 ], [ -63.85805228006361, -32.897130912628505 ], [ -63.858080069566505, -32.896957885815269 ], [ -63.858336433286375, -32.89675784136687 ], [ -63.858547921242199, -32.896756389350635 ], [ -63.85876642667737, -32.896784134718416 ], [ -63.858998251120802, -32.896907719920868 ], [ -63.859296217763891, -32.896849575747474 ], [ -63.859532296759703, -32.896744079556854 ], [ -63.859736378888854, -32.896617498787805 ], [ -63.859937163168006, -32.896456399909383 ], [ -63.860157589894008, -32.896404207549566 ], [ -63.860420432966421, -32.896447654635722 ], [ -63.860791661173572, -32.896610238156825 ], [ -63.861320646239705, -32.896926409591359 ], [ -63.861688592616197, -32.897083592427549 ], [ -63.861954258087778, -32.897197080903766 ], [ -63.862211022374034, -32.897195310543921 ], [ -63.862412905489535, -32.897147931584115 ], [ -63.862697484717145, -32.897015244122905 ], [ -63.862910487936723, -32.896808800663578 ], [ -63.86298784975699, -32.896645775353115 ], [ -63.862978853575186, -32.89638489317722 ], [ -63.86299502105696, -32.896079464176481 ], [ -63.863005281285517, -32.895831685373963 ], [ -63.863092588512608, -32.89572191473912 ], [ -63.863275693380928, -32.895683336894876 ], [ -63.863446563625494, -32.895716697496404 ], [ -63.863729428125211, -32.895879882465572 ], [ -63.863925934117823, -32.895945084561198 ], [ -63.864027770552475, -32.895944380881538 ], [ -63.86422908524581, -32.895838863989781 ], [ -63.864404482526332, -32.895672512900113 ], [ -63.864541737222147, -32.895490415680193 ], [ -63.864555370479692, -32.895285221739869 ], [ -63.864418051178454, -32.894794915168859 ], [ -63.864416655441751, -32.894651216362838 ], [ -63.864566828952071, -32.89449562846081 ], [ -63.864762064769906, -32.894430365912598 ], [ -63.864914127502992, -32.894469275186331 ], [ -63.865047901800601, -32.894566928720202 ], [ -63.86525699311332, -32.894956898396863 ], [ -63.865384484987111, -32.895294991496733 ], [ -63.865559986927551, -32.895472151636625 ], [ -63.86574465254813, -32.895658560989951 ], [ -63.865834788050229, -32.89580317350886 ], [ -63.866232973041491, -32.895800415544429 ], [ -63.866528506807647, -32.895825344596794 ], [ -63.866851574572635, -32.895910969037999 ], [ -63.867116941686866, -32.895909128994752 ], [ -63.867418893460865, -32.895763200147002 ], [ -63.867733445910559, -32.895638613326653 ], [ -63.867962154481681, -32.895607527863341 ], [ -63.868408039408251, -32.895633677764131 ], [ -63.868954693862428, -32.89588099133455 ], [ -63.86921507729091, -32.8960309576631 ], [ -63.86938450510322, -32.896219752066465 ], [ -63.869634266269472, -32.896550813432668 ], [ -63.869695704707432, -32.896689556271603 ], [ -63.869758749865618, -32.896992670049805 ], [ -63.869855772540902, -32.897160915399191 ], [ -63.870224465364238, -32.897392821285756 ], [ -63.870450907475039, -32.897570376169675 ], [ -63.870504859561215, -32.897612680219709 ], [ -63.870660560499864, -32.897987057113745 ], [ -63.870776223717407, -32.898160088224408 ], [ -63.871155325440633, -32.89846377290467 ], [ -63.871483021800969, -32.898772983168911 ], [ -63.871887455512137, -32.898994171888027 ], [ -63.872147607111799, -32.899119047603492 ], [ -63.872556199972315, -32.899187042388903 ], [ -63.872914072682306, -32.899303166637445 ], [ -63.873151935821959, -32.899490343343032 ], [ -63.873358267374442, -32.899731567389921 ], [ -63.87352173202391, -32.900024901166773 ], [ -63.873727968054006, -32.900256166503667 ], [ -63.874006787293183, -32.900497891303267 ], [ -63.874232402559372, -32.900644560229679 ], [ -63.874476627179099, -32.900683317456711 ], [ -63.875036486355278, -32.900679400321152 ], [ -63.875209593695409, -32.900637471333354 ], [ -63.875599678690747, -32.900439221309071 ], [ -63.875821907684482, -32.900268996775758 ], [ -63.876039635449352, -32.900024806298191 ], [ -63.876326545514893, -32.899938461643906 ], [ -63.876820391897695, -32.899934999238567 ], [ -63.877130020412707, -32.900021447425537 ], [ -63.877359146611688, -32.900141235319843 ], [ -63.877544822807081, -32.900308474114013 ], [ -63.878023372349979, -32.900775191093949 ], [ -63.878437192962892, -32.900798378599653 ], [ -63.878571576624914, -32.900709696759563 ], [ -63.878665722680964, -32.900557259223369 ], [ -63.878737025425153, -32.900383552015484 ], [ -63.878759867401293, -32.900131902286461 ], [ -63.878840468600956, -32.899944893384593 ], [ -63.879023168604142, -32.899646990426888 ], [ -63.879197142859624, -32.899584123935036 ], [ -63.879380149011261, -32.899590022298575 ], [ -63.879500159246625, -32.899655737691916 ], [ -63.879670327183305, -32.899780222092978 ], [ -63.880860620263618, -32.899771841698048 ], [ -63.881013163298093, -32.89969437469194 ], [ -63.881124651908394, -32.899579631041043 ], [ -63.88117614177267, -32.899391943409825 ], [ -63.881172054919823, -32.898979252662649 ], [ -63.881212856578379, -32.89882781947459 ], [ -63.881366608686569, -32.89873660301199 ], [ -63.881479013401091, -32.898669916467696 ], [ -63.881704103809668, -32.8986986746051 ], [ -63.881881920209672, -32.898752004378572 ], [ -63.882132207447583, -32.898750238743794 ], [ -63.882318522034915, -32.898682364541543 ], [ -63.88255049440788, -32.898545465236353 ], [ -63.882782014532758, -32.898408831983886 ], [ -63.882973583852596, -32.898336118276205 ], [ -63.883191540118112, -32.898334578852889 ], [ -63.883312776599865, -32.898333722396131 ], [ -63.88347624161711, -32.898379839828458 ], [ -63.883663008861255, -32.898466257521505 ], [ -63.884054199086243, -32.898463492114189 ], [ -63.884183518157087, -32.898462577660901 ], [ -63.884374425520562, -32.898423283484938 ], [ -63.884579186888146, -32.898341156765632 ], [ -63.884872395742107, -32.898212265926993 ], [ -63.885067812066616, -32.898165879444718 ], [ -63.885263675864977, -32.89816449280012 ], [ -63.885460077743907, -32.898217181644114 ], [ -63.885743497300396, -32.898404263668645 ], [ -63.886222247454995, -32.898720277902633 ], [ -63.886804028905267, -32.8991042956402 ], [ -63.887248592435043, -32.899354040553611 ], [ -63.887420181490334, -32.899403876919074 ], [ -63.887716031592959, -32.899431778874181 ], [ -63.888044721458691, -32.899510501025368 ], [ -63.888392303385466, -32.899727249408258 ], [ -63.88865906889572, -32.899918350853234 ], [ -63.88887873188115, -32.899817580434494 ], [ -63.889128514424819, -32.899845932595987 ], [ -63.889343513921013, -32.899979539327731 ], [ -63.889516695586778, -32.900188448664217 ], [ -63.889646981027141, -32.900391738190763 ], [ -63.889805709598043, -32.900475446719227 ], [ -63.890258457401444, -32.900511302157014 ], [ -63.89047404675064, -32.900326602277744 ], [ -63.891280351585138, -32.899641521874628 ], [ -63.891437152725977, -32.899640403985785 ], [ -63.891658677803264, -32.899698954738284 ], [ -63.891790806391647, -32.899733877097873 ], [ -63.891943734024366, -32.899751883435385 ], [ -63.892123480777563, -32.899674461010264 ], [ -63.892281906389492, -32.899620385453382 ], [ -63.892467647535021, -32.899657129719458 ], [ -63.892694118921497, -32.899725223847803 ], [ -63.89286867642943, -32.899882560295502 ], [ -63.893068586557312, -32.900069213329772 ], [ -63.893144825389633, -32.900140396067307 ], [ -63.893609462903107, -32.900161027830883 ], [ -63.893868903682794, -32.900292292096353 ], [ -63.894370581007088, -32.900612173072886 ], [ -63.894832660908719, -32.900825563000879 ], [ -63.895933245883739, -32.900817680980126 ], [ -63.896126438073807, -32.90073776134281 ], [ -63.896484351181478, -32.900479924995345 ], [ -63.896800503108473, -32.900356136305604 ], [ -63.89707685509417, -32.900320243739877 ], [ -63.897513314493878, -32.900317111312113 ], [ -63.897769019313792, -32.900371245840226 ], [ -63.898283311849745, -32.900551472555385 ], [ -63.898858763582389, -32.90075312826135 ], [ -63.899283265427485, -32.900904309820056 ], [ -63.8995877111509, -32.900902119609121 ], [ -63.89996439433213, -32.900849363095389 ], [ -63.900310196304382, -32.900753715508536 ], [ -63.900653464276132, -32.900647370174454 ], [ -63.900787186370714, -32.900605942390328 ], [ -63.901269487614606, -32.900602466540612 ], [ -63.901550531057246, -32.900657418441739 ], [ -63.901871409426725, -32.900708175190616 ], [ -63.902232163081862, -32.900705572352564 ], [ -63.902455563206715, -32.900682403841543 ], [ -63.902704392719905, -32.900616191134866 ], [ -63.903025445254102, -32.900604418200992 ], [ -63.903167958485326, -32.900682049836533 ], [ -63.903427145726866, -32.900521468451807 ], [ -63.903723914737803, -32.900479867064796 ], [ -63.903958965275073, -32.900542710218147 ], [ -63.9041538999099, -32.900661561285808 ], [ -63.904619457479107, -32.900658193593927 ], [ -63.904755856716797, -32.900558376054676 ], [ -63.905250460854461, -32.900576351966407 ], [ -63.905363595052968, -32.900652807144645 ], [ -63.906132629598872, -32.900684549390476 ], [ -63.906679482126613, -32.900647305136623 ], [ -63.907061679371942, -32.900475235166631 ], [ -63.907280447697744, -32.900473647799373 ], [ -63.907791068274626, -32.900608984718076 ], [ -63.908075790069852, -32.900627968962631 ], [ -63.908568019485038, -32.900624392841337 ], [ -63.908711042401904, -32.900540406368854 ], [ -63.90886401970311, -32.90042861432341 ], [ -63.909005952480385, -32.90036984730375 ], [ -63.909481016006396, -32.90040042841845 ], [ -63.909721538415894, -32.900471036568312 ], [ -63.909959417184282, -32.900540868076781 ], [ -63.910187474800274, -32.900557525666507 ], [ -63.910420950127282, -32.900518638242808 ], [ -63.910578816196072, -32.900437188808731 ], [ -63.910808204079444, -32.900209619685818 ], [ -63.910962189588417, -32.900170301843985 ], [ -63.911138552827289, -32.900185026226957 ], [ -63.911317998896592, -32.900237671732434 ], [ -63.911754777672805, -32.900449922549363 ], [ -63.911886040524145, -32.900513708680016 ], [ -63.912185779149674, -32.900545230970806 ], [ -63.913553200614771, -32.900520749900785 ], [ -63.913849305335077, -32.900414965222716 ], [ -63.914048944391602, -32.900413505832475 ], [ -63.914357415562634, -32.900514870924383 ], [ -63.915079201496958, -32.90085146270895 ], [ -63.915382378666663, -32.900935593873584 ], [ -63.915577388832567, -32.900981690241061 ], [ -63.916028128498162, -32.900978388556176 ], [ -63.916383160800443, -32.901152773888874 ], [ -63.916963516275125, -32.901437830128025 ], [ -63.917465348515954, -32.901607978474601 ], [ -63.918312304168083, -32.901800303457229 ], [ -63.918523310069993, -32.90175122909973 ], [ -63.918884487534193, -32.901528475785788 ], [ -63.919157616635097, -32.901181192062545 ], [ -63.919426468911112, -32.900941719769406 ], [ -63.91975947153319, -32.900939270417254 ], [ -63.920012854038184, -32.90097585414221 ], [ -63.920229904239818, -32.901172799877365 ], [ -63.920506645355594, -32.901423905756552 ], [ -63.920698616591736, -32.901598092990575 ], [ -63.921003874614613, -32.901732601878251 ], [ -63.921638901932596, -32.901727922189288 ], [ -63.922147217554908, -32.901690137993896 ], [ -63.922491668346531, -32.901804075489942 ], [ -63.923399564993375, -32.902129538795812 ], [ -63.923691966202647, -32.902160784446465 ], [ -63.924221273315702, -32.902120441587023 ], [ -63.924643775276543, -32.90208823759707 ], [ -63.92510402240282, -32.902280940961262 ], [ -63.92572001905824, -32.902492698607304 ], [ -63.926321856711233, -32.902482946343646 ], [ -63.92683840132689, -32.902458948568757 ], [ -63.927169817072979, -32.902510570494066 ], [ -63.927347051670999, -32.902582370190068 ], [ -63.927489358603403, -32.902689599214263 ], [ -63.927638497436469, -32.90283182177825 ], [ -63.927960998797722, -32.902829428422784 ], [ -63.928217018624686, -32.902730588491949 ], [ -63.928570118957211, -32.902594268100444 ], [ -63.928816618327964, -32.902661214922176 ], [ -63.929201512226001, -32.902802314163971 ], [ -63.929469526952552, -32.902949071449513 ], [ -63.929667378555621, -32.903137066956447 ], [ -63.92986139122057, -32.903321413666724 ], [ -63.930068831523819, -32.903366911899383 ], [ -63.930545321173682, -32.903274116446823 ], [ -63.930838093178714, -32.903365976895181 ], [ -63.931110790217126, -32.903625014241257 ], [ -63.931422227037594, -32.90387808969605 ], [ -63.931784461263604, -32.904015820029819 ], [ -63.932025523916472, -32.904083985789349 ], [ -63.932731695052496, -32.904078719163046 ], [ -63.933739894806614, -32.904071193093188 ], [ -63.934171821526874, -32.90409683381386 ], [ -63.93452455518841, -32.904176135827228 ], [ -63.934895753122241, -32.904294503063859 ], [ -63.935452948909045, -32.90454825141309 ], [ -63.936054623488751, -32.904829145032203 ], [ -63.936438291944569, -32.904826271726144 ], [ -63.937001944407065, -32.905078325938518 ], [ -63.93741354797654, -32.905194870049314 ], [ -63.937855532242487, -32.905228238195392 ], [ -63.938108797543684, -32.905226337954169 ], [ -63.938510016191252, -32.905150086420754 ], [ -63.938819760238985, -32.905010482720598 ], [ -63.939251926646421, -32.905007236558248 ], [ -63.939531659062247, -32.905087703082138 ], [ -63.939812119938281, -32.905262581510875 ], [ -63.940088613000448, -32.905434984542005 ], [ -63.940393997536468, -32.905529736375669 ], [ -63.940601851928569, -32.905565233931092 ], [ -63.940811739442481, -32.905563654568439 ], [ -63.941049724198628, -32.905467193240582 ], [ -63.941125953326498, -32.905436295480058 ], [ -63.941538237107594, -32.90546666645529 ], [ -63.941863024236547, -32.905577546711704 ], [ -63.942333784821479, -32.905605387709016 ], [ -63.942955501946336, -32.905613683814003 ], [ -63.944484606384826, -32.905634915988472 ], [ -63.945559763668435, -32.905714525343811 ], [ -63.945772485586645, -32.905730275091578 ], [ -63.946749306363529, -32.905756197977283 ], [ -63.947453222476618, -32.905588753707747 ], [ -63.948082226809845, -32.905572891878208 ], [ -63.949720024230807, -32.905704797502885 ], [ -63.950484757643402, -32.905656629848153 ], [ -63.950775052528442, -32.90556454261074 ], [ -63.951155816828695, -32.905289863865299 ], [ -63.951433698095009, -32.905322163327071 ], [ -63.95168382899768, -32.90543030857291 ], [ -63.95208684213523, -32.905699022221839 ], [ -63.952409351624063, -32.905696565616104 ], [ -63.952973365698639, -32.905575285090897 ], [ -63.953190176654722, -32.905566068651417 ], [ -63.953561915697087, -32.905681854801685 ], [ -63.954163703987206, -32.905992535508744 ], [ -63.954930507997958, -32.905986680510772 ], [ -63.955273495103008, -32.905984060080719 ], [ -63.955558592202131, -32.906035582141023 ], [ -63.955800468724703, -32.906079292923529 ], [ -63.9559911998441, -32.906223505423483 ], [ -63.956148183291347, -32.90634220060516 ], [ -63.956961100226053, -32.906335980417339 ], [ -63.957257723278389, -32.906356637947511 ], [ -63.957557405726234, -32.906461240409591 ], [ -63.957870225254403, -32.906634695464795 ], [ -63.95820873273717, -32.906822392546424 ], [ -63.958432849678289, -32.906809764408216 ], [ -63.95867306424956, -32.906721698528138 ], [ -63.958947492166246, -32.90673295592115 ], [ -63.959181913172102, -32.906857341984413 ], [ -63.959405646651071, -32.907040048617084 ], [ -63.959653492646822, -32.90705995436474 ], [ -63.960120057532855, -32.907022462161407 ], [ -63.960412772557895, -32.906930460086734 ], [ -63.960603775242404, -32.906751880461449 ], [ -63.961112581356453, -32.906334624145792 ], [ -63.961247836576575, -32.906333584209506 ], [ -63.961524694153198, -32.906370281070487 ], [ -63.961692811221795, -32.906492777250001 ], [ -63.961827354085223, -32.906600278450476 ], [ -63.962196478292853, -32.907195332853092 ], [ -63.962399842679744, -32.907337726078282 ], [ -63.962654218524172, -32.90738820777247 ], [ -63.962850339051961, -32.907334257086511 ], [ -63.963004811320808, -32.90724142278129 ], [ -63.963017004583392, -32.906948999477464 ], [ -63.963098146648065, -32.906778069505641 ], [ -63.963335665522415, -32.906715227157257 ], [ -63.963617984271387, -32.906783265807647 ], [ -63.964318067564982, -32.907358240100457 ], [ -63.96453128211877, -32.907439541589795 ], [ -63.964717731679983, -32.907438102872952 ], [ -63.96503289501608, -32.907378944066011 ], [ -63.965285566631259, -32.907272238797248 ], [ -63.965552885316541, -32.907099995615937 ], [ -63.965822395079392, -32.907080013409761 ], [ -63.966348922919593, -32.907130401581313 ], [ -63.96685316633188, -32.907262519611194 ], [ -63.967421695965243, -32.907359219958529 ], [ -63.967699142131586, -32.907406409338122 ], [ -63.968458763742781, -32.907475987744711 ], [ -63.968808580052439, -32.907407222665398 ], [ -63.969392779029079, -32.90723541451132 ], [ -63.970590691085931, -32.90693026081113 ], [ -63.971295276870208, -32.906827597466112 ], [ -63.971458822938324, -32.906826326657765 ], [ -63.971759130518961, -32.906863196723627 ], [ -63.97194899449255, -32.906927775210029 ], [ -63.97221819940296, -32.907077329930175 ], [ -63.972674464237009, -32.907034828688033 ], [ -63.972931576090666, -32.906916224042952 ], [ -63.973239595812636, -32.906820543326184 ], [ -63.974115668783654, -32.906630179060159 ], [ -63.974713206950831, -32.906545978751296 ], [ -63.975524902233609, -32.90645644892151 ], [ -63.976105797422278, -32.906451914567725 ], [ -63.976413600381171, -32.906533339514922 ], [ -63.976822477995604, -32.906740032124105 ], [ -63.977081861076506, -32.906779730315471 ], [ -63.977680936122397, -32.906737481192742 ], [ -63.978103021129158, -32.906821663808714 ], [ -63.978363164669702, -32.906930433244078 ], [ -63.978632497071459, -32.90713959852927 ], [ -63.979004732595783, -32.90742867642286 ], [ -63.979295310629624, -32.907477664248304 ], [ -63.979586838985895, -32.907475380141918 ], [ -63.97986063777936, -32.907331292894085 ], [ -63.980292271389963, -32.90732790888535 ], [ -63.980844559835049, -32.907465518183926 ], [ -63.981224197128519, -32.907560107700583 ], [ -63.981635174715635, -32.907834083054667 ], [ -63.981965798076537, -32.908004690170415 ], [ -63.982323339764228, -32.908001881096908 ], [ -63.982729339755608, -32.908190172245554 ], [ -63.983159997366911, -32.908488190735845 ], [ -63.983370049406098, -32.908501035212716 ], [ -63.984215006276052, -32.90839706871192 ], [ -63.984533237825303, -32.908421287091244 ], [ -63.984887280733794, -32.908516067121127 ], [ -63.985475953453069, -32.908750307702441 ], [ -63.985964469752005, -32.908894573724275 ], [ -63.986389012791989, -32.909101615267296 ], [ -63.986639789340337, -32.909263259451237 ], [ -63.987001393310926, -32.9091647268828 ], [ -63.987230171874593, -32.909262253993973 ], [ -63.987492305278273, -32.909451539499386 ], [ -63.988051887171565, -32.909394551612536 ], [ -63.988537329894669, -32.909431304352786 ], [ -63.988976342795155, -32.909727219459846 ], [ -63.989233227492363, -32.90975909643106 ], [ -63.989565535516412, -32.909691672480591 ], [ -63.989912078645546, -32.909571694833815 ], [ -63.990162927465988, -32.90956970811682 ], [ -63.990314351529832, -32.909689398127519 ], [ -63.990363897938103, -32.909855654144522 ], [ -63.990467966055256, -32.910204858907186 ], [ -63.99044556984849, -32.910607950837111 ], [ -63.990585791486097, -32.910705372631242 ], [ -63.990765799797877, -32.910738152069897 ], [ -63.990986474154681, -32.910736402821414 ], [ -63.991154709017209, -32.910695864993009 ], [ -63.991309829132874, -32.910518279982405 ], [ -63.991563619357684, -32.910344828397719 ], [ -63.991966615645723, -32.910140316655777 ], [ -63.992680694559276, -32.910164019535287 ], [ -63.992929896320909, -32.909990223471375 ], [ -63.993105686166416, -32.909830120180359 ], [ -63.993612035717462, -32.909760042118279 ], [ -63.993833515778469, -32.909758281465294 ], [ -63.99421536218378, -32.909759657084862 ], [ -63.994551091029862, -32.909853924912284 ], [ -63.994990009864289, -32.909850432047683 ], [ -63.99559140129314, -32.909845643742543 ], [ -63.995799698301056, -32.909773518280105 ], [ -63.995898260988064, -32.909719914856467 ], [ -63.996010232834912, -32.909347782471627 ], [ -63.996405016530296, -32.90913311130064 ], [ -63.996415787855838, -32.909133025443353 ], [ -63.996568019255236, -32.908832408966745 ], [ -63.996600741350086, -32.905427758036396 ], [ -64.010230616106384, -32.902070857543201 ] ] ] ] } },
{ "type": "Feature", "properties": { "id": 36, "nomenclatu": "1803", "nombre": "CHUCUL" }, "geometry": { "type": "MultiPolygon", "coordinates": [ [ [ [ -63.455752640566978, -32.897469863655665 ], [ -63.425989911870474, -32.908345816038491 ], [ -63.42080754790689, -32.909828332580581 ], [ -63.417249296576458, -32.897611988726041 ], [ -63.415912973295789, -32.892914069391175 ], [ -63.412483928842747, -32.880093563193469 ], [ -63.408575988059653, -32.864227775818549 ], [ -63.404789842785028, -32.850128083082502 ], [ -63.400306925009218, -32.851026436401924 ], [ -63.396510741030021, -32.851683764929 ], [ -63.383599197246689, -32.854178804237357 ], [ -63.37587718638558, -32.855564312619954 ], [ -63.367431021192338, -32.857304010066521 ], [ -63.353071424731688, -32.859897093980557 ], [ -63.34878832135437, -32.860653703007301 ], [ -63.345375646237081, -32.861306626982355 ], [ -63.349783172493794, -32.877533607732978 ], [ -63.35387696405639, -32.89298420370519 ], [ -63.355004337657675, -32.898070173155915 ], [ -63.359271421957949, -32.914406234236388 ], [ -63.360217688397086, -32.918410473915294 ], [ -63.365569439578699, -32.937927760605241 ], [ -63.366889187958293, -32.942891525730637 ], [ -63.371313333192447, -32.9595135483234 ], [ -63.373559457880745, -32.967848166427395 ], [ -63.374646724059396, -32.971952413546191 ], [ -63.38024379848779, -32.993834004107327 ], [ -63.381375986956591, -32.997983990408549 ], [ -63.382069444828652, -33.001996710896591 ], [ -63.381909950043088, -33.002150375091247 ], [ -63.383002746390872, -33.007090189656161 ], [ -63.384369969593507, -33.012097315867258 ], [ -63.387280719206103, -33.022779578895921 ], [ -63.390265260281488, -33.035712699618259 ], [ -63.393003664341364, -33.045808461900968 ], [ -63.403472824262593, -33.043963903896845 ], [ -63.424139069997388, -33.040029506840895 ], [ -63.440429709305526, -33.037080946271125 ], [ -63.458682804550506, -33.033244311220649 ], [ -63.461257773605645, -33.042465317273987 ], [ -63.462156224846055, -33.045853964046195 ], [ -63.465040951422367, -33.05603898325284 ], [ -63.470422967566407, -33.076882319005236 ], [ -63.472752013164126, -33.086110412316245 ], [ -63.47504584489451, -33.094930658025937 ], [ -63.476572462188187, -33.100788330690733 ], [ -63.481337756675984, -33.11890245695777 ], [ -63.507739018115039, -33.1136826468923 ], [ -63.515085896100672, -33.112262433069361 ], [ -63.52308239153701, -33.110736287335691 ], [ -63.535881166180474, -33.108435893209737 ], [ -63.536025734296935, -33.108351781880891 ], [ -63.578651203498147, -33.10065329290051 ], [ -63.57931496147949, -33.100570447793885 ], [ -63.59053718371478, -33.098596795196464 ], [ -63.594193238100004, -33.098011615070043 ], [ -63.598314798584497, -33.097343086412565 ], [ -63.604274330929023, -33.096376415824125 ], [ -63.622009248405284, -33.092933634447036 ], [ -63.622336331084277, -33.093010748131924 ], [ -63.62582392948724, -33.107609053357876 ], [ -63.626093535316407, -33.107587957710237 ], [ -63.626651183105629, -33.107416274564656 ], [ -63.626943327919498, -33.107397575902681 ], [ -63.627376559267965, -33.106985166116431 ], [ -63.628192936295008, -33.104053339737121 ], [ -63.630196074253263, -33.103459325752915 ], [ -63.631711622281891, -33.103400620980103 ], [ -63.632934845158019, -33.103599989224271 ], [ -63.634592358925161, -33.105034635117299 ], [ -63.636018138102578, -33.105464211811437 ], [ -63.638041890598238, -33.106584252980795 ], [ -63.638313477724715, -33.10689654249466 ], [ -63.639266660013078, -33.106856042405077 ], [ -63.639913981692409, -33.106801056625947 ], [ -63.640310762345351, -33.10650066655311 ], [ -63.641144049805568, -33.106650653134068 ], [ -63.641930766305641, -33.106038448393591 ], [ -63.642653045990428, -33.105847455895152 ], [ -63.643387409818857, -33.10505121698808 ], [ -63.643617283642413, -33.10454790755643 ], [ -63.643552583363409, -33.104284151647754 ], [ -63.644789700690374, -33.103256381467908 ], [ -63.645359099851142, -33.103317180431837 ], [ -63.645751587731446, -33.103049705153438 ], [ -63.645602229304011, -33.102460536565523 ], [ -63.645929005376416, -33.102070597846549 ], [ -63.646466080817675, -33.102150854389315 ], [ -63.646638528201294, -33.102103435300066 ], [ -63.647459555897946, -33.10108248516201 ], [ -63.648570407983179, -33.100611193806976 ], [ -63.649454098961392, -33.099958764995719 ], [ -63.649709321574441, -33.099310959770875 ], [ -63.649585260081018, -33.09897421301207 ], [ -63.64985624127651, -33.097935464690764 ], [ -63.649784666955611, -33.097758395209695 ], [ -63.649596371301826, -33.097630442197961 ], [ -63.649576965964428, -33.097264117099449 ], [ -63.649402542544969, -33.096968476720583 ], [ -63.64995738127201, -33.096526035743857 ], [ -63.650535053155444, -33.095883038694275 ], [ -63.65076594354251, -33.09568626793363 ], [ -63.650831695989766, -33.095393072141015 ], [ -63.650911296629126, -33.09506040234443 ], [ -63.650887933097323, -33.094375638878688 ], [ -63.650750386141489, -33.093691110792093 ], [ -63.650785458734489, -33.093101255256592 ], [ -63.651028722868212, -33.092520681438778 ], [ -63.651780894029358, -33.092391783763418 ], [ -63.652356029480842, -33.092396980323024 ], [ -63.652731714021186, -33.092430628568479 ], [ -63.653023686356043, -33.092456689629053 ], [ -63.653127154900552, -33.092456147579384 ], [ -63.653784945840897, -33.092514191374036 ], [ -63.653979976915096, -33.092742365195548 ], [ -63.654020955554529, -33.092736109226266 ], [ -63.654258045698604, -33.092539750306173 ], [ -63.654315645843383, -33.092333603647262 ], [ -63.65446744899036, -33.091989642700476 ], [ -63.654707934095306, -33.091904888101475 ], [ -63.655109517779465, -33.091935688251269 ], [ -63.655366431093455, -33.091899714926292 ], [ -63.655652258754593, -33.092007220204223 ], [ -63.655845739699281, -33.092343505840248 ], [ -63.656048892966702, -33.092438731992061 ], [ -63.656253434287557, -33.092648639050253 ], [ -63.656269472998204, -33.093106136660502 ], [ -63.655960940879119, -33.093432440904941 ], [ -63.655911386040991, -33.093682996757543 ], [ -63.655889010694629, -33.094030786632615 ], [ -63.655954988902671, -33.094318513238633 ], [ -63.656302782503666, -33.094676977699088 ], [ -63.656494950271153, -33.094993973960548 ], [ -63.656668482610499, -33.095340010685398 ], [ -63.657030276016826, -33.096009915537373 ], [ -63.657227249142579, -33.096511270393691 ], [ -63.65726518064124, -33.097102906145018 ], [ -63.657626688764879, -33.097804818671818 ], [ -63.657980556459492, -33.09789744299021 ], [ -63.658398299828626, -33.098339023713379 ], [ -63.658503370384011, -33.098739156849206 ], [ -63.658707190197816, -33.098978817404188 ], [ -63.658830170267812, -33.099410052251528 ], [ -63.659074214968783, -33.09977140104651 ], [ -63.65912937156773, -33.100315157920051 ], [ -63.662388457338878, -33.106086972531884 ], [ -63.662430424773177, -33.106217079310547 ], [ -63.662661309329209, -33.107157725655014 ], [ -63.662955541169318, -33.1080173024354 ], [ -63.663413291746458, -33.109360400021579 ], [ -63.663607769793693, -33.109709203261787 ], [ -63.66393116117483, -33.110191872771622 ], [ -63.664094275407969, -33.110621574232475 ], [ -63.6644492430312, -33.111050252711145 ], [ -63.664995864058355, -33.11145099696347 ], [ -63.665094831932016, -33.111854128593208 ], [ -63.665100306907597, -33.112580686873827 ], [ -63.665359968011998, -33.113090603072223 ], [ -63.665875441833037, -33.113599152070222 ], [ -63.666294992440868, -33.114108211752452 ], [ -63.666425336363879, -33.114430442423576 ], [ -63.666619837760521, -33.114779240389709 ], [ -63.666973817747184, -33.115073363308724 ], [ -63.667009455379464, -33.115557563918351 ], [ -63.667011082473103, -33.115772840242869 ], [ -63.667141024705153, -33.11604125093902 ], [ -63.667463441411329, -33.11638936258165 ], [ -63.668041068196587, -33.11665537360637 ], [ -63.668234765914853, -33.116896530670786 ], [ -63.668269596239867, -33.117273092576248 ], [ -63.668783887814911, -33.117620171545219 ], [ -63.66903970897426, -33.11761879832352 ], [ -63.669294305529199, -33.117455967457317 ], [ -63.669452151997312, -33.117186013404385 ], [ -63.669771518346302, -33.117130476062407 ], [ -63.669931814231568, -33.117183435640548 ], [ -63.669998629541666, -33.117559825033815 ], [ -63.669999855422326, -33.117721282127349 ], [ -63.670033467697628, -33.117936386307584 ], [ -63.67029031173265, -33.118069558071277 ], [ -63.670450814088348, -33.118149426459418 ], [ -63.670580156859025, -33.118337104762055 ], [ -63.670678544862625, -33.118659502570438 ], [ -63.670839048643458, -33.118739370432877 ], [ -63.671254558411363, -33.118710222254684 ], [ -63.671574953053614, -33.118789227762065 ], [ -63.671702455573694, -33.118734719327946 ], [ -63.671990257839582, -33.118733167630396 ], [ -63.672151992789459, -33.118974490775216 ], [ -63.672313318569657, -33.119161994697322 ], [ -63.672856537224597, -33.119105241470251 ], [ -63.673333540127516, -33.118752827079916 ], [ -63.673491376394608, -33.118482868093949 ], [ -63.673519862652668, -33.118025233869048 ], [ -63.673228777985038, -33.11759623711793 ], [ -63.6730026772115, -33.117301441741468 ], [ -63.67284032757879, -33.116979391119195 ], [ -63.673125045148204, -33.116574194335492 ], [ -63.673761097198572, -33.116113276606946 ], [ -63.674143999726851, -33.116003563336562 ], [ -63.674656249255484, -33.11608152297066 ], [ -63.675010466750251, -33.116402532084933 ], [ -63.675268137252203, -33.116643331547593 ], [ -63.675398105774278, -33.11691173325945 ], [ -63.67571952764002, -33.117125275603705 ], [ -63.676263968639269, -33.117229964595403 ], [ -63.676776639777401, -33.117361734342914 ], [ -63.677868008854766, -33.117894014272991 ], [ -63.678285994016967, -33.11818775634859 ], [ -63.679923910688522, -33.119093790088769 ], [ -63.681369990226443, -33.120000851045091 ], [ -63.682944430912116, -33.12096101255279 ], [ -63.684037550132459, -33.121708512461581 ], [ -63.684712033298567, -33.12208155585018 ], [ -63.690554315635637, -33.120784519170819 ], [ -63.703390403187178, -33.118290774535318 ], [ -63.708241824736888, -33.117119598073167 ], [ -63.708848959157109, -33.117062324889957 ], [ -63.709487476527308, -33.116634002303734 ], [ -63.709867033454358, -33.116410676915571 ], [ -63.710442293212012, -33.11636703284023 ], [ -63.710407227987275, -33.115686893880358 ], [ -63.710789647535762, -33.115523250039097 ], [ -63.711234934389665, -33.11522469359349 ], [ -63.711649760783502, -33.11511468322491 ], [ -63.712608402268593, -33.115028473463859 ], [ -63.712619999215988, -33.114780332797885 ], [ -63.712585524235259, -33.114471058853759 ], [ -63.712872331986695, -33.114348321138046 ], [ -63.713274643796659, -33.114668945428264 ], [ -63.71356493237429, -33.114976754617373 ], [ -63.713822375862676, -33.115177109151183 ], [ -63.714158999675789, -33.11528282256544 ], [ -63.714415356200888, -33.115348629470027 ], [ -63.715071746842021, -33.11545250680247 ], [ -63.715376723760322, -33.115598764271112 ], [ -63.715588098519135, -33.11573798285292 ], [ -63.715940714850191, -33.115843599575257 ], [ -63.716293113593018, -33.115922306027478 ], [ -63.716484536895564, -33.11586738454826 ], [ -63.716962516368604, -33.115952942664606 ], [ -63.717391905128252, -33.115667911104097 ], [ -63.717420381643144, -33.1152371789452 ], [ -63.717576872504161, -33.1148191649418 ], [ -63.717463314730971, -33.114617989904026 ], [ -63.717411850475202, -33.114187717894374 ], [ -63.717327864061474, -33.113690356732725 ], [ -63.716623225044152, -33.113256266679898 ], [ -63.716429186251965, -33.112988277073569 ], [ -63.715978689363901, -33.112641029226523 ], [ -63.715816847565804, -33.112399764163733 ], [ -63.715558862449356, -33.112132140414211 ], [ -63.715492075961855, -33.111782686936685 ], [ -63.715554499303657, -33.111593954794365 ], [ -63.71583922024741, -33.111215572196869 ], [ -63.716188543529199, -33.110917549318692 ], [ -63.716185705107051, -33.110567728651063 ], [ -63.716600721700452, -33.110484611381345 ], [ -63.716887401567263, -33.110348409958071 ], [ -63.717141012775279, -33.110077845485606 ], [ -63.717524707786211, -33.110075636996868 ], [ -63.717971038644961, -33.109911603284829 ], [ -63.71809674757656, -33.109641773654317 ], [ -63.718190700369732, -33.109399037433406 ], [ -63.718957426752134, -33.109313885076276 ], [ -63.719051815233563, -33.109124966775575 ], [ -63.719467918819298, -33.109176386420117 ], [ -63.719627570655511, -33.109148554128666 ], [ -63.719689544574237, -33.108906001442818 ], [ -63.720072575749811, -33.108823057375389 ], [ -63.720490874811055, -33.109143566267477 ], [ -63.720714474665378, -33.109115362879805 ], [ -63.7210331177561, -33.108978967130248 ], [ -63.721895979854771, -33.108920151043598 ], [ -63.72282124647635, -33.108672593368055 ], [ -63.723427429949972, -33.108507613001215 ], [ -63.72390681883703, -33.108477918884347 ], [ -63.724512998849555, -33.108312933278199 ], [ -63.725472215560885, -33.108307353365603 ], [ -63.726109922470243, -33.108088355448956 ], [ -63.726554012042286, -33.107655198960096 ], [ -63.726806477916746, -33.107250069042557 ], [ -63.727283419978633, -33.10692436047799 ], [ -63.727538763410493, -33.106869049129735 ], [ -63.728305235729607, -33.106756930424559 ], [ -63.728733883486548, -33.106681268931965 ], [ -63.729149536021779, -33.106678837905108 ], [ -63.729342487219284, -33.106812261531317 ], [ -63.729664889372067, -33.107133300685426 ], [ -63.729823866657441, -33.107024727766223 ], [ -63.73046333440805, -33.107020981524428 ], [ -63.730849465573073, -33.107314733518507 ], [ -63.731299323566518, -33.107581199854373 ], [ -63.731620174458705, -33.107713869348942 ], [ -63.731876632759949, -33.107793095136785 ], [ -63.73229229023822, -33.107790653557153 ], [ -63.732452381759337, -33.107816623316957 ], [ -63.732741484847779, -33.10797638698466 ], [ -63.732871390334253, -33.10821781773317 ], [ -63.733194927909473, -33.108673393386795 ], [ -63.733324612141267, -33.108887914416457 ], [ -63.733743182444869, -33.109235287338052 ], [ -63.734033411355306, -33.109529593784274 ], [ -63.734610515750937, -33.109714566890148 ], [ -63.734739980984756, -33.10990217716693 ], [ -63.734745132805983, -33.110521088162095 ], [ -63.734908366609751, -33.110923783066916 ], [ -63.735199725717862, -33.111352632420299 ], [ -63.735810165406264, -33.111698866054162 ], [ -63.735906314886606, -33.111725208809823 ], [ -63.736003810765069, -33.111913006444823 ], [ -63.736134853282501, -33.112288979219045 ], [ -63.736521250923857, -33.112609621962172 ], [ -63.736649826166428, -33.112689593446589 ], [ -63.736876125225272, -33.112984270822352 ], [ -63.737133727168846, -33.113198031180886 ], [ -63.737231901664664, -33.113466555186541 ], [ -63.737234823816266, -33.113816374055908 ], [ -63.737460678063073, -33.11405723196772 ], [ -63.737814212456627, -33.114270423105737 ], [ -63.738168198695369, -33.114537431478439 ], [ -63.738331005567019, -33.114886303056259 ], [ -63.738339560579433, -33.115908849977842 ], [ -63.738566549316594, -33.116284251312685 ], [ -63.73879173775839, -33.116444379210655 ], [ -63.739241440827797, -33.11668390638436 ], [ -63.7392432441913, -33.116899179328179 ], [ -63.739054087165513, -33.117223226773326 ], [ -63.739056115478306, -33.117465408823861 ], [ -63.739185827178865, -33.117679923073574 ], [ -63.739191462543324, -33.118352650898679 ], [ -63.739099812707551, -33.118864493041549 ], [ -63.739388738630012, -33.118997331224435 ], [ -63.739454948997974, -33.119266042785384 ], [ -63.739585566587728, -33.1195881929238 ], [ -63.739715508378062, -33.119829615590042 ], [ -63.739939354079695, -33.119828286563603 ], [ -63.740323992640832, -33.119933643689365 ], [ -63.740549645349319, -33.120147586333978 ], [ -63.7406791388333, -33.120335189737148 ], [ -63.741000954056119, -33.120575470329449 ], [ -63.741354523233205, -33.120788650715262 ], [ -63.741547523783368, -33.12092205445353 ], [ -63.74167883014772, -33.121324929422656 ], [ -63.741617813578166, -33.121675128174488 ], [ -63.741749800143467, -33.122158730240024 ], [ -63.74235943481856, -33.122397293481889 ], [ -63.742967713106459, -33.122474399263446 ], [ -63.743831143118243, -33.122469247907695 ], [ -63.744820898226585, -33.122274962592542 ], [ -63.745556410722266, -33.122270563862919 ], [ -63.7471229158512, -33.122207360088744 ], [ -63.74766655483532, -33.122204099235091 ], [ -63.748211791152521, -33.122389199285216 ], [ -63.748661778083608, -33.122655600479227 ], [ -63.749239912279016, -33.122948139925882 ], [ -63.749657697360348, -33.123187820676975 ], [ -63.750137841470753, -33.123238751790424 ], [ -63.750424737977525, -33.123129382653218 ], [ -63.7508719869736, -33.123072867448784 ], [ -63.751286798041818, -33.122962725433958 ], [ -63.751542859334194, -33.122988091646214 ], [ -63.751639484148328, -33.12306824000391 ], [ -63.751929130298201, -33.123281775594066 ], [ -63.752219466155644, -33.123576037511391 ], [ -63.752606201058413, -33.123923537275921 ], [ -63.753122235205574, -33.124431716663437 ], [ -63.753448925124211, -33.125237053171489 ], [ -63.753803002454816, -33.125504015363653 ], [ -63.75418814170704, -33.125663146984522 ], [ -63.754829813254759, -33.125901454671094 ], [ -63.755374165298164, -33.125978886808639 ], [ -63.755917595906475, -33.125948680650716 ], [ -63.756364855243397, -33.125892145599764 ], [ -63.757802461156132, -33.125840823046801 ], [ -63.759504605780712, -33.127251589926111 ], [ -63.759593442649404, -33.130388432285756 ], [ -63.761689951637102, -33.13277309052642 ], [ -63.761850197455644, -33.133226874130848 ], [ -63.764453291592226, -33.141371898619369 ], [ -63.764739974122961, -33.141490200830617 ], [ -63.764880169139531, -33.141642763908635 ], [ -63.765703889928474, -33.141905255348952 ], [ -63.765915774497387, -33.141959736174265 ], [ -63.766783520922715, -33.142107087786485 ], [ -63.767425679813471, -33.142262876717268 ], [ -63.768281794397168, -33.142420097293964 ], [ -63.768636222750402, -33.142706970409044 ], [ -63.770344129157834, -33.143299058495046 ], [ -63.770880349608284, -33.143655810637249 ], [ -63.771484428934265, -33.143732231998982 ], [ -63.772458060348747, -33.143938004980079 ], [ -63.773429837929775, -33.143931974788508 ], [ -63.773532681587525, -33.144032181333102 ], [ -63.774185759667013, -33.145286262128209 ], [ -63.774938986557792, -33.145987687180131 ], [ -63.7754604290703, -33.14613514969502 ], [ -63.7761801695478, -33.146212951675096 ], [ -63.777251888594328, -33.146428797126575 ], [ -63.777598127580774, -33.146653309044943 ], [ -63.777995086206978, -33.147422517065827 ], [ -63.778303086188515, -33.147864311124678 ], [ -63.779153171545964, -33.148311968798282 ], [ -63.779776185236223, -33.149017112815265 ], [ -63.78048585980148, -33.149264271894509 ], [ -63.781273932106139, -33.149144971382277 ], [ -63.782560585591895, -33.148992029814742 ], [ -63.78359468311978, -33.149000780509859 ], [ -63.784992963302898, -33.149169532286926 ], [ -63.786190752820971, -33.149488877219284 ], [ -63.787161880713796, -33.150230823716306 ], [ -63.787646943573804, -33.150748984459447 ], [ -63.788179664012013, -33.151292725377651 ], [ -63.788891709441529, -33.151675366422616 ], [ -63.789433055792536, -33.151791058113822 ], [ -63.790774553449168, -33.151979410934679 ], [ -63.79134902882172, -33.152207081053376 ], [ -63.792243285406073, -33.152492861257244 ], [ -63.793261657028843, -33.153132468222068 ], [ -63.793753452963614, -33.153633970802808 ], [ -63.794598012554133, -33.153694407903942 ], [ -63.795239605570416, -33.153441656679639 ], [ -63.79608949741236, -33.153129059022064 ], [ -63.797158172854111, -33.152954011461418 ], [ -63.798434912123128, -33.152697164049108 ], [ -63.799694903335634, -33.152488342976319 ], [ -63.80029715166804, -33.152321346678107 ], [ -63.800819772983573, -33.152286273044332 ], [ -63.801133191168653, -33.152370351910953 ], [ -63.801340024083686, -33.152586516468808 ], [ -63.801488866960497, -33.153005760182353 ], [ -63.801666735453331, -33.153821193939301 ], [ -63.801935923045775, -33.154371011419897 ], [ -63.801892537483361, -33.155136050257958 ], [ -63.802120204646528, -33.156525121175626 ], [ -63.802202117681126, -33.157232346880633 ], [ -63.802223592303626, -33.157397717374238 ], [ -63.803058975026751, -33.158929535238137 ], [ -63.803359672751398, -33.159413130200981 ], [ -63.803800418353028, -33.159784588944106 ], [ -63.803927188044895, -33.159887833004191 ], [ -63.804611156843904, -33.160223661622567 ], [ -63.805308332348112, -33.160947308375604 ], [ -63.805482963173759, -33.161162180696202 ], [ -63.805638084637174, -33.161603297347035 ], [ -63.805910608417129, -33.162063591245008 ], [ -63.806156914203719, -33.162232061940038 ], [ -63.806392912566579, -33.162329331968657 ], [ -63.807135897788903, -33.162507132615779 ], [ -63.807669435215573, -33.162882609292055 ], [ -63.808253071402738, -33.163269290894817 ], [ -63.808758931353672, -33.163441103941679 ], [ -63.809345193086926, -33.163490593827291 ], [ -63.809870075319893, -33.163433882310905 ], [ -63.810174821568623, -33.163530504884669 ], [ -63.810802607690825, -33.163780454236374 ], [ -63.811444420379814, -33.163851877969833 ], [ -63.811671256304891, -33.16393040588968 ], [ -63.812129883083131, -33.163979929374769 ], [ -63.812656228123863, -33.164167115312459 ], [ -63.812806321112596, -33.164211866428033 ], [ -63.813244638202754, -33.164238659419794 ], [ -63.813635501710209, -33.164223749927849 ], [ -63.814181342996299, -33.164113931900516 ], [ -63.814605356945947, -33.164185282994914 ], [ -63.815415436365477, -33.164230769985586 ], [ -63.815810205671902, -33.164325540649578 ], [ -63.816357796884283, -33.164415408336808 ], [ -63.816723557416793, -33.16438186203473 ], [ -63.81712972927803, -33.164207845502865 ], [ -63.817802027081534, -33.163751697941841 ], [ -63.818475271910593, -33.163345196935857 ], [ -63.818841315946351, -33.163190783748711 ], [ -63.819392826553745, -33.163225756097177 ], [ -63.819631602158402, -33.163277264742888 ], [ -63.819856339719109, -33.163362651767244 ], [ -63.820290932601026, -33.163596449005766 ], [ -63.820798940071207, -33.163710549486119 ], [ -63.821188616335419, -33.163762489044714 ], [ -63.821594864801753, -33.163774031772064 ], [ -63.822102468526722, -33.163770681597782 ], [ -63.822683415419064, -33.163633488284638 ], [ -63.823004028212353, -33.163538942966319 ], [ -63.82337680132909, -33.163289973082989 ], [ -63.823657224615623, -33.163119830096875 ], [ -63.82410788218543, -33.162959809245613 ], [ -63.824459483706072, -33.162860305713863 ], [ -63.824648331264051, -33.162728890719841 ], [ -63.824839743988278, -33.16258034000748 ], [ -63.825002216884471, -33.162526235141137 ], [ -63.825403044324112, -33.162517156307416 ], [ -63.825558785593216, -33.162456273703334 ], [ -63.825927420448629, -33.16231368969791 ], [ -63.826194951915298, -33.162317758421153 ], [ -63.826503742227828, -33.162399370845421 ], [ -63.826960213124622, -33.162548166705498 ], [ -63.827114766183676, -33.162542751223178 ], [ -63.827364406146017, -33.162418342037583 ], [ -63.827652170807873, -33.162359488423327 ], [ -63.827876667580057, -33.162404717866316 ], [ -63.82797116806988, -33.162478535464253 ], [ -63.828143269697406, -33.162851435316384 ], [ -63.828353628541215, -33.163041685412132 ], [ -63.828533099134923, -33.163104717725759 ], [ -63.828908050382815, -33.163232206645546 ], [ -63.829085000693418, -33.163365890992885 ], [ -63.829202031172883, -33.163547416615565 ], [ -63.829220430261309, -33.163750359887779 ], [ -63.829244194795194, -33.163944051782757 ], [ -63.82943875215765, -33.164150944430503 ], [ -63.829842937919047, -33.164208243231251 ], [ -63.83009491399811, -33.164338620201612 ], [ -63.830404674168975, -33.164574243600519 ], [ -63.830723447383868, -33.164602119659605 ], [ -63.83095178878483, -33.164646751502865 ], [ -63.831088816464508, -33.164618151501806 ], [ -63.831376277222169, -33.164237773772911 ], [ -63.831641005925079, -33.164000016277143 ], [ -63.831783364783107, -33.163955226812512 ], [ -63.83211927765219, -33.164052205048293 ], [ -63.832484557400015, -33.164059004906349 ], [ -63.832756221625459, -33.164041035316551 ], [ -63.832831463086251, -33.164158211624304 ], [ -63.832984725814605, -33.164651715850333 ], [ -63.833144245416001, -33.16471959855685 ], [ -63.83357684405604, -33.164696637495211 ], [ -63.833850869686323, -33.164705871845904 ], [ -63.83415173956184, -33.164768057228109 ], [ -63.834443687766104, -33.164724038751238 ], [ -63.834623338441347, -33.164503680349135 ], [ -63.834731145746083, -33.164206229835116 ], [ -63.834880732217727, -33.164082025846483 ], [ -63.835115070303381, -33.164055806511925 ], [ -63.835359186099389, -33.164180896888297 ], [ -63.835362722486828, -33.164110468835077 ], [ -63.835193516492652, -33.16393559301833 ], [ -63.835135165137373, -33.16366705783841 ], [ -63.835163033257665, -33.163304861351016 ], [ -63.835108627773884, -33.163085235186237 ], [ -63.834966768767295, -33.162991842074554 ], [ -63.834602135654997, -33.162872565491874 ], [ -63.834541224767179, -33.162780830258725 ], [ -63.834493153708245, -33.162390607755192 ], [ -63.8344498182786, -33.162226342452726 ], [ -63.834329798471821, -33.16207692923421 ], [ -63.834106195025264, -33.162032632175872 ], [ -63.834040606934153, -33.161956733591147 ], [ -63.834138603372466, -33.161892829112581 ], [ -63.834311731489116, -33.161813143331365 ], [ -63.834393562346648, -33.161703590559668 ], [ -63.834632643386627, -33.161391681451484 ], [ -63.83475801454972, -33.161201199797539 ], [ -63.834735593143122, -33.160997923947257 ], [ -63.834902539745237, -33.160865790852839 ], [ -63.83508528609002, -33.160671487622999 ], [ -63.83529715546166, -33.16065978272281 ], [ -63.835594971766923, -33.160671492325093 ], [ -63.835843514981129, -33.160561411909235 ], [ -63.836037784268768, -33.160467179198491 ], [ -63.836174395840857, -33.160471732141801 ], [ -63.836305419542811, -33.160569251072097 ], [ -63.836470774343397, -33.160857866643987 ], [ -63.836549172113038, -33.16089560548761 ], [ -63.837022629859852, -33.160750289592436 ], [ -63.837334365276554, -33.160699000908458 ], [ -63.837879351898309, -33.160553200789437 ], [ -63.838203155470062, -33.160403417102046 ], [ -63.838396660689718, -33.160232654932784 ], [ -63.83846564242689, -33.159964319310355 ], [ -63.83847667101778, -33.159756507160509 ], [ -63.838598903902067, -33.159613549668599 ], [ -63.838959429095191, -33.159222996412915 ], [ -63.839225356489052, -33.158266588384336 ], [ -63.839149975273536, -33.157841967228698 ], [ -63.839235041067269, -33.157245505274815 ], [ -63.838764047121785, -33.156574302205179 ], [ -63.838781617394922, -33.156422408993052 ], [ -63.839019366581773, -33.156270358310934 ], [ -63.83942917062825, -33.156106992357572 ], [ -63.839749177314665, -33.155977772431172 ], [ -63.839973949787641, -33.155829076677236 ], [ -63.840106570838188, -33.15577752184317 ], [ -63.840329178282268, -33.155646434719536 ], [ -63.840585677743654, -33.155418830472627 ], [ -63.840733805829487, -33.155147629603483 ], [ -63.840715119192595, -33.155020358555937 ], [ -63.840694911182446, -33.154743948573895 ], [ -63.840804210902071, -33.154616560022518 ], [ -63.840843985587014, -33.154520441114109 ], [ -63.841053730554648, -33.154394472112514 ], [ -63.84131197043402, -33.154346289297521 ], [ -63.841552889838546, -33.154327774815279 ], [ -63.841666067259908, -33.154341785906119 ], [ -63.841775901320233, -33.154535254153799 ], [ -63.841922954976901, -33.15458524216303 ], [ -63.842190208300423, -33.154693211954331 ], [ -63.842388314816084, -33.15466232029479 ], [ -63.842669572759981, -33.154658306700341 ], [ -63.842940559270588, -33.154631129834819 ], [ -63.843051430822726, -33.154668387424998 ], [ -63.843249324032975, -33.154817728471308 ], [ -63.843568614117324, -33.154851450516112 ], [ -63.843684530882577, -33.154890771335381 ], [ -63.843720701056462, -33.154998192212645 ], [ -63.843738543879525, -33.155287269821308 ], [ -63.84346445033917, -33.155539004065062 ], [ -63.843423595932194, -33.155731367544732 ], [ -63.843500838114089, -33.155929894395506 ], [ -63.843647753137361, -33.156057673577159 ], [ -63.843886342432917, -33.156056057079972 ], [ -63.844150365936592, -33.156090152067598 ], [ -63.844447662066564, -33.156288988448338 ], [ -63.844616493270806, -33.156349057994227 ], [ -63.844917834846257, -33.156342792220045 ], [ -63.845037908390566, -33.156291317284776 ], [ -63.845194949289265, -33.156169920654428 ], [ -63.845361079637975, -33.155945030806905 ], [ -63.845456397504599, -33.155826009202364 ], [ -63.845595934154552, -33.155622729785094 ], [ -63.845667447746898, -33.155576346224301 ], [ -63.845866472864984, -33.155298950341859 ], [ -63.845943028546216, -33.155073084943105 ], [ -63.845872693316757, -33.154920565140444 ], [ -63.845795584451601, -33.154832188862592 ], [ -63.845584776278798, -33.15465167593829 ], [ -63.845497270414249, -33.154523637286673 ], [ -63.845330507232184, -33.154384411081743 ], [ -63.845153135213856, -33.154159445684961 ], [ -63.845154918460537, -33.153691341048464 ], [ -63.845026986674469, -33.153453825333699 ], [ -63.844640700728242, -33.152977824623136 ], [ -63.844439216728851, -33.152847700741447 ], [ -63.843974814781689, -33.152818375115288 ], [ -63.84364591451542, -33.152452441272693 ], [ -63.84352426646813, -33.152163989391148 ], [ -63.843495608481511, -33.151815340600123 ], [ -63.843104000656488, -33.150441566532365 ], [ -63.843182384206649, -33.150124949635128 ], [ -63.843358952291076, -33.149941268970956 ], [ -63.843616895303661, -33.149753780535903 ], [ -63.844295525806089, -33.149771989498134 ], [ -63.844387714561165, -33.149683378310144 ], [ -63.844427683709931, -33.149327120932718 ], [ -63.844570996938785, -33.149313110876044 ], [ -63.84501499808195, -33.149525173886126 ], [ -63.84515384133099, -33.14945254029481 ], [ -63.845228341764859, -33.149135948485529 ], [ -63.845369638285412, -33.149006804849975 ], [ -63.845689257285414, -33.148977725028892 ], [ -63.845870258056941, -33.14886734880762 ], [ -63.846241412443241, -33.148760546689509 ], [ -63.846388323012782, -33.149121262397045 ], [ -63.846798421944541, -33.149437817432954 ], [ -63.847311067199037, -33.149059051015122 ], [ -63.847478966038629, -33.14878092461678 ], [ -63.847575434270645, -33.148731384095797 ], [ -63.848072339944089, -33.148802949505829 ], [ -63.848200699723336, -33.148361385025346 ], [ -63.84865444661208, -33.14837784522436 ], [ -63.849065519605048, -33.147990522303786 ], [ -63.849442111277511, -33.148046607706057 ], [ -63.849522871871883, -33.147471508022299 ], [ -63.849657770351314, -33.147392370754439 ], [ -63.850246623163805, -33.147750066309051 ], [ -63.850458304563467, -33.147191396638569 ], [ -63.850396912226067, -33.146832457294103 ], [ -63.850576737318242, -33.146583565479411 ], [ -63.850929020865337, -33.146482992087208 ], [ -63.851377591811747, -33.146369133126029 ], [ -63.851410553056425, -33.146133561451826 ], [ -63.851361280840329, -33.145846591608155 ], [ -63.851480613187583, -33.145761046049415 ], [ -63.851755034511932, -33.145674452799874 ], [ -63.851838478286062, -33.1446889282036 ], [ -63.851349925960648, -33.144303705441018 ], [ -63.851308002475356, -33.143805034330413 ], [ -63.851108708594928, -33.143655663817164 ], [ -63.850591252130961, -33.143289259785455 ], [ -63.850495514624313, -33.142978074564446 ], [ -63.850197439747539, -33.142844976641285 ], [ -63.850176715443325, -33.142701606264829 ], [ -63.849950982367496, -33.142363969725579 ], [ -63.849643857381146, -33.142388666511891 ], [ -63.84959704015283, -33.142314707200953 ], [ -63.84983308247444, -33.142090235351354 ], [ -63.850113362695659, -33.141794940846459 ], [ -63.850422711393854, -33.14168781461175 ], [ -63.850504630384776, -33.141094403331863 ], [ -63.851119442905748, -33.141430822622603 ], [ -63.85155576458849, -33.141159763034459 ], [ -63.851653649478727, -33.14080586162445 ], [ -63.851358342410528, -33.140594942150884 ], [ -63.851653575634785, -33.140199933186565 ], [ -63.851424236173216, -33.139376532900151 ], [ -63.851268434621701, -33.138598643441668 ], [ -63.850982875321151, -33.137906653266128 ], [ -63.851010445589743, -33.137350835631878 ], [ -63.850593914780774, -33.136802247038673 ], [ -63.850162685798807, -33.136547268209583 ], [ -63.849460481218308, -33.13581320984737 ], [ -63.849734427447899, -33.135264580140181 ], [ -63.849963529355499, -33.134632002005596 ], [ -63.850004050432368, -33.134254153777178 ], [ -63.849958839026101, -33.133862616491676 ], [ -63.850367021971742, -33.133646146027203 ], [ -63.85111266173616, -33.13318655218886 ], [ -63.852569847390988, -33.132234570359245 ], [ -63.852913868687075, -33.132239822375453 ], [ -63.853083094679477, -33.132195571484978 ], [ -63.853375313060035, -33.13180818567578 ], [ -63.853818761914269, -33.131756597784808 ], [ -63.854065501749702, -33.131891455317152 ], [ -63.854442893014522, -33.132101278214229 ], [ -63.854798996877719, -33.131974423989455 ], [ -63.854929383137652, -33.132022078830992 ], [ -63.855022579683606, -33.132324886671803 ], [ -63.855549240442294, -33.132619415540013 ], [ -63.855742757872434, -33.132848709521596 ], [ -63.855924852987187, -33.132936230062604 ], [ -63.856451541285317, -33.132908335606373 ], [ -63.857030839507239, -33.13271925353537 ], [ -63.857382817272978, -33.13254976574855 ], [ -63.857933027353745, -33.132678703945729 ], [ -63.858520710189715, -33.132970277153518 ], [ -63.859001266284054, -33.132945843223773 ], [ -63.859777143890362, -33.133198542148442 ], [ -63.859706842639469, -33.133669810675549 ], [ -63.859814954482822, -33.133783011711543 ], [ -63.86061791058421, -33.133828436545585 ], [ -63.861335893941821, -33.133571588644429 ], [ -63.862369484045452, -33.133060125910632 ], [ -63.862525173587649, -33.132823971806665 ], [ -63.862949883375109, -33.132488186082675 ], [ -63.862969353413689, -33.132290146418896 ], [ -63.86276394630012, -33.132075670597082 ], [ -63.862202283304896, -33.131621891204567 ], [ -63.862228058582218, -33.131339850298275 ], [ -63.862712086872698, -33.13048988217944 ], [ -63.862704075329034, -33.130033350942256 ], [ -63.862972517533208, -33.129764611111327 ], [ -63.863036465999841, -33.129364226777234 ], [ -63.86321737879809, -33.128898187819047 ], [ -63.863439936617169, -33.128601384269906 ], [ -63.863741361393366, -33.12842238267659 ], [ -63.864026334939545, -33.12838741826755 ], [ -63.864602916595899, -33.128629306400086 ], [ -63.864897622942294, -33.12849532001507 ], [ -63.864930571779077, -33.128219213728627 ], [ -63.864560234316691, -33.127966101219883 ], [ -63.864576474064883, -33.127804058142985 ], [ -63.864720436497983, -33.127572165704528 ], [ -63.86497200986701, -33.127395914026359 ], [ -63.865780101705163, -33.126732617520446 ], [ -63.866559034588448, -33.125973191854392 ], [ -63.86749048449375, -33.125720757613173 ], [ -63.868443051580883, -33.12566629295987 ], [ -63.869237244399145, -33.125432590109519 ], [ -63.869575462756067, -33.125421349054662 ], [ -63.870156579115019, -33.125331274897043 ], [ -63.870625849391352, -33.124866506122217 ], [ -63.871961761441959, -33.12457138880886 ], [ -63.872071357951896, -33.124299648121671 ], [ -63.872244100398689, -33.124002611348146 ], [ -63.872641335062269, -33.123784793681956 ], [ -63.872863598612675, -33.123588832882916 ], [ -63.873511636992596, -33.122619621042681 ], [ -63.874143955332592, -33.122653065970873 ], [ -63.87426969350021, -33.122430827908246 ], [ -63.874784659376878, -33.121830306925609 ], [ -63.875172974303084, -33.121995727145581 ], [ -63.875557316300039, -33.121883069857674 ], [ -63.875681463956738, -33.121563897012813 ], [ -63.8758235920224, -33.121319828791528 ], [ -63.875917544794689, -33.121057912314846 ], [ -63.876204877741849, -33.120936165856726 ], [ -63.876321650732024, -33.12101851721556 ], [ -63.876273695437675, -33.121340076613897 ], [ -63.876551916567706, -33.121689022387471 ], [ -63.87686233438702, -33.121627155331751 ], [ -63.877270785575242, -33.121185906120644 ], [ -63.878418040270837, -33.12055732445338 ], [ -63.879119862240927, -33.120002627766226 ], [ -63.879629300369963, -33.119899539503329 ], [ -63.879705816546796, -33.119776776103009 ], [ -63.879685305347955, -33.119415283796855 ], [ -63.879799070536308, -33.119297933482009 ], [ -63.880074758628673, -33.119145344193655 ], [ -63.880622385182029, -33.11908973368147 ], [ -63.880879349246527, -33.118755343055383 ], [ -63.88118819930002, -33.11861344438767 ], [ -63.881668552970567, -33.117742784176791 ], [ -63.882094535845468, -33.117535725088253 ], [ -63.882424385444004, -33.117219388210827 ], [ -63.883108589575819, -33.117097376227541 ], [ -63.883637159004032, -33.116838319556187 ], [ -63.88392185385576, -33.116419601059143 ], [ -63.884248596189302, -33.116197201294192 ], [ -63.884394188536355, -33.11551585727986 ], [ -63.88461940685513, -33.115196872096575 ], [ -63.885047769977774, -33.114993390002141 ], [ -63.885525832173769, -33.115123620702398 ], [ -63.886195353833912, -33.114865520841313 ], [ -63.886921650335111, -33.114877266184855 ], [ -63.887219002801118, -33.115233221271914 ], [ -63.887191193330253, -33.115422172778601 ], [ -63.886921217275429, -33.115490714998522 ], [ -63.886873334319638, -33.115652046513077 ], [ -63.887149985814901, -33.116136447342988 ], [ -63.887385924736783, -33.116032365574817 ], [ -63.887579559601896, -33.115978408403763 ], [ -63.887735236143648, -33.116076934014885 ], [ -63.888298472619375, -33.116119963814612 ], [ -63.888467363820411, -33.115897352518594 ], [ -63.888730351541469, -33.115734679559687 ], [ -63.888973858154458, -33.116059506079893 ], [ -63.889481503751455, -33.116462710582617 ], [ -63.889581768802564, -33.116287644078 ], [ -63.889109580495649, -33.115158094290393 ], [ -63.889688843580743, -33.115156727212288 ], [ -63.889609516329685, -33.114461537804139 ], [ -63.88908563073916, -33.114094012086333 ], [ -63.889048170355863, -33.11396973935377 ], [ -63.88960908433765, -33.113793419146162 ], [ -63.889618239387069, -33.113721404787825 ], [ -63.889021167535759, -33.113260712987781 ], [ -63.889059712123, -33.113176557554318 ], [ -63.889587999214662, -33.113020574770154 ], [ -63.889629965464707, -33.112937244225172 ], [ -63.889211698721482, -33.112576854760633 ], [ -63.889197555346016, -33.112482855629288 ], [ -63.889692593473185, -33.112249587494148 ], [ -63.889577367111151, -33.111845230253543 ], [ -63.8895671394461, -33.111654477456973 ], [ -63.88994756116319, -33.111637912121267 ], [ -63.889873896276008, -33.111266491298863 ], [ -63.890257902517305, -33.111169378307586 ], [ -63.890466909452478, -33.111088303505099 ], [ -63.890918373540501, -33.110770212947578 ], [ -63.891216083929898, -33.110455974806115 ], [ -63.891637895743834, -33.110215409959579 ], [ -63.891999343869422, -33.110154002810347 ], [ -63.892155279688339, -33.110113102256079 ], [ -63.892321543543744, -33.109869704965625 ], [ -63.892408852151192, -33.109670891764488 ], [ -63.892565439842784, -33.10949329575746 ], [ -63.892988152123934, -33.109384738030322 ], [ -63.893530807865112, -33.109341064155949 ], [ -63.893966574533074, -33.109403478292244 ], [ -63.894300300820859, -33.109447792872636 ], [ -63.894462124480107, -33.109379161629846 ], [ -63.894740172586729, -33.109205891010646 ], [ -63.89511072992525, -33.109030217783072 ], [ -63.89529384942977, -33.108960956283994 ], [ -63.895829944250593, -33.108879259953063 ], [ -63.896110672812917, -33.108769974623165 ], [ -63.89641706676052, -33.108644209348398 ], [ -63.896870557887951, -33.10832543930119 ], [ -63.897150165054605, -33.108222389293495 ], [ -63.897549372724534, -33.108176152411509 ], [ -63.897773920290689, -33.108068812483587 ], [ -63.898154639256454, -33.107789586947661 ], [ -63.898683519813538, -33.107184015546153 ], [ -63.898920741779065, -33.107009768712217 ], [ -63.899408154958756, -33.106764997758788 ], [ -63.899615243163851, -33.106468512189267 ], [ -63.899694016659907, -33.106249007493645 ], [ -63.899774087003799, -33.105654380330066 ], [ -63.899659984344062, -33.105299474720688 ], [ -63.899429747294761, -33.105011770130098 ], [ -63.899082874417246, -33.104735525126884 ], [ -63.899047640684785, -33.104440852622396 ], [ -63.898899993199713, -33.104111363903044 ], [ -63.898918382032313, -33.103960601653938 ], [ -63.899118710177383, -33.103603491562758 ], [ -63.899371629821736, -33.103131398028857 ], [ -63.899653915551539, -33.102684306351009 ], [ -63.899834076768727, -33.102249123421224 ], [ -63.899798408974789, -33.102015050968681 ], [ -63.899795121357762, -33.101582942752614 ], [ -63.899851153269715, -33.101419063280304 ], [ -63.900096992839003, -33.101302122862485 ], [ -63.900352752525215, -33.101300275609617 ], [ -63.900494559148051, -33.10109742556395 ], [ -63.900589645442118, -33.101016008309571 ], [ -63.900829282076806, -33.101000821542669 ], [ -63.900957985154243, -33.101080621523899 ], [ -63.901150490954464, -33.101146505050636 ], [ -63.901580298620026, -33.100968481283211 ], [ -63.901706803972814, -33.100833015757011 ], [ -63.901894912206103, -33.100468368691104 ], [ -63.902018942453537, -33.100090730036271 ], [ -63.902305018212047, -33.099927198931937 ], [ -63.902624712644077, -33.099924884205457 ], [ -63.902849874374439, -33.100057803838261 ], [ -63.902979953691641, -33.100272142156648 ], [ -63.903188719178083, -33.100364814825376 ], [ -63.903508139781799, -33.100335589726136 ], [ -63.903586962304502, -33.100227378027341 ], [ -63.90377836642908, -33.100185625189127 ], [ -63.904066505399101, -33.100223900670777 ], [ -63.904210368311375, -33.100222857104129 ], [ -63.904559827954479, -33.100005040883993 ], [ -63.904608762470033, -33.099976173791354 ], [ -63.905173679382642, -33.099709001647902 ], [ -63.9056575060442, -33.09972497382126 ], [ -63.905917907993548, -33.099698729481311 ], [ -63.906149415269603, -33.099773732209357 ], [ -63.906772456312183, -33.100066161406467 ], [ -63.907266185187147, -33.100064975424708 ], [ -63.90760060238317, -33.09995582711737 ], [ -63.907971856011137, -33.099739232585492 ], [ -63.908306619479106, -33.099689479641469 ], [ -63.908708218559369, -33.099490874291597 ], [ -63.908901403459431, -33.099197126219238 ], [ -63.909047159665072, -33.098651477462411 ], [ -63.909371670262921, -33.098275876435522 ], [ -63.909766577015468, -33.098084807478351 ], [ -63.9098868026622, -33.097833305358101 ], [ -63.910069581996737, -33.097667543660492 ], [ -63.910293324451395, -33.097737704435353 ], [ -63.910418918920001, -33.097898910552324 ], [ -63.910674419614374, -33.098107794212886 ], [ -63.911065569427358, -33.098109646610318 ], [ -63.911579969802972, -33.09805492930127 ], [ -63.911739768623278, -33.097888882763392 ], [ -63.912132768473306, -33.097621907035546 ], [ -63.912259797543179, -33.097429224943099 ], [ -63.912210376039489, -33.097223367142604 ], [ -63.912050015655957, -33.096997984891111 ], [ -63.911981774120704, -33.096841573569193 ], [ -63.912107870978012, -33.096663571401862 ], [ -63.912408967564225, -33.096339502129403 ], [ -63.913081105500453, -33.095867040511123 ], [ -63.913272538633557, -33.095805942283349 ], [ -63.913803100584857, -33.095830138456449 ], [ -63.914104984778788, -33.095950856111429 ], [ -63.914367217033607, -33.095868154259129 ], [ -63.91467825944202, -33.095665689244711 ], [ -63.914986439002433, -33.095332758069574 ], [ -63.915218332478119, -33.095207892868743 ], [ -63.915490866718109, -33.095144162144997 ], [ -63.915840743304813, -33.09506956578511 ], [ -63.916000669315636, -33.095157561095171 ], [ -63.916073480420202, -33.095102156864151 ], [ -63.916083764977003, -33.094913456486836 ], [ -63.916260544206494, -33.094547508314051 ], [ -63.91645342145376, -33.09438885803047 ], [ -63.91691091922025, -33.094413114848251 ], [ -63.917069476906562, -33.094356706023149 ], [ -63.917258070585, -33.094272441902547 ], [ -63.917394999982406, -33.094080209494741 ], [ -63.91751887473329, -33.094087792639947 ], [ -63.917570484058643, -33.094193650148533 ], [ -63.917693423927361, -33.094332344198634 ], [ -63.917979066202896, -33.094409230411195 ], [ -63.918195193061649, -33.094419492807411 ], [ -63.918383412955194, -33.094308844160885 ], [ -63.918530815717951, -33.094186641801663 ], [ -63.918717175419992, -33.094162280795153 ], [ -63.918956575302943, -33.094172962414319 ], [ -63.919185708537, -33.094146367588117 ], [ -63.919305192254193, -33.094012696181473 ], [ -63.919501110738253, -33.093604591360361 ], [ -63.919595963076752, -33.093554531301002 ], [ -63.919910841735167, -33.093504906998426 ], [ -63.920151710160987, -33.093392090965253 ], [ -63.920339216592069, -33.093084286418446 ], [ -63.920497086940472, -33.092984412915747 ], [ -63.920739427795638, -33.092997308981658 ], [ -63.921026715009688, -33.0930118031456 ], [ -63.921314931438694, -33.092967494976691 ], [ -63.921499440590068, -33.092885622944934 ], [ -63.921813545126248, -33.092699270785239 ], [ -63.922018530188311, -33.092661201092604 ], [ -63.922433663010636, -33.0926237899955 ], [ -63.922646975642067, -33.092581809216703 ], [ -63.92290788535616, -33.092484207554541 ], [ -63.923137129542162, -33.092324325333593 ], [ -63.923277132826797, -33.092283246740365 ], [ -63.923548576044013, -33.092289241751729 ], [ -63.9240347859743, -33.092119460936274 ], [ -63.924272649291936, -33.091820698870649 ], [ -63.924434017357044, -33.091773449813338 ], [ -63.924808190323716, -33.091814719068836 ], [ -63.924952500941544, -33.091727554165352 ], [ -63.925108276878902, -33.091610185839365 ], [ -63.925361383520652, -33.091526396103092 ], [ -63.925476977071781, -33.09141420371099 ], [ -63.925482122043775, -33.091291324562803 ], [ -63.92545479052896, -33.090336562555784 ], [ -63.925671908000638, -33.089815901077834 ], [ -63.925925275933324, -33.089460143717659 ], [ -63.926232842233183, -33.089256350259475 ], [ -63.926423551842063, -33.089053411648663 ], [ -63.926584352133808, -33.088786803332219 ], [ -63.926927940819951, -33.08867611965406 ], [ -63.927029180429138, -33.088857221438985 ], [ -63.92716312785425, -33.089009042864994 ], [ -63.927914310833422, -33.088848152106408 ], [ -63.928246264724173, -33.089304365122466 ], [ -63.928528083107182, -33.089355372154337 ], [ -63.930170247790315, -33.08879644656669 ], [ -63.930297380936253, -33.088543779526411 ], [ -63.930393288423332, -33.088233554556396 ], [ -63.930503057671338, -33.088195666762317 ], [ -63.930766420303208, -33.088245725353225 ], [ -63.931033427200163, -33.08818068932603 ], [ -63.93126532558064, -33.087882795241818 ], [ -63.931276517321216, -33.087814405177504 ], [ -63.931353217295012, -33.087323137715472 ], [ -63.931418837027458, -33.087075858664889 ], [ -63.931565275622681, -33.087051802604734 ], [ -63.931951853808478, -33.08739711941665 ], [ -63.932104893336074, -33.087335500627916 ], [ -63.932257472636799, -33.086949301758196 ], [ -63.932670993366962, -33.086343369128457 ], [ -63.933214795804503, -33.08639357261027 ], [ -63.93331301503413, -33.086290924667068 ], [ -63.933431359131959, -33.086035904585948 ], [ -63.933496073114554, -33.085940556595105 ], [ -63.933600331095349, -33.085903247952018 ], [ -63.933709632226602, -33.085970517037637 ], [ -63.934165270788085, -33.086173413111631 ], [ -63.934459281269078, -33.086124294842698 ], [ -63.934785566475156, -33.08620077374988 ], [ -63.935008176392529, -33.086375746107379 ], [ -63.935362843899078, -33.086542937337164 ], [ -63.936291210779501, -33.08628562144257 ], [ -63.937089392317574, -33.085921733092199 ], [ -63.937653100296309, -33.085521376516233 ], [ -63.937757684310569, -33.085236745561907 ], [ -63.938064622842603, -33.084802150388498 ], [ -63.939159927262409, -33.083810495178341 ], [ -63.939904845446833, -33.083503336305114 ], [ -63.942054931220341, -33.08236941914015 ], [ -63.942668701690167, -33.081894777322141 ], [ -63.942933400290322, -33.081647188926993 ], [ -63.942758273370295, -33.081302079309893 ], [ -63.942520323906116, -33.079955020261899 ], [ -63.942884777021639, -33.079642897018495 ], [ -63.942880857465283, -33.079275549383887 ], [ -63.943462092602545, -33.078363561120433 ], [ -63.945194313131637, -33.076458639322944 ], [ -63.945704275473915, -33.075817030511949 ], [ -63.945893445631192, -33.075573405153527 ], [ -63.945952758203283, -33.075142394397439 ], [ -63.946172445988616, -33.074763986831805 ], [ -63.946775937802755, -33.074409575280605 ], [ -63.947124612315164, -33.074137826791343 ], [ -63.947475015326795, -33.074027524506953 ], [ -63.947856799951268, -33.073863162597391 ], [ -63.948366998714377, -33.073751643010958 ], [ -63.949510675758177, -33.073777157490902 ], [ -63.949963517105047, -33.073325526801334 ], [ -63.950078816742746, -33.072882773585633 ], [ -63.949789397844945, -33.072010676129835 ], [ -63.949614721558426, -33.0706434440865 ], [ -63.94980852449816, -33.069698818358106 ], [ -63.951348457210401, -33.068888110968558 ], [ -63.951626758209194, -33.068208830246334 ], [ -63.952107693598691, -33.0677768502483 ], [ -63.953068266798866, -33.067292963033879 ], [ -63.953431128113962, -33.06651897059286 ], [ -63.95366811395504, -33.065600741733583 ], [ -63.953887242691351, -33.065469737764872 ], [ -63.954215068523631, -33.063444921576114 ], [ -63.954882646244307, -33.063131679516268 ], [ -63.955800224761163, -33.062655360036977 ], [ -63.95618321724929, -33.062154109558151 ], [ -63.956606659726226, -33.062013991798018 ], [ -63.957592951237217, -33.0622225657158 ], [ -63.958165796405666, -33.062045977338492 ], [ -63.958970143499364, -33.061537889473904 ], [ -63.959195033676195, -33.060977879388552 ], [ -63.959854467648199, -33.060235633092759 ], [ -63.960810863752954, -33.059459673379358 ], [ -63.961326780387672, -33.059266390751951 ], [ -63.961929648450699, -33.05946972526452 ], [ -63.962260029305043, -33.059498466111947 ], [ -63.963082897793342, -33.059345822551897 ], [ -63.963996741482077, -33.059121448151842 ], [ -63.965304623335015, -33.058771241286522 ], [ -63.965769720965724, -33.058756314157641 ], [ -63.966082314871336, -33.058643511336783 ], [ -63.966256338886097, -33.058323965918525 ], [ -63.966728382868958, -33.057876309286932 ], [ -63.967664216637772, -33.057619135478468 ], [ -63.968235773464812, -33.057665089721489 ], [ -63.968823224241213, -33.05756569420825 ], [ -63.969677975725318, -33.057594910317498 ], [ -63.970136352605202, -33.057518238357041 ], [ -63.970813736771341, -33.057450157006599 ], [ -63.971199241469591, -33.057322250571978 ], [ -63.971547477535708, -33.057023527922603 ], [ -63.9719930493576, -33.056858596012447 ], [ -63.972436844416279, -33.056532216116985 ], [ -63.973263331786157, -33.05613557386922 ], [ -63.973727650228255, -33.05606706593256 ], [ -63.973795137639414, -33.055820368077903 ], [ -63.975198241649849, -33.05442985185482 ], [ -63.976509826348845, -33.05429449974919 ], [ -63.976576432779503, -33.054284858703809 ], [ -63.977599690888958, -33.054064659851143 ], [ -63.979399916750261, -33.052965987883013 ], [ -63.979808378587222, -33.052890785325033 ], [ -63.980863874548795, -33.052882488795134 ], [ -63.981225171383244, -33.052764384070173 ], [ -63.981480332856599, -33.052521681038556 ], [ -63.981651619956523, -33.052145605913736 ], [ -63.981791475997944, -33.052018806199669 ], [ -63.981998559706341, -33.051930785741611 ], [ -63.98259835434871, -33.051926061798007 ], [ -63.982970693458107, -33.051792828253674 ], [ -63.98344627098237, -33.051703106931157 ], [ -63.98388856813002, -33.051781231168654 ], [ -63.984599023280673, -33.051724619973896 ], [ -63.985661289425536, -33.051221981819822 ], [ -63.986673600976253, -33.050939287492994 ], [ -63.986915821983558, -33.050789368722072 ], [ -63.987413084640984, -33.050598529254458 ], [ -63.987963228451726, -33.050412709556781 ], [ -63.988537302623953, -33.050266818859519 ], [ -63.988954708800911, -33.050278689791149 ], [ -63.989300431876181, -33.05039804716737 ], [ -63.989589664835279, -33.050166034089656 ], [ -63.990275596356732, -33.049885899862439 ], [ -63.990877374358853, -33.049903785925537 ], [ -63.991346787501264, -33.05001466937015 ], [ -63.991891932844077, -33.050101942544153 ], [ -63.992470686062944, -33.049975239491467 ], [ -63.993047725234263, -33.049695956555965 ], [ -63.993480218732643, -33.049448314182769 ], [ -63.994001928577042, -33.049077992266682 ], [ -63.994579986481824, -33.048890301509928 ], [ -63.995026155615292, -33.04885993473718 ], [ -63.995422331471062, -33.048887476550952 ], [ -63.996497180911582, -33.048912552419125 ], [ -63.99708198601234, -33.048966568438864 ], [ -63.997866366532094, -33.049096766243075 ], [ -63.998788435865862, -33.049309435794626 ], [ -63.999056806788147, -33.049324539834835 ], [ -63.999557661938219, -33.049233836959978 ], [ -64.000206737062271, -33.049061192945736 ], [ -64.000702340890228, -33.04893686968925 ], [ -64.001036269745441, -33.048957100317587 ], [ -64.001609332513823, -33.049107354769674 ], [ -64.002212610858848, -33.049150874695599 ], [ -64.002746729968791, -33.049066821357911 ], [ -64.0030860791653, -33.04894049202337 ], [ -64.004047009428419, -33.048988929613834 ], [ -64.004153681494216, -33.049028774773646 ], [ -64.004288999593754, -33.049097122467813 ], [ -64.004939580007914, -33.049525475701444 ], [ -64.005657302482263, -33.049786126038597 ], [ -64.006479906940783, -33.049656597514925 ], [ -64.007203828048517, -33.049450503891286 ], [ -64.00769816108793, -33.049409600798789 ], [ -64.008389077672632, -33.049414623704116 ], [ -64.009030857719395, -33.049263488702053 ], [ -64.009685083909147, -33.049000952400846 ], [ -64.010642825681529, -33.048847251201934 ], [ -64.011107305820317, -33.04844072389735 ], [ -64.011730287653137, -33.048078729376641 ], [ -64.012239893707445, -33.047787654580141 ], [ -64.012747194148247, -33.047720746568302 ], [ -64.013188273327685, -33.047706841077314 ], [ -64.013749387142852, -33.047933361853538 ], [ -64.013969518025505, -33.048180329748767 ], [ -64.014264967502569, -33.048434321485409 ], [ -64.014979243768551, -33.048778807832306 ], [ -64.015475657219881, -33.049228300082817 ], [ -64.015842286805196, -33.049513669271867 ], [ -64.016283730806407, -33.049569328179246 ], [ -64.01684649364401, -33.049437039976709 ], [ -64.017307006144364, -33.04918806359111 ], [ -64.018378602618199, -33.048814598519776 ], [ -64.018864632788805, -33.048284124704985 ], [ -64.019478483698762, -33.04759350746513 ], [ -64.019987443099382, -33.047402390181219 ], [ -64.020861640091198, -33.047413906255109 ], [ -64.021465918220116, -33.047390999148142 ], [ -64.02208221509521, -33.047182589704541 ], [ -64.022827979818771, -33.046995177155779 ], [ -64.023606983380333, -33.047003353376724 ], [ -64.023958708773051, -33.047146694369943 ], [ -64.024286534656554, -33.047136931933707 ], [ -64.024925641373159, -33.04702632488884 ], [ -64.02577664412145, -33.046869849426436 ], [ -64.026339946264443, -33.046710503133518 ], [ -64.026617172392349, -33.046840731857245 ], [ -64.026995383317526, -33.047130356752845 ], [ -64.027340436390475, -33.047308390819119 ], [ -64.027668630166261, -33.047330294399302 ], [ -64.027989767305911, -33.047316193329031 ], [ -64.028332384868747, -33.047208294734801 ], [ -64.028929651492959, -33.047001422713066 ], [ -64.029297906386915, -33.046891047304165 ], [ -64.03001788893441, -33.04688552854315 ], [ -64.030421002481845, -33.046804418635858 ], [ -64.030748342005197, -33.046677123786033 ], [ -64.030932436810957, -33.046372399403467 ], [ -64.031125348469089, -33.046102815284335 ], [ -64.031167398213668, -33.045913531452527 ], [ -64.031156974238996, -33.045702619957467 ], [ -64.031349353302289, -33.045615329430191 ], [ -64.031498576350032, -33.045660339720584 ], [ -64.031622849358698, -33.045766932162401 ], [ -64.031783836876713, -33.04594789021057 ], [ -64.031904419368047, -33.046117444483905 ], [ -64.032288930551957, -33.046187235463577 ], [ -64.032767163554041, -33.046134628735054 ], [ -64.033225074852112, -33.045895656441033 ], [ -64.033622644171672, -33.045454245790737 ], [ -64.033794862076377, -33.045497648593489 ], [ -64.033848288086588, -33.045638625121619 ], [ -64.034055575237971, -33.045653311626097 ], [ -64.034347703885487, -33.045770530402891 ], [ -64.034632239253682, -33.045768170752176 ], [ -64.034998688367935, -33.045580154418772 ], [ -64.035533221935381, -33.045384943622125 ], [ -64.035841598335395, -33.045151021383333 ], [ -64.035855502958725, -33.044940049780791 ], [ -64.036106199592069, -33.044618077377862 ], [ -64.036407683289795, -33.044476133540208 ], [ -64.036772942232545, -33.044565020884583 ], [ -64.036896420876886, -33.044754486325452 ], [ -64.03715241698454, -33.044885009445487 ], [ -64.03740223790642, -33.044828485714156 ], [ -64.037575465022314, -33.0447692045243 ], [ -64.037976563594299, -33.044781848073022 ], [ -64.038716747642511, -33.044840032683325 ], [ -64.039286899929067, -33.044814919486598 ], [ -64.039847520842542, -33.044694283752733 ], [ -64.040641626976921, -33.044483169539788 ], [ -64.040979050286779, -33.044236971805589 ], [ -64.041109082730614, -33.043929572648324 ], [ -64.041260351438069, -33.04377218329202 ], [ -64.041406205450912, -33.043756399581419 ], [ -64.041478797487088, -33.043795249505159 ], [ -64.041697122417389, -33.0438456102505 ], [ -64.041896538989675, -33.043981404308994 ], [ -64.04228207721404, -33.044138552989118 ], [ -64.042797886307099, -33.044234225552465 ], [ -64.043227579690054, -33.044270088772805 ], [ -64.043778071385134, -33.044341991629729 ], [ -64.044359563023789, -33.044340660245147 ], [ -64.044879377918136, -33.044325559444246 ], [ -64.045295178566349, -33.044159302548358 ], [ -64.045630750357418, -33.044094690042883 ], [ -64.046039574442773, -33.04412463747434 ], [ -64.047108094204432, -33.044329640020884 ], [ -64.04782175306471, -33.044315303811281 ], [ -64.048663484114869, -33.044390536568322 ], [ -64.049588714106193, -33.044901338817994 ], [ -64.050343518888084, -33.04503484904744 ], [ -64.050898776834899, -33.04487376311215 ], [ -64.051183733366486, -33.044609171355155 ], [ -64.051857439197477, -33.044212044635429 ], [ -64.052224630604712, -33.044127349157797 ], [ -64.053250758946831, -33.044004423025164 ], [ -64.054166595528471, -33.043984949300352 ], [ -64.054891229233093, -33.043963550404378 ], [ -64.055578001946628, -33.043810382392117 ], [ -64.056095371492091, -33.043627956988281 ], [ -64.056552500101674, -33.043441090026178 ], [ -64.056955326352295, -33.043265287929827 ], [ -64.057341441682354, -33.042913276786692 ], [ -64.057661502505709, -33.042551783773057 ], [ -64.058111173981061, -33.042482210681037 ], [ -64.058605160724824, -33.042639802957069 ], [ -64.059424915400584, -33.043134880922089 ], [ -64.06023100159814, -33.043522591191092 ], [ -64.060992542924623, -33.043700950877664 ], [ -64.061711915117598, -33.043794672068074 ], [ -64.062559449021634, -33.043984169380089 ], [ -64.063511678471656, -33.044378674093679 ], [ -64.06432926459604, -33.044505907473997 ], [ -64.06497721460768, -33.044547752702947 ], [ -64.065718784794612, -33.044572955874415 ], [ -64.066438854849039, -33.044393139870849 ], [ -64.06707437114207, -33.044174587223388 ], [ -64.067721686011396, -33.044200584745127 ], [ -64.068457584318793, -33.044525910657121 ], [ -64.069712787184955, -33.045232994364135 ], [ -64.070825956358235, -33.045684609693922 ], [ -64.071635123337941, -33.045918779611746 ], [ -64.072743611323716, -33.045982789479524 ], [ -64.073310285872168, -33.046328067276718 ], [ -64.073898558313289, -33.046629316745353 ], [ -64.0741420899801, -33.046603178768144 ], [ -64.074349060619099, -33.04666404476901 ], [ -64.075269832108717, -33.04665097210237 ], [ -64.075177952649327, -33.046280959071865 ], [ -64.073151428422918, -33.038118969943199 ], [ -64.071140405528396, -33.029697589708945 ], [ -64.069095569395856, -33.021674441457819 ], [ -64.066349901709799, -33.010500767847361 ], [ -64.063840924384593, -33.000518389728207 ], [ -64.0538532971389, -33.001404298582642 ], [ -64.048030864432889, -33.001872523412402 ], [ -64.046371548378616, -32.995448027750392 ], [ -64.040928793781006, -32.975374135833306 ], [ -64.036620016854144, -32.958642055899546 ], [ -64.032954488686713, -32.944486685687842 ], [ -64.029337217634932, -32.930513508845202 ], [ -64.036053041356311, -32.929210159225626 ], [ -64.035570960425147, -32.927429114575325 ], [ -64.046461442885757, -32.925324434867505 ], [ -64.03682612558525, -32.918797437876329 ], [ -64.042658662467602, -32.910770144241319 ], [ -64.040590032913968, -32.91080884044792 ], [ -64.037594450667271, -32.899741623043518 ], [ -64.022363801441728, -32.902768367510127 ], [ -64.017976800894132, -32.886711993370042 ], [ -63.995622998634154, -32.890969528859308 ], [ -63.993863939642331, -32.891034735516833 ], [ -64.010230616106384, -32.902070857543201 ], [ -63.996600741350086, -32.905427758036396 ], [ -63.996568019255236, -32.908832408966745 ], [ -63.996415787864933, -32.909133025425326 ], [ -63.996405016530296, -32.90913311130064 ], [ -63.996010232834912, -32.909347782471627 ], [ -63.995898260988064, -32.909719914856467 ], [ -63.995799698301056, -32.909773518280105 ], [ -63.99559140129314, -32.909845643742543 ], [ -63.994990009864289, -32.909850432047683 ], [ -63.994551091029862, -32.909853924912284 ], [ -63.99421536218378, -32.909759657084862 ], [ -63.993833515778469, -32.909758281465294 ], [ -63.993612035717462, -32.909760042118279 ], [ -63.993105686166416, -32.909830120180359 ], [ -63.992929896320909, -32.909990223471375 ], [ -63.992680694559276, -32.910164019535287 ], [ -63.991966615645723, -32.910140316655777 ], [ -63.991563619357684, -32.910344828397719 ], [ -63.991309829132874, -32.910518279982405 ], [ -63.991154709017209, -32.910695864993009 ], [ -63.990986474154681, -32.910736402821414 ], [ -63.990765799797877, -32.910738152069897 ], [ -63.990585791486097, -32.910705372631242 ], [ -63.99044556984849, -32.910607950837111 ], [ -63.990467966055256, -32.910204858907186 ], [ -63.990363897938103, -32.909855654144522 ], [ -63.990314351529832, -32.909689398127519 ], [ -63.990162927465988, -32.90956970811682 ], [ -63.989912078645546, -32.909571694833815 ], [ -63.989565535516412, -32.909691672480591 ], [ -63.989233227492363, -32.90975909643106 ], [ -63.988976342795155, -32.909727219459846 ], [ -63.988537329894669, -32.909431304352786 ], [ -63.988051887171565, -32.909394551612536 ], [ -63.987492305278273, -32.909451539499386 ], [ -63.987230171874593, -32.909262253993973 ], [ -63.987001393310926, -32.9091647268828 ], [ -63.986639789340337, -32.909263259451237 ], [ -63.986389012791989, -32.909101615267296 ], [ -63.985964469752005, -32.908894573724275 ], [ -63.985475953453069, -32.908750307702441 ], [ -63.984887280733794, -32.908516067121127 ], [ -63.984533237825303, -32.908421287091244 ], [ -63.984215006276052, -32.90839706871192 ], [ -63.983370049406098, -32.908501035212716 ], [ -63.983159997366911, -32.908488190735845 ], [ -63.982729339755608, -32.908190172245554 ], [ -63.982323339764228, -32.908001881096908 ], [ -63.981965798076537, -32.908004690170415 ], [ -63.981635174715635, -32.907834083054667 ], [ -63.981224197128519, -32.907560107700583 ], [ -63.980844559835049, -32.907465518183926 ], [ -63.980292271389963, -32.90732790888535 ], [ -63.97986063777936, -32.907331292894085 ], [ -63.979586838985895, -32.907475380141918 ], [ -63.979295310629624, -32.907477664248304 ], [ -63.979004732595783, -32.90742867642286 ], [ -63.978632497071459, -32.90713959852927 ], [ -63.978363164669702, -32.906930433244078 ], [ -63.978103021129158, -32.906821663808714 ], [ -63.977680936122397, -32.906737481192742 ], [ -63.977081861076506, -32.906779730315471 ], [ -63.976822477995604, -32.906740032124105 ], [ -63.976413600381171, -32.906533339514922 ], [ -63.976105797422278, -32.906451914567725 ], [ -63.975524902233609, -32.90645644892151 ], [ -63.974713206950831, -32.906545978751296 ], [ -63.974115668783654, -32.906630179060159 ], [ -63.973239595812636, -32.906820543326184 ], [ -63.972931576090666, -32.906916224042952 ], [ -63.972674464237009, -32.907034828688033 ], [ -63.97221819940296, -32.907077329930175 ], [ -63.97194899449255, -32.906927775210029 ], [ -63.971759130518961, -32.906863196723627 ], [ -63.971458822938324, -32.906826326657765 ], [ -63.971295276870208, -32.906827597466112 ], [ -63.970590691085931, -32.90693026081113 ], [ -63.969392779029079, -32.90723541451132 ], [ -63.968808580052439, -32.907407222665398 ], [ -63.968458763742781, -32.907475987744711 ], [ -63.967699142131586, -32.907406409338122 ], [ -63.967421695965243, -32.907359219958529 ], [ -63.96685316633188, -32.907262519611194 ], [ -63.966348922919593, -32.907130401581313 ], [ -63.965822395079392, -32.907080013409761 ], [ -63.965552885316541, -32.907099995615937 ], [ -63.965285566631259, -32.907272238797248 ], [ -63.96503289501608, -32.907378944066011 ], [ -63.964717731679983, -32.907438102872952 ], [ -63.96453128211877, -32.907439541589795 ], [ -63.964318067564982, -32.907358240100457 ], [ -63.963617984271387, -32.906783265807647 ], [ -63.963335665522415, -32.906715227157257 ], [ -63.963098146648065, -32.906778069505641 ], [ -63.963017004583392, -32.906948999477464 ], [ -63.963004811320808, -32.90724142278129 ], [ -63.962850339051961, -32.907334257086511 ], [ -63.962654218524172, -32.90738820777247 ], [ -63.962399842679744, -32.907337726078282 ], [ -63.962196478292853, -32.907195332853092 ], [ -63.961827354085223, -32.906600278450476 ], [ -63.961692811221795, -32.906492777250001 ], [ -63.961524694153198, -32.906370281070487 ], [ -63.961247836576575, -32.906333584209506 ], [ -63.961112581356453, -32.906334624145792 ], [ -63.960603775242404, -32.906751880461449 ], [ -63.960412772557895, -32.906930460086734 ], [ -63.960120057532855, -32.907022462161407 ], [ -63.959653492646822, -32.90705995436474 ], [ -63.959405646651071, -32.907040048617084 ], [ -63.959181913172102, -32.906857341984413 ], [ -63.958947492166246, -32.90673295592115 ], [ -63.95867306424956, -32.906721698528138 ], [ -63.958432849678289, -32.906809764408216 ], [ -63.95820873273717, -32.906822392546424 ], [ -63.957870225254403, -32.906634695464795 ], [ -63.957557405726234, -32.906461240409591 ], [ -63.957257723278389, -32.906356637947511 ], [ -63.956961100226053, -32.906335980417339 ], [ -63.956148183291347, -32.90634220060516 ], [ -63.9559911998441, -32.906223505423483 ], [ -63.955800468724703, -32.906079292923529 ], [ -63.955558592202131, -32.906035582141023 ], [ -63.955273495103008, -32.905984060080719 ], [ -63.954163703987206, -32.905992535508744 ], [ -63.953561915697087, -32.905681854801685 ], [ -63.953190176654722, -32.905566068651417 ], [ -63.952973365698639, -32.905575285090897 ], [ -63.952409351624063, -32.905696565616104 ], [ -63.95208684213523, -32.905699022221839 ], [ -63.95168382899768, -32.90543030857291 ], [ -63.951433698095009, -32.905322163327071 ], [ -63.951155816828695, -32.905289863865299 ], [ -63.950775052528442, -32.90556454261074 ], [ -63.950484757643402, -32.905656629848153 ], [ -63.949720024230807, -32.905704797502885 ], [ -63.948082226809845, -32.905572891878208 ], [ -63.947453222476618, -32.905588753707747 ], [ -63.946749306363529, -32.905756197977283 ], [ -63.945772485586645, -32.905730275091578 ], [ -63.945559763668435, -32.905714525343811 ], [ -63.944484606384826, -32.905634915988472 ], [ -63.942955501946336, -32.905613683814003 ], [ -63.942333784821479, -32.905605387709016 ], [ -63.941863024236547, -32.905577546711704 ], [ -63.941538237107594, -32.90546666645529 ], [ -63.941125953326498, -32.905436295480058 ], [ -63.941049724198628, -32.905467193240582 ], [ -63.940811739442481, -32.905563654568439 ], [ -63.940601851928569, -32.905565233931092 ], [ -63.940393997536468, -32.905529736375669 ], [ -63.940088613000448, -32.905434984542005 ], [ -63.939812119938281, -32.905262581510875 ], [ -63.939531659062247, -32.905087703082138 ], [ -63.939251926646421, -32.905007236558248 ], [ -63.938819760238985, -32.905010482720598 ], [ -63.938510016191252, -32.905150086420754 ], [ -63.938108797543684, -32.905226337954169 ], [ -63.937855532242487, -32.905228238195392 ], [ -63.93741354797654, -32.905194870049314 ], [ -63.937001944407065, -32.905078325938518 ], [ -63.936438291944569, -32.904826271726144 ], [ -63.936054623488751, -32.904829145032203 ], [ -63.935452948909045, -32.90454825141309 ], [ -63.934895753122241, -32.904294503063859 ], [ -63.93452455518841, -32.904176135827228 ], [ -63.934171821526874, -32.90409683381386 ], [ -63.933739894806614, -32.904071193093188 ], [ -63.932731695052496, -32.904078719163046 ], [ -63.932025523916472, -32.904083985789349 ], [ -63.931784461263604, -32.904015820029819 ], [ -63.931422227037594, -32.90387808969605 ], [ -63.931110790217126, -32.903625014241257 ], [ -63.930838093178714, -32.903365976895181 ], [ -63.930545321173682, -32.903274116446823 ], [ -63.930068831523819, -32.903366911899383 ], [ -63.92986139122057, -32.903321413666724 ], [ -63.929667378555621, -32.903137066956447 ], [ -63.929469526952552, -32.902949071449513 ], [ -63.929201512226001, -32.902802314163971 ], [ -63.928816618327964, -32.902661214922176 ], [ -63.928570118957211, -32.902594268100444 ], [ -63.928217018624686, -32.902730588491949 ], [ -63.927960998797722, -32.902829428422784 ], [ -63.927638497436469, -32.90283182177825 ], [ -63.927489358603403, -32.902689599214263 ], [ -63.927347051670999, -32.902582370190068 ], [ -63.927169817072979, -32.902510570494066 ], [ -63.92683840132689, -32.902458948568757 ], [ -63.926321856711233, -32.902482946343646 ], [ -63.92572001905824, -32.902492698607304 ], [ -63.92510402240282, -32.902280940961262 ], [ -63.924643775276543, -32.90208823759707 ], [ -63.924221273315702, -32.902120441587023 ], [ -63.923691966202647, -32.902160784446465 ], [ -63.923399564993375, -32.902129538795812 ], [ -63.922491668346531, -32.901804075489942 ], [ -63.922147217554908, -32.901690137993896 ], [ -63.921638901932596, -32.901727922189288 ], [ -63.921003874614613, -32.901732601878251 ], [ -63.920698616591736, -32.901598092990575 ], [ -63.920506645355594, -32.901423905756552 ], [ -63.920229904239818, -32.901172799877365 ], [ -63.920012854038184, -32.90097585414221 ], [ -63.91975947153319, -32.900939270417254 ], [ -63.919426468911112, -32.900941719769406 ], [ -63.919157616635097, -32.901181192062545 ], [ -63.918884487534193, -32.901528475785788 ], [ -63.918523310069993, -32.90175122909973 ], [ -63.918312304168083, -32.901800303457229 ], [ -63.917465348515954, -32.901607978474601 ], [ -63.916963516275125, -32.901437830128025 ], [ -63.916383160800443, -32.901152773888874 ], [ -63.916028128498162, -32.900978388556176 ], [ -63.915577388832567, -32.900981690241061 ], [ -63.915382378666663, -32.900935593873584 ], [ -63.915079201496958, -32.90085146270895 ], [ -63.914357415562634, -32.900514870924383 ], [ -63.914048944391602, -32.900413505832475 ], [ -63.913849305335077, -32.900414965222716 ], [ -63.913553200614771, -32.900520749900785 ], [ -63.912185779149674, -32.900545230970806 ], [ -63.911886040524145, -32.900513708680016 ], [ -63.911754777672805, -32.900449922549363 ], [ -63.911317998896592, -32.900237671732434 ], [ -63.911138552827289, -32.900185026226957 ], [ -63.910962189588417, -32.900170301843985 ], [ -63.910808204079444, -32.900209619685818 ], [ -63.910578816196072, -32.900437188808731 ], [ -63.910420950127282, -32.900518638242808 ], [ -63.910187474800274, -32.900557525666507 ], [ -63.909959417184282, -32.900540868076781 ], [ -63.909481016006396, -32.90040042841845 ], [ -63.909005952480385, -32.90036984730375 ], [ -63.90886401970311, -32.90042861432341 ], [ -63.908711042401904, -32.900540406368854 ], [ -63.908568019485038, -32.900624392841337 ], [ -63.908075790069852, -32.900627968962631 ], [ -63.907791068274626, -32.900608984718076 ], [ -63.907280447697744, -32.900473647799373 ], [ -63.907061679371942, -32.900475235166631 ], [ -63.906679482126613, -32.900647305136623 ], [ -63.906132629598872, -32.900684549390476 ], [ -63.905363595052968, -32.900652807144645 ], [ -63.905250460854461, -32.900576351966407 ], [ -63.904755856716797, -32.900558376054676 ], [ -63.904619457479107, -32.900658193593927 ], [ -63.9041538999099, -32.900661561285808 ], [ -63.903958965275073, -32.900542710218147 ], [ -63.903723914737803, -32.900479867064796 ], [ -63.903427145726866, -32.900521468451807 ], [ -63.903167958485326, -32.900682049836533 ], [ -63.903025445254102, -32.900604418200992 ], [ -63.902704392719905, -32.900616191134866 ], [ -63.902455563206715, -32.900682403841543 ], [ -63.902232163081862, -32.900705572352564 ], [ -63.901871409426725, -32.900708175190616 ], [ -63.901550531057246, -32.900657418441739 ], [ -63.901269487614606, -32.900602466540612 ], [ -63.900787186370714, -32.900605942390328 ], [ -63.900310196304382, -32.900753715508536 ], [ -63.89996439433213, -32.900849363095389 ], [ -63.8995877111509, -32.900902119609121 ], [ -63.899283265427485, -32.900904309820056 ], [ -63.898858763582389, -32.90075312826135 ], [ -63.898283311849745, -32.900551472555385 ], [ -63.897769019313792, -32.900371245840226 ], [ -63.897513314493878, -32.900317111312113 ], [ -63.89707685509417, -32.900320243739877 ], [ -63.896800503108473, -32.900356136305604 ], [ -63.896484351181478, -32.900479924995345 ], [ -63.896126438073807, -32.90073776134281 ], [ -63.895933245883739, -32.900817680980126 ], [ -63.894832660908719, -32.900825563000879 ], [ -63.894370581007088, -32.900612173072886 ], [ -63.893868903682794, -32.900292292096353 ], [ -63.893609462903107, -32.900161027830883 ], [ -63.893144825389633, -32.900140396067307 ], [ -63.893068586557312, -32.900069213329772 ], [ -63.89286867642943, -32.899882560295502 ], [ -63.892694118921497, -32.899725223847803 ], [ -63.892467647535021, -32.899657129719458 ], [ -63.892281906389492, -32.899620385453382 ], [ -63.892123480777563, -32.899674461010264 ], [ -63.891943734024366, -32.899751883435385 ], [ -63.891790806391647, -32.899733877097873 ], [ -63.891658677803264, -32.899698954738284 ], [ -63.891437152725977, -32.899640403985785 ], [ -63.891280351585138, -32.899641521874628 ], [ -63.89047404675064, -32.900326602277744 ], [ -63.890258457401444, -32.900511302157014 ], [ -63.889805709598043, -32.900475446719227 ], [ -63.889646981027141, -32.900391738190763 ], [ -63.889516695586778, -32.900188448664217 ], [ -63.889343513921013, -32.899979539327731 ], [ -63.889128514424819, -32.899845932595987 ], [ -63.88887873188115, -32.899817580434494 ], [ -63.88865906889572, -32.899918350853234 ], [ -63.888392303385466, -32.899727249408258 ], [ -63.888044721458691, -32.899510501025368 ], [ -63.887716031592959, -32.899431778874181 ], [ -63.887420181490334, -32.899403876919074 ], [ -63.887248592435043, -32.899354040553611 ], [ -63.886804028905267, -32.8991042956402 ], [ -63.886222247454995, -32.898720277902633 ], [ -63.885743497300396, -32.898404263668645 ], [ -63.885460077743907, -32.898217181644114 ], [ -63.885263675864977, -32.89816449280012 ], [ -63.885067812066616, -32.898165879444718 ], [ -63.884872395742107, -32.898212265926993 ], [ -63.884579186888146, -32.898341156765632 ], [ -63.884374425520562, -32.898423283484938 ], [ -63.884183518157087, -32.898462577660901 ], [ -63.884054199086243, -32.898463492114189 ], [ -63.883663008861255, -32.898466257521505 ], [ -63.88347624161711, -32.898379839828458 ], [ -63.883312776599865, -32.898333722396131 ], [ -63.883191540118112, -32.898334578852889 ], [ -63.882973583852596, -32.898336118276205 ], [ -63.882782014532758, -32.898408831983886 ], [ -63.88255049440788, -32.898545465236353 ], [ -63.882318522034915, -32.898682364541543 ], [ -63.882132207447583, -32.898750238743794 ], [ -63.881881920209672, -32.898752004378572 ], [ -63.881704103809668, -32.8986986746051 ], [ -63.881479013401091, -32.898669916467696 ], [ -63.881366608686569, -32.89873660301199 ], [ -63.881212856578379, -32.89882781947459 ], [ -63.881172054919823, -32.898979252662649 ], [ -63.88117614177267, -32.899391943409825 ], [ -63.881124651908394, -32.899579631041043 ], [ -63.881013163298093, -32.89969437469194 ], [ -63.880860620263618, -32.899771841698048 ], [ -63.879670327183305, -32.899780222092978 ], [ -63.879500159246625, -32.899655737691916 ], [ -63.879380149011261, -32.899590022298575 ], [ -63.879197142859624, -32.899584123935036 ], [ -63.879023168604142, -32.899646990426888 ], [ -63.878840468600956, -32.899944893384593 ], [ -63.878759867401293, -32.900131902286461 ], [ -63.878737025425153, -32.900383552015484 ], [ -63.878665722680964, -32.900557259223369 ], [ -63.878571576624914, -32.900709696759563 ], [ -63.878437192962892, -32.900798378599653 ], [ -63.878023372349979, -32.900775191093949 ], [ -63.877544822807081, -32.900308474114013 ], [ -63.877359146611688, -32.900141235319843 ], [ -63.877130020412707, -32.900021447425537 ], [ -63.876820391897695, -32.899934999238567 ], [ -63.876326545514893, -32.899938461643906 ], [ -63.876039635449352, -32.900024806298191 ], [ -63.875821907684482, -32.900268996775758 ], [ -63.875599678690747, -32.900439221309071 ], [ -63.875209593695409, -32.900637471333354 ], [ -63.875036486355278, -32.900679400321152 ], [ -63.874476627179099, -32.900683317456711 ], [ -63.874232402559372, -32.900644560229679 ], [ -63.874006787293183, -32.900497891303267 ], [ -63.873727968054006, -32.900256166503667 ], [ -63.87352173202391, -32.900024901166773 ], [ -63.873358267374442, -32.899731567389921 ], [ -63.873151935821959, -32.899490343343032 ], [ -63.872914072682306, -32.899303166637445 ], [ -63.872556199972315, -32.899187042388903 ], [ -63.872147607111799, -32.899119047603492 ], [ -63.871887455512137, -32.898994171888027 ], [ -63.871483021800969, -32.898772983168911 ], [ -63.871155325440633, -32.89846377290467 ], [ -63.870776223717407, -32.898160088224408 ], [ -63.870660560499864, -32.897987057113745 ], [ -63.870504859561215, -32.897612680219709 ], [ -63.870450907475039, -32.897570376169675 ], [ -63.870224465364238, -32.897392821285756 ], [ -63.869855772540902, -32.897160915399191 ], [ -63.869758749865618, -32.896992670049805 ], [ -63.869695704707432, -32.896689556271603 ], [ -63.869634266269472, -32.896550813432668 ], [ -63.86938450510322, -32.896219752066465 ], [ -63.86921507729091, -32.8960309576631 ], [ -63.868954693862428, -32.89588099133455 ], [ -63.868408039408251, -32.895633677764131 ], [ -63.867962154481681, -32.895607527863341 ], [ -63.867733445910559, -32.895638613326653 ], [ -63.867418893460865, -32.895763200147002 ], [ -63.867116941686866, -32.895909128994752 ], [ -63.866851574572635, -32.895910969037999 ], [ -63.866528506807647, -32.895825344596794 ], [ -63.866232973041491, -32.895800415544429 ], [ -63.865834788050229, -32.89580317350886 ], [ -63.86574465254813, -32.895658560989951 ], [ -63.865559986927551, -32.895472151636625 ], [ -63.865384484987111, -32.895294991496733 ], [ -63.86525699311332, -32.894956898396863 ], [ -63.865047901800601, -32.894566928720202 ], [ -63.864914127502992, -32.894469275186331 ], [ -63.864762064769906, -32.894430365912598 ], [ -63.864566828952071, -32.89449562846081 ], [ -63.864416655441751, -32.894651216362838 ], [ -63.864418051178454, -32.894794915168859 ], [ -63.864555370479692, -32.895285221739869 ], [ -63.864541737222147, -32.895490415680193 ], [ -63.864404482526332, -32.895672512900113 ], [ -63.86422908524581, -32.895838863989781 ], [ -63.864027770552475, -32.895944380881538 ], [ -63.863925934117823, -32.895945084561198 ], [ -63.863729428125211, -32.895879882465572 ], [ -63.863446563625494, -32.895716697496404 ], [ -63.863275693380928, -32.895683336894876 ], [ -63.863092588512608, -32.89572191473912 ], [ -63.863005281285517, -32.895831685373963 ], [ -63.86299502105696, -32.896079464176481 ], [ -63.862978853575186, -32.89638489317722 ], [ -63.86298784975699, -32.896645775353115 ], [ -63.862910487936723, -32.896808800663578 ], [ -63.862697484717145, -32.897015244122905 ], [ -63.862412905489535, -32.897147931584115 ], [ -63.862211022374034, -32.897195310543921 ], [ -63.861954258087778, -32.897197080903766 ], [ -63.861688592616197, -32.897083592427549 ], [ -63.861320646239705, -32.896926409591359 ], [ -63.860791661173572, -32.896610238156825 ], [ -63.860420432966421, -32.896447654635722 ], [ -63.860157589894008, -32.896404207549566 ], [ -63.859937163168006, -32.896456399909383 ], [ -63.859736378888854, -32.896617498787805 ], [ -63.859532296759703, -32.896744079556854 ], [ -63.859296217763891, -32.896849575747474 ], [ -63.858998251120802, -32.896907719920868 ], [ -63.85876642667737, -32.896784134718416 ], [ -63.858547921242199, -32.896756389350635 ], [ -63.858336433286375, -32.89675784136687 ], [ -63.858080069566505, -32.896957885815269 ], [ -63.85805228006361, -32.897130912628505 ], [ -63.858004749944548, -32.897426849702242 ], [ -63.85783331495827, -32.897670439559903 ], [ -63.857501534857214, -32.897798901587649 ], [ -63.857080117825902, -32.898020127151661 ], [ -63.857082220644514, -32.898238448797947 ], [ -63.856895480327317, -32.898320029034139 ], [ -63.856320545994897, -32.898323968030788 ], [ -63.856274922705971, -32.898510723360616 ], [ -63.856158892049443, -32.898604676353663 ], [ -63.856052127254152, -32.898653562348571 ], [ -63.855833899217892, -32.898655056321893 ], [ -63.855134761141343, -32.898659840005372 ], [ -63.854800949355287, -32.898773937962261 ], [ -63.854482737528556, -32.898885281158428 ], [ -63.854055475352688, -32.898976064348005 ], [ -63.853578335264579, -32.898979322715931 ], [ -63.853315578209589, -32.898917203815365 ], [ -63.8529483017413, -32.898829198746689 ], [ -63.852376026492507, -32.898576695180857 ], [ -63.852028801911494, -32.898428489009653 ], [ -63.851774879299938, -32.898263120415898 ], [ -63.851552286709641, -32.89811815473918 ], [ -63.851109905581367, -32.898121166902783 ], [ -63.850905423735298, -32.897954016243112 ], [ -63.850662558890271, -32.897689303688928 ], [ -63.850434003082867, -32.897568454042791 ], [ -63.850117623495763, -32.897533291760062 ], [ -63.849804382700697, -32.897572861034277 ], [ -63.84945833848176, -32.897732409578836 ], [ -63.849263744153475, -32.897866851057508 ], [ -63.849229789637064, -32.898007386679197 ], [ -63.8492074634907, -32.898321806366909 ], [ -63.849115362789647, -32.89858072919688 ], [ -63.848974762728396, -32.898754890663426 ], [ -63.848789061240495, -32.898833300305682 ], [ -63.848615185405315, -32.89882389152374 ], [ -63.848437393714235, -32.898771144368631 ], [ -63.848270764275526, -32.898532634566429 ], [ -63.848147405788914, -32.898197899190329 ], [ -63.848138300530998, -32.89766661718614 ], [ -63.848095369649783, -32.897459161162729 ], [ -63.847917401203809, -32.897359267904456 ], [ -63.847547460270569, -32.897329756847974 ], [ -63.847406173612598, -32.897431940860272 ], [ -63.847274936113237, -32.897684068283858 ], [ -63.847224339633513, -32.898001326533937 ], [ -63.847131102415226, -32.898169744433886 ], [ -63.84698058713456, -32.898293294672527 ], [ -63.846610947174021, -32.89829579813965 ], [ -63.84636439559236, -32.898265448059639 ], [ -63.846064823439114, -32.898014472702044 ], [ -63.845450226557411, -32.89798408956495 ], [ -63.844979489576403, -32.898008575947244 ], [ -63.844654034859659, -32.898010774998362 ], [ -63.844514307907573, -32.897937091183103 ], [ -63.844391660215628, -32.897817658052325 ], [ -63.844243969694695, -32.897557710638431 ], [ -63.844052230846252, -32.897340668767015 ], [ -63.843938538058367, -32.897341436217879 ], [ -63.843699121019078, -32.897409611822958 ], [ -63.843300385472496, -32.89766795204207 ], [ -63.842974489944211, -32.897993242173662 ], [ -63.84271813712806, -32.898293354942588 ], [ -63.842656800825395, -32.898502524148554 ], [ -63.842636140386794, -32.898995306902236 ], [ -63.84271769742206, -32.899299570917314 ], [ -63.842826406761155, -32.899426663239929 ], [ -63.842863836630542, -32.899708785864817 ], [ -63.84275461785731, -32.899926219660898 ], [ -63.842582050952913, -32.900055207823492 ], [ -63.842342600500466, -32.900120733840154 ], [ -63.8419701977408, -32.900173792428376 ], [ -63.841778692230761, -32.900351692344024 ], [ -63.841784395056202, -32.900612724707457 ], [ -63.841788910328852, -32.90080518828794 ], [ -63.841721087254584, -32.900984146208735 ], [ -63.841499141056516, -32.901157424427161 ], [ -63.841221428610204, -32.901285767633169 ], [ -63.840847189434363, -32.901458718558487 ], [ -63.840727178917383, -32.901612310631684 ], [ -63.84073120055583, -32.902037912433805 ], [ -63.840685550818954, -32.902174567050125 ], [ -63.840574971934757, -32.902505588339039 ], [ -63.840292177363395, -32.902347644997178 ], [ -63.840236624045744, -32.902142918375922 ], [ -63.840127085337379, -32.901927965441473 ], [ -63.839954814976444, -32.901832308674464 ], [ -63.83962928752878, -32.901485686560612 ], [ -63.839419218073246, -32.901324605484909 ], [ -63.839193985600716, -32.901241278944269 ], [ -63.838748005011162, -32.901092873285691 ], [ -63.838571593921216, -32.900957785483314 ], [ -63.838407880529218, -32.900675570639677 ], [ -63.838311896245969, -32.900562185051491 ], [ -63.838161218467114, -32.90038418965753 ], [ -63.837876862264274, -32.900230915395042 ], [ -63.83739922402674, -32.900067589747088 ], [ -63.837003393920241, -32.899979224740157 ], [ -63.836027544887159, -32.89998575381383 ], [ -63.835667910943023, -32.900046989674586 ], [ -63.83552552684386, -32.900095000358327 ], [ -63.83516051307668, -32.900218078863325 ], [ -63.834645020377131, -32.900356027594803 ], [ -63.834279482608295, -32.900164838603622 ], [ -63.833622358840756, -32.900169221726841 ], [ -63.833288288402109, -32.900295674512421 ], [ -63.832873287505372, -32.900310233075835 ], [ -63.83251397147086, -32.900322837054027 ], [ -63.832353995563643, -32.900416934732966 ], [ -63.832244922845632, -32.900566412061615 ], [ -63.832246022882956, -32.900684019059696 ], [ -63.832294610198609, -32.900808621443701 ], [ -63.832406122469266, -32.90094868847865 ], [ -63.832347752071151, -32.901103248903702 ], [ -63.83217543457954, -32.901231969057115 ], [ -63.832025006364788, -32.901309993104611 ], [ -63.831873588369142, -32.901311000680963 ], [ -63.83169592596073, -32.901271591225253 ], [ -63.831521173360429, -32.901139885976626 ], [ -63.831419042662702, -32.90099446122295 ], [ -63.831309527468022, -32.900750758388384 ], [ -63.831216850998139, -32.90060779179872 ], [ -63.831003759719422, -32.900467516449453 ], [ -63.830703018070864, -32.900347236425041 ], [ -63.830459795078269, -32.900298301992713 ], [ -63.830238140131932, -32.90033734008248 ], [ -63.829965130250685, -32.900474667630775 ], [ -63.829698263653967, -32.900577413270504 ], [ -63.829427519404234, -32.900611102968874 ], [ -63.829116940091815, -32.900562612750853 ], [ -63.828904742627678, -32.900431152092125 ], [ -63.828736860540914, -32.900371125706627 ], [ -63.828544414663462, -32.900335213357714 ], [ -63.82774648231802, -32.900409453709898 ], [ -63.827431228562105, -32.900408641077931 ], [ -63.826902520086861, -32.900053749131565 ], [ -63.826566610789342, -32.899772586406769 ], [ -63.826406052858097, -32.899688556950487 ], [ -63.826203905435392, -32.899652200854511 ], [ -63.825930659940134, -32.899510051610086 ], [ -63.825819835507168, -32.899465143304532 ], [ -63.825527203025132, -32.89934656199712 ], [ -63.825464305308863, -32.899057287585279 ], [ -63.825372332039343, -32.899033063560125 ], [ -63.82513653756439, -32.898970959369358 ], [ -63.825020793809138, -32.898896086874252 ], [ -63.824762309301704, -32.898914936469957 ], [ -63.8245026121444, -32.899005787436664 ], [ -63.824151348140397, -32.899306223061835 ], [ -63.823949788245557, -32.899478615614967 ], [ -63.823724053950293, -32.899600995038476 ], [ -63.823508371216256, -32.899528544380914 ], [ -63.823269083472205, -32.899496588141751 ], [ -63.822742975233012, -32.899537113062266 ], [ -63.822445447982282, -32.899646474127245 ], [ -63.822259470082422, -32.899785229386048 ], [ -63.822148642882205, -32.899863233297879 ], [ -63.822004937033348, -32.899823838820197 ], [ -63.8215627907189, -32.899561639678389 ], [ -63.821379420013585, -32.899515949956822 ], [ -63.821256405514454, -32.899587225880637 ], [ -63.821173782593753, -32.899685087295651 ], [ -63.82125221631226, -32.899979931935611 ], [ -63.821253114483078, -32.900077244758165 ], [ -63.821174479435641, -32.90019852723205 ], [ -63.821011889819268, -32.900273466473728 ], [ -63.82080901305654, -32.900274798533921 ], [ -63.820476594087346, -32.900106792531481 ], [ -63.820204716839335, -32.900076689274698 ], [ -63.819917739449529, -32.900044913408991 ], [ -63.819727408293325, -32.899970385432816 ], [ -63.819549429201487, -32.899812477410748 ], [ -63.819376654012522, -32.899659185644431 ], [ -63.819216559321895, -32.899566193552246 ], [ -63.81901175428014, -32.899533498964558 ], [ -63.818789250372951, -32.899568488409223 ], [ -63.81851959259177, -32.899691146139624 ], [ -63.818333454163131, -32.899813130609481 ], [ -63.818010358106875, -32.89989693216674 ], [ -63.81764895341172, -32.899975562823272 ], [ -63.817172874132083, -32.900000918161496 ], [ -63.816489187197966, -32.900023859580536 ], [ -63.815947171911226, -32.900042044480955 ], [ -63.815571840160587, -32.899916896625122 ], [ -63.815410293441658, -32.899782687284684 ], [ -63.815138213646215, -32.899612136592154 ], [ -63.814919591931748, -32.89957107930482 ], [ -63.814690287108618, -32.899599172462047 ], [ -63.814512260812585, -32.899724880248968 ], [ -63.814422454987344, -32.899892495581163 ], [ -63.814285548644179, -32.900036340038007 ], [ -63.81376232645836, -32.900039746605636 ], [ -63.81344003929761, -32.899858929880921 ], [ -63.81321022070474, -32.899860424882874 ], [ -63.813057053848382, -32.899964696309624 ], [ -63.812931232724274, -32.899965514461819 ], [ -63.812359641046342, -32.89996922964383 ], [ -63.812266273903774, -32.899938163400847 ], [ -63.811665755087169, -32.899738349326903 ], [ -63.81103502159548, -32.899563688348302 ], [ -63.810621457010846, -32.899566370371019 ], [ -63.810412381897549, -32.899626596063911 ], [ -63.810159662741533, -32.899628233887519 ], [ -63.810003901342874, -32.899595837013536 ], [ -63.809739184942408, -32.899493047407191 ], [ -63.809509490660005, -32.899389652302759 ], [ -63.80932664430712, -32.899282423827962 ], [ -63.809168520895398, -32.899256848470017 ], [ -63.808926849029369, -32.899258412295389 ], [ -63.808786248006676, -32.899322730420693 ], [ -63.808652041900729, -32.89937919126568 ], [ -63.808535920686992, -32.899379942250029 ], [ -63.808335655143779, -32.899342284406394 ], [ -63.807858695842128, -32.899188043356936 ], [ -63.807042052846207, -32.89883417029688 ], [ -63.80676722660003, -32.898774678420892 ], [ -63.806496806472019, -32.898755370890811 ], [ -63.806231884739219, -32.898807629819565 ], [ -63.805862352941752, -32.899030870542049 ], [ -63.805596506515435, -32.899232996745162 ], [ -63.805437698708765, -32.89965369964343 ], [ -63.805364285330796, -32.899848180018466 ], [ -63.805219638213082, -32.899912394159976 ], [ -63.805044931906451, -32.899959909549437 ], [ -63.804877899140962, -32.899932369160858 ], [ -63.804713762129701, -32.899867495932071 ], [ -63.804619718076246, -32.89962808153718 ], [ -63.804611050160275, -32.899354837621175 ], [ -63.804505315347697, -32.899133525035239 ], [ -63.804333700487284, -32.898986381723979 ], [ -63.803992340945449, -32.898869071661778 ], [ -63.803693493985975, -32.898834687503573 ], [ -63.802769917135969, -32.898840620835756 ], [ -63.802098603363198, -32.898704875732591 ], [ -63.801499917899456, -32.898585553593961 ], [ -63.800573573590711, -32.898553165929521 ], [ -63.800505984589591, -32.898587509043779 ], [ -63.800386966882492, -32.898715466358297 ], [ -63.800017590254861, -32.898717830388065 ], [ -63.799898164951841, -32.898680650175336 ], [ -63.799633168373347, -32.898541462167621 ], [ -63.799452982074449, -32.898552520290359 ], [ -63.799074632500513, -32.898575738938909 ], [ -63.798785234426234, -32.898663183461025 ], [ -63.798493761840234, -32.898759716946188 ], [ -63.798208110310973, -32.89866422193105 ], [ -63.79810465140303, -32.898664756318944 ], [ -63.797800202170286, -32.898726452171609 ], [ -63.797563693617953, -32.898762879926487 ], [ -63.797293776150831, -32.898709260710319 ], [ -63.797173522404989, -32.898609556981675 ], [ -63.797047309569678, -32.898474484586529 ], [ -63.796939991562908, -32.89816617691833 ], [ -63.796869194791519, -32.897962787718555 ], [ -63.796687121603206, -32.897638963046326 ], [ -63.79648303110384, -32.897353600847602 ], [ -63.796309540081964, -32.89720570191551 ], [ -63.796183208191025, -32.897179151214686 ], [ -63.795480838182229, -32.89718362175909 ], [ -63.79523952674198, -32.89710435173734 ], [ -63.795138099219642, -32.897030494794585 ], [ -63.795118771578814, -32.896827407505974 ], [ -63.795197874821149, -32.896694540481654 ], [ -63.795361265018364, -32.896616982264156 ], [ -63.795828312711507, -32.896540516931438 ], [ -63.79606089534596, -32.896427220330708 ], [ -63.796256525456521, -32.896219108698254 ], [ -63.796379312076645, -32.896090500933383 ], [ -63.796410620221586, -32.895885830709396 ], [ -63.796403062911338, -32.895673592249054 ], [ -63.796354063274194, -32.895406655165651 ], [ -63.796153469243635, -32.895180140463701 ], [ -63.795933556544938, -32.89502270373513 ], [ -63.795651979891922, -32.894989576922704 ], [ -63.795526967068284, -32.894899230284423 ], [ -63.795160424598336, -32.894674273881797 ], [ -63.794665935475656, -32.894422270115562 ], [ -63.79447627175788, -32.894423475349356 ], [ -63.794281239516579, -32.894396728860869 ], [ -63.794039710033587, -32.894322248113987 ], [ -63.793674352939234, -32.894225730355537 ], [ -63.793168426906441, -32.893932954963269 ], [ -63.79266443395764, -32.893641294230065 ], [ -63.791784282967953, -32.89364687063388 ], [ -63.791663291708034, -32.893746794961181 ], [ -63.791216937126457, -32.893895650604428 ], [ -63.790907210908699, -32.89399894056983 ], [ -63.790154911360588, -32.894003696778306 ], [ -63.790030771452372, -32.893937439284606 ], [ -63.789803650118785, -32.893816216684243 ], [ -63.78973566338064, -32.893711385121591 ], [ -63.789732637508777, -32.893370374453028 ], [ -63.789871743068893, -32.893140351448864 ], [ -63.790041173495823, -32.892860181879577 ], [ -63.790035663004574, -32.892239374392403 ], [ -63.789874123587445, -32.892012089839149 ], [ -63.789730073215992, -32.891809411038686 ], [ -63.78964899528016, -32.891052043765285 ], [ -63.789582004013013, -32.890910648046393 ], [ -63.789287265435298, -32.890849856404323 ], [ -63.78915808181516, -32.890804281250823 ], [ -63.788671503982783, -32.890528629921562 ], [ -63.787815788801495, -32.890065076557114 ], [ -63.787367992368807, -32.889817413416516 ], [ -63.787130807935711, -32.88974478266563 ], [ -63.786953131982905, -32.889638118646147 ], [ -63.786570727852144, -32.889320581344926 ], [ -63.786511860272142, -32.888939238361132 ], [ -63.786473740828335, -32.888558269078729 ], [ -63.786067213494121, -32.888559060309397 ], [ -63.785899221869229, -32.888725004236001 ], [ -63.785696172911535, -32.888745196432417 ], [ -63.785593440062215, -32.888846557674505 ], [ -63.785451352334753, -32.888986747844307 ], [ -63.785419920282457, -32.889118931339539 ], [ -63.785240864574746, -32.889283052960721 ], [ -63.785016764533935, -32.889380140431797 ], [ -63.784160360737651, -32.88938551371843 ], [ -63.783958829889059, -32.88950640940358 ], [ -63.783866680344843, -32.889902819247787 ], [ -63.783635204172157, -32.89004987073168 ], [ -63.783571332983797, -32.89020053592246 ], [ -63.783477003070402, -32.890349501002405 ], [ -63.782977786190862, -32.890594917444673 ], [ -63.782672496092879, -32.890712300696705 ], [ -63.782340578097354, -32.890804133321403 ], [ -63.782125727653501, -32.890820226488472 ], [ -63.781905442507423, -32.890739034020207 ], [ -63.781750269047052, -32.890740004210741 ], [ -63.781486193971226, -32.890764976167638 ], [ -63.78124628882896, -32.890873249087178 ], [ -63.781001007907896, -32.89092160326075 ], [ -63.780742274238705, -32.890923218966257 ], [ -63.780551501483188, -32.890876705522366 ], [ -63.780107367024172, -32.890768417126075 ], [ -63.779606500962259, -32.890734604854003 ], [ -63.779439095352863, -32.890661650491325 ], [ -63.779244716409842, -32.890492679263843 ], [ -63.779095021936854, -32.890288510363312 ], [ -63.778846537128075, -32.889816698255828 ], [ -63.778720816938531, -32.889673519259567 ], [ -63.778561477535796, -32.889567611463185 ], [ -63.778418477030741, -32.889512404444794 ], [ -63.777888122325173, -32.889463641421443 ], [ -63.777721942527215, -32.88949972009592 ], [ -63.777309498939069, -32.889502284541621 ], [ -63.777181244599973, -32.889407948987881 ], [ -63.776927115034937, -32.889409528145961 ], [ -63.776810792132963, -32.889313644298767 ], [ -63.776487330845882, -32.889047016595235 ], [ -63.776096000033967, -32.888751689097333 ], [ -63.775839062337155, -32.888605952131996 ], [ -63.775449783512684, -32.88860836668659 ], [ -63.775315147913503, -32.888522563005864 ], [ -63.774959985347522, -32.888296215302674 ], [ -63.774689999523282, -32.888167666780319 ], [ -63.774448091795101, -32.888076888247248 ], [ -63.774313673132802, -32.888047591968807 ], [ -63.773875643818776, -32.888050303452125 ], [ -63.773785133060954, -32.888082378879027 ], [ -63.773668595499402, -32.888157602188947 ], [ -63.773580345939401, -32.888201891430775 ], [ -63.773419608065197, -32.888182085541729 ], [ -63.773222493697943, -32.888161495883558 ], [ -63.772969604787335, -32.888077967873194 ], [ -63.772805069906937, -32.88799313699284 ], [ -63.772627384907935, -32.887808095603958 ], [ -63.772450161913063, -32.887360484650799 ], [ -63.772377170581343, -32.887176129494506 ], [ -63.771971848717641, -32.886414321949964 ], [ -63.771671626324213, -32.885935376614881 ], [ -63.771600043111405, -32.885788830679907 ], [ -63.771579678893865, -32.885708277009684 ], [ -63.77111649235583, -32.885231218029958 ], [ -63.770843203389056, -32.885061711405363 ], [ -63.770567224212378, -32.885017021591111 ], [ -63.770350622739805, -32.885047350169422 ], [ -63.76995239130936, -32.885320330521623 ], [ -63.769718598499679, -32.885356562681444 ], [ -63.769408657868681, -32.88534107347796 ], [ -63.769077492888755, -32.885238731617335 ], [ -63.768749184641635, -32.885092754038922 ], [ -63.768305666757342, -32.884769988863027 ], [ -63.767963789692686, -32.884549716261709 ], [ -63.767742638952541, -32.884521071475334 ], [ -63.767514402095358, -32.884545415617993 ], [ -63.767234799235169, -32.884611296598464 ], [ -63.767102502746823, -32.884733631459952 ], [ -63.767034915734087, -32.885081219398174 ], [ -63.766997079834567, -32.885442491584456 ], [ -63.767039238059951, -32.885614180887885 ], [ -63.767000199857705, -32.885804647109381 ], [ -63.766839647794598, -32.886118516315776 ], [ -63.766730670226764, -32.886415050811102 ], [ -63.766572004436284, -32.88666663372824 ], [ -63.766426787034177, -32.886853212362595 ], [ -63.766293537507813, -32.886960668852588 ], [ -63.766052528657376, -32.887096787200207 ], [ -63.765781747597408, -32.88724971942041 ], [ -63.765559167350943, -32.887306171085136 ], [ -63.764952772621506, -32.887309881873712 ], [ -63.764656798691377, -32.88735291410223 ], [ -63.76447287181653, -32.887424464682539 ], [ -63.764152940406376, -32.887532606144383 ], [ -63.763859147974578, -32.887721144713524 ], [ -63.763605033950917, -32.887979437314257 ], [ -63.763376949862852, -32.888211270247972 ], [ -63.763087749873726, -32.888384983195593 ], [ -63.762756685276621, -32.888514955384025 ], [ -63.762534853516513, -32.888596483367216 ], [ -63.762001613732721, -32.888618264852532 ], [ -63.761663892089139, -32.888559515755269 ], [ -63.761358806427992, -32.888492084694477 ], [ -63.761142332995945, -32.888444238491168 ], [ -63.760763406901205, -32.888616979461112 ], [ -63.76071652770964, -32.888774337283259 ], [ -63.760738875055665, -32.888961906912456 ], [ -63.760962530527074, -32.889093414930116 ], [ -63.761251402802721, -32.889195657462778 ], [ -63.761379532060694, -32.889340352354829 ], [ -63.76147035823216, -32.889533429751545 ], [ -63.761431065170633, -32.88972717338401 ], [ -63.76116201401517, -32.88998975862237 ], [ -63.760895398905355, -32.890033233618823 ], [ -63.760697853916135, -32.890057000491595 ], [ -63.760360981937701, -32.890044426177141 ], [ -63.760101110092108, -32.890057351601726 ], [ -63.75991820088565, -32.890154522127681 ], [ -63.759676793745953, -32.890279151001266 ], [ -63.759531946352169, -32.890448322962769 ], [ -63.759536076870354, -32.890648231385995 ], [ -63.759736521648733, -32.891153402662852 ], [ -63.759816445622604, -32.891395081121694 ], [ -63.759845023500468, -32.891776117321051 ], [ -63.759622188610578, -32.891993918714526 ], [ -63.759373686098094, -32.892203303412224 ], [ -63.759335787535242, -32.89268748345625 ], [ -63.759317366127391, -32.89302304481177 ], [ -63.759154399206622, -32.893279560848534 ], [ -63.758972812760021, -32.893501144610326 ], [ -63.758761510587782, -32.893681938465065 ], [ -63.758605717670164, -32.893737342271976 ], [ -63.758416862015508, -32.893738487888299 ], [ -63.758254926691293, -32.893705433388632 ], [ -63.758070973883967, -32.893617927559276 ], [ -63.757945615007287, -32.893482289011487 ], [ -63.757911496609481, -32.893272351385974 ], [ -63.757910200985457, -32.89312020306896 ], [ -63.758150684021381, -32.892854268290364 ], [ -63.758484944281498, -32.892559148303484 ], [ -63.75856531227236, -32.892473821424041 ], [ -63.758563724431397, -32.892287512221259 ], [ -63.758514069288083, -32.892151414936336 ], [ -63.758358744677125, -32.892008520900248 ], [ -63.758144948339904, -32.891896235944522 ], [ -63.757889079490063, -32.89162057782147 ], [ -63.757806660713385, -32.891433371777723 ], [ -63.757755945903163, -32.891172605767018 ], [ -63.757673318447964, -32.891024101760046 ], [ -63.757459629547398, -32.890892401465386 ], [ -63.757318120550515, -32.890852918883013 ], [ -63.757152160068465, -32.89088443076016 ], [ -63.756258020305225, -32.891524056992061 ], [ -63.756026811054191, -32.891771905339247 ], [ -63.756017010648669, -32.892077159478958 ], [ -63.75601920237947, -32.892906126563986 ], [ -63.755985235025946, -32.893347799212371 ], [ -63.75588159990437, -32.893739342342847 ], [ -63.755707435453928, -32.894169760393936 ], [ -63.755466047805314, -32.894584322428742 ], [ -63.755213649932422, -32.894876418762664 ], [ -63.75500191566222, -32.89510284317015 ], [ -63.754722868570042, -32.895271054962031 ], [ -63.754498981207178, -32.895335436856406 ], [ -63.754252834717668, -32.895358022623554 ], [ -63.753977875738208, -32.895331646820843 ], [ -63.753506802764953, -32.895286457079813 ], [ -63.753179865066492, -32.895208377817646 ], [ -63.752852792175801, -32.895177949745019 ], [ -63.752232601934196, -32.895181682354696 ], [ -63.751995434614493, -32.895077595470198 ], [ -63.75159506345237, -32.894853974450712 ], [ -63.750805101469496, -32.894723229751989 ], [ -63.750525841174124, -32.894531553254886 ], [ -63.750241728652483, -32.894406875990271 ], [ -63.750020551108555, -32.894359150382279 ], [ -63.749754849372657, -32.894301816772817 ], [ -63.749502561940545, -32.894179752237633 ], [ -63.749221602814643, -32.893953197676801 ], [ -63.7490744339486, -32.893796101528721 ], [ -63.748748642091719, -32.893664601167679 ], [ -63.748036617303477, -32.893253792057138 ], [ -63.747603297872423, -32.89300378062299 ], [ -63.746986730908816, -32.892851634111246 ], [ -63.746570492535284, -32.892854119958109 ], [ -63.746235960175746, -32.892856116838189 ], [ -63.745887556663035, -32.89300578591623 ], [ -63.745592578447955, -32.893091800033091 ], [ -63.74518394340766, -32.893045039150941 ], [ -63.744799544544023, -32.892983561089558 ], [ -63.744428232828604, -32.892901517289353 ], [ -63.744084408590616, -32.892935447869739 ], [ -63.743459079411281, -32.892970618731745 ], [ -63.743161897113893, -32.892977579111722 ], [ -63.742963661972198, -32.892943987533187 ], [ -63.742582642467944, -32.892806883958428 ], [ -63.742422579596223, -32.892654905934407 ], [ -63.742102115095875, -32.892310122237284 ], [ -63.741932165029183, -32.892229472684619 ], [ -63.741630554893078, -32.892185816147354 ], [ -63.741393656554337, -32.892211458675852 ], [ -63.741028146547514, -32.892232957737221 ], [ -63.740817243751948, -32.892195975267946 ], [ -63.740525511063517, -32.8920794000881 ], [ -63.740128143431733, -32.891940654499685 ], [ -63.739929637019905, -32.891874021348869 ], [ -63.739555507716972, -32.891785775954261 ], [ -63.739315007582412, -32.891637587833117 ], [ -63.738793950818149, -32.891269887816478 ], [ -63.738520208712394, -32.891128386776892 ], [ -63.738079076700075, -32.891139791913474 ], [ -63.737764601663322, -32.891142946136164 ], [ -63.737114158533835, -32.891234643805916 ], [ -63.736825809267316, -32.89119060890873 ], [ -63.73657032304294, -32.89109372039848 ], [ -63.736309954474414, -32.890891108537616 ], [ -63.735866612681285, -32.890523227055823 ], [ -63.735659852816163, -32.890501792852206 ], [ -63.735044910704545, -32.890486365117809 ], [ -63.734852105020977, -32.890437147270049 ], [ -63.734399686137316, -32.890163956468903 ], [ -63.734216017810915, -32.890138344624994 ], [ -63.733951972817501, -32.890161968336237 ], [ -63.733694387546215, -32.890370799243883 ], [ -63.73337057264407, -32.890549865146482 ], [ -63.733169495483146, -32.890581918522024 ], [ -63.732954288566695, -32.890508158513619 ], [ -63.732659063474152, -32.890265058454304 ], [ -63.732469678305101, -32.890219135138807 ], [ -63.732213285865051, -32.890236073831097 ], [ -63.73186124308431, -32.890394814460642 ], [ -63.731573748255748, -32.890524448436402 ], [ -63.731328055270062, -32.890534992604017 ], [ -63.73111587813154, -32.890529596789527 ], [ -63.730851486829486, -32.890586398632287 ], [ -63.730652966326772, -32.890629541996752 ], [ -63.729636916117613, -32.890768638032171 ], [ -63.729244234555466, -32.890935687703013 ], [ -63.72905259371516, -32.891066073194267 ], [ -63.728711092906543, -32.891459041852912 ], [ -63.728132565793501, -32.891712003086667 ], [ -63.727132996815826, -32.892065170613812 ], [ -63.726743366667961, -32.892525412934219 ], [ -63.726571970443878, -32.892643702381108 ], [ -63.72638052184449, -32.892723010272086 ], [ -63.725899746700996, -32.892751915474619 ], [ -63.725572894648316, -32.892901835926637 ], [ -63.725271190923337, -32.892959563898081 ], [ -63.724919916452677, -32.892950491880825 ], [ -63.724750202833221, -32.892859285607585 ], [ -63.724486910755871, -32.892673690088543 ], [ -63.724047190395858, -32.892363726644462 ], [ -63.723830347214623, -32.892319264044126 ], [ -63.72365833515925, -32.892362242900354 ], [ -63.723499761492143, -32.892427361718021 ], [ -63.723318176929368, -32.892506607867368 ], [ -63.723002803649521, -32.892513769825698 ], [ -63.722790108887999, -32.89244517159468 ], [ -63.72247397177847, -32.892282239452982 ], [ -63.721948284393314, -32.89213393385031 ], [ -63.721672852362104, -32.89208531694986 ], [ -63.721357691298756, -32.892042410986839 ], [ -63.721181440398134, -32.89194286972257 ], [ -63.720429971957252, -32.891365350622252 ], [ -63.720216988860614, -32.891260537234025 ], [ -63.720007848237159, -32.891211390528582 ], [ -63.7198191336836, -32.891209735810136 ], [ -63.71907949795137, -32.891255397464704 ], [ -63.718420141355075, -32.891315020803482 ], [ -63.718197699492038, -32.891260465126258 ], [ -63.718073861070941, -32.891121520541567 ], [ -63.718022735337129, -32.890937578127328 ], [ -63.718094191868744, -32.890775149775664 ], [ -63.718131103053182, -32.890420171693052 ], [ -63.717973595202281, -32.890197020906371 ], [ -63.717806166141358, -32.890005233996554 ], [ -63.717583840731798, -32.889964670954178 ], [ -63.717372342206474, -32.890004982298279 ], [ -63.717014315450307, -32.890113076003274 ], [ -63.71658865192655, -32.890322258531221 ], [ -63.716359566836722, -32.890399602719441 ], [ -63.716067897693229, -32.890401273251861 ], [ -63.715855454154472, -32.890324293870464 ], [ -63.715725258523634, -32.890199377729253 ], [ -63.715490639284951, -32.889895151083607 ], [ -63.715224633833053, -32.889790488183259 ], [ -63.714989971360609, -32.889864399225168 ], [ -63.714825459608917, -32.889996627779404 ], [ -63.714742297038185, -32.89008424377112 ], [ -63.71460912631975, -32.890395046612241 ], [ -63.714521827128863, -32.89069721939461 ], [ -63.714354839762663, -32.890943869613267 ], [ -63.7139881512554, -32.891164681044273 ], [ -63.713403537440428, -32.891394237056147 ], [ -63.713218822336636, -32.891506957699072 ], [ -63.712722160019084, -32.891515416124221 ], [ -63.712329667852472, -32.89151794112734 ], [ -63.711933003819063, -32.891654229324921 ], [ -63.711698579310962, -32.891758862931731 ], [ -63.711491041413758, -32.891909798891554 ], [ -63.711291369150615, -32.892234826756656 ], [ -63.711164122083957, -32.892478505508436 ], [ -63.710910113533131, -32.892679478825123 ], [ -63.710514509363598, -32.892910832148367 ], [ -63.710239881923208, -32.892962599168342 ], [ -63.709908008650991, -32.893025156092293 ], [ -63.709693217029134, -32.8929657029975 ], [ -63.709446298904879, -32.892818936220358 ], [ -63.709311780978538, -32.892576600047626 ], [ -63.709206950662143, -32.892306395004354 ], [ -63.709019398569019, -32.892102591502045 ], [ -63.708690072937934, -32.891945181423687 ], [ -63.708441275421237, -32.891910378800013 ], [ -63.707913468149428, -32.891918850317765 ], [ -63.707274203272512, -32.891947571153324 ], [ -63.706998668061445, -32.891884927993523 ], [ -63.706706349519763, -32.891844308516596 ], [ -63.706182238505228, -32.891774556062735 ], [ -63.705740541546376, -32.891754687454039 ], [ -63.705227470551428, -32.891793938805208 ], [ -63.704869307702772, -32.89177085479799 ], [ -63.704503635610166, -32.891772915513727 ], [ -63.704063591947566, -32.891845077625497 ], [ -63.703646010397485, -32.891833433648614 ], [ -63.703399617220079, -32.891829481796762 ], [ -63.702903150079941, -32.891902101482714 ], [ -63.702538908722659, -32.891929251861491 ], [ -63.702319579222333, -32.891838293670489 ], [ -63.702108927342223, -32.891596521399222 ], [ -63.701938402910415, -32.891399248048316 ], [ -63.701710919156092, -32.891251491091715 ], [ -63.701449197894924, -32.891258586122476 ], [ -63.701135061422114, -32.891305072413708 ], [ -63.70093363687738, -32.891412242082033 ], [ -63.700328204492727, -32.891665226100422 ], [ -63.700093326765433, -32.891714007050503 ], [ -63.699891264531146, -32.891701143714677 ], [ -63.699652094494439, -32.891635395317067 ], [ -63.699156879074387, -32.89159286349885 ], [ -63.698679682436826, -32.891606783953982 ], [ -63.698451083264573, -32.891591325373433 ], [ -63.698133024509374, -32.891609837135746 ], [ -63.697710733268181, -32.891547848422789 ], [ -63.697450889995849, -32.891401274124767 ], [ -63.697253863104642, -32.891290133061887 ], [ -63.696855929124652, -32.891142014668766 ], [ -63.696370257907965, -32.891018337285907 ], [ -63.695939008966981, -32.890953795524823 ], [ -63.695706015655901, -32.890809809300592 ], [ -63.695246689826966, -32.890663762932597 ], [ -63.694885319733778, -32.890623932449749 ], [ -63.694640117092867, -32.890614041504158 ], [ -63.694438077181566, -32.89064315259315 ], [ -63.694075793501248, -32.890695351676015 ], [ -63.693805475449189, -32.890814164803842 ], [ -63.693485183662361, -32.890941603102135 ], [ -63.693297667935695, -32.891133371550502 ], [ -63.693193366693187, -32.891360169562631 ], [ -63.692993964092949, -32.891728304825882 ], [ -63.692829698707968, -32.891896860066758 ], [ -63.692701270598299, -32.891995244261828 ], [ -63.692449825832789, -32.892095030964818 ], [ -63.692201923337592, -32.892174599362939 ], [ -63.692097918318744, -32.892207981302647 ], [ -63.691971864493937, -32.892407719073127 ], [ -63.691888233415213, -32.892755590756629 ], [ -63.691900074846458, -32.893009589633422 ], [ -63.692044550919164, -32.893269635331251 ], [ -63.692195346620153, -32.89346991693067 ], [ -63.692209669625285, -32.893606752510188 ], [ -63.692249211364214, -32.894012661464572 ], [ -63.692286970715557, -32.894400269798872 ], [ -63.692515623928003, -32.894607321319377 ], [ -63.692792088354544, -32.894829124073937 ], [ -63.693012775676678, -32.895055130710531 ], [ -63.693050898419656, -32.895278253604431 ], [ -63.693062313848003, -32.895437467422973 ], [ -63.693121637938759, -32.895848892932399 ], [ -63.693206016064259, -32.896032661426119 ], [ -63.693139171250735, -32.89635807840336 ], [ -63.693041712398703, -32.896593206038524 ], [ -63.692850578854923, -32.896757581985376 ], [ -63.692622397723127, -32.896837041975296 ], [ -63.692394133904706, -32.896866295108836 ], [ -63.691976246888444, -32.896818257304766 ], [ -63.6916149830978, -32.896795152637118 ], [ -63.691081117740481, -32.896901115192399 ], [ -63.690665051748837, -32.897087650380556 ], [ -63.690440786186265, -32.897274712224963 ], [ -63.69020462388427, -32.897558069240922 ], [ -63.69011606579113, -32.897709467315934 ], [ -63.689729861317176, -32.897930171496249 ], [ -63.689402386743005, -32.898010173335571 ], [ -63.689190135985584, -32.89799734899244 ], [ -63.688881709228703, -32.897948841758982 ], [ -63.688150118257575, -32.897768345528377 ], [ -63.687695908908246, -32.897728861158313 ], [ -63.686713627661618, -32.897748254345345 ], [ -63.686342451831315, -32.897719706537046 ], [ -63.686100019204794, -32.897631587954642 ], [ -63.68583653394645, -32.897412440428482 ], [ -63.685265948120133, -32.896995879346022 ], [ -63.685059989596915, -32.896918812088245 ], [ -63.68480144830783, -32.896900751512781 ], [ -63.684021762147097, -32.896879627269001 ], [ -63.68370984257438, -32.896817131860949 ], [ -63.683546615719962, -32.896722948507673 ], [ -63.683345705041816, -32.896499846715749 ], [ -63.683120654812789, -32.896104470434807 ], [ -63.682947328303669, -32.895979755608842 ], [ -63.682600653163284, -32.895807655585251 ], [ -63.682395278179392, -32.895806035399964 ], [ -63.682193293823204, -32.895804252105634 ], [ -63.681812426333771, -32.895918140951174 ], [ -63.68162451357577, -32.896022464831155 ], [ -63.681115586992753, -32.896285650634056 ], [ -63.6809135934339, -32.896323107547765 ], [ -63.680757731052246, -32.896304335117627 ], [ -63.680595052649458, -32.896241019278698 ], [ -63.680346246611037, -32.895842304642599 ], [ -63.680278673291212, -32.895675171486275 ], [ -63.680198267294429, -32.895563797429183 ], [ -63.680061820347625, -32.895503079361696 ], [ -63.679925938732573, -32.895475973652346 ], [ -63.679623458845619, -32.895477618082225 ], [ -63.679324544645674, -32.895380848292781 ], [ -63.679191447337743, -32.895314484425548 ], [ -63.679061743040684, -32.89524824626082 ], [ -63.678912357981815, -32.895229436332393 ], [ -63.678717021622795, -32.895250117888899 ], [ -63.677695655377327, -32.895316685153666 ], [ -63.677523017723423, -32.89528126392851 ], [ -63.677363596997786, -32.895240288494669 ], [ -63.677217126312492, -32.89511816133308 ], [ -63.676776616972553, -32.894891008114492 ], [ -63.676474989520166, -32.894842289040852 ], [ -63.67633270806612, -32.894865421016199 ], [ -63.676170490981583, -32.894902655111814 ], [ -63.676071567165245, -32.894950655814938 ], [ -63.675942904396862, -32.895021179513591 ], [ -63.675765095929911, -32.895198009309247 ], [ -63.675361980966024, -32.895469112028813 ], [ -63.675163908111976, -32.895576366591037 ], [ -63.674955500721587, -32.895622072079348 ], [ -63.674819937613648, -32.895636798246144 ], [ -63.674697218615712, -32.895637460485354 ], [ -63.674089345609474, -32.895582019933691 ], [ -63.673869845123505, -32.895465909156627 ], [ -63.673729959821756, -32.895357736867801 ], [ -63.67360881482562, -32.895118175057227 ], [ -63.673510415806504, -32.894828283602259 ], [ -63.673194483687311, -32.894233416094799 ], [ -63.673110852445895, -32.894075945614439 ], [ -63.672940463740083, -32.89395561515289 ], [ -63.67255180190611, -32.893681135586483 ], [ -63.672188088422637, -32.893586716187968 ], [ -63.671672423618652, -32.893449253771642 ], [ -63.67131791858035, -32.893420427342321 ], [ -63.670679629312538, -32.893295449470763 ], [ -63.67016374197479, -32.893005052542478 ], [ -63.669743977448306, -32.89278555381896 ], [ -63.669488441917906, -32.892714208585069 ], [ -63.669262822061029, -32.892684686181688 ], [ -63.668998198142162, -32.892716832384792 ], [ -63.668796123730338, -32.892743161124052 ], [ -63.668693932312237, -32.892807909172667 ], [ -63.668254314745951, -32.893064757047618 ], [ -63.667980352409529, -32.893208618381067 ], [ -63.667722306366414, -32.893254721246699 ], [ -63.667197896292073, -32.893265744016475 ], [ -63.666783409396444, -32.893214862413551 ], [ -63.665972721602401, -32.893043025225289 ], [ -63.665654602759766, -32.893013988915591 ], [ -63.665122864899743, -32.892910777665406 ], [ -63.664661552451498, -32.892823925507727 ], [ -63.664377920257174, -32.892540493348008 ], [ -63.663860129018964, -32.892156879843171 ], [ -63.663570488395294, -32.891976777274081 ], [ -63.663361168111074, -32.891899691818907 ], [ -63.663119274246576, -32.891878756743175 ], [ -63.662781159950796, -32.891855301493692 ], [ -63.662458615860416, -32.891832925496658 ], [ -63.66191359459404, -32.891661521180126 ], [ -63.661648017937537, -32.891606948679659 ], [ -63.661379152521697, -32.891524692551478 ], [ -63.660887323417406, -32.891479105633614 ], [ -63.660579450610562, -32.891500209276749 ], [ -63.660337743548538, -32.891504227085242 ], [ -63.660149029801261, -32.891544321526936 ], [ -63.659701553604215, -32.891658639063245 ], [ -63.659499602565688, -32.891701687827094 ], [ -63.659251296065086, -32.891689002650658 ], [ -63.659115076236212, -32.891656249342844 ], [ -63.658885923975923, -32.891565266385008 ], [ -63.658762858912759, -32.891518448872105 ], [ -63.658282102877138, -32.891218872448938 ], [ -63.658055580491521, -32.891024574453894 ], [ -63.657802936460229, -32.89092534525409 ], [ -63.657649819686839, -32.890817224299226 ], [ -63.656881589307844, -32.890543968940413 ], [ -63.656596204312713, -32.890478380660518 ], [ -63.656446709194434, -32.890442952929568 ], [ -63.65622163387502, -32.890444134259774 ], [ -63.655783238676825, -32.890493611425079 ], [ -63.655508744018931, -32.890566898729972 ], [ -63.655079256016428, -32.890737516312598 ], [ -63.654837942741956, -32.890836741790672 ], [ -63.654561948091803, -32.890915950086772 ], [ -63.654222590570065, -32.890974281115952 ], [ -63.654046537376942, -32.890975202059252 ], [ -63.653828369795349, -32.89095152795224 ], [ -63.653492264773327, -32.890864989592039 ], [ -63.653205537707422, -32.890784396153933 ], [ -63.652715072907313, -32.890797633412767 ], [ -63.652442695477653, -32.890823725579246 ], [ -63.652102767147653, -32.890804290516243 ], [ -63.651685962808422, -32.890771116400217 ], [ -63.651325482604143, -32.89080834147434 ], [ -63.65112062958061, -32.890876495402388 ], [ -63.650802468958069, -32.890966591200574 ], [ -63.650526443800771, -32.891042183941458 ], [ -63.650261495259855, -32.891072416645571 ], [ -63.649997337710481, -32.891084321962566 ], [ -63.649607099032607, -32.891015655859192 ], [ -63.649274670200953, -32.89088306383416 ], [ -63.648683961121165, -32.890510874457888 ], [ -63.648413918392841, -32.890307262513012 ], [ -63.648220366984674, -32.890191548802278 ], [ -63.648060373186972, -32.890111152136974 ], [ -63.647904952391571, -32.890065934279754 ], [ -63.647651248593739, -32.890031035877563 ], [ -63.647366590517073, -32.890106666362783 ], [ -63.647115694267278, -32.890203473958422 ], [ -63.64679000286791, -32.890360685671801 ], [ -63.646513770381873, -32.890450409438586 ], [ -63.646313051399872, -32.890536279770068 ], [ -63.646115981499598, -32.890530228766181 ], [ -63.645935201994263, -32.890474607525427 ], [ -63.645771175334033, -32.890390621919202 ], [ -63.645264419913033, -32.890113058845941 ], [ -63.644959100551837, -32.889890721564413 ], [ -63.644434186957852, -32.889574439158082 ], [ -63.644196969740321, -32.889431387944214 ], [ -63.644055090933804, -32.889382344402314 ], [ -63.64367586021848, -32.889299319913292 ], [ -63.643389650346847, -32.889288385267605 ], [ -63.643230338995814, -32.889301612338734 ], [ -63.643047502738739, -32.889344824788893 ], [ -63.642921142954172, -32.889395248846647 ], [ -63.642431271699436, -32.889532662134719 ], [ -63.642177811539298, -32.889573783467831 ], [ -63.64202442935197, -32.889596933428486 ], [ -63.641856337163993, -32.889632566224272 ], [ -63.641691565645523, -32.88965837115839 ], [ -63.641582111855328, -32.889658932765215 ], [ -63.641517274087889, -32.889646713609281 ], [ -63.641434644192579, -32.889647137476388 ], [ -63.641179867223542, -32.889591167489442 ], [ -63.640916193590016, -32.889455747883773 ], [ -63.640735131665906, -32.88931730753545 ], [ -63.640583884860462, -32.889208723081182 ], [ -63.640422904227115, -32.888989963328378 ], [ -63.640329204250932, -32.888694393900828 ], [ -63.64023772377913, -32.888278633173613 ], [ -63.640147788895057, -32.888077687730089 ], [ -63.639759006856956, -32.887822726107835 ], [ -63.639555108988645, -32.887766636723633 ], [ -63.639053833970515, -32.887517586254255 ], [ -63.638706881491004, -32.887290540881921 ], [ -63.637928979646183, -32.886693479811818 ], [ -63.637463457646305, -32.886478854061437 ], [ -63.637008154299672, -32.886361715532409 ], [ -63.636338967102546, -32.886170785825236 ], [ -63.635826720051774, -32.885937071061143 ], [ -63.63523775293671, -32.885839793939965 ], [ -63.634715621602545, -32.885862354787676 ], [ -63.633995780144907, -32.885960649674921 ], [ -63.633661978119541, -32.885932476822767 ], [ -63.632955697510759, -32.885943555727501 ], [ -63.632678846257747, -32.885989681478442 ], [ -63.632380870891019, -32.886013551018983 ], [ -63.631851850385289, -32.886021418841445 ], [ -63.631467988855768, -32.886020905042116 ], [ -63.631179174309388, -32.886032317928276 ], [ -63.630574595364024, -32.886236297687397 ], [ -63.630321569922415, -32.886313504593964 ], [ -63.629913815086041, -32.886335180333013 ], [ -63.629598176309109, -32.886346724685723 ], [ -63.629250375978302, -32.886388294728469 ], [ -63.629076426528968, -32.886423939826827 ], [ -63.628742959100386, -32.886530503801481 ], [ -63.628474556120644, -32.886551041347374 ], [ -63.628142130140724, -32.886543189443216 ], [ -63.627827959681241, -32.886500763590774 ], [ -63.627442322988124, -32.886379922078866 ], [ -63.627147069811322, -32.886265407006185 ], [ -63.626954255780312, -32.886117916123524 ], [ -63.626696958939618, -32.885832678122448 ], [ -63.626563311857794, -32.885505413562129 ], [ -63.626286418594333, -32.884844583966903 ], [ -63.626070935107741, -32.884497963096663 ], [ -63.625654899841678, -32.884042264392669 ], [ -63.625404986640092, -32.8838410982559 ], [ -63.625083673387621, -32.883658034171695 ], [ -63.624402212439911, -32.883337110809151 ], [ -63.623904113253971, -32.883179741257827 ], [ -63.622897785601296, -32.882870673284962 ], [ -63.622592381786312, -32.882845214796603 ], [ -63.621897192478741, -32.882542957305148 ], [ -63.620804891831796, -32.882105607525176 ], [ -63.620332265311788, -32.882062362107945 ], [ -63.619724852809036, -32.882099566330055 ], [ -63.619313079401984, -32.882073039826011 ], [ -63.618952503179607, -32.881960415620824 ], [ -63.618335778566028, -32.881633367516493 ], [ -63.617868753814655, -32.881419408994638 ], [ -63.617469294237914, -32.881256332402366 ], [ -63.616995774567222, -32.88112781282809 ], [ -63.616154503066866, -32.880828552062667 ], [ -63.615807937584137, -32.880511557721945 ], [ -63.615541465546556, -32.880006467757724 ], [ -63.615302098369341, -32.879586509763541 ], [ -63.614446392622185, -32.879024296746117 ], [ -63.613853896954389, -32.878635009482856 ], [ -63.61320003465211, -32.878364588788706 ], [ -63.612367570491855, -32.878264501468699 ], [ -63.611692548997475, -32.878284973199683 ], [ -63.611028616851129, -32.878259219406054 ], [ -63.610480978036179, -32.878108241695827 ], [ -63.609845129989978, -32.877906474388581 ], [ -63.609214588599194, -32.877488555336399 ], [ -63.608786126863798, -32.877227052700071 ], [ -63.608156254281589, -32.876905644353222 ], [ -63.607627619271582, -32.876601053913156 ], [ -63.606678444004807, -32.876154660337072 ], [ -63.605866397963915, -32.875879714423455 ], [ -63.605094157500204, -32.875700224434489 ], [ -63.604752119391712, -32.875496432154854 ], [ -63.604553160480741, -32.87525227204106 ], [ -63.604502014927363, -32.875074917654707 ], [ -63.604099068055547, -32.874889884997508 ], [ -63.603757546567365, -32.874806989261302 ], [ -63.603580598815213, -32.874807843252583 ], [ -63.603288206557792, -32.87474144495814 ], [ -63.602956402230063, -32.874590979800999 ], [ -63.602777353060524, -32.874326810954386 ], [ -63.602598717827597, -32.874123667858299 ], [ -63.602370033732399, -32.873950053209057 ], [ -63.602155752108942, -32.873900300410732 ], [ -63.601674387088423, -32.873924835048506 ], [ -63.60142991508993, -32.873878111707832 ], [ -63.600996906919754, -32.873713556156446 ], [ -63.600493930440095, -32.873504609973772 ], [ -63.600242625889067, -32.87340439132636 ], [ -63.599970543447441, -32.873331539679597 ], [ -63.599626266141406, -32.873341558460901 ], [ -63.599344885908359, -32.873261247753824 ], [ -63.599066971811723, -32.873192028932799 ], [ -63.598637213741192, -32.872959496359364 ], [ -63.598328410848815, -32.872789143113849 ], [ -63.597760437469759, -32.872402029325926 ], [ -63.596851628402966, -32.871847017262276 ], [ -63.596362199226313, -32.871494436593025 ], [ -63.595938843668407, -32.87115683228371 ], [ -63.595020393916066, -32.870677885201438 ], [ -63.593721145343203, -32.869952587177529 ], [ -63.593318120419354, -32.869934156719523 ], [ -63.592748678515697, -32.870200590093376 ], [ -63.592162491554724, -32.870474853872047 ], [ -63.591612216603686, -32.870496250404727 ], [ -63.591221044012102, -32.870452509113392 ], [ -63.590931674260588, -32.870327059176326 ], [ -63.590593338098593, -32.870115707883897 ], [ -63.589970343404502, -32.86960517471914 ], [ -63.589280132906048, -32.869277750853307 ], [ -63.588671299554107, -32.869042275911106 ], [ -63.588381302377215, -32.868820591818711 ], [ -63.588203183851491, -32.868268857918828 ], [ -63.587990073321777, -32.867972942734731 ], [ -63.587483155761674, -32.867671049310957 ], [ -63.586940771445903, -32.867506381077327 ], [ -63.586680415556394, -32.867243868408821 ], [ -63.586533453326425, -32.866833952006779 ], [ -63.586277140148837, -32.86643580134573 ], [ -63.585932306164302, -32.866123042525835 ], [ -63.58566690111703, -32.865982319095011 ], [ -63.585388775963764, -32.865735179921927 ], [ -63.584921762707374, -32.865498301283239 ], [ -63.584463478471925, -32.865322985380018 ], [ -63.58427543993291, -32.865039931184327 ], [ -63.583877431166385, -32.864889579640163 ], [ -63.583600011731946, -32.864748907824513 ], [ -63.58327900472711, -32.864400683043094 ], [ -63.583005506667412, -32.864105184829555 ], [ -63.582463062394986, -32.863879613234417 ], [ -63.582148911906792, -32.863683274830358 ], [ -63.581913329337262, -32.863481520574908 ], [ -63.581706819492922, -32.863152957452172 ], [ -63.581552714839248, -32.862872049585711 ], [ -63.581395174165124, -32.862725765836146 ], [ -63.581256260515808, -32.862599738081464 ], [ -63.580840457092641, -32.862459702895691 ], [ -63.580321030434966, -32.862061721737255 ], [ -63.580120060565122, -32.861743114271569 ], [ -63.579752753076882, -32.861617999383633 ], [ -63.579124587250604, -32.861431331654586 ], [ -63.578671775480146, -32.861144444433215 ], [ -63.578387750646897, -32.860932808177154 ], [ -63.578097739880612, -32.860701000441594 ], [ -63.577885414523244, -32.860423098077945 ], [ -63.577496787182831, -32.86009839854723 ], [ -63.577080311761911, -32.85985187893683 ], [ -63.576489891101005, -32.859636601547976 ], [ -63.575652408409184, -32.859331234543134 ], [ -63.575216578588176, -32.859108789399421 ], [ -63.574926614539741, -32.858882023560795 ], [ -63.574531360831209, -32.858572913162654 ], [ -63.574260146864823, -32.858295432734387 ], [ -63.57374149136669, -32.858069569273134 ], [ -63.572528692844536, -32.857551695394115 ], [ -63.572100743998213, -32.857386438259681 ], [ -63.571021808986266, -32.856969786402566 ], [ -63.570744888927749, -32.856907145289526 ], [ -63.570442188903058, -32.856758335464647 ], [ -63.569929294362488, -32.856514683929312 ], [ -63.569487086985369, -32.85623882375954 ], [ -63.569330523514047, -32.855999318332096 ], [ -63.568964124186785, -32.855624138599815 ], [ -63.568753644089277, -32.855484138823051 ], [ -63.568593362744778, -32.855386038890877 ], [ -63.568335862586579, -32.855315648377463 ], [ -63.567880347696438, -32.855077931474256 ], [ -63.567477644802423, -32.854759900696877 ], [ -63.566893634045719, -32.854283554738075 ], [ -63.566478953873087, -32.854068154536236 ], [ -63.566003307382204, -32.853910305967787 ], [ -63.565601260542628, -32.853790932910897 ], [ -63.565126123749373, -32.853713007105831 ], [ -63.56479999503135, -32.853560249535789 ], [ -63.56439183192569, -32.853350583926137 ], [ -63.564146363054064, -32.85313441252422 ], [ -63.562235112058687, -32.852392351372451 ], [ -63.56175126873606, -32.852153873480574 ], [ -63.561564412752951, -32.852061774592279 ], [ -63.561195833913764, -32.851949908031031 ], [ -63.560569928512408, -32.851566633155379 ], [ -63.560127267669564, -32.851259145098169 ], [ -63.559289129450846, -32.850892972407991 ], [ -63.558893767110277, -32.850656396196342 ], [ -63.55839324201321, -32.850359548154636 ], [ -63.557890681420602, -32.850180147242831 ], [ -63.557232570804885, -32.850014710419551 ], [ -63.556830738592048, -32.84982634436394 ], [ -63.556292521765997, -32.849512919591007 ], [ -63.555846513702505, -32.84920831651894 ], [ -63.555285295339409, -32.848911869726095 ], [ -63.554441459429427, -32.848613931695233 ], [ -63.553597121115068, -32.848333447467944 ], [ -63.553171899223287, -32.848147914223333 ], [ -63.552738917439967, -32.84785377441797 ], [ -63.552329594921545, -32.847497923054675 ], [ -63.551553680314299, -32.846767272050691 ], [ -63.550974978313135, -32.846379700599115 ], [ -63.550505730548807, -32.846149049485497 ], [ -63.54990474728946, -32.845995008728551 ], [ -63.549592194579752, -32.846036057572022 ], [ -63.549371050326371, -32.846207417954268 ], [ -63.549264825744153, -32.846423576079275 ], [ -63.549143856746589, -32.846547606791724 ], [ -63.548956206598803, -32.84665331838994 ], [ -63.548767078432761, -32.846569025397628 ], [ -63.548614995854159, -32.846444893953986 ], [ -63.548406205340171, -32.845919492179377 ], [ -63.548145948627784, -32.845744616357706 ], [ -63.547933855867363, -32.845734291722493 ], [ -63.54760311728068, -32.845774838124861 ], [ -63.547292896799753, -32.845693813945978 ], [ -63.546905495469169, -32.8455906193483 ], [ -63.546135035537802, -32.845187127211837 ], [ -63.545728972668243, -32.844854035176198 ], [ -63.545251478315279, -32.844531208054292 ], [ -63.544769506834157, -32.8443829719929 ], [ -63.544406429217567, -32.844173765427868 ], [ -63.54384612362248, -32.84386398933421 ], [ -63.543525726863201, -32.843780258717032 ], [ -63.543202871228971, -32.843798685065863 ], [ -63.542822735111379, -32.843924988649015 ], [ -63.542513662864174, -32.843980287986561 ], [ -63.541943931612188, -32.844045227913455 ], [ -63.541402620196813, -32.84412144007311 ], [ -63.540329361497449, -32.844344800547987 ], [ -63.53885500086686, -32.844593252274286 ], [ -63.538165777934047, -32.844672828516494 ], [ -63.537356467589113, -32.844766264780695 ], [ -63.53667635515, -32.844724815994667 ], [ -63.536069690856763, -32.84454303198838 ], [ -63.535492238765976, -32.844247430807179 ], [ -63.534829697340932, -32.843842973924367 ], [ -63.534216968590876, -32.84347033004078 ], [ -63.53397759279656, -32.843431531581103 ], [ -63.533715037370612, -32.84338157801745 ], [ -63.533201852458703, -32.843111373090935 ], [ -63.532559341753817, -32.842755295295994 ], [ -63.532171389407701, -32.842606466068048 ], [ -63.531462742992709, -32.842424516050734 ], [ -63.53080927610231, -32.842296719920022 ], [ -63.529571111871647, -32.842100123729679 ], [ -63.528569512944166, -32.841936276843683 ], [ -63.528020027573042, -32.841776863301455 ], [ -63.527628787618049, -32.841591243440533 ], [ -63.527249370237882, -32.84142432838685 ], [ -63.526678753193046, -32.84107758365775 ], [ -63.525921004349492, -32.840560511684643 ], [ -63.525051681863232, -32.839881737112691 ], [ -63.524747296398893, -32.839633272236384 ], [ -63.524514510544307, -32.83955980172523 ], [ -63.524064894871181, -32.839243701251625 ], [ -63.523404576887039, -32.838677873261801 ], [ -63.523167667998536, -32.838426236713346 ], [ -63.522778554874265, -32.837968343894985 ], [ -63.522643855240709, -32.837751915482798 ], [ -63.522604163139704, -32.837499165523958 ], [ -63.522275695028455, -32.837082280709005 ], [ -63.521519535882923, -32.836457977728358 ], [ -63.521425593254747, -32.836307240065906 ], [ -63.521331650946685, -32.836156502326098 ], [ -63.521254187218567, -32.835345272546384 ], [ -63.521150070491217, -32.835193350666849 ], [ -63.521156939295679, -32.834892218046484 ], [ -63.521167769659137, -32.834530761541792 ], [ -63.521011411713509, -32.834244880341011 ], [ -63.521001004364997, -32.833940212695069 ], [ -63.521060242841656, -32.833794824406738 ], [ -63.520959228104793, -32.833434987631271 ], [ -63.520956834580382, -32.833025109344661 ], [ -63.520860790967419, -32.832832482922001 ], [ -63.520408717344949, -32.832454613548101 ], [ -63.520310983633578, -32.832372921395724 ], [ -63.520309443876961, -32.832108907963331 ], [ -63.520239110786072, -32.832009361268419 ], [ -63.520235005353719, -32.831305311014638 ], [ -63.519967161254357, -32.830816318042956 ], [ -63.519827820885411, -32.830752261107442 ], [ -63.519741448476616, -32.830259772556914 ], [ -63.519209296971084, -32.829675210030778 ], [ -63.519096389440364, -32.829440508200747 ], [ -63.519127640017139, -32.829039146609098 ], [ -63.518908688035168, -32.82868975195187 ], [ -63.518814009452569, -32.828289113374815 ], [ -63.513140994823857, -32.829308981470746 ], [ -63.515313693034734, -32.836649458557261 ], [ -63.518491776889569, -32.848464347989704 ], [ -63.521566232751177, -32.860440057997003 ], [ -63.524450553380845, -32.872076062428761 ], [ -63.508890857652581, -32.877900371541593 ], [ -63.485926342922411, -32.886457127643318 ], [ -63.455752640566978, -32.897469863655665 ] ] ] ] } },
{ "type": "Feature", "properties": { "id": 37, "nomenclatu": "1804", "nombre": "REDUCCION" }, "geometry": { "type": "MultiPolygon", "coordinates": [ [ [ [ -63.966256338886097, -33.058323965918525 ], [ -63.966082314871336, -33.058643511336783 ], [ -63.965769720965724, -33.058756314157641 ], [ -63.965304623335015, -33.058771241286522 ], [ -63.963996741482077, -33.059121448151842 ], [ -63.963082897793342, -33.059345822551897 ], [ -63.962260029305043, -33.059498466111947 ], [ -63.961929648450699, -33.05946972526452 ], [ -63.961326780387672, -33.059266390751951 ], [ -63.960810863752954, -33.059459673379358 ], [ -63.959854467648199, -33.060235633092759 ], [ -63.959195033676195, -33.060977879388552 ], [ -63.958970143499364, -33.061537889473904 ], [ -63.958165796405666, -33.062045977338492 ], [ -63.957592951237217, -33.0622225657158 ], [ -63.956606659726226, -33.062013991798018 ], [ -63.95618321724929, -33.062154109558151 ], [ -63.955800224761163, -33.062655360036977 ], [ -63.954882646244307, -33.063131679516268 ], [ -63.954215068523631, -33.063444921576114 ], [ -63.953887242691351, -33.065469737764872 ], [ -63.95366811395504, -33.065600741733583 ], [ -63.953431128113962, -33.06651897059286 ], [ -63.953068266798866, -33.067292963033879 ], [ -63.952107693598691, -33.0677768502483 ], [ -63.951626758209194, -33.068208830246334 ], [ -63.951348457210401, -33.068888110968558 ], [ -63.94980852449816, -33.069698818358106 ], [ -63.949614721558426, -33.0706434440865 ], [ -63.949789397844945, -33.072010676129835 ], [ -63.950078816742746, -33.072882773585633 ], [ -63.949963517105047, -33.073325526801334 ], [ -63.949510675758177, -33.073777157490902 ], [ -63.948366998714377, -33.073751643010958 ], [ -63.947856799951268, -33.073863162597391 ], [ -63.947475015326795, -33.074027524506953 ], [ -63.947124612315164, -33.074137826791343 ], [ -63.946775937802755, -33.074409575280605 ], [ -63.946172445988616, -33.074763986831805 ], [ -63.945952758203283, -33.075142394397439 ], [ -63.945893445631192, -33.075573405153527 ], [ -63.945704275473915, -33.075817030511949 ], [ -63.945194313131637, -33.076458639322944 ], [ -63.943462092602545, -33.078363561120433 ], [ -63.942880857465283, -33.079275549383887 ], [ -63.942884777021639, -33.079642897018495 ], [ -63.942520323906223, -33.079955020261899 ], [ -63.942758273370295, -33.081302079309893 ], [ -63.942933400290322, -33.081647188926993 ], [ -63.942668701690167, -33.081894777322141 ], [ -63.942054931220341, -33.08236941914015 ], [ -63.939904845446833, -33.083503336305114 ], [ -63.939159927262409, -33.083810495178341 ], [ -63.938064622842603, -33.084802150388498 ], [ -63.937757684310569, -33.085236745561907 ], [ -63.937653100296309, -33.085521376516233 ], [ -63.937089392317574, -33.085921733092199 ], [ -63.936291210779501, -33.08628562144257 ], [ -63.935362843899078, -33.086542937337164 ], [ -63.935008176392529, -33.086375746107379 ], [ -63.934785566475156, -33.08620077374988 ], [ -63.934459281269078, -33.086124294842698 ], [ -63.934165270788085, -33.086173413111631 ], [ -63.933709632226602, -33.085970517037637 ], [ -63.933600331095349, -33.085903247952018 ], [ -63.933496073114554, -33.085940556595105 ], [ -63.933431359131959, -33.086035904585948 ], [ -63.933313015034244, -33.086290924667068 ], [ -63.933214795804503, -33.08639357261027 ], [ -63.932670993366962, -33.086343369128457 ], [ -63.932257472636799, -33.086949301758196 ], [ -63.932104893336074, -33.087335500627916 ], [ -63.931951853808478, -33.08739711941665 ], [ -63.931565275622681, -33.087051802604734 ], [ -63.931418837027458, -33.087075858664889 ], [ -63.931353217295012, -33.087323137715472 ], [ -63.931276517321216, -33.087814405177504 ], [ -63.93126532558064, -33.087882795241818 ], [ -63.931033427200163, -33.08818068932603 ], [ -63.930766420303208, -33.088245725353225 ], [ -63.930503057671338, -33.088195666762317 ], [ -63.930393288423332, -33.088233554556396 ], [ -63.930297380936253, -33.088543779526411 ], [ -63.930170247790315, -33.08879644656669 ], [ -63.928528083107182, -33.089355372154337 ], [ -63.928246264724173, -33.089304365122466 ], [ -63.927914310833422, -33.088848152106408 ], [ -63.92716312785425, -33.089009042864994 ], [ -63.927029180429138, -33.088857221438985 ], [ -63.926927940819951, -33.08867611965406 ], [ -63.926584352133808, -33.088786803332219 ], [ -63.926423551842063, -33.089053411648663 ], [ -63.926232842233183, -33.089256350259475 ], [ -63.925925275933324, -33.089460143717659 ], [ -63.925671908000638, -33.089815901077834 ], [ -63.92545479052896, -33.090336562555784 ], [ -63.925482122043775, -33.091291324562803 ], [ -63.925476977071781, -33.09141420371099 ], [ -63.925361383520652, -33.091526396103092 ], [ -63.925108276878902, -33.091610185839365 ], [ -63.924952500941544, -33.091727554165352 ], [ -63.924808190323716, -33.091814719068836 ], [ -63.924434017357044, -33.091773449813338 ], [ -63.924272649291936, -33.091820698870649 ], [ -63.9240347859743, -33.092119460936274 ], [ -63.923548576044013, -33.092289241751729 ], [ -63.923277132826797, -33.092283246740365 ], [ -63.923137129542162, -33.092324325333593 ], [ -63.92290788535616, -33.092484207554541 ], [ -63.922646975642067, -33.092581809216703 ], [ -63.922433663010636, -33.0926237899955 ], [ -63.922018530188311, -33.092661201092604 ], [ -63.921813545126248, -33.092699270785239 ], [ -63.921499440590068, -33.092885622944934 ], [ -63.921314931438694, -33.092967494976691 ], [ -63.921026715009688, -33.0930118031456 ], [ -63.920739427795638, -33.092997308981658 ], [ -63.920497086940472, -33.092984412915747 ], [ -63.920339216592069, -33.093084286418446 ], [ -63.920151710160987, -33.093392090965253 ], [ -63.919910841735167, -33.093504906998426 ], [ -63.919595963076752, -33.093554531301002 ], [ -63.919501110738253, -33.093604591360361 ], [ -63.919305192254193, -33.094012696181473 ], [ -63.919185708537, -33.094146367588117 ], [ -63.918956575302943, -33.094172962414319 ], [ -63.918717175419992, -33.094162280795153 ], [ -63.918530815717951, -33.094186641801663 ], [ -63.918383412955194, -33.094308844160885 ], [ -63.918195193061649, -33.094419492807411 ], [ -63.917979066202896, -33.094409230411195 ], [ -63.917693423927361, -33.094332344198634 ], [ -63.917570484058643, -33.094193650148533 ], [ -63.91751887473329, -33.094087792639947 ], [ -63.917394999982406, -33.094080209494741 ], [ -63.917258070585, -33.094272441902547 ], [ -63.917069476906562, -33.094356706023149 ], [ -63.91691091922025, -33.094413114848251 ], [ -63.91645342145376, -33.09438885803047 ], [ -63.916260544206494, -33.094547508314051 ], [ -63.916083764977003, -33.094913456486836 ], [ -63.916073480420202, -33.095102156864151 ], [ -63.916000669315636, -33.095157561095171 ], [ -63.915840743304813, -33.09506956578511 ], [ -63.915490866718109, -33.095144162144997 ], [ -63.915218332478119, -33.095207892868743 ], [ -63.914986439002433, -33.095332758069574 ], [ -63.91467825944202, -33.095665689244711 ], [ -63.914367217033607, -33.095868154259129 ], [ -63.914104984778788, -33.095950856111429 ], [ -63.913803100584857, -33.095830138456449 ], [ -63.913272538633557, -33.095805942283349 ], [ -63.913081105500453, -33.095867040511123 ], [ -63.912408967564225, -33.096339502129403 ], [ -63.912107870978012, -33.096663571401862 ], [ -63.911981774120704, -33.096841573569193 ], [ -63.912050015655957, -33.096997984891111 ], [ -63.912210376039489, -33.097223367142604 ], [ -63.912259797543179, -33.097429224943099 ], [ -63.912132768473306, -33.097621907035546 ], [ -63.911739768623278, -33.097888882763392 ], [ -63.911579969802972, -33.09805492930127 ], [ -63.911065569427358, -33.098109646610318 ], [ -63.910674419614473, -33.098107794212886 ], [ -63.910418918920001, -33.097898910552324 ], [ -63.910293324451395, -33.097737704435353 ], [ -63.910069581996737, -33.097667543660492 ], [ -63.9098868026622, -33.097833305358101 ], [ -63.909766577015468, -33.098084807478351 ], [ -63.909371670262921, -33.098275876435522 ], [ -63.909047159665072, -33.098651477462411 ], [ -63.908901403459431, -33.099197126219238 ], [ -63.908708218559369, -33.099490874291597 ], [ -63.908306619479106, -33.099689479641469 ], [ -63.907971856011137, -33.099739232585492 ], [ -63.90760060238317, -33.09995582711737 ], [ -63.907266185187147, -33.100064975424708 ], [ -63.906772456312183, -33.100066161406467 ], [ -63.906149415269603, -33.099773732209357 ], [ -63.905917907993548, -33.099698729481311 ], [ -63.9056575060442, -33.09972497382126 ], [ -63.905173679382642, -33.099709001647902 ], [ -63.904608762470033, -33.099976173791354 ], [ -63.904559827954479, -33.100005040883993 ], [ -63.904210368311375, -33.100222857104129 ], [ -63.904066505399101, -33.100223900670777 ], [ -63.90377836642908, -33.100185625189127 ], [ -63.903586962304502, -33.100227378027341 ], [ -63.903508139781799, -33.100335589726136 ], [ -63.903188719178083, -33.100364814825376 ], [ -63.902979953691641, -33.100272142156648 ], [ -63.902849874374439, -33.100057803838261 ], [ -63.902624712644077, -33.099924884205457 ], [ -63.902305018212047, -33.099927198931937 ], [ -63.902018942453537, -33.100090730036271 ], [ -63.901894912206103, -33.100468368691104 ], [ -63.901706803972814, -33.100833015757011 ], [ -63.901580298620026, -33.100968481283211 ], [ -63.901150490954464, -33.101146505050636 ], [ -63.900957985154243, -33.101080621523899 ], [ -63.900829282076806, -33.101000821542669 ], [ -63.900589645442118, -33.101016008309571 ], [ -63.900494559148051, -33.10109742556395 ], [ -63.900352752525215, -33.101300275609617 ], [ -63.900096992839003, -33.101302122862485 ], [ -63.899851153269715, -33.101419063280304 ], [ -63.899795121357762, -33.101582942752614 ], [ -63.899798408974789, -33.102015050968681 ], [ -63.899834076768727, -33.102249123421224 ], [ -63.899653915551539, -33.102684306351009 ], [ -63.899371629821736, -33.103131398028857 ], [ -63.899118710177383, -33.103603491562758 ], [ -63.898918382032313, -33.103960601653938 ], [ -63.898899993199713, -33.104111363903044 ], [ -63.899047640684785, -33.104440852622396 ], [ -63.899082874417246, -33.104735525126884 ], [ -63.899429747294761, -33.105011770130098 ], [ -63.899659984344062, -33.105299474720688 ], [ -63.899774087003799, -33.105654380330066 ], [ -63.899694016659907, -33.106249007493645 ], [ -63.899615243163851, -33.106468512189267 ], [ -63.899408154958756, -33.106764997758788 ], [ -63.898920741779065, -33.107009768712217 ], [ -63.898683519813538, -33.107184015546153 ], [ -63.898154639256454, -33.107789586947661 ], [ -63.897773920290689, -33.108068812483587 ], [ -63.897549372724534, -33.108176152411509 ], [ -63.897150165054605, -33.108222389293495 ], [ -63.896870557887951, -33.10832543930119 ], [ -63.89641706676052, -33.108644209348398 ], [ -63.896110672812917, -33.108769974623165 ], [ -63.895829944250593, -33.108879259953063 ], [ -63.89529384942977, -33.108960956283994 ], [ -63.89511072992525, -33.109030217783072 ], [ -63.894740172586729, -33.109205891010646 ], [ -63.894462124480107, -33.109379161629846 ], [ -63.894300300820859, -33.109447792872636 ], [ -63.893966574533074, -33.109403478292244 ], [ -63.893530807865112, -33.109341064155949 ], [ -63.892988152123934, -33.109384738030322 ], [ -63.892565439842784, -33.10949329575746 ], [ -63.892408852151192, -33.109670891764488 ], [ -63.892321543543744, -33.109869704965625 ], [ -63.892155279688339, -33.110113102256079 ], [ -63.891999343869422, -33.110154002810347 ], [ -63.891637895743834, -33.110215409959579 ], [ -63.891216083929898, -33.110455974806115 ], [ -63.890918373540501, -33.110770212947578 ], [ -63.890466909452478, -33.111088303505099 ], [ -63.890257902517305, -33.111169378307586 ], [ -63.889873896276008, -33.111266491298863 ], [ -63.88994756116319, -33.111637912121267 ], [ -63.8895671394461, -33.111654477456973 ], [ -63.889577367111151, -33.111845230253543 ], [ -63.889692593473185, -33.112249587494148 ], [ -63.889197555346016, -33.112482855629288 ], [ -63.889211698721482, -33.112576854760633 ], [ -63.889629965464707, -33.112937244225172 ], [ -63.889587999214662, -33.113020574770154 ], [ -63.889059712123, -33.113176557554318 ], [ -63.889021167535759, -33.113260712987781 ], [ -63.889618239387069, -33.113721404787825 ], [ -63.88960908433765, -33.113793419146162 ], [ -63.889048170355863, -33.11396973935377 ], [ -63.88908563073916, -33.114094012086333 ], [ -63.889609516329685, -33.114461537804139 ], [ -63.889688843580743, -33.115156727212288 ], [ -63.889109580495649, -33.115158094290393 ], [ -63.889581768802564, -33.116287644078 ], [ -63.889481503751455, -33.116462710582617 ], [ -63.888973858154458, -33.116059506079893 ], [ -63.888730351541469, -33.115734679559687 ], [ -63.888467363820411, -33.115897352518594 ], [ -63.888298472619375, -33.116119963814612 ], [ -63.887735236143648, -33.116076934014885 ], [ -63.887579559601896, -33.115978408403763 ], [ -63.887385924736783, -33.116032365574817 ], [ -63.887149985814901, -33.116136447342988 ], [ -63.886873334319638, -33.115652046513077 ], [ -63.886921217275543, -33.115490714998522 ], [ -63.887191193330253, -33.115422172778601 ], [ -63.887219002801118, -33.115233221271914 ], [ -63.886921650335111, -33.114877266184855 ], [ -63.886195353833912, -33.114865520841313 ], [ -63.885525832173769, -33.115123620702398 ], [ -63.885047769977774, -33.114993390002141 ], [ -63.88461940685513, -33.115196872096575 ], [ -63.884394188536355, -33.11551585727986 ], [ -63.884248596189302, -33.116197201294192 ], [ -63.88392185385576, -33.116419601059143 ], [ -63.883637159004032, -33.116838319556187 ], [ -63.883108589575819, -33.117097376227541 ], [ -63.882424385444004, -33.117219388210827 ], [ -63.882094535845468, -33.117535725088253 ], [ -63.881668552970567, -33.117742784176791 ], [ -63.88118819930002, -33.11861344438767 ], [ -63.880879349246527, -33.118755343055383 ], [ -63.880622385182029, -33.11908973368147 ], [ -63.880074758628673, -33.119145344193655 ], [ -63.879799070536308, -33.119297933482009 ], [ -63.879685305347955, -33.119415283796855 ], [ -63.879705816546796, -33.119776776103009 ], [ -63.879629300369963, -33.119899539503329 ], [ -63.879119862240927, -33.120002627766226 ], [ -63.878418040270837, -33.12055732445338 ], [ -63.877270785575242, -33.121185906120644 ], [ -63.87686233438702, -33.121627155331751 ], [ -63.876551916567706, -33.121689022387471 ], [ -63.876273695437774, -33.121340076613897 ], [ -63.876321650732024, -33.12101851721556 ], [ -63.876204877741849, -33.120936165856726 ], [ -63.875917544794802, -33.121057912314839 ], [ -63.8758235920224, -33.121319828791528 ], [ -63.875681463956738, -33.121563897012813 ], [ -63.875557316300039, -33.121883069857674 ], [ -63.875172974303084, -33.121995727145581 ], [ -63.874784659376878, -33.121830306925609 ], [ -63.87426969350021, -33.122430827908246 ], [ -63.874143955332706, -33.12265306597088 ], [ -63.873511636992703, -33.122619621042681 ], [ -63.872863598612675, -33.123588832882916 ], [ -63.872641335062269, -33.123784793681956 ], [ -63.872244100398802, -33.124002611348146 ], [ -63.872071357951896, -33.124299648121671 ], [ -63.871961761441959, -33.12457138880886 ], [ -63.870625849391352, -33.124866506122217 ], [ -63.870156579115019, -33.125331274897043 ], [ -63.869575462756067, -33.125421349054662 ], [ -63.869237244399145, -33.125432590109519 ], [ -63.868443051580883, -33.12566629295987 ], [ -63.86749048449375, -33.125720757613173 ], [ -63.866559034588448, -33.125973191854392 ], [ -63.865780101705163, -33.126732617520446 ], [ -63.86497200986701, -33.127395914026359 ], [ -63.864720436497983, -33.127572165704528 ], [ -63.864576474064883, -33.127804058142985 ], [ -63.864560234316691, -33.127966101219883 ], [ -63.864930571779183, -33.128219213728627 ], [ -63.864897622942294, -33.12849532001507 ], [ -63.864602916595899, -33.128629306400086 ], [ -63.864026334939545, -33.12838741826755 ], [ -63.863741361393366, -33.12842238267659 ], [ -63.863439936617269, -33.128601384269906 ], [ -63.86321737879809, -33.128898187819047 ], [ -63.863036465999841, -33.129364226777234 ], [ -63.862972517533208, -33.129764611111327 ], [ -63.862704075329034, -33.130033350942256 ], [ -63.862712086872698, -33.13048988217944 ], [ -63.862228058582332, -33.131339850298296 ], [ -63.862202283304896, -33.131621891204567 ], [ -63.86276394630012, -33.132075670597082 ], [ -63.862969353413689, -33.132290146418896 ], [ -63.862949883375109, -33.132488186082675 ], [ -63.862525173587763, -33.132823971806665 ], [ -63.862369484045452, -33.133060125910632 ], [ -63.861335893941821, -33.133571588644429 ], [ -63.86061791058421, -33.133828436545585 ], [ -63.859814954482822, -33.133783011711543 ], [ -63.859706842639469, -33.133669810675549 ], [ -63.859777143890362, -33.133198542148442 ], [ -63.859001266284054, -33.132945843223773 ], [ -63.858520710189715, -33.132970277153518 ], [ -63.857933027353745, -33.132678703945729 ], [ -63.857382817272978, -33.13254976574855 ], [ -63.857030839507239, -33.13271925353537 ], [ -63.856451541285416, -33.132908335606373 ], [ -63.855924852987187, -33.132936230062604 ], [ -63.855742757872434, -33.132848709521596 ], [ -63.855549240442294, -33.132619415540013 ], [ -63.855022579683606, -33.132324886671803 ], [ -63.854929383137652, -33.132022078830992 ], [ -63.854798996877719, -33.131974423989455 ], [ -63.854442893014522, -33.132101278214229 ], [ -63.854065501749702, -33.131891455317152 ], [ -63.853818761914269, -33.131756597784808 ], [ -63.853375313060035, -33.13180818567578 ], [ -63.853083094679477, -33.132195571484978 ], [ -63.852913868687075, -33.132239822375453 ], [ -63.852569847390988, -33.132234570359245 ], [ -63.851112661736273, -33.133186552188853 ], [ -63.850367021971742, -33.133646146027203 ], [ -63.849958839026101, -33.133862616491676 ], [ -63.850004050432368, -33.134254153777178 ], [ -63.849963529355499, -33.134632002005596 ], [ -63.849734427447899, -33.135264580140181 ], [ -63.849460481218308, -33.13581320984737 ], [ -63.850162685798807, -33.136547268209583 ], [ -63.850593914780887, -33.136802247038673 ], [ -63.851010445589743, -33.137350835631878 ], [ -63.850982875321272, -33.137906653266128 ], [ -63.851268434621701, -33.138598643441668 ], [ -63.851424236173216, -33.139376532900151 ], [ -63.851653575634785, -33.140199933186565 ], [ -63.851358342410528, -33.140594942150884 ], [ -63.851653649478727, -33.14080586162445 ], [ -63.85155576458849, -33.141159763034459 ], [ -63.851119442905748, -33.141430822622603 ], [ -63.850504630384776, -33.141094403331863 ], [ -63.850422711393854, -33.14168781461175 ], [ -63.850113362695659, -33.141794940846459 ], [ -63.84983308247444, -33.142090235351354 ], [ -63.84959704015283, -33.142314707200953 ], [ -63.849643857381146, -33.142388666511891 ], [ -63.849950982367496, -33.142363969725579 ], [ -63.850176715443325, -33.142701606264829 ], [ -63.850197439747539, -33.142844976641285 ], [ -63.850495514624313, -33.142978074564446 ], [ -63.850591252130961, -33.143289259785455 ], [ -63.851108708594928, -33.143655663817164 ], [ -63.851308002475356, -33.143805034330413 ], [ -63.851349925960648, -33.144303705441018 ], [ -63.851838478286062, -33.1446889282036 ], [ -63.851755034511932, -33.145674452799874 ], [ -63.851480613187583, -33.145761046049415 ], [ -63.851361280840329, -33.145846591608155 ], [ -63.851410553056525, -33.146133561451826 ], [ -63.851377591811747, -33.146369133126029 ], [ -63.850929020865436, -33.146482992087186 ], [ -63.850576737318242, -33.146583565479411 ], [ -63.850396912226067, -33.146832457294103 ], [ -63.850458304563467, -33.147191396638569 ], [ -63.850246623163805, -33.147750066309051 ], [ -63.849657770351314, -33.147392370754439 ], [ -63.849522871871883, -33.147471508022299 ], [ -63.849442111277511, -33.148046607706057 ], [ -63.849065519605048, -33.147990522303786 ], [ -63.84865444661208, -33.14837784522436 ], [ -63.848200699723336, -33.148361385025346 ], [ -63.848072339944089, -33.148802949505829 ], [ -63.847575434270645, -33.148731384095797 ], [ -63.847478966038629, -33.14878092461678 ], [ -63.847311067199158, -33.149059051015122 ], [ -63.846798421944541, -33.149437817432954 ], [ -63.846388323012782, -33.149121262397045 ], [ -63.846241412443241, -33.148760546689509 ], [ -63.845870258056941, -33.14886734880762 ], [ -63.845689257285414, -33.148977725028892 ], [ -63.845369638285412, -33.149006804849975 ], [ -63.845228341764859, -33.149135948485529 ], [ -63.84515384133099, -33.14945254029481 ], [ -63.84501499808195, -33.149525173886126 ], [ -63.844570996938785, -33.149313110876044 ], [ -63.844427683709931, -33.149327120932718 ], [ -63.844387714561165, -33.149683378310144 ], [ -63.844295525806089, -33.149771989498134 ], [ -63.843616895303661, -33.149753780535903 ], [ -63.843358952291076, -33.149941268970956 ], [ -63.843182384206649, -33.150124949635128 ], [ -63.843104000656488, -33.150441566532365 ], [ -63.843495608481511, -33.151815340600123 ], [ -63.84352426646813, -33.152163989391148 ], [ -63.84364591451542, -33.152452441272693 ], [ -63.843974814781689, -33.152818375115288 ], [ -63.844439216728851, -33.152847700741447 ], [ -63.844640700728242, -33.152977824623136 ], [ -63.845026986674469, -33.153453825333699 ], [ -63.845154918460537, -33.153691341048464 ], [ -63.845153135213856, -33.154159445684961 ], [ -63.845330507232184, -33.154384411081743 ], [ -63.845497270414249, -33.154523637286673 ], [ -63.845584776278798, -33.15465167593829 ], [ -63.845795584451601, -33.154832188862592 ], [ -63.845872693316757, -33.154920565140444 ], [ -63.845943028546216, -33.155073084943105 ], [ -63.845866472864984, -33.155298950341859 ], [ -63.845667447746898, -33.155576346224301 ], [ -63.845595934154552, -33.155622729785094 ], [ -63.845456397504599, -33.155826009202364 ], [ -63.845361079637975, -33.155945030806905 ], [ -63.845194949289265, -33.156169920654428 ], [ -63.845037908390566, -33.156291317284776 ], [ -63.844917834846257, -33.156342792220045 ], [ -63.844616493270806, -33.156349057994227 ], [ -63.844447662066564, -33.156288988448338 ], [ -63.844150365936592, -33.156090152067598 ], [ -63.843886342432917, -33.156056057079972 ], [ -63.843647753137361, -33.156057673577159 ], [ -63.843500838114089, -33.155929894395506 ], [ -63.843423595932194, -33.155731367544732 ], [ -63.84346445033917, -33.155539004065062 ], [ -63.843738543879525, -33.155287269821308 ], [ -63.843720701056462, -33.154998192212645 ], [ -63.843684530882577, -33.154890771335381 ], [ -63.843568614117324, -33.154851450516112 ], [ -63.843249324032975, -33.154817728471308 ], [ -63.843051430822726, -33.154668387424998 ], [ -63.842940559270588, -33.154631129834819 ], [ -63.842669572759981, -33.154658306700341 ], [ -63.842388314816084, -33.15466232029479 ], [ -63.842190208300423, -33.154693211954331 ], [ -63.841922954976901, -33.15458524216303 ], [ -63.841775901320233, -33.154535254153799 ], [ -63.841666067259908, -33.154341785906119 ], [ -63.841552889838546, -33.154327774815279 ], [ -63.84131197043402, -33.154346289297521 ], [ -63.841053730554648, -33.154394472112514 ], [ -63.840843985587014, -33.154520441114109 ], [ -63.840804210902071, -33.154616560022518 ], [ -63.840694911182446, -33.154743948573895 ], [ -63.840715119192595, -33.155020358555937 ], [ -63.840733805829487, -33.155147629603483 ], [ -63.840585677743654, -33.155418830472627 ], [ -63.840329178282268, -33.155646434719536 ], [ -63.840106570838188, -33.15577752184317 ], [ -63.839973949787641, -33.155829076677236 ], [ -63.839749177314665, -33.155977772431172 ], [ -63.83942917062825, -33.156106992357572 ], [ -63.839019366581887, -33.156270358310941 ], [ -63.838781617394922, -33.156422408993052 ], [ -63.838764047121785, -33.156574302205179 ], [ -63.839235041067269, -33.157245505274815 ], [ -63.839149975273536, -33.157841967228698 ], [ -63.839225356489052, -33.158266588384336 ], [ -63.838959429095191, -33.159222996412915 ], [ -63.838598903902067, -33.159613549668599 ], [ -63.83847667101778, -33.159756507160509 ], [ -63.83846564242689, -33.159964319310355 ], [ -63.838396660689718, -33.160232654932784 ], [ -63.838203155470062, -33.160403417102046 ], [ -63.837879351898309, -33.160553200789437 ], [ -63.837334365276554, -33.160699000908458 ], [ -63.837022629859852, -33.160750289592436 ], [ -63.836549172113138, -33.16089560548761 ], [ -63.836470774343397, -33.160857866643987 ], [ -63.836305419542811, -33.160569251072097 ], [ -63.836174395840857, -33.160471732141801 ], [ -63.836037784268768, -33.160467179198491 ], [ -63.835843514981129, -33.160561411909235 ], [ -63.835594971766923, -33.160671492325093 ], [ -63.83529715546166, -33.16065978272281 ], [ -63.83508528609002, -33.160671487622999 ], [ -63.834902539745237, -33.160865790852839 ], [ -63.834735593143122, -33.160997923947257 ], [ -63.83475801454972, -33.161201199797539 ], [ -63.834632643386627, -33.161391681451484 ], [ -63.834393562346648, -33.161703590559668 ], [ -63.834311731489116, -33.161813143331365 ], [ -63.834138603372466, -33.161892829112581 ], [ -63.834040606934153, -33.161956733591147 ], [ -63.834106195025264, -33.162032632175872 ], [ -63.834329798471934, -33.16207692923421 ], [ -63.8344498182786, -33.162226342452726 ], [ -63.834493153708245, -33.162390607755192 ], [ -63.834541224767285, -33.162780830258725 ], [ -63.834602135654997, -33.162872565491874 ], [ -63.834966768767295, -33.162991842074554 ], [ -63.835108627773884, -33.163085235186237 ], [ -63.835163033257665, -33.163304861351016 ], [ -63.835135165137373, -33.16366705783841 ], [ -63.835193516492652, -33.16393559301833 ], [ -63.835362722486828, -33.164110468835077 ], [ -63.835359186099389, -33.164180896888297 ], [ -63.835115070303381, -33.164055806511925 ], [ -63.834880732217727, -33.164082025846483 ], [ -63.834731145746083, -33.164206229835116 ], [ -63.834623338441347, -33.164503680349135 ], [ -63.834443687766218, -33.164724038751238 ], [ -63.83415173956184, -33.164768057228109 ], [ -63.833850869686323, -33.164705871845904 ], [ -63.83357684405604, -33.164696637495211 ], [ -63.833144245416001, -33.16471959855685 ], [ -63.832984725814605, -33.164651715850333 ], [ -63.832831463086251, -33.164158211624304 ], [ -63.832756221625459, -33.164041035316551 ], [ -63.832484557400015, -33.164059004906349 ], [ -63.83211927765219, -33.164052205048293 ], [ -63.831783364783107, -33.163955226812512 ], [ -63.831641005925192, -33.164000016277143 ], [ -63.831376277222169, -33.164237773772911 ], [ -63.831088816464622, -33.164618151501806 ], [ -63.83095178878483, -33.164646751502865 ], [ -63.830723447383868, -33.164602119659605 ], [ -63.830404674168975, -33.164574243600519 ], [ -63.83009491399811, -33.164338620201612 ], [ -63.829842937919047, -33.164208243231251 ], [ -63.82943875215765, -33.164150944430503 ], [ -63.829244194795194, -33.163944051782757 ], [ -63.829220430261309, -33.163750359887779 ], [ -63.829202031172883, -33.163547416615565 ], [ -63.829085000693418, -33.163365890992885 ], [ -63.828908050382815, -33.163232206645546 ], [ -63.828533099135029, -33.163104717725759 ], [ -63.828353628541215, -33.163041685412132 ], [ -63.828143269697406, -33.162851435316384 ], [ -63.82797116806988, -33.162478535464253 ], [ -63.827876667580057, -33.162404717866316 ], [ -63.827652170807873, -33.162359488423327 ], [ -63.827364406146017, -33.162418342037583 ], [ -63.827114766183676, -33.162542751223178 ], [ -63.826960213124622, -33.162548166705498 ], [ -63.826503742227828, -33.162399370845421 ], [ -63.826194951915298, -33.162317758421153 ], [ -63.825927420448629, -33.16231368969791 ], [ -63.825558785593216, -33.162456273703334 ], [ -63.825403044324112, -33.162517156307416 ], [ -63.825002216884471, -33.162526235141137 ], [ -63.824839743988278, -33.16258034000748 ], [ -63.82464833126415, -33.162728890719841 ], [ -63.824459483706072, -33.162860305713863 ], [ -63.82410788218543, -33.162959809245613 ], [ -63.823657224615623, -33.163119830096875 ], [ -63.82337680132909, -33.163289973082989 ], [ -63.823004028212353, -33.163538942966319 ], [ -63.822683415419064, -33.163633488284638 ], [ -63.822102468526722, -33.163770681597782 ], [ -63.821594864801753, -33.163774031772064 ], [ -63.821188616335419, -33.163762489044714 ], [ -63.820798940071207, -33.163710549486119 ], [ -63.820290932601139, -33.163596449005759 ], [ -63.819856339719109, -33.163362651767244 ], [ -63.819631602158402, -33.163277264742888 ], [ -63.819392826553745, -33.163225756097177 ], [ -63.818841315946351, -33.163190783748711 ], [ -63.818475271910593, -33.163345196935857 ], [ -63.817802027081534, -33.163751697941841 ], [ -63.81712972927803, -33.164207845502865 ], [ -63.816723557416793, -33.16438186203473 ], [ -63.816357796884397, -33.164415408336808 ], [ -63.815810205671902, -33.164325540649578 ], [ -63.815415436365477, -33.164230769985586 ], [ -63.814605356945947, -33.164185282994914 ], [ -63.814181342996299, -33.164113931900516 ], [ -63.813635501710209, -33.164223749927849 ], [ -63.813244638202754, -33.164238659419794 ], [ -63.812806321112596, -33.164211866428033 ], [ -63.812656228123863, -33.164167115312459 ], [ -63.812129883083131, -33.163979929374769 ], [ -63.811671256304891, -33.16393040588968 ], [ -63.811444420379814, -33.163851877969833 ], [ -63.810802607690825, -33.163780454236374 ], [ -63.810174821568623, -33.163530504884669 ], [ -63.809870075319893, -33.163433882310905 ], [ -63.809345193086926, -33.163490593827291 ], [ -63.808758931353672, -33.163441103941679 ], [ -63.808253071402738, -33.163269290894817 ], [ -63.807669435215573, -33.162882609292055 ], [ -63.807135897788903, -33.162507132615779 ], [ -63.806392912566579, -33.162329331968657 ], [ -63.806156914203719, -33.162232061940038 ], [ -63.805910608417129, -33.162063591245008 ], [ -63.805638084637174, -33.161603297347035 ], [ -63.805482963173759, -33.161162180696202 ], [ -63.805308332348112, -33.160947308375604 ], [ -63.804611156843904, -33.160223661622567 ], [ -63.803927188044895, -33.159887833004191 ], [ -63.803800418353028, -33.159784588944106 ], [ -63.803359672751398, -33.159413130200981 ], [ -63.803058975026751, -33.158929535238137 ], [ -63.802223592303626, -33.157397717374238 ], [ -63.802202117681126, -33.157232346880633 ], [ -63.802120204646528, -33.156525121175626 ], [ -63.801892537483461, -33.155136050257958 ], [ -63.801935923045775, -33.154371011419897 ], [ -63.801666735453331, -33.153821193939301 ], [ -63.801488866960497, -33.153005760182353 ], [ -63.801340024083686, -33.152586516468808 ], [ -63.801133191168653, -33.152370351910953 ], [ -63.800819772983573, -33.152286273044332 ], [ -63.80029715166814, -33.152321346678093 ], [ -63.799694903335634, -33.152488342976319 ], [ -63.798434912123128, -33.152697164049108 ], [ -63.797158172854111, -33.152954011461418 ], [ -63.79608949741236, -33.153129059022064 ], [ -63.795239605570416, -33.153441656679639 ], [ -63.794598012554246, -33.153694407903942 ], [ -63.793753452963614, -33.153633970802808 ], [ -63.793261657028843, -33.153132468222068 ], [ -63.792243285406073, -33.152492861257244 ], [ -63.79134902882172, -33.152207081053376 ], [ -63.790774553449168, -33.151979410934679 ], [ -63.789433055792536, -33.151791058113822 ], [ -63.788891709441529, -33.151675366422616 ], [ -63.788179664012013, -33.151292725377651 ], [ -63.787646943573904, -33.15074898445944 ], [ -63.787161880713796, -33.150230823716306 ], [ -63.786190752820971, -33.149488877219284 ], [ -63.784992963302898, -33.149169532286926 ], [ -63.78359468311978, -33.149000780509859 ], [ -63.782560585591895, -33.148992029814742 ], [ -63.781273932106139, -33.149144971382277 ], [ -63.78048585980148, -33.149264271894509 ], [ -63.779776185236223, -33.149017112815265 ], [ -63.779153171545964, -33.148311968798282 ], [ -63.778303086188515, -33.147864311124678 ], [ -63.777995086206978, -33.147422517065827 ], [ -63.777598127580774, -33.146653309044943 ], [ -63.777251888594328, -33.146428797126575 ], [ -63.776180169547914, -33.146212951675089 ], [ -63.7754604290703, -33.14613514969502 ], [ -63.774938986557792, -33.145987687180131 ], [ -63.774185759667013, -33.145286262128209 ], [ -63.773532681587525, -33.144032181333102 ], [ -63.773429837929775, -33.143931974788508 ], [ -63.772458060348747, -33.143938004980079 ], [ -63.771484428934265, -33.143732231998982 ], [ -63.770880349608284, -33.143655810637249 ], [ -63.770344129157834, -33.143299058495046 ], [ -63.768636222750402, -33.142706970409044 ], [ -63.768281794397168, -33.142420097293964 ], [ -63.767425679813471, -33.142262876717268 ], [ -63.766783520922715, -33.142107087786485 ], [ -63.765915774497387, -33.141959736174265 ], [ -63.765703889928474, -33.141905255348952 ], [ -63.764880169139531, -33.141642763908635 ], [ -63.764739974122961, -33.141490200830617 ], [ -63.764453291592226, -33.141371898619369 ], [ -63.761850197455644, -33.133226874130848 ], [ -63.761689951637102, -33.13277309052642 ], [ -63.759593442649404, -33.130388432285756 ], [ -63.759504605780712, -33.127251589926111 ], [ -63.757802461156132, -33.125840823046801 ], [ -63.756364855243397, -33.125892145599764 ], [ -63.755917595906475, -33.125948680650716 ], [ -63.755374165298164, -33.125978886808639 ], [ -63.754829813254759, -33.125901454671094 ], [ -63.75418814170704, -33.125663146984522 ], [ -63.753803002454816, -33.125504015363653 ], [ -63.753448925124211, -33.125237053171489 ], [ -63.753122235205574, -33.124431716663437 ], [ -63.752606201058413, -33.123923537275921 ], [ -63.752219466155644, -33.123576037511391 ], [ -63.751929130298201, -33.123281775594066 ], [ -63.751639484148328, -33.12306824000391 ], [ -63.751542859334194, -33.122988091646214 ], [ -63.751286798041917, -33.122962725433958 ], [ -63.7508719869736, -33.123072867448784 ], [ -63.750424737977525, -33.123129382653218 ], [ -63.750137841470753, -33.123238751790424 ], [ -63.749657697360348, -33.123187820676975 ], [ -63.749239912279016, -33.122948139925882 ], [ -63.748661778083608, -33.122655600479227 ], [ -63.748211791152627, -33.122389199285216 ], [ -63.74766655483532, -33.122204099235091 ], [ -63.7471229158512, -33.122207360088744 ], [ -63.745556410722266, -33.122270563862919 ], [ -63.744820898226585, -33.122274962592542 ], [ -63.743831143118243, -33.122469247907695 ], [ -63.742967713106459, -33.122474399263446 ], [ -63.74235943481856, -33.122397293481889 ], [ -63.741749800143467, -33.122158730240024 ], [ -63.741617813578166, -33.121675128174488 ], [ -63.74167883014772, -33.121324929422656 ], [ -63.741547523783368, -33.12092205445353 ], [ -63.741354523233305, -33.120788650715262 ], [ -63.741000954056119, -33.120575470329449 ], [ -63.7406791388333, -33.120335189737148 ], [ -63.740549645349319, -33.120147586333978 ], [ -63.740323992640832, -33.119933643689365 ], [ -63.739939354079695, -33.119828286563603 ], [ -63.739715508378062, -33.119829615590042 ], [ -63.739585566587728, -33.1195881929238 ], [ -63.739454948997974, -33.119266042785384 ], [ -63.739388738630012, -33.118997331224435 ], [ -63.73909981270765, -33.118864493041549 ], [ -63.739191462543324, -33.118352650898679 ], [ -63.739185827178865, -33.117679923073574 ], [ -63.739056115478405, -33.117465408823861 ], [ -63.739054087165599, -33.117223226773319 ], [ -63.7392432441913, -33.116899179328179 ], [ -63.739241440827797, -33.11668390638436 ], [ -63.73879173775839, -33.116444379210655 ], [ -63.738566549316594, -33.116284251312685 ], [ -63.738339560579433, -33.115908849977842 ], [ -63.738331005567126, -33.114886303056252 ], [ -63.738168198695369, -33.114537431478439 ], [ -63.737814212456627, -33.114270423105737 ], [ -63.737460678063073, -33.11405723196772 ], [ -63.737234823816266, -33.113816374055908 ], [ -63.737231901664664, -33.113466555186541 ], [ -63.737133727168846, -33.113198031180886 ], [ -63.736876125225272, -33.112984270822352 ], [ -63.736649826166428, -33.112689593446589 ], [ -63.736521250923857, -33.112609621962172 ], [ -63.736134853282501, -33.112288979219045 ], [ -63.736003810765069, -33.111913006444823 ], [ -63.735906314886606, -33.111725208809823 ], [ -63.735810165406264, -33.111698866054162 ], [ -63.735199725717862, -33.111352632420299 ], [ -63.734908366609751, -33.110923783066916 ], [ -63.734745132805983, -33.110521088162095 ], [ -63.734739980984756, -33.10990217716693 ], [ -63.734610515750937, -33.109714566890148 ], [ -63.734033411355306, -33.109529593784274 ], [ -63.733743182444869, -33.109235287338052 ], [ -63.733324612141267, -33.108887914416457 ], [ -63.733194927909473, -33.108673393386795 ], [ -63.732871390334253, -33.10821781773317 ], [ -63.732741484847779, -33.10797638698466 ], [ -63.732452381759337, -33.107816623316957 ], [ -63.73229229023822, -33.107790653557153 ], [ -63.731876632759949, -33.107793095136785 ], [ -63.731620174458705, -33.107713869348942 ], [ -63.731299323566518, -33.107581199854373 ], [ -63.730849465573073, -33.107314733518507 ], [ -63.73046333440805, -33.107020981524428 ], [ -63.729823866657441, -33.107024727766223 ], [ -63.729664889372067, -33.107133300685426 ], [ -63.729342487219284, -33.106812261531317 ], [ -63.729149536021893, -33.106678837905108 ], [ -63.728733883486548, -33.106681268931965 ], [ -63.728305235729607, -33.106756930424559 ], [ -63.727538763410493, -33.106869049129735 ], [ -63.727283419978633, -33.10692436047799 ], [ -63.726806477916746, -33.107250069042557 ], [ -63.726554012042286, -33.107655198960096 ], [ -63.726109922470243, -33.108088355448956 ], [ -63.725472215560991, -33.108307353365603 ], [ -63.724512998849555, -33.108312933278199 ], [ -63.723906818837129, -33.108477918884347 ], [ -63.723427429949972, -33.108507613001215 ], [ -63.72282124647635, -33.108672593368055 ], [ -63.721895979854771, -33.108920151043598 ], [ -63.7210331177561, -33.108978967130248 ], [ -63.720714474665378, -33.109115362879805 ], [ -63.720490874811055, -33.109143566267477 ], [ -63.720072575749811, -33.108823057375389 ], [ -63.719689544574237, -33.108906001442818 ], [ -63.719627570655511, -33.109148554128666 ], [ -63.719467918819298, -33.109176386420117 ], [ -63.719051815233563, -33.109124966775575 ], [ -63.718957426752134, -33.109313885076276 ], [ -63.718190700369732, -33.109399037433406 ], [ -63.71809674757656, -33.109641773654317 ], [ -63.717971038644961, -33.109911603284829 ], [ -63.717524707786211, -33.110075636996868 ], [ -63.717141012775393, -33.110077845485598 ], [ -63.716887401567263, -33.110348409958071 ], [ -63.716600721700452, -33.110484611381345 ], [ -63.716185705107051, -33.110567728651063 ], [ -63.716188543529199, -33.110917549318692 ], [ -63.71583922024741, -33.111215572196869 ], [ -63.715554499303657, -33.111593954794365 ], [ -63.715492075961855, -33.111782686936685 ], [ -63.715558862449356, -33.112132140414211 ], [ -63.715816847565804, -33.112399764163733 ], [ -63.715978689363901, -33.112641029226523 ], [ -63.716429186252071, -33.112988277073569 ], [ -63.716623225044152, -33.113256266679898 ], [ -63.717327864061474, -33.113690356732725 ], [ -63.717411850475202, -33.114187717894374 ], [ -63.717463314730971, -33.114617989904026 ], [ -63.717576872504161, -33.1148191649418 ], [ -63.717420381643144, -33.1152371789452 ], [ -63.717391905128252, -33.115667911104097 ], [ -63.716962516368604, -33.115952942664606 ], [ -63.716484536895564, -33.11586738454826 ], [ -63.716293113593018, -33.115922306027478 ], [ -63.715940714850191, -33.115843599575257 ], [ -63.715588098519135, -33.11573798285292 ], [ -63.715376723760322, -33.115598764271112 ], [ -63.715071746842021, -33.11545250680247 ], [ -63.714415356200888, -33.115348629470027 ], [ -63.714158999675789, -33.11528282256544 ], [ -63.713822375862676, -33.115177109151183 ], [ -63.71356493237429, -33.114976754617373 ], [ -63.713274643796659, -33.114668945428264 ], [ -63.712872331986695, -33.114348321138046 ], [ -63.712585524235259, -33.114471058853759 ], [ -63.712619999215988, -33.114780332797885 ], [ -63.712608402268692, -33.115028473463859 ], [ -63.711649760783502, -33.11511468322491 ], [ -63.711234934389665, -33.11522469359349 ], [ -63.710789647535762, -33.115523250039097 ], [ -63.710407227987275, -33.115686893880358 ], [ -63.710442293212012, -33.11636703284023 ], [ -63.709867033454358, -33.116410676915571 ], [ -63.709487476527308, -33.116634002303734 ], [ -63.708848959157109, -33.117062324889957 ], [ -63.708241824736888, -33.117119598073167 ], [ -63.703390403187178, -33.118290774535318 ], [ -63.690554315635637, -33.120784519170819 ], [ -63.684712033298567, -33.12208155585018 ], [ -63.684037550132459, -33.121708512461581 ], [ -63.682944430912116, -33.12096101255279 ], [ -63.681369990226443, -33.120000851045091 ], [ -63.679923910688522, -33.119093790088769 ], [ -63.678285994016967, -33.11818775634859 ], [ -63.677868008854766, -33.117894014272991 ], [ -63.676776639777401, -33.117361734342914 ], [ -63.676263968639269, -33.117229964595403 ], [ -63.67571952764002, -33.117125275603705 ], [ -63.675398105774278, -33.11691173325945 ], [ -63.675268137252203, -33.116643331547593 ], [ -63.675010466750251, -33.116402532084933 ], [ -63.674656249255484, -33.11608152297066 ], [ -63.674143999726851, -33.116003563336562 ], [ -63.673761097198572, -33.116113276606946 ], [ -63.673125045148204, -33.116574194335492 ], [ -63.67284032757879, -33.116979391119195 ], [ -63.6730026772115, -33.117301441741468 ], [ -63.673228777985038, -33.11759623711793 ], [ -63.673519862652668, -33.118025233869048 ], [ -63.673491376394608, -33.118482868093949 ], [ -63.673333540127516, -33.118752827079916 ], [ -63.672856537224597, -33.119105241470251 ], [ -63.672313318569657, -33.119161994697322 ], [ -63.672151992789459, -33.118974490775216 ], [ -63.671990257839582, -33.118733167630396 ], [ -63.671702455573694, -33.118734719327946 ], [ -63.671574953053614, -33.118789227762065 ], [ -63.671254558411363, -33.118710222254684 ], [ -63.670839048643458, -33.118739370432877 ], [ -63.670678544862625, -33.118659502570438 ], [ -63.670580156859025, -33.118337104762055 ], [ -63.670450814088348, -33.118149426459418 ], [ -63.67029031173265, -33.118069558071277 ], [ -63.670033467697628, -33.117936386307584 ], [ -63.669999855422326, -33.117721282127349 ], [ -63.669998629541666, -33.117559825033815 ], [ -63.669931814231568, -33.117183435640548 ], [ -63.669771518346302, -33.117130476062407 ], [ -63.669452151997312, -33.117186013404385 ], [ -63.669294305529199, -33.117455967457317 ], [ -63.66903970897426, -33.11761879832352 ], [ -63.668783887814911, -33.117620171545219 ], [ -63.668269596239867, -33.117273092576248 ], [ -63.668234765914853, -33.116896530670786 ], [ -63.668041068196587, -33.11665537360637 ], [ -63.667463441411329, -33.11638936258165 ], [ -63.667141024705153, -33.11604125093902 ], [ -63.667011082473103, -33.115772840242869 ], [ -63.667009455379464, -33.115557563918351 ], [ -63.666973817747184, -33.115073363308724 ], [ -63.666619837760521, -33.114779240389709 ], [ -63.666425336363879, -33.114430442423576 ], [ -63.666294992440868, -33.114108211752452 ], [ -63.665875441833037, -33.113599152070222 ], [ -63.665359968011998, -33.113090603072223 ], [ -63.665100306907597, -33.112580686873827 ], [ -63.665094831932016, -33.111854128593208 ], [ -63.664995864058355, -33.11145099696347 ], [ -63.6644492430312, -33.111050252711145 ], [ -63.664094275407969, -33.110621574232475 ], [ -63.66393116117483, -33.110191872771622 ], [ -63.663607769793693, -33.109709203261787 ], [ -63.663413291746458, -33.109360400021579 ], [ -63.662955541169318, -33.1080173024354 ], [ -63.662661309329209, -33.107157725655014 ], [ -63.662430424773177, -33.106217079310547 ], [ -63.662388457338878, -33.106086972531884 ], [ -63.65912937156773, -33.100315157920051 ], [ -63.659074214968783, -33.09977140104651 ], [ -63.658830170267812, -33.099410052251528 ], [ -63.658707190197816, -33.098978817404188 ], [ -63.658503370384011, -33.098739156849206 ], [ -63.658398299828626, -33.098339023713379 ], [ -63.657980556459492, -33.09789744299021 ], [ -63.657626688764879, -33.097804818671818 ], [ -63.65726518064124, -33.097102906145018 ], [ -63.657227249142579, -33.096511270393691 ], [ -63.657030276016826, -33.096009915537373 ], [ -63.656668482610499, -33.095340010685398 ], [ -63.656494950271153, -33.094993973960548 ], [ -63.656302782503666, -33.094676977699088 ], [ -63.655954988902671, -33.094318513238633 ], [ -63.655889010694629, -33.094030786632615 ], [ -63.655911386040991, -33.093682996757543 ], [ -63.655960940879119, -33.093432440904941 ], [ -63.656269472998204, -33.093106136660502 ], [ -63.656253434287557, -33.092648639050253 ], [ -63.656048892966702, -33.092438731992061 ], [ -63.655845739699281, -33.092343505840248 ], [ -63.655652258754593, -33.092007220204223 ], [ -63.655366431093455, -33.091899714926292 ], [ -63.655109517779465, -33.091935688251269 ], [ -63.654707934095306, -33.091904888101475 ], [ -63.65446744899036, -33.091989642700476 ], [ -63.654315645843383, -33.092333603647262 ], [ -63.654258045698604, -33.092539750306173 ], [ -63.654020955554529, -33.092736109226266 ], [ -63.653979976915096, -33.092742365195548 ], [ -63.653784945840897, -33.092514191374036 ], [ -63.653127154900552, -33.092456147579384 ], [ -63.653023686356043, -33.092456689629053 ], [ -63.652731714021186, -33.092430628568479 ], [ -63.652356029480842, -33.092396980323024 ], [ -63.651780894029358, -33.092391783763418 ], [ -63.651028722868212, -33.092520681438778 ], [ -63.650785458734489, -33.093101255256592 ], [ -63.650750386141489, -33.093691110792093 ], [ -63.650887933097323, -33.094375638878688 ], [ -63.650911296629126, -33.09506040234443 ], [ -63.650831695989766, -33.095393072141015 ], [ -63.65076594354251, -33.09568626793363 ], [ -63.650535053155444, -33.095883038694275 ], [ -63.64995738127201, -33.096526035743857 ], [ -63.649402542544969, -33.096968476720583 ], [ -63.649576965964428, -33.097264117099449 ], [ -63.649596371301826, -33.097630442197961 ], [ -63.649784666955611, -33.097758395209695 ], [ -63.64985624127651, -33.097935464690764 ], [ -63.649585260081018, -33.09897421301207 ], [ -63.649709321574441, -33.099310959770875 ], [ -63.649454098961392, -33.099958764995719 ], [ -63.648570407983179, -33.100611193806976 ], [ -63.647459555897946, -33.10108248516201 ], [ -63.646638528201294, -33.102103435300066 ], [ -63.646466080817675, -33.102150854389315 ], [ -63.645929005376416, -33.102070597846549 ], [ -63.645602229304011, -33.102460536565523 ], [ -63.645751587731446, -33.103049705153438 ], [ -63.645359099851142, -33.103317180431837 ], [ -63.644789700690374, -33.103256381467908 ], [ -63.643552583363409, -33.104284151647754 ], [ -63.643617283642413, -33.10454790755643 ], [ -63.643387409818857, -33.10505121698808 ], [ -63.642653045990428, -33.105847455895152 ], [ -63.641930766305641, -33.106038448393591 ], [ -63.641144049805568, -33.106650653134068 ], [ -63.640310762345351, -33.10650066655311 ], [ -63.639913981692409, -33.106801056625947 ], [ -63.639266660013078, -33.106856042405077 ], [ -63.638313477724715, -33.10689654249466 ], [ -63.638041890598238, -33.106584252980795 ], [ -63.636018138102578, -33.105464211811437 ], [ -63.634592358925161, -33.105034635117299 ], [ -63.632934845158019, -33.103599989224271 ], [ -63.631711622281891, -33.103400620980103 ], [ -63.630196074253263, -33.103459325752915 ], [ -63.628192936295008, -33.104053339737121 ], [ -63.627376559267965, -33.106985166116431 ], [ -63.626943327919498, -33.107397575902681 ], [ -63.626651183105629, -33.107416274564656 ], [ -63.626093535316407, -33.107587957710237 ], [ -63.62582392948724, -33.107609053357876 ], [ -63.622336331084277, -33.093010748131924 ], [ -63.622009248405284, -33.092933634447036 ], [ -63.604274330929023, -33.096376415824125 ], [ -63.598314798584497, -33.097343086412565 ], [ -63.594193238100004, -33.098011615070043 ], [ -63.590537183714879, -33.098596795196464 ], [ -63.57931496147949, -33.100570447793885 ], [ -63.578651203498147, -33.10065329290051 ], [ -63.536025734296935, -33.108351781880891 ], [ -63.535881166180474, -33.108435893209737 ], [ -63.540081220854034, -33.124277816638937 ], [ -63.539667084335051, -33.124588470510055 ], [ -63.537833797401888, -33.124956691431095 ], [ -63.537252435320475, -33.12805396605615 ], [ -63.539966569709769, -33.133524819278534 ], [ -63.540501106388128, -33.136258625305658 ], [ -63.540867240767682, -33.136712160834612 ], [ -63.543040838591757, -33.139404505235895 ], [ -63.543845416925613, -33.142206250961898 ], [ -63.545188332616782, -33.143641552268512 ], [ -63.546124873543235, -33.14827258556695 ], [ -63.550510756221563, -33.16619411621496 ], [ -63.554932726288712, -33.183804555029347 ], [ -63.562461203138604, -33.212788699369831 ], [ -63.559017348355489, -33.213568712377679 ], [ -63.594863066639675, -33.337458379657875 ], [ -63.594903026838267, -33.33785517258449 ], [ -63.596091676544106, -33.338042742296153 ], [ -63.597113281870435, -33.337983328577934 ], [ -63.59766729861439, -33.337797306590566 ], [ -63.598053921611324, -33.338181968307715 ], [ -63.59814183273788, -33.33894470858305 ], [ -63.598437838092067, -33.339899714940287 ], [ -63.599013594986396, -33.340743006461558 ], [ -63.599880017874881, -33.341313682293034 ], [ -63.600998943230934, -33.341660111985149 ], [ -63.602256094856038, -33.34182856710089 ], [ -63.603519763876356, -33.341743139961906 ], [ -63.60443948039358, -33.341471069044331 ], [ -63.60481530318259, -33.340962202715488 ], [ -63.604905099545881, -33.340277895141647 ], [ -63.605261217607854, -33.339661671000499 ], [ -63.60599142685497, -33.339203499440245 ], [ -63.607027686620398, -33.339254059800311 ], [ -63.607668122446547, -33.339588085607225 ], [ -63.607937829681632, -33.340240232392233 ], [ -63.607863107609496, -33.340778246256562 ], [ -63.607388981980407, -33.341121200715648 ], [ -63.606628455349416, -33.341399514985916 ], [ -63.605955964118152, -33.34182337932711 ], [ -63.605582079454813, -33.342443154277184 ], [ -63.604949170749606, -33.342984909874595 ], [ -63.605189474134392, -33.344031686796399 ], [ -63.606756749698782, -33.343925110103484 ], [ -63.608222722137718, -33.343146886006195 ], [ -63.609083787039097, -33.34299332346707 ], [ -63.609851491775615, -33.343567795526184 ], [ -63.610365970435161, -33.344171718276868 ], [ -63.611574330804416, -33.344672873323923 ], [ -63.612796509050995, -33.344610680069465 ], [ -63.612798308485146, -33.345308160421624 ], [ -63.61282307469201, -33.360538057741465 ], [ -63.612629007360084, -33.378793550619164 ], [ -63.613621773609339, -33.378598408221428 ], [ -63.613799168655028, -33.40534959701111 ], [ -63.614171132744943, -33.455031889911361 ], [ -63.614152702932159, -33.551932374871463 ], [ -63.614495308269539, -33.574025661211792 ], [ -63.630183782678536, -33.574420365716314 ], [ -63.62919906638092, -33.64363414540675 ], [ -63.6415041935213, -33.643750205024681 ], [ -63.641725635519443, -33.664414230280769 ], [ -63.641496584132618, -33.690837626539945 ], [ -63.645346656119706, -33.695702988725657 ], [ -63.641520631810309, -33.698422886599388 ], [ -63.641257085989686, -33.744755160537714 ], [ -63.640270034982002, -33.831473624065232 ], [ -63.647899518774636, -33.831534427239099 ], [ -63.65533487603102, -33.831612936295954 ], [ -63.668910194932899, -33.831540041619974 ], [ -63.696965706320476, -33.831948921528166 ], [ -63.715818552242901, -33.832021364208458 ], [ -63.725348649974791, -33.832080348691427 ], [ -63.738076929485167, -33.8321330792783 ], [ -63.752637533272434, -33.832210971908211 ], [ -63.767263246932586, -33.832448523899338 ], [ -63.781389688466405, -33.832591556356654 ], [ -63.795269363306566, -33.832826725278188 ], [ -63.809488708743828, -33.832734195149413 ], [ -63.811967548545013, -33.832685102481413 ], [ -63.837987814417595, -33.832932206497361 ], [ -63.860235038180811, -33.833044519799927 ], [ -63.891285496922805, -33.83312046723519 ], [ -63.922078059593368, -33.833188241558865 ], [ -63.924137382057339, -33.832834825663404 ], [ -63.949996091568273, -33.832882853503691 ], [ -63.978379642637847, -33.833039012758952 ], [ -64.00457884045143, -33.832899370230678 ], [ -64.03482592352637, -33.832831319229783 ], [ -64.035988786985641, -33.83282155398102 ], [ -64.036668504557483, -33.811618290637213 ], [ -64.037246257957264, -33.769944919134836 ], [ -64.037811970439009, -33.714925881089016 ], [ -64.038575481614288, -33.676356606891069 ], [ -64.038775975703729, -33.664772437644103 ], [ -64.039215881069197, -33.643723538974939 ], [ -64.03921318552257, -33.643104435732724 ], [ -64.035856107654396, -33.643132608130273 ], [ -64.033619492724767, -33.643075649927454 ], [ -64.021179960109976, -33.642960901994478 ], [ -64.004657627739491, -33.643291334686708 ], [ -63.974683671382394, -33.64326675147246 ], [ -63.960803696729229, -33.643183455208643 ], [ -63.949181665163458, -33.643137776987743 ], [ -63.92976485923564, -33.643124758209247 ], [ -63.902390962659162, -33.643207361904892 ], [ -63.885379508021522, -33.643288665068269 ], [ -63.885405223042817, -33.633667066595038 ], [ -63.885738335012938, -33.618641604730712 ], [ -63.88613644448106, -33.606644454817101 ], [ -63.886778432685254, -33.582891039911587 ], [ -63.887065220919212, -33.575859003487246 ], [ -63.887398923113757, -33.574600247783671 ], [ -63.887627575004643, -33.567800769725096 ], [ -63.887785933963244, -33.552538987210035 ], [ -63.887765534065991, -33.525204325730101 ], [ -63.887938180296636, -33.50083544255267 ], [ -63.888059575034113, -33.489040987615404 ], [ -63.888251082891692, -33.470341110082678 ], [ -63.888558264323422, -33.449251100019943 ], [ -63.888587606956925, -33.395300496466184 ], [ -63.889000973737083, -33.372154995871568 ], [ -63.889192236802302, -33.337862930934058 ], [ -63.889358129640392, -33.31553723264895 ], [ -63.889976283790084, -33.278715068331287 ], [ -63.890020082592642, -33.236835718832211 ], [ -63.890126186463959, -33.222047756599743 ], [ -63.890450185947891, -33.213141508541192 ], [ -63.890438064985908, -33.207354209357305 ], [ -63.891940696512208, -33.207014611722883 ], [ -63.892954526116768, -33.205986881931203 ], [ -63.892849178866932, -33.203875221961283 ], [ -63.891928738527241, -33.201821637892806 ], [ -63.891051242463931, -33.201148524181221 ], [ -63.890173700802698, -33.200264834208724 ], [ -63.890153243494225, -33.199487831580626 ], [ -63.891424080971341, -33.198198995973627 ], [ -63.892582232471092, -33.19821185518915 ], [ -63.894210712789175, -33.199101914601918 ], [ -63.896224655554214, -33.20022662435607 ], [ -63.897594029236011, -33.201020600412669 ], [ -63.898218694088527, -33.200935187205566 ], [ -63.899993554847924, -33.20039647381239 ], [ -63.901606372125698, -33.198951008503656 ], [ -63.901541705462478, -33.197362606831661 ], [ -63.901184328289609, -33.195427245201657 ], [ -63.901876792206103, -33.193573365519967 ], [ -63.903762777922516, -33.192827621239744 ], [ -63.904888747162161, -33.193305885353141 ], [ -63.906021289024494, -33.194307790133102 ], [ -63.906347246577596, -33.195779160865854 ], [ -63.906689100788881, -33.197233330629402 ], [ -63.907372656557889, -33.198297510362359 ], [ -63.908101930825936, -33.199140065183173 ], [ -63.908634103271069, -33.200495500814128 ], [ -63.908289881315248, -33.201658981461584 ], [ -63.906752069500207, -33.202531882540391 ], [ -63.906036649030398, -33.203723991598082 ], [ -63.906053669686891, -33.20465168136667 ], [ -63.906415645073835, -33.205206886155274 ], [ -63.907409704314318, -33.205641976420296 ], [ -63.910350147168558, -33.20515095243821 ], [ -63.912121155393095, -33.204158370339265 ], [ -63.913344711754917, -33.202564578717215 ], [ -63.914098582360864, -33.201021827134909 ], [ -63.915767427979162, -33.199553247706937 ], [ -63.917396963781812, -33.198934450380413 ], [ -63.919080505828234, -33.198881575951525 ], [ -63.921080240835636, -33.199667133713795 ], [ -63.921607609743809, -33.200495744805671 ], [ -63.922662377782046, -33.202152959439445 ], [ -63.92322744392132, -33.20431204066815 ], [ -63.923622568464573, -33.20527998076367 ], [ -63.925186186451917, -33.207023292232684 ], [ -63.926918880569289, -33.206954496707446 ], [ -63.927796591503153, -33.206051496400285 ], [ -63.927076307101267, -33.204242974162206 ], [ -63.926336246440094, -33.202509006231345 ], [ -63.926220848176158, -33.200689479636644 ], [ -63.92808065412693, -33.199097956665078 ], [ -63.930909060082101, -33.198105960237015 ], [ -63.933554825509916, -33.198045689191147 ], [ -63.935623665876371, -33.198030153410279 ], [ -63.938556803458184, -33.197846256405512 ], [ -63.940333070543197, -33.197468771665193 ], [ -63.940851056702911, -33.196413079636024 ], [ -63.941362538575127, -33.194750639857567 ], [ -63.942066007786565, -33.193046291757412 ], [ -63.942639424309156, -33.192677873371977 ], [ -63.94431066779206, -33.191492068353732 ], [ -63.946569172095565, -33.191232195177591 ], [ -63.948490030446614, -33.190893948609585 ], [ -63.949827513294409, -33.19059692750762 ], [ -63.951386745834505, -33.191071604825794 ], [ -63.952011961298588, -33.192430371982965 ], [ -63.951755677168563, -33.196140839342306 ], [ -63.953283229916124, -33.197996537796506 ], [ -63.953348512874584, -33.199693965976124 ], [ -63.95428001742858, -33.201286544637199 ], [ -63.955486384145466, -33.201600911330551 ], [ -63.95678106788133, -33.201186435615334 ], [ -63.957395982964634, -33.200210837641499 ], [ -63.95844213771953, -33.199070104780148 ], [ -63.96016492615442, -33.198207314973843 ], [ -63.961504112230436, -33.197468824327217 ], [ -63.962333805837666, -33.196527192001042 ], [ -63.962377246330171, -33.195402144728504 ], [ -63.962239289363595, -33.194292966802578 ], [ -63.96191104974077, -33.193044272450081 ], [ -63.961610467727873, -33.191655596734378 ], [ -63.962347444836219, -33.190989844009238 ], [ -63.964061156097166, -33.190884297380315 ], [ -63.965711680647978, -33.191530127863501 ], [ -63.965628719301748, -33.19306798114345 ], [ -63.964778296973613, -33.194430634331596 ], [ -63.963780749417445, -33.196035364700066 ], [ -63.964045029422579, -33.197372905161494 ], [ -63.965887619156177, -33.197920315883486 ], [ -63.967897364563683, -33.196933833959541 ], [ -63.968728192354348, -33.195632878829677 ], [ -63.968932164846969, -33.194417705488704 ], [ -63.968842307279424, -33.193557872269395 ], [ -63.968803632564416, -33.192477422999787 ], [ -63.96937704399307, -33.191461182322996 ], [ -63.9707222962179, -33.191288886478503 ], [ -63.971478250334471, -33.191405871543793 ], [ -63.972401177290891, -33.192224052042022 ], [ -63.972440787393978, -33.194026265894578 ], [ -63.971112226251883, -33.195290677182911 ], [ -63.970637635387149, -33.196346153128154 ], [ -63.970937045151061, -33.197152994382321 ], [ -63.97213218878143, -33.197374399822564 ], [ -63.972638423213475, -33.197155215945337 ], [ -63.974101880635907, -33.195995464987163 ], [ -63.974899052631763, -33.194816091396213 ], [ -63.975471442151573, -33.194366625509346 ], [ -63.976523576227258, -33.193792035433852 ], [ -63.978349493559747, -33.193575431970046 ], [ -63.979587555573424, -33.193214127195844 ], [ -63.980896620988219, -33.193669704240463 ], [ -63.981937672177821, -33.194161607792552 ], [ -63.982635631263911, -33.195056507962605 ], [ -63.983814366885298, -33.196081657999407 ], [ -63.985556315692115, -33.196957059039896 ], [ -63.987531600819217, -33.197184117799111 ], [ -63.988903155476599, -33.196815280628947 ], [ -63.989593882182291, -33.195980527050615 ], [ -63.990087931543641, -33.195316625713311 ], [ -63.990408661375582, -33.194185056184338 ], [ -63.991072990649648, -33.193718505998795 ], [ -63.991908413476857, -33.193958345305127 ], [ -63.992439609402432, -33.194466899713447 ], [ -63.992902404744882, -33.195576384165236 ], [ -63.994403742004309, -33.196441702901566 ], [ -63.995783822409209, -33.196297893682249 ], [ -63.996470745687738, -33.195382292290809 ], [ -63.996206717164164, -33.194480552153273 ], [ -63.994571311357333, -33.192597354587924 ], [ -63.994348645527815, -33.191179919214242 ], [ -63.994689244946414, -33.189319739257556 ], [ -63.995883875497519, -33.188360192495189 ], [ -63.99754445688184, -33.187493072155682 ], [ -63.998450793502776, -33.187015717526528 ], [ -63.99976841276407, -33.185840562596645 ], [ -64.000862407087169, -33.184739546666528 ], [ -64.001961899765092, -33.184123910092659 ], [ -64.003498460252246, -33.183868816070088 ], [ -64.004754239052801, -33.184303666496461 ], [ -64.005102515590664, -33.185312173320504 ], [ -64.005697335149705, -33.186844572656256 ], [ -64.006914317628713, -33.188088768182382 ], [ -64.007164106870789, -33.188895801378898 ], [ -64.007746943817978, -33.189376516338427 ], [ -64.008703979079939, -33.188923784595985 ], [ -64.009415369331705, -33.188028058241265 ], [ -64.009980107608342, -33.1869312543663 ], [ -64.011317762560125, -33.1861113395966 ], [ -64.012982812670458, -33.184479692776826 ], [ -64.014317139137489, -33.183376604348972 ], [ -64.016569589319246, -33.182630081759456 ], [ -64.018152307903918, -33.182212619777872 ], [ -64.018965839681243, -33.181841889050574 ], [ -64.020544780296319, -33.181100806329653 ], [ -64.021446046619957, -33.180001191948627 ], [ -64.022836758604214, -33.17962569897287 ], [ -64.024234047085642, -33.179816473911067 ], [ -64.025064015803466, -33.180861411821773 ], [ -64.024932426573088, -33.181954717126125 ], [ -64.024222656135521, -33.182971875393342 ], [ -64.023124749261228, -33.183709051830476 ], [ -64.022320145521903, -33.184848336738476 ], [ -64.022436089744957, -33.186546395569728 ], [ -64.023571203161652, -33.189004676830102 ], [ -64.025618069852527, -33.191253173469526 ], [ -64.026834919348929, -33.192456718049826 ], [ -64.028283837124192, -33.192930186812511 ], [ -64.029436072689549, -33.192718399152177 ], [ -64.030244914669296, -33.191943107876789 ], [ -64.029897270430993, -33.191015575847928 ], [ -64.029733067735151, -33.189317926065918 ], [ -64.030437612845702, -33.187855802282414 ], [ -64.03143929707943, -33.187119359280537 ], [ -64.033267293891569, -33.187104198353154 ], [ -64.034912382305251, -33.187899582875474 ], [ -64.036274580082491, -33.189182731380342 ], [ -64.037018101317926, -33.191037355948829 ], [ -64.037905502475894, -33.192850322922276 ], [ -64.038115593832003, -33.194345313848544 ], [ -64.037305847298768, -33.195039757990891 ], [ -64.036591831047303, -33.195692947131668 ], [ -64.036750460779174, -33.196905200987402 ], [ -64.03829906597241, -33.1976608883285 ], [ -64.040176345193018, -33.197726117268218 ], [ -64.042185979014221, -33.196778897788185 ], [ -64.043327674220805, -33.195677115279629 ], [ -64.043846322435954, -33.19478281190306 ], [ -64.044264422097996, -33.193525277687456 ], [ -64.045456560600428, -33.192625315041184 ], [ -64.046920909780766, -33.192426842309679 ], [ -64.047597782277819, -33.192571588086764 ], [ -64.047936933106968, -33.192644112211205 ], [ -64.048021238652993, -33.182452417436224 ], [ -64.048041706484966, -33.172241515043929 ], [ -64.048196455255336, -33.160400265229221 ], [ -64.048329249548246, -33.127461388395531 ], [ -64.048830455727128, -33.109682199024114 ], [ -64.043598227922857, -33.109840914468073 ], [ -64.001216447672704, -33.111057639081089 ], [ -63.992059392578369, -33.111328973513935 ], [ -63.983583714573172, -33.078465606704519 ], [ -63.976576432779503, -33.054284858703809 ], [ -63.976509826348845, -33.05429449974919 ], [ -63.975198241649849, -33.05442985185482 ], [ -63.973795137639414, -33.055820368077903 ], [ -63.973727650228255, -33.05606706593256 ], [ -63.973263331786157, -33.05613557386922 ], [ -63.972436844416279, -33.056532216116985 ], [ -63.9719930493576, -33.056858596012447 ], [ -63.971547477535708, -33.057023527922603 ], [ -63.971199241469591, -33.057322250571978 ], [ -63.970813736771341, -33.057450157006599 ], [ -63.970136352605202, -33.057518238357041 ], [ -63.969677975725318, -33.057594910317498 ], [ -63.968823224241213, -33.05756569420825 ], [ -63.968235773464812, -33.057665089721489 ], [ -63.967664216637772, -33.057619135478468 ], [ -63.966728382868958, -33.057876309286932 ], [ -63.966256338886097, -33.058323965918525 ] ] ] ] } },
{ "type": "Feature", "properties": { "id": 40, "nomenclatu": "1903", "nombre": "SALADILLO" }, "geometry": { "type": "MultiPolygon", "coordinates": [ [ [ [ -62.169198170578184, -32.926791347165505 ], [ -62.166100027101962, -32.927375339825424 ], [ -62.166004752693787, -32.927022529320141 ], [ -62.164944529897475, -32.926996415937957 ], [ -62.164509372008979, -32.926949274201206 ], [ -62.164469164840149, -32.927099072802491 ], [ -62.164389277275085, -32.92818367259899 ], [ -62.164531703206698, -32.92913268726172 ], [ -62.164954162077308, -32.929881613893315 ], [ -62.16602708620718, -32.930658692177694 ], [ -62.166297331914052, -32.931819751711082 ], [ -62.165870679745886, -32.932559814842158 ], [ -62.165119025068812, -32.932758130062858 ], [ -62.16323740966898, -32.93325733980484 ], [ -62.162045240350402, -32.933573056262979 ], [ -62.162886493597085, -32.936701682412469 ], [ -62.16302996039601, -32.937208179618906 ], [ -62.162890819361259, -32.937246929400821 ], [ -62.162687940991582, -32.937292854625191 ], [ -62.16212482818041, -32.937518217459974 ], [ -62.161770101028182, -32.937734941580942 ], [ -62.161466499639779, -32.937981698037341 ], [ -62.161286091036366, -32.938243163627448 ], [ -62.161150606144624, -32.938542730633479 ], [ -62.16094847025235, -32.938904529373524 ], [ -62.160676247157369, -32.939607569864421 ], [ -62.160340590878469, -32.940031837265053 ], [ -62.160186486591599, -32.940215128594957 ], [ -62.159883173491266, -32.940542706385052 ], [ -62.159441121196366, -32.940864951598236 ], [ -62.158817211850163, -32.941149682956109 ], [ -62.158426714284062, -32.941343751292266 ], [ -62.157666203642925, -32.941649961814562 ], [ -62.156926906159555, -32.942078233176865 ], [ -62.156217998397274, -32.942559625383971 ], [ -62.155952826325063, -32.942767727772306 ], [ -62.155417741594626, -32.943121769216596 ], [ -62.154798557230514, -32.943466854696702 ], [ -62.153936989039067, -32.943695796191804 ], [ -62.153342600939268, -32.943786063778234 ], [ -62.152816695505308, -32.943846277950009 ], [ -62.152349628694189, -32.943882147248594 ], [ -62.151951730660755, -32.943955734513196 ], [ -62.151195414072603, -32.944152932017019 ], [ -62.150860515375442, -32.944268455059927 ], [ -62.150512034860661, -32.944355569195331 ], [ -62.149709636535093, -32.944635054539376 ], [ -62.149324409304057, -32.944748031625188 ], [ -62.148731557172262, -32.944871414162932 ], [ -62.14829852392149, -32.94494117649603 ], [ -62.148060674860275, -32.944992062553979 ], [ -62.147933882755446, -32.945018413939565 ], [ -62.147353530065743, -32.945088130396911 ], [ -62.146860718377681, -32.945168613577451 ], [ -62.146112431953789, -32.945276489430945 ], [ -62.145595310651771, -32.945391440000122 ], [ -62.144883148856302, -32.945537630393439 ], [ -62.144503536374948, -32.945647469474416 ], [ -62.144130875613826, -32.945782234280372 ], [ -62.143764978144951, -32.94596144211863 ], [ -62.143390553545501, -32.946168356211643 ], [ -62.143082521903466, -32.946396617629688 ], [ -62.142862706119814, -32.946620947503014 ], [ -62.142500772943592, -32.94694079468001 ], [ -62.142239266008872, -32.94712332600993 ], [ -62.14210929737952, -32.947174666332209 ], [ -62.141935047517237, -32.947287144544198 ], [ -62.141443242872533, -32.947509740972521 ], [ -62.141099616793973, -32.947643596463166 ], [ -62.140889719495775, -32.947695485620613 ], [ -62.140653799626243, -32.947738535805307 ], [ -62.140063101071171, -32.947746292485583 ], [ -62.139421171803541, -32.947679880478212 ], [ -62.139160582500409, -32.947656917246164 ], [ -62.138475119536302, -32.947656865805897 ], [ -62.138052216971658, -32.947668793940394 ], [ -62.137700452907865, -32.947707327988809 ], [ -62.13711065990136, -32.947841260070987 ], [ -62.136731544393449, -32.947980219063439 ], [ -62.136249367757152, -32.948169872337566 ], [ -62.135863669230353, -32.948355380171819 ], [ -62.135627156813996, -32.9484588966275 ], [ -62.134830820483955, -32.948955367716927 ], [ -62.133959042021282, -32.949428493244461 ], [ -62.133667350232045, -32.94953478485084 ], [ -62.13312118702089, -32.949645908103562 ], [ -62.131933846004813, -32.949640000451325 ], [ -62.131595246891244, -32.949611668446209 ], [ -62.13045342541831, -32.949473557241291 ], [ -62.129677972668233, -32.949520665083561 ], [ -62.12826901777072, -32.949619430671355 ], [ -62.126954079837411, -32.949585094458541 ], [ -62.126207565694287, -32.949506749838072 ], [ -62.125786440467962, -32.949418307226516 ], [ -62.124707686750966, -32.949450890599032 ], [ -62.123606074269517, -32.949613060996747 ], [ -62.122644263875294, -32.949862249775492 ], [ -62.121589016816628, -32.950238056636415 ], [ -62.120332159091348, -32.950687072588678 ], [ -62.119542437231566, -32.950828310339588 ], [ -62.118282722045663, -32.950624103791121 ], [ -62.117368343199082, -32.950440881160503 ], [ -62.116469383490291, -32.950422018454745 ], [ -62.114695976538876, -32.950624716903114 ], [ -62.111874052067279, -32.951323571707299 ], [ -62.111041450796428, -32.951621285561394 ], [ -62.109463973220933, -32.952446869730245 ], [ -62.108451424032665, -32.952939842164469 ], [ -62.107795545922045, -32.952961275882316 ], [ -62.106090760488129, -32.952639267945266 ], [ -62.105399102111129, -32.952668817744396 ], [ -62.104881182429153, -32.952959396344291 ], [ -62.104320725419043, -32.953953843342248 ], [ -62.104065442730601, -32.954988413857187 ], [ -62.103573385489589, -32.95548645241589 ], [ -62.102841590640118, -32.955794455854331 ], [ -62.101707281851567, -32.955674416926797 ], [ -62.100841618735146, -32.955546267578413 ], [ -62.098995261243218, -32.956124426993121 ], [ -62.097933276727503, -32.956281019715206 ], [ -62.096231245923398, -32.955712030344685 ], [ -62.095250644588518, -32.955386039743686 ], [ -62.094519149925098, -32.955400670421341 ], [ -62.093933331052824, -32.955577861430569 ], [ -62.093357198233242, -32.956397852660672 ], [ -62.092930811368014, -32.95854576694466 ], [ -62.09227893017971, -32.95911008885998 ], [ -62.091452495275739, -32.959156312856251 ], [ -62.091169801120451, -32.959006073341975 ], [ -62.111060040444301, -33.034512309751435 ], [ -62.115689965073756, -33.033410614003955 ], [ -62.124664912514135, -33.031670929124573 ], [ -62.148675202814765, -33.026670968305012 ], [ -62.1792194462532, -33.019793575398921 ], [ -62.192020445077048, -33.016899917608264 ], [ -62.220403867062579, -33.010793607251436 ], [ -62.261523645355545, -33.002195242752734 ], [ -62.270610302111656, -33.000390857002678 ], [ -62.283225050464587, -32.998133810712559 ], [ -62.305790501458091, -33.087686541061402 ], [ -62.277511691773412, -33.092781844216468 ], [ -62.296485199693684, -33.165350422516759 ], [ -62.413648227543135, -33.144098274228938 ], [ -62.414163065720068, -33.14593000266094 ], [ -62.520811677533914, -33.12752608772378 ], [ -62.537411448690769, -33.12453400606271 ], [ -62.549880738259816, -33.122396287391112 ], [ -62.563615597489395, -33.119769487376793 ], [ -62.604480322010353, -33.111932047203837 ], [ -62.625233728076424, -33.107961880045167 ], [ -62.623920514268306, -33.10727575247062 ], [ -62.623419350867323, -33.106995740978704 ], [ -62.621065218124002, -33.106040823185694 ], [ -62.620721095166189, -33.105867065473511 ], [ -62.620284759888371, -33.10566155121311 ], [ -62.61983108470497, -33.105461672152259 ], [ -62.619539859779479, -33.105341875416677 ], [ -62.619316261838534, -33.105249049702046 ], [ -62.61917714104375, -33.105190043119613 ], [ -62.619004364792467, -33.105115815053942 ], [ -62.618747343028225, -33.105043812453566 ], [ -62.618079190806981, -33.104783702066804 ], [ -62.617349402333282, -33.104554800628449 ], [ -62.616969203421917, -33.104445455126516 ], [ -62.616140495340289, -33.104125612802278 ], [ -62.615715693663326, -33.103880861897792 ], [ -62.615265405665326, -33.103621711564308 ], [ -62.614989673724104, -33.103492323233411 ], [ -62.614127241091332, -33.103271964477244 ], [ -62.612701797333884, -33.102802927609083 ], [ -62.611719123806971, -33.102082059797183 ], [ -62.610603514786661, -33.101174516735497 ], [ -62.608732010049827, -33.099648089492632 ], [ -62.606944045626086, -33.098759725697597 ], [ -62.606279946841603, -33.098365770685731 ], [ -62.605901572240768, -33.097892759584461 ], [ -62.60551960900807, -33.097401439006525 ], [ -62.605230051837893, -33.097043624543517 ], [ -62.604877677663097, -33.096705101135321 ], [ -62.604407065170747, -33.096365827050597 ], [ -62.604151325113335, -33.096232201549178 ], [ -62.603651238318193, -33.095926770892667 ], [ -62.603092359597696, -33.095678876722921 ], [ -62.602618035198326, -33.095431030194227 ], [ -62.602075728934253, -33.095013054900186 ], [ -62.601701080025904, -33.094474710134584 ], [ -62.601159739000927, -33.093875041733632 ], [ -62.600557126139918, -33.093549078257524 ], [ -62.599867328902214, -33.093411874267716 ], [ -62.59920307043182, -33.093080293938947 ], [ -62.598663809723391, -33.092666567237323 ], [ -62.59837135605197, -33.092450345089517 ], [ -62.597966196320129, -33.09218023045068 ], [ -62.597430356956949, -33.091930199643457 ], [ -62.596897630705932, -33.091605411369464 ], [ -62.596031427367343, -33.091146333100099 ], [ -62.595399527506459, -33.090966959878301 ], [ -62.594975485240752, -33.090740418651578 ], [ -62.59462076732612, -33.090418286559775 ], [ -62.59439938071732, -33.090084047131306 ], [ -62.59392148261292, -33.089725029357908 ], [ -62.593515530129643, -33.089495569158892 ], [ -62.592533093196721, -33.089365235316087 ], [ -62.591986947244195, -33.089014882739505 ], [ -62.591761506513755, -33.088813322235893 ], [ -62.591589970985481, -33.088629153143138 ], [ -62.591261193634217, -33.088351144073059 ], [ -62.590894281494954, -33.088046327010453 ], [ -62.590609022214636, -33.087900023376427 ], [ -62.590209077017981, -33.087708661799269 ], [ -62.588111961233977, -33.086494333217431 ], [ -62.586681702725215, -33.085607110385276 ], [ -62.585128754028268, -33.084778295240731 ], [ -62.583873752088891, -33.083832790231156 ], [ -62.582462322827446, -33.082680834415356 ], [ -62.581620672695159, -33.082168419028854 ], [ -62.580626370360243, -33.081591459699403 ], [ -62.579824698237438, -33.08097101749054 ], [ -62.578606754416754, -33.079613755293821 ], [ -62.577784868843032, -33.078734108432677 ], [ -62.577140659692738, -33.078114181952841 ], [ -62.576391448883008, -33.077514954364673 ], [ -62.575477145809444, -33.076782567791362 ], [ -62.574838473541178, -33.076185960421256 ], [ -62.574386564522911, -33.075451151562426 ], [ -62.574223263729728, -33.075185438670488 ], [ -62.573711327146491, -33.074325146649024 ], [ -62.572640709136024, -33.072753906088238 ], [ -62.571694904103474, -33.072041082300551 ], [ -62.571300797663028, -33.071750501888765 ], [ -62.570889267344647, -33.071447342986978 ], [ -62.570411066211093, -33.071033702059466 ], [ -62.568864589015945, -33.07012848610718 ], [ -62.568112889066882, -33.069647807692796 ], [ -62.567739096665456, -33.069366828973912 ], [ -62.567270481758385, -33.069074231318993 ], [ -62.566651610122285, -33.068202381719686 ], [ -62.566262745104119, -33.067699480432253 ], [ -62.565994457362656, -33.067251033534198 ], [ -62.56569477880906, -33.066789384622972 ], [ -62.565343911536118, -33.066361129735277 ], [ -62.564838512136909, -33.065887676046529 ], [ -62.563971931344412, -33.06534066954675 ], [ -62.563258406543333, -33.065024890457948 ], [ -62.562818894263124, -33.064918822275168 ], [ -62.562542527502949, -33.064849740283329 ], [ -62.562245872028882, -33.064789100589429 ], [ -62.561753755116698, -33.0646956116762 ], [ -62.561306940900721, -33.064524131587085 ], [ -62.560819311778332, -33.06437770562443 ], [ -62.560189711331233, -33.064197624500061 ], [ -62.559864493949604, -33.06408272128197 ], [ -62.559416356243965, -33.063982160219879 ], [ -62.559068529828892, -33.063746416274192 ], [ -62.558797064673946, -33.063617672672677 ], [ -62.558524143754006, -33.063476692689079 ], [ -62.557852915735133, -33.063196234526082 ], [ -62.557302692834419, -33.063086951586143 ], [ -62.556497866452183, -33.062852483617583 ], [ -62.55567822309456, -33.062576433670337 ], [ -62.555211258846526, -33.062341257043705 ], [ -62.554750902422221, -33.062071045133159 ], [ -62.554534945784091, -33.061890280166672 ], [ -62.554219532837315, -33.061622741013551 ], [ -62.553708960121874, -33.061151175442916 ], [ -62.553146447019863, -33.060646963452193 ], [ -62.55230370375623, -33.060095620742672 ], [ -62.552002881377483, -33.059860848764167 ], [ -62.551738919162126, -33.059504282711387 ], [ -62.551161493692085, -33.059003994055786 ], [ -62.550788248736168, -33.058779465931345 ], [ -62.550392854364745, -33.058504988146346 ], [ -62.55001628663674, -33.058190414267258 ], [ -62.549546273858148, -33.057673747888245 ], [ -62.548918066165804, -33.057082221462167 ], [ -62.548601409469065, -33.056721100876125 ], [ -62.548178407085452, -33.056326251825872 ], [ -62.547994061369536, -33.056169856599006 ], [ -62.54770789753637, -33.055948653838691 ], [ -62.547293639766451, -33.055585443118311 ], [ -62.547071133760106, -33.055353584173012 ], [ -62.546701847617022, -33.054988024522338 ], [ -62.546194431959343, -33.054405250317522 ], [ -62.545783537587361, -33.054014355533404 ], [ -62.545494445392087, -33.053641313966217 ], [ -62.545197421216393, -33.053313239979637 ], [ -62.544995464505106, -33.053091011299713 ], [ -62.544676271525319, -33.052766144977021 ], [ -62.544238752073134, -33.052358832812487 ], [ -62.543790198861565, -33.051948502071497 ], [ -62.54311759997158, -33.051484824232325 ], [ -62.542593708239991, -33.051141863758708 ], [ -62.542133965080083, -33.050726218762811 ], [ -62.541869675734056, -33.050517976523011 ], [ -62.541590904146815, -33.050341220788312 ], [ -62.541112445922685, -33.050027159193917 ], [ -62.540917396140159, -33.049792898142634 ], [ -62.54059371200352, -33.049441392504107 ], [ -62.540346011240011, -33.049206936646755 ], [ -62.539761322495906, -33.048780325918202 ], [ -62.539459736111532, -33.0486282419687 ], [ -62.539274859686635, -33.048525424964851 ], [ -62.538945235015099, -33.04826611981165 ], [ -62.538627961605258, -33.047841671112046 ], [ -62.538152040522426, -33.047208356738452 ], [ -62.537287753765789, -33.046607463979988 ], [ -62.536784540308901, -33.046337039768723 ], [ -62.536566214010698, -33.046217820522607 ], [ -62.536397516440488, -33.046090252033572 ], [ -62.535471213529767, -33.045446957657745 ], [ -62.534939437197984, -33.045131732138927 ], [ -62.534548909628754, -33.044920626122774 ], [ -62.534145208727736, -33.044753032344552 ], [ -62.533630411230142, -33.044612183146782 ], [ -62.533414792209513, -33.044539631454811 ], [ -62.531895647179397, -33.043788039739297 ], [ -62.531372454712205, -33.043656185712194 ], [ -62.531030594028898, -33.043550867541981 ], [ -62.53060277390562, -33.043449446381253 ], [ -62.522760857330617, -33.013500942950117 ], [ -62.516103786307852, -32.985453946901721 ], [ -62.513639250818549, -32.975767444904015 ], [ -62.508950555544736, -32.958445976253643 ], [ -62.507803053928207, -32.952753798430805 ], [ -62.534033266565594, -32.947924492586914 ], [ -62.542887630615468, -32.946712463083081 ], [ -62.540866167549005, -32.93939116957425 ], [ -62.532615092048168, -32.90582730227171 ], [ -62.532319889069662, -32.90470679666214 ], [ -62.532121105917568, -32.904371854776961 ], [ -62.527679082468104, -32.885044860414347 ], [ -62.521016251108762, -32.85917461291988 ], [ -62.515901783863697, -32.837040026102088 ], [ -62.513568459101315, -32.837410563487964 ], [ -62.470728629634699, -32.845067753104026 ], [ -62.463416646244113, -32.846421390396721 ], [ -62.451133733235459, -32.848265589674483 ], [ -62.454148643297451, -32.840409818043639 ], [ -62.464179141541329, -32.815918664001579 ], [ -62.46883718166827, -32.805629621162907 ], [ -62.480185952201509, -32.77984401184775 ], [ -62.48347752621126, -32.772673255670952 ], [ -62.487389020259243, -32.764303218420949 ], [ -62.492634222384538, -32.789193686021498 ], [ -62.503805235239483, -32.782159758841502 ], [ -62.483258917955666, -32.698027075472126 ], [ -62.483035774265261, -32.697878804228701 ], [ -62.479500535106951, -32.697315806678191 ], [ -62.478403248431945, -32.697311248584036 ], [ -62.47742153652586, -32.69755155311038 ], [ -62.476876934454197, -32.697549283014951 ], [ -62.475340316713492, -32.697055479280976 ], [ -62.474283302509292, -32.697051053605826 ], [ -62.471520719363014, -32.697394084005076 ], [ -62.47039462525116, -32.697098537022015 ], [ -62.469397258822028, -32.696583587511029 ], [ -62.467255526977304, -32.69622691591772 ], [ -62.466068326611818, -32.696221868084052 ], [ -62.465250630346169, -32.695576430424595 ], [ -62.463765142442575, -32.69462842225667 ], [ -62.463768113052978, -32.694131559913522 ], [ -62.462878967656017, -32.69343139104852 ], [ -62.461358160255884, -32.692578642538571 ], [ -62.46082514994584, -32.692596834817543 ], [ -62.459297569724228, -32.692829171858158 ], [ -62.457076133381086, -32.69301065168343 ], [ -62.454758523976466, -32.693191674118168 ], [ -62.452874207030689, -32.693674765098606 ], [ -62.451693559681516, -32.693990312886513 ], [ -62.449553411084274, -32.694035512997019 ], [ -62.448056298806144, -32.69457494030955 ], [ -62.446698377749051, -32.695070837803229 ], [ -62.445225576093051, -32.695582845526197 ], [ -62.443708059433881, -32.696790890637068 ], [ -62.442201964214782, -32.697480180227146 ], [ -62.440303155095499, -32.698302139096398 ], [ -62.43951430947579, -32.699206150722709 ], [ -62.439321654543988, -32.700317644199984 ], [ -62.438926687803558, -32.701364174336931 ], [ -62.437520796665702, -32.702790933493922 ], [ -62.434942796384959, -32.704362648441041 ], [ -62.433885353435947, -32.705078737494091 ], [ -62.434001375181339, -32.70568135043618 ], [ -62.434321567069134, -32.70618137442704 ], [ -62.434705027784943, -32.706887327853458 ], [ -62.434830013664119, -32.707586479528267 ], [ -62.434749157588882, -32.708821772324555 ], [ -62.434965027513805, -32.709477070116286 ], [ -62.435616456536565, -32.710501767611639 ], [ -62.435699886419968, -32.711557173135667 ], [ -62.435668333692007, -32.711968595930855 ], [ -62.434974443135026, -32.713167861710076 ], [ -62.434232055362138, -32.714091153488376 ], [ -62.433133548505133, -32.715776851105353 ], [ -62.432676328406032, -32.716980334371996 ], [ -62.432605526149345, -32.717502785949748 ], [ -62.432755973426559, -32.718586950155895 ], [ -62.432174997967543, -32.720446119236776 ], [ -62.431878339660905, -32.721970201732972 ], [ -62.432038147684324, -32.723547625324876 ], [ -62.432772854872773, -32.724776982814859 ], [ -62.433598187245046, -32.726134998177479 ], [ -62.433908915176382, -32.727680934016036 ], [ -62.433942257579155, -32.72858668957759 ], [ -62.43381768973228, -32.729584106952167 ], [ -62.433099148968886, -32.732006527513569 ], [ -62.432697926943845, -32.733083107456821 ], [ -62.432737207237693, -32.734014732352463 ], [ -62.432950778845104, -32.734913879655792 ], [ -62.432760985684283, -32.735715390460818 ], [ -62.431908683552479, -32.737046980197363 ], [ -62.431536608888635, -32.738047945539286 ], [ -62.431365295705923, -32.739200891794418 ], [ -62.431008856717987, -32.740415817741265 ], [ -62.430478713669011, -32.741525481762139 ], [ -62.429886846069188, -32.742391828895954 ], [ -62.428959792196899, -32.743091004190433 ], [ -62.427229616303734, -32.743558317399113 ], [ -62.426541569031649, -32.744162067834878 ], [ -62.426159702042284, -32.744934920632495 ], [ -62.426081335832727, -32.74575672420238 ], [ -62.426205481683027, -32.746584128606372 ], [ -62.426430012485433, -32.747260508752838 ], [ -62.426678271138258, -32.748050953244366 ], [ -62.426940679163494, -32.748500417911501 ], [ -62.427108535708726, -32.748688546413938 ], [ -62.427260489258039, -32.748911105053764 ], [ -62.427290531150689, -32.7490766094758 ], [ -62.427230304149511, -32.749515663715613 ], [ -62.426617296997939, -32.749934045102442 ], [ -62.425158586091612, -32.750286964199539 ], [ -62.424531134913991, -32.751171678305631 ], [ -62.423758243580714, -32.752389616069344 ], [ -62.423075972536267, -32.753402597445231 ], [ -62.422740887180453, -32.75437139967336 ], [ -62.422694083010278, -32.755321734631991 ], [ -62.422408875714275, -32.756015978656521 ], [ -62.422087688702142, -32.756476645399843 ], [ -62.421418560841758, -32.757957048331228 ], [ -62.420908411564589, -32.758612585143233 ], [ -62.419927801899476, -32.759744310565338 ], [ -62.419673888053246, -32.760362950958772 ], [ -62.41934664985763, -32.761505530867034 ], [ -62.419103944623814, -32.76203432171318 ], [ -62.418087690069953, -32.76291444866267 ], [ -62.417570751051365, -32.763665475495131 ], [ -62.417300917076403, -32.764274964029404 ], [ -62.417449703599544, -32.76510647530128 ], [ -62.417380616323669, -32.765957730135746 ], [ -62.417126842200915, -32.766549422661114 ], [ -62.416788865991464, -32.767006010126835 ], [ -62.416180084412886, -32.767402776351879 ], [ -62.415833606699671, -32.767531475187162 ], [ -62.414965909620499, -32.767635196672387 ], [ -62.414162742958304, -32.767953379283895 ], [ -62.413931653500129, -32.768325094799081 ], [ -62.414022893895797, -32.769008156512186 ], [ -62.414479218359773, -32.769971284756274 ], [ -62.415123182612604, -32.771719781192154 ], [ -62.415339751043263, -32.772796979413762 ], [ -62.415153663561632, -32.773604522790436 ], [ -62.414589423543156, -32.774459648016467 ], [ -62.413295201570833, -32.77609694685556 ], [ -62.413093606573028, -32.776832521566497 ], [ -62.413061179457458, -32.777721608309292 ], [ -62.412913329125161, -32.779747235493701 ], [ -62.412699056361078, -32.780467903814419 ], [ -62.412386853040715, -32.781361038811347 ], [ -62.411501147030741, -32.782846275323998 ], [ -62.410765010273224, -32.783744148988866 ], [ -62.410293646563055, -32.784693575749628 ], [ -62.41007746450245, -32.785094082374144 ], [ -62.409091221550483, -32.785966711760544 ], [ -62.408519844331884, -32.786553448968455 ], [ -62.407394044474131, -32.787613040090726 ], [ -62.407141694998145, -32.788251040684536 ], [ -62.406423753529957, -32.789719300122201 ], [ -62.406297641319846, -32.790368206503629 ], [ -62.406507218611893, -32.791607312513314 ], [ -62.406570056758419, -32.79263719423745 ], [ -62.406119981950418, -32.793650761086724 ], [ -62.406074235652397, -32.794211247983576 ], [ -62.406361097438619, -32.7947070555783 ], [ -62.407222145466186, -32.795365998624234 ], [ -62.407746392933461, -32.795880796338025 ], [ -62.407892106200642, -32.79620671823649 ], [ -62.407864782597485, -32.796557252228162 ], [ -62.407554564204482, -32.797175047123694 ], [ -62.406984146324973, -32.798045499825911 ], [ -62.406816116503464, -32.798717300770839 ], [ -62.406997212403546, -32.799362575595545 ], [ -62.407315035433683, -32.799965471998952 ], [ -62.408215891054034, -32.801007700178687 ], [ -62.409105991888062, -32.802271595615196 ], [ -62.409838174690677, -32.803286348580869 ], [ -62.410558909382047, -32.803982821285004 ], [ -62.411473505720991, -32.804566246019512 ], [ -62.413209149438366, -32.805443144476008 ], [ -62.414885127952836, -32.806256783085033 ], [ -62.415463106130922, -32.806828570745914 ], [ -62.41597709476644, -32.807221220649431 ], [ -62.416263955656184, -32.808098046794612 ], [ -62.416483724178697, -32.809636296191165 ], [ -62.416528231978702, -32.810193082623719 ], [ -62.416553826830523, -32.811934555751719 ], [ -62.416631724130696, -32.813366023123471 ], [ -62.416628407823836, -32.814850583983691 ], [ -62.416683750026955, -32.815541032247189 ], [ -62.41667982682474, -32.816141442447844 ], [ -62.416660181582962, -32.817234438511825 ], [ -62.41660125789069, -32.818109513632947 ], [ -62.41641168023947, -32.819640629162151 ], [ -62.416209802503673, -32.820895528256784 ], [ -62.416119966658144, -32.821411411349352 ], [ -62.416107956419062, -32.822230620487687 ], [ -62.416177297630426, -32.822814464060421 ], [ -62.416532074618765, -32.82348390158662 ], [ -62.416836723524568, -32.823926981944666 ], [ -62.416894491445916, -32.82424712175542 ], [ -62.416692654650618, -32.824599592486663 ], [ -62.416171679533825, -32.82493394211803 ], [ -62.415536725220043, -32.825447143392154 ], [ -62.415258132294419, -32.825981250990949 ], [ -62.415253095425982, -32.826749906516326 ], [ -62.415500359541255, -32.827587233395796 ], [ -62.415576027901416, -32.828179903821045 ], [ -62.415550597533425, -32.829015956964021 ], [ -62.415461383330616, -32.829475620431147 ], [ -62.415143072223159, -32.830343845564038 ], [ -62.41488638347942, -32.830943072913783 ], [ -62.413999031477033, -32.832284246314579 ], [ -62.413563401928698, -32.832781599436956 ], [ -62.413231164309622, -32.832971249675381 ], [ -62.412760534916238, -32.833166023126992 ], [ -62.412332143968264, -32.833653371179707 ], [ -62.411152553939182, -32.83447368855996 ], [ -62.410687248021745, -32.834706555623491 ], [ -62.410011373988958, -32.834833821273286 ], [ -62.408788347632544, -32.834895680585625 ], [ -62.407889431184003, -32.835233432259741 ], [ -62.406738958058476, -32.836107317181586 ], [ -62.406085644078594, -32.836640313406271 ], [ -62.404777448261001, -32.837538998889272 ], [ -62.404305822087181, -32.837836830476249 ], [ -62.402756788229148, -32.838337225657718 ], [ -62.401664989845969, -32.838780817933987 ], [ -62.400826685465326, -32.839235923958327 ], [ -62.399959329314648, -32.840092405758405 ], [ -62.399512123375665, -32.840908560300875 ], [ -62.398975352912203, -32.841588747430706 ], [ -62.398091712108553, -32.842092140289424 ], [ -62.39762921740558, -32.842685803927019 ], [ -62.397525368238256, -32.843365868199569 ], [ -62.397492160469675, -32.844027302960349 ], [ -62.397431497389483, -32.844577400377602 ], [ -62.397706563256676, -32.845693249406715 ], [ -62.397751769879299, -32.846801118655279 ], [ -62.398146999276868, -32.848606493358552 ], [ -62.397834793065897, -32.84979621809169 ], [ -62.397300762916927, -32.851045218358301 ], [ -62.396379335324426, -32.851847253138914 ], [ -62.394985692850454, -32.852426788078937 ], [ -62.393002237881724, -32.853561121345336 ], [ -62.391948024838179, -32.854078349407722 ], [ -62.390001833256754, -32.854423247391345 ], [ -62.389102971472909, -32.854830416065916 ], [ -62.388453646937073, -32.85532828428736 ], [ -62.387293555069022, -32.855909698561554 ], [ -62.385703494447064, -32.856202251050981 ], [ -62.384890180833679, -32.856509876005788 ], [ -62.383869482174866, -32.856633103566729 ], [ -62.38285803701465, -32.857110738974676 ], [ -62.381689850074167, -32.857469376454425 ], [ -62.380013955803236, -32.858387009891352 ], [ -62.378979952854777, -32.858658587557606 ], [ -62.377853691224665, -32.858420135911103 ], [ -62.377213629002576, -32.858113028759973 ], [ -62.375716236253247, -32.858274366320721 ], [ -62.374596149770198, -32.858295714447742 ], [ -62.3737777282455, -32.858413134835892 ], [ -62.372457743590729, -32.858966667868472 ], [ -62.370222440809407, -32.859635722130861 ], [ -62.369512820909385, -32.860435322625939 ], [ -62.368196639559322, -32.86194609535022 ], [ -62.366631002743944, -32.864245843575944 ], [ -62.366171492309192, -32.865758590845275 ], [ -62.366094150805658, -32.866603160066923 ], [ -62.366352983504072, -32.867896724205487 ], [ -62.366293639800467, -32.868867846752103 ], [ -62.365594110091344, -32.869917099768557 ], [ -62.365110719895519, -32.87040386390516 ], [ -62.365088255972118, -32.871128158775534 ], [ -62.365521125751918, -32.872129269522944 ], [ -62.365485905903746, -32.873262027573105 ], [ -62.364330672021651, -32.874227996682379 ], [ -62.363021962314527, -32.875769400878738 ], [ -62.361685982837102, -32.877172230490643 ], [ -62.360778995084331, -32.877548909235109 ], [ -62.359770165036409, -32.878167949716939 ], [ -62.358030012588863, -32.87956825717886 ], [ -62.357406488422541, -32.879761758631453 ], [ -62.356557453117212, -32.879885642560076 ], [ -62.354290873450303, -32.880704074300127 ], [ -62.352243631313712, -32.881812676198329 ], [ -62.349448975237841, -32.883443687230866 ], [ -62.348796221592515, -32.883951085987725 ], [ -62.347710711869212, -32.885203999066817 ], [ -62.347229466083967, -32.885700324882144 ], [ -62.345888104385629, -32.886368237230236 ], [ -62.34479369736885, -32.887192619611099 ], [ -62.343156237479896, -32.888691398363328 ], [ -62.342616100349566, -32.889585475823367 ], [ -62.341278164315796, -32.890857209920142 ], [ -62.340247612953455, -32.892069244922915 ], [ -62.340107189308796, -32.892659024577753 ], [ -62.339925885958024, -32.893339723022308 ], [ -62.339680915213663, -32.894275757167961 ], [ -62.339311559060235, -32.894894292405745 ], [ -62.338516766533679, -32.895936696834774 ], [ -62.338397751310005, -32.896437926836327 ], [ -62.338014218197415, -32.897277552988783 ], [ -62.336775388905728, -32.90023197231563 ], [ -62.336106118893575, -32.900714059606045 ], [ -62.335483123063995, -32.901595017351838 ], [ -62.334361806567699, -32.902668097667288 ], [ -62.334036787756546, -32.903330013802893 ], [ -62.333180134909661, -32.904080779067932 ], [ -62.332867509923872, -32.904579458038754 ], [ -62.332330386446536, -32.905364361866006 ], [ -62.33079344360398, -32.90723368102784 ], [ -62.329590648633413, -32.909454740062394 ], [ -62.328780393953096, -32.910678439635227 ], [ -62.32671298500091, -32.911573718017706 ], [ -62.325395651217349, -32.91310971552636 ], [ -62.325039359431081, -32.914439481533179 ], [ -62.324643472262501, -32.915160370161416 ], [ -62.32405393932244, -32.915254228717579 ], [ -62.322764034675721, -32.914049441795292 ], [ -62.316815276567922, -32.908630522379106 ], [ -62.314777927189134, -32.906858952389527 ], [ -62.313751963947759, -32.905299503782899 ], [ -62.311193400066834, -32.903318689567243 ], [ -62.310183859532131, -32.902504872536426 ], [ -62.308478334578986, -32.901755103991086 ], [ -62.305375220054501, -32.900079613338889 ], [ -62.303802720667164, -32.899116498760236 ], [ -62.302025826489519, -32.897398818183753 ], [ -62.296771528734979, -32.895940367911628 ], [ -62.293755836994102, -32.896286259252236 ], [ -62.291660425420417, -32.896383272801664 ], [ -62.287709005657256, -32.89786832229386 ], [ -62.286602855903553, -32.898578444376682 ], [ -62.285631153320857, -32.899785958406483 ], [ -62.284529072222178, -32.901806328690014 ], [ -62.283210969865088, -32.902969640598194 ], [ -62.282636918083838, -32.904384770164754 ], [ -62.282003614126765, -32.905649590488501 ], [ -62.281008443025925, -32.906514525382093 ], [ -62.279603569583337, -32.908480598143633 ], [ -62.278905475570213, -32.909647708344217 ], [ -62.27834605777953, -32.911641182215575 ], [ -62.27806806457852, -32.912983082480153 ], [ -62.277249883513825, -32.914566945512711 ], [ -62.276543127758771, -32.915152135281083 ], [ -62.275812100393104, -32.915282885022044 ], [ -62.273845495157524, -32.915366596368564 ], [ -62.271884030938416, -32.914821991061231 ], [ -62.270415019724219, -32.914307171859662 ], [ -62.267557009800363, -32.914206884553082 ], [ -62.265522856803862, -32.91315261360144 ], [ -62.264441645977463, -32.912670517935005 ], [ -62.262208435613744, -32.912379007260782 ], [ -62.259617383660803, -32.910769325994238 ], [ -62.258462746136701, -32.910477671615304 ], [ -62.257402661392327, -32.910440038752668 ], [ -62.25647952468681, -32.909629466925438 ], [ -62.255388122717555, -32.9088807039846 ], [ -62.253716109527318, -32.908240906639669 ], [ -62.251752692027274, -32.907993844393829 ], [ -62.250855762941974, -32.907716720704315 ], [ -62.247785653419186, -32.905865436698214 ], [ -62.246976360445387, -32.90552599485104 ], [ -62.245578132516577, -32.905177771969868 ], [ -62.24382220086855, -32.904903933933596 ], [ -62.242343367065459, -32.904330445623962 ], [ -62.240346444219604, -32.90381138742994 ], [ -62.238920163126402, -32.903449311752219 ], [ -62.237729660344385, -32.90310515244277 ], [ -62.236891056909556, -32.902837631773885 ], [ -62.235918184715253, -32.902640487601396 ], [ -62.234943459073079, -32.902442637262695 ], [ -62.233757330897816, -32.902212281244267 ], [ -62.232197766694725, -32.901966013047492 ], [ -62.230271185044337, -32.901947294021014 ], [ -62.228938939985809, -32.902080252917415 ], [ -62.227565683568002, -32.902152050919703 ], [ -62.225899278651198, -32.902037964719803 ], [ -62.224305180886567, -32.901663137433133 ], [ -62.222968833071953, -32.901472709325027 ], [ -62.22088557620323, -32.901315965199629 ], [ -62.218739616652101, -32.901235495369505 ], [ -62.216871930083784, -32.901092539847831 ], [ -62.214781324218691, -32.901076953391218 ], [ -62.213197898734862, -32.901249128724494 ], [ -62.211886892947128, -32.901387675138857 ], [ -62.210310763323747, -32.901336630561566 ], [ -62.209127657936826, -32.901254650947038 ], [ -62.207207757478102, -32.901206065773295 ], [ -62.206097988322306, -32.901320947665958 ], [ -62.204905010393112, -32.901539757370131 ], [ -62.204389863324764, -32.901649331936902 ], [ -62.202559866353212, -32.901818840727181 ], [ -62.201628391128835, -32.901855232679907 ], [ -62.20018718656587, -32.901990075539111 ], [ -62.198649417916805, -32.901907239440312 ], [ -62.197776833607783, -32.90182026950275 ], [ -62.197244761381221, -32.901738779222839 ], [ -62.196744497324801, -32.901643882880698 ], [ -62.195963961896069, -32.901625257588897 ], [ -62.194762640721862, -32.901733126877538 ], [ -62.193482392667008, -32.901999787183165 ], [ -62.192881957641916, -32.90214587712299 ], [ -62.191274122392286, -32.90282936575111 ], [ -62.19029998695283, -32.903162989656792 ], [ -62.189515671353547, -32.903324229536793 ], [ -62.1888352282431, -32.903365589467654 ], [ -62.18755008179312, -32.903347760206117 ], [ -62.187028594554043, -32.903390143150673 ], [ -62.18659665499797, -32.903511181580832 ], [ -62.186180527535825, -32.903795619201482 ], [ -62.18548741575448, -32.904347664946158 ], [ -62.184947601190778, -32.904762150577525 ], [ -62.184587013469987, -32.904970519282045 ], [ -62.183969770702006, -32.905203466031843 ], [ -62.182760763416795, -32.905532610704547 ], [ -62.181704480796341, -32.905787142565721 ], [ -62.181113075150577, -32.905988904222049 ], [ -62.180422180345644, -32.906381761842475 ], [ -62.179503968313796, -32.90676418922898 ], [ -62.17887863395012, -32.907149770887266 ], [ -62.178020578383354, -32.908109621874416 ], [ -62.177074043245526, -32.90898874751894 ], [ -62.176188178998515, -32.909525588317571 ], [ -62.175465831024646, -32.909858967162933 ], [ -62.174140266146971, -32.910341483816069 ], [ -62.173256147977725, -32.910543885249574 ], [ -62.172315548837517, -32.91089174691578 ], [ -62.171821128058802, -32.911224963837043 ], [ -62.171153439173743, -32.911862181569312 ], [ -62.170707395541335, -32.912203962035854 ], [ -62.169977755092077, -32.912857669277408 ], [ -62.169366226790686, -32.913523840718312 ], [ -62.168890852559869, -32.914295380572455 ], [ -62.168740738742542, -32.914884753997448 ], [ -62.168627519585037, -32.915373067835347 ], [ -62.168578391879556, -32.916298091650106 ], [ -62.168410342044815, -32.917608711545064 ], [ -62.168249256371638, -32.918117324635773 ], [ -62.16828869980867, -32.918512909014602 ], [ -62.168418020316977, -32.919037337286554 ], [ -62.168588626957671, -32.919504308742376 ], [ -62.168841080578105, -32.920190240924342 ], [ -62.168915575066741, -32.920511832159441 ], [ -62.168914976946191, -32.921031684582211 ], [ -62.168705227375696, -32.922357971401205 ], [ -62.168631002386846, -32.922747988428284 ], [ -62.168659314692775, -32.923081093658936 ], [ -62.168795438220926, -32.923647902747391 ], [ -62.169031832206201, -32.924400668167735 ], [ -62.169168516128217, -32.924993459557129 ], [ -62.16924790821146, -32.925731984951575 ], [ -62.16927022524677, -32.926307933596938 ], [ -62.169219805855938, -32.926658521833531 ], [ -62.169198170578184, -32.926791347165505 ] ] ] ] } },
{ "type": "Feature", "properties": { "id": 41, "nomenclatu": "1904", "nombre": "CRUZ ALTA" }, "geometry": { "type": "MultiPolygon", "coordinates": [ [ [ [ -62.066479922703842, -32.91209899115912 ], [ -62.066699581704704, -32.912987830688799 ], [ -62.067740844458875, -32.912793993962502 ], [ -62.067528257884682, -32.911914661401781 ], [ -62.066479922703842, -32.91209899115912 ] ] ], [ [ [ -61.945871262525536, -32.890415979567855 ], [ -61.959868672296665, -32.887866170326284 ], [ -61.959041331669567, -32.884604124226207 ], [ -61.9450443096001, -32.887153851130755 ], [ -61.945871262525536, -32.890415979567855 ] ] ], [ [ [ -61.825921560826544, -33.042597955995014 ], [ -61.826944181955689, -33.043152638121057 ], [ -61.828214135995843, -33.043920217045745 ], [ -61.829484112269625, -33.044687783438 ], [ -61.830606648673452, -33.045478739038245 ], [ -61.831729205245281, -33.046269684883121 ], [ -61.83315831579457, -33.047551289254969 ], [ -61.834343204596856, -33.048082652594694 ], [ -61.835324377496271, -33.048906951858626 ], [ -61.836839248805461, -33.049617254693331 ], [ -61.837707592303758, -33.050259687187946 ], [ -61.838575948459216, -33.050902113850412 ], [ -61.839510987523227, -33.05140626016879 ], [ -61.840446037375528, -33.051910399671705 ], [ -61.841640536868461, -33.052377306344717 ], [ -61.842835049252187, -33.052844201819738 ], [ -61.843887319142809, -33.053389039072414 ], [ -61.84493960216971, -33.053933867684194 ], [ -61.84598041864961, -33.054658329209275 ], [ -61.846810076461367, -33.055515245741127 ], [ -61.847564014251894, -33.056562886433845 ], [ -61.848413581640649, -33.057328051664285 ], [ -61.849173666583916, -33.058368226667561 ], [ -61.85001544777451, -33.059502984435049 ], [ -61.850865370066764, -33.06025335610299 ], [ -61.85204585469733, -33.061441939316268 ], [ -61.852674626622012, -33.061948043840218 ], [ -61.853340337153782, -33.06248883629236 ], [ -61.854080189139722, -33.063224703091066 ], [ -61.855208151348059, -33.06414714672308 ], [ -61.855799748837732, -33.064640066765698 ], [ -61.856485603768093, -33.065070951217095 ], [ -61.857579951882371, -33.065836089416422 ], [ -61.858747761541757, -33.066695582003739 ], [ -61.859387267909995, -33.067143056958642 ], [ -61.860233899033858, -33.06779920062597 ], [ -61.861301853131451, -33.068485158332862 ], [ -61.862096763653305, -33.069339083551696 ], [ -61.862796942076713, -33.070280509195385 ], [ -61.863330350711628, -33.070945849309581 ], [ -61.864028766348767, -33.072078752158731 ], [ -61.864928178006473, -33.073107814589044 ], [ -61.866248920395378, -33.073904037766866 ], [ -61.867135624977635, -33.07471409873164 ], [ -61.868020355439484, -33.075678371169872 ], [ -61.868827291457471, -33.076657944424618 ], [ -61.869321855636095, -33.077731909405209 ], [ -61.870169695756694, -33.078692247462719 ], [ -61.871017554166585, -33.079652580003753 ], [ -61.871652469552956, -33.080782214599807 ], [ -61.872287400836925, -33.081911846108774 ], [ -61.873416254911589, -33.082360394210511 ], [ -61.874169624177384, -33.083662787381748 ], [ -61.874623032214281, -33.084751950520442 ], [ -61.874933741586446, -33.085305148651905 ], [ -61.875462326690077, -33.086363532335241 ], [ -61.875640652490873, -33.087186193338994 ], [ -61.875909401689817, -33.088100700204961 ], [ -61.876343928368456, -33.089286552684527 ], [ -61.876838178246459, -33.090108731782941 ], [ -61.877446757550238, -33.090758965229625 ], [ -61.877849511194164, -33.091521590847755 ], [ -61.878382160181062, -33.092265488127481 ], [ -61.878627390844265, -33.092885180139049 ], [ -61.878829872941949, -33.093810625821035 ], [ -61.879011422390079, -33.094430316581089 ], [ -61.879190947142746, -33.095013772721309 ], [ -61.879482233470711, -33.095629694298772 ], [ -61.879752442087387, -33.096434123265006 ], [ -61.880487548748782, -33.097431438029759 ], [ -61.881206388853485, -33.098239898793082 ], [ -61.881923807597111, -33.099308057060369 ], [ -61.883044247884541, -33.100200021904357 ], [ -61.884592490220093, -33.101156133221323 ], [ -61.885460333074739, -33.10201307604413 ], [ -61.886089348342473, -33.102537644002346 ], [ -61.886794676985822, -33.103319140909875 ], [ -61.887760187037941, -33.103846705693257 ], [ -61.88850219089197, -33.104309366646035 ], [ -61.889242304546414, -33.104922873772075 ], [ -61.89011808255168, -33.105857775269968 ], [ -61.891734059708519, -33.107318607090981 ], [ -61.903539811161636, -33.117445151198972 ], [ -61.914701108556841, -33.122177478370467 ], [ -61.924730617727171, -33.124225609167567 ], [ -61.925397585915732, -33.125003810567556 ], [ -61.926064565779214, -33.125782008540462 ], [ -61.92673155731795, -33.126560203085909 ], [ -61.927398560532616, -33.127338394203512 ], [ -61.928065575423787, -33.128116581892996 ], [ -61.928732601991996, -33.128894766154033 ], [ -61.929399640237939, -33.129672946986311 ], [ -61.930066690161951, -33.130451124389516 ], [ -61.930733751764706, -33.131229298363209 ], [ -61.931400825046765, -33.13200746890729 ], [ -61.932067910008698, -33.132785636021332 ], [ -61.932735006651178, -33.133563799705016 ], [ -61.933402114974541, -33.134341959957951 ], [ -61.933989212247596, -33.135128432297265 ], [ -61.934576319873898, -33.135914901982808 ], [ -61.935163437853781, -33.136701369014219 ], [ -61.93575056618787, -33.137487833391312 ], [ -61.936337704876777, -33.138274295113945 ], [ -61.936924853920857, -33.139060754181706 ], [ -61.937512013320749, -33.139847210594411 ], [ -61.938099183077057, -33.140633664351924 ], [ -61.938686363190122, -33.141420115453755 ], [ -61.93927355366057, -33.142206563899919 ], [ -61.939860754489068, -33.142993009689931 ], [ -61.94044796567588, -33.143779452823651 ], [ -61.941035187221694, -33.144565893300921 ], [ -61.941622419127128, -33.145352331121288 ], [ -61.942209661392489, -33.146138766284622 ], [ -61.942796914018544, -33.146925198790754 ], [ -61.943384177005605, -33.147711628639257 ], [ -61.943971450354297, -33.148498055829947 ], [ -61.944558734065247, -33.149284480362702 ], [ -61.945146028138822, -33.150070902237054 ], [ -61.945733332575614, -33.150857321452868 ], [ -61.946320647376261, -33.151643738009987 ], [ -61.946907972541318, -33.152430151908227 ], [ -61.947496947684165, -33.15322914763604 ], [ -61.948085933384149, -33.154028140689867 ], [ -61.948674929641655, -33.154827131069169 ], [ -61.949263936457214, -33.155626118773633 ], [ -61.949852953831389, -33.156425103803151 ], [ -61.950441981764719, -33.157224086157392 ], [ -61.951031020257865, -33.158023065836097 ], [ -61.951620069311161, -33.158822042839013 ], [ -61.952209128925297, -33.159621017165783 ], [ -61.952798199100783, -33.160419988816372 ], [ -61.953387279838203, -33.161218957790382 ], [ -61.953976371138083, -33.162017924087586 ], [ -61.954565473000997, -33.162816887707727 ], [ -61.955154585427472, -33.163615848650551 ], [ -61.955743708418098, -33.164414806915701 ], [ -61.956332841973406, -33.1652137625031 ], [ -61.956921986093946, -33.16601271541245 ], [ -61.957511140780376, -33.166811665643444 ], [ -61.958100306033039, -33.167610613195812 ], [ -61.958689481852595, -33.16840955806925 ], [ -61.959278668239584, -33.169208500263686 ], [ -61.959867865194049, -33.170007439778004 ], [ -61.960465265188489, -33.170811840909494 ], [ -61.961062675973736, -33.171616239285157 ], [ -61.961660097550883, -33.172420634905698 ], [ -61.962257529920493, -33.173225027770698 ], [ -61.962854973083253, -33.174029417879822 ], [ -61.963452427039499, -33.174833805233035 ], [ -61.964049891789934, -33.17563818982994 ], [ -61.964647367335104, -33.176442571670194 ], [ -61.965244853675571, -33.177246950753684 ], [ -61.965842350811911, -33.178051327080098 ], [ -61.966439858744693, -33.178855700649073 ], [ -61.967037377474462, -33.179660071460503 ], [ -61.967634907001816, -33.180464439514047 ], [ -61.968232447327416, -33.181268804809363 ], [ -61.968829998451611, -33.182073167346324 ], [ -61.969427560375074, -33.182877527124603 ], [ -61.970025133098375, -33.18368188414388 ], [ -61.970622716621975, -33.184486238403849 ], [ -61.97120126225218, -33.185245782226552 ], [ -61.971779817763199, -33.186005323462346 ], [ -61.97235838315585, -33.186764862110977 ], [ -61.972936958430388, -33.187524398172414 ], [ -61.973515543587538, -33.188283931646247 ], [ -61.974094138627535, -33.189043462532389 ], [ -61.974672743551857, -33.189802990831389 ], [ -61.975288785999517, -33.190622159915584 ], [ -61.975904839794396, -33.191441326066567 ], [ -61.976520904936372, -33.192260489283299 ], [ -61.977136981426057, -33.193079649565348 ], [ -61.97775306926404, -33.193898806912586 ], [ -61.978369168450932, -33.194717961324535 ], [ -61.978985278987423, -33.195537112801134 ], [ -61.979601400873932, -33.196356261341869 ], [ -61.980217534111162, -33.197175406946663 ], [ -61.980833678699703, -33.197994549615125 ], [ -61.981449834640181, -33.19881368934697 ], [ -61.982021683350787, -33.199588745268137 ], [ -61.982593542025853, -33.20036379865963 ], [ -61.983165410666089, -33.201138849521115 ], [ -61.983737289271794, -33.201913897852521 ], [ -61.984309177843706, -33.202688943653349 ], [ -61.984881076382102, -33.203463986923481 ], [ -61.985452984887694, -33.204239027662716 ], [ -61.986024903360899, -33.205014065870799 ], [ -61.986596831802082, -33.205789101547488 ], [ -61.987168770212001, -33.206564134692542 ], [ -61.987740718590921, -33.207339165305861 ], [ -61.988312676939564, -33.20811419338699 ], [ -61.988884645258238, -33.208889218935788 ], [ -61.989456623547859, -33.209664241952339 ], [ -61.9900537808659, -33.21046570943416 ], [ -61.990650948952343, -33.211267174155296 ], [ -61.991248127807737, -33.212068636115404 ], [ -61.991845317432464, -33.212870095314081 ], [ -61.992442517827264, -33.213671551751098 ], [ -61.993039728992514, -33.214473005426107 ], [ -61.99363695092898, -33.215274456339003 ], [ -61.994234183637111, -33.216075904489443 ], [ -61.994831427117369, -33.216877349877066 ], [ -61.995428681370534, -33.217678792501815 ], [ -61.996025946396948, -33.218480232363305 ], [ -61.996623222197407, -33.219281669461296 ], [ -61.997220508772223, -33.220083103795432 ], [ -61.997817806120523, -33.220884535363147 ], [ -61.998399339492103, -33.221667454116094 ], [ -61.998980883110484, -33.22245037024615 ], [ -61.999562436977769, -33.223233283755462 ], [ -62.000144001094334, -33.22401619464376 ], [ -62.000725575460983, -33.224799102910993 ], [ -62.001307160077964, -33.225582008556763 ], [ -62.001888754946059, -33.226364911580859 ], [ -62.002470360065551, -33.227147811983023 ], [ -62.003051975437202, -33.227930709762951 ], [ -62.003633601061303, -33.228713604920564 ], [ -62.004215236938585, -33.229496497455521 ], [ -62.004878008095773, -33.230224875529217 ], [ -62.005540790176845, -33.230953250192819 ], [ -62.006203583182291, -33.231681621446043 ], [ -62.006866387112574, -33.232409989288605 ], [ -62.007529201968183, -33.233138353720193 ], [ -62.008192027749587, -33.233866714740522 ], [ -62.008854864457277, -33.234595072349286 ], [ -62.009517712091736, -33.235323426546216 ], [ -62.010180570653425, -33.236051777330992 ], [ -62.01072821147843, -33.236653514922203 ], [ -62.054259785977038, -33.228758513523275 ], [ -62.049932500703228, -33.21226925486225 ], [ -62.042256804025811, -33.181623306350232 ], [ -62.037422101974137, -33.160550046985087 ], [ -62.033924950599832, -33.148095215110793 ], [ -62.033703552830907, -33.146980680066612 ], [ -62.031821992679141, -33.139061413726367 ], [ -62.030531945670717, -33.133972669641182 ], [ -62.029028606600384, -33.128016994229881 ], [ -62.019488565724096, -33.089721610571317 ], [ -62.017524794599737, -33.081683705935383 ], [ -62.015710725041721, -33.074387253005384 ], [ -62.015335182189141, -33.072873037224319 ], [ -62.015239677679652, -33.072487266114848 ], [ -62.01494583953184, -33.071302199796371 ], [ -62.01178330116101, -33.05895299621865 ], [ -62.054192647026248, -33.048566221630168 ], [ -62.106274729151352, -33.035683056427786 ], [ -62.111060040444301, -33.034512309751435 ], [ -62.091169801120451, -32.959006073341975 ], [ -62.090575356104942, -32.958690148232151 ], [ -62.089544706810493, -32.958229044124998 ], [ -62.088687011949503, -32.958180591556236 ], [ -62.087805259082735, -32.95842514551218 ], [ -62.086273040425993, -32.959247601568485 ], [ -62.085053716908931, -32.959618872226443 ], [ -62.083644198641259, -32.959700908514982 ], [ -62.082170603880833, -32.959279928872874 ], [ -62.080906427542871, -32.95893772174604 ], [ -62.080184587841202, -32.958840452215902 ], [ -62.079180218960701, -32.958984663282145 ], [ -62.076447593224863, -32.959807352225866 ], [ -62.075456197523657, -32.959855549301871 ], [ -62.073944285598891, -32.960020839369626 ], [ -62.072477387384438, -32.96079907380885 ], [ -62.070849700036639, -32.961671526208036 ], [ -62.068743125098351, -32.961743906507778 ], [ -62.067790819940605, -32.961517977688516 ], [ -62.066825487004316, -32.960985699038609 ], [ -62.066116518816131, -32.96029188703654 ], [ -62.066548068589093, -32.959267387812794 ], [ -62.067370186996605, -32.958339672632825 ], [ -62.067719262443958, -32.957751917434855 ], [ -62.067753583907717, -32.957299815458853 ], [ -62.067554272903465, -32.95689572771748 ], [ -62.06693031979151, -32.956613963185212 ], [ -62.066021809339041, -32.956612122053265 ], [ -62.064509123628859, -32.957132746167893 ], [ -62.063752019822026, -32.957401430199944 ], [ -62.062480205298648, -32.957464054226513 ], [ -62.061362343101166, -32.957278894839327 ], [ -62.0605614137407, -32.957156038908408 ], [ -62.059155011013367, -32.957247719029006 ], [ -62.057832161760565, -32.9573993931728 ], [ -62.05688085581901, -32.957362387078902 ], [ -62.054790846403719, -32.956772036780698 ], [ -62.05429529809421, -32.956770760265137 ], [ -62.052716187002034, -32.956868207776132 ], [ -62.050571373098784, -32.95669770238824 ], [ -62.049756881233691, -32.95672381058737 ], [ -62.049100637408706, -32.956875375535397 ], [ -62.048750274827682, -32.957199158359956 ], [ -62.048493829042087, -32.957734095782023 ], [ -62.048414871633497, -32.958463643406986 ], [ -62.048427633460975, -32.959211895942992 ], [ -62.048295406226444, -32.959726450366304 ], [ -62.046805201976831, -32.960560170047316 ], [ -62.04581275866871, -32.961174840851527 ], [ -62.045310324962109, -32.961687686161845 ], [ -62.044637432893403, -32.962169066318594 ], [ -62.043192962709064, -32.961902680001835 ], [ -62.042142331521866, -32.961732983290048 ], [ -62.041439634625576, -32.961789721172373 ], [ -62.040885910964612, -32.961966907918615 ], [ -62.039575227415824, -32.962068585618418 ], [ -62.038155329525452, -32.96192144422934 ], [ -62.03659074216344, -32.962021135116473 ], [ -62.034952120456254, -32.961724921097286 ], [ -62.033978525931296, -32.961749696463762 ], [ -62.032502020090703, -32.961957367635321 ], [ -62.03150167250913, -32.961991812999621 ], [ -62.030301784179692, -32.962316375323198 ], [ -62.028498227647169, -32.963239372986379 ], [ -62.028002995878232, -32.963498053992048 ], [ -62.027028376240665, -32.963638776688462 ], [ -62.026154217003466, -32.963462760296139 ], [ -62.024717536085667, -32.963121527586253 ], [ -62.024103580501631, -32.963102437092942 ], [ -62.022821340628866, -32.96335233426349 ], [ -62.021775829025387, -32.963735751649509 ], [ -62.020003203908857, -32.964493663861504 ], [ -62.018216263594582, -32.96494447945927 ], [ -62.016449353517856, -32.965405887314212 ], [ -62.015411640159279, -32.965775259339679 ], [ -62.014264287361627, -32.965921287896208 ], [ -62.013441257139135, -32.965892247411091 ], [ -62.0122891230627, -32.965794072567398 ], [ -62.011164661037753, -32.96569967995751 ], [ -62.009653089964878, -32.965624750486228 ], [ -62.008952391766641, -32.965689018103056 ], [ -62.007184060053966, -32.965869822846912 ], [ -62.006282285380486, -32.965708076044557 ], [ -62.005843021280647, -32.965744716330839 ], [ -62.004109968465805, -32.965983958476855 ], [ -62.00310942282654, -32.966126211298409 ], [ -62.002434456117903, -32.966105152581072 ], [ -62.001665467681001, -32.966057085417532 ], [ -61.999764746628465, -32.965686015331435 ], [ -61.998339818097143, -32.965513777190552 ], [ -61.997375835500009, -32.96555621238555 ], [ -61.995586881243717, -32.966024569061979 ], [ -61.994310764553077, -32.96617044520567 ], [ -61.993068393964286, -32.9659484847801 ], [ -61.990846426517429, -32.964939525000688 ], [ -61.98980378817847, -32.964729317383089 ], [ -61.988608710833901, -32.964451890029068 ], [ -61.987046489751897, -32.963682558925676 ], [ -61.98639005311081, -32.963487550270045 ], [ -61.984978255633649, -32.963314304668856 ], [ -61.984038879802604, -32.963024341732492 ], [ -61.983244841703574, -32.962677550411712 ], [ -61.982125072556165, -32.962459228823768 ], [ -61.980296368357941, -32.962142056900369 ], [ -61.979622524823057, -32.96188749175144 ], [ -61.978819406720476, -32.961197519382736 ], [ -61.977499821999864, -32.960379058981026 ], [ -61.976942537831533, -32.960184812697534 ], [ -61.975414817511691, -32.95974275466854 ], [ -61.973965908237126, -32.958914811936928 ], [ -61.973284509634674, -32.958580016673636 ], [ -61.972502752835901, -32.958353253808625 ], [ -61.971295659807573, -32.958044361741948 ], [ -61.969633281560533, -32.957617481258772 ], [ -61.968361402192812, -32.957107759887876 ], [ -61.966920353862506, -32.956575321758628 ], [ -61.965299358069366, -32.955527995787854 ], [ -61.963851592566066, -32.95486722483821 ], [ -61.962586190483151, -32.954083008585812 ], [ -61.961210721704795, -32.953030521525946 ], [ -61.960435917371107, -32.952717422190332 ], [ -61.958891154431065, -32.952383746107358 ], [ -61.957615982375479, -32.952166248003266 ], [ -61.956351116625278, -32.951503068416912 ], [ -61.955168307127011, -32.950637546888935 ], [ -61.953716905931536, -32.950275998275345 ], [ -61.95266701476762, -32.949756550494143 ], [ -61.951537149569347, -32.948358284062955 ], [ -61.950613424447688, -32.947758663100657 ], [ -61.948919714244838, -32.947145412261797 ], [ -61.947600775362162, -32.945953739827047 ], [ -61.946733614923183, -32.945575588666117 ], [ -61.945477058436474, -32.945237030248329 ], [ -61.944677740897106, -32.944845142635643 ], [ -61.943989721396008, -32.944368696063897 ], [ -61.942969025196923, -32.943195302793569 ], [ -61.942472244323284, -32.942991382208845 ], [ -61.941249812139539, -32.942610323241603 ], [ -61.94055117917793, -32.94231204229709 ], [ -61.939517094593299, -32.941395678994276 ], [ -61.938658586432567, -32.940790476436369 ], [ -61.93713018781019, -32.940070847404058 ], [ -61.935411332759173, -32.939442081935482 ], [ -61.934722069601641, -32.938877055825486 ], [ -61.933540072854541, -32.937509367363717 ], [ -61.932665026823102, -32.936934772091369 ], [ -61.931869629626014, -32.936183402155386 ], [ -61.931266273587902, -32.935411540255004 ], [ -61.9298803000313, -32.934733177534348 ], [ -61.929134143789675, -32.934253540787857 ], [ -61.928224959430111, -32.932936798161158 ], [ -61.927581050081386, -32.932461877847047 ], [ -61.926540236498155, -32.931704107058295 ], [ -61.925715351952029, -32.930844271100213 ], [ -61.923819825485175, -32.92978195776665 ], [ -61.922592034500646, -32.928678228960543 ], [ -61.921928405787831, -32.928296989078618 ], [ -61.920949298039275, -32.927905187375472 ], [ -61.920237950020578, -32.927462910612448 ], [ -61.919759044080365, -32.926785948364696 ], [ -61.919176354364083, -32.925795797670155 ], [ -61.918337277922099, -32.925346495136523 ], [ -61.917424673162984, -32.92483400984532 ], [ -61.916329761102517, -32.923678315226667 ], [ -61.915398291714901, -32.923033561192369 ], [ -61.914445942023733, -32.922747641406744 ], [ -61.913656204013989, -32.922427803034083 ], [ -61.911820382691211, -32.920974505672788 ], [ -61.911099407322915, -32.920369763988838 ], [ -61.90957423906579, -32.919694227285483 ], [ -61.908676974375673, -32.919459601530143 ], [ -61.907368274253372, -32.918573703602512 ], [ -61.906231618984094, -32.917429377770077 ], [ -61.905030670358485, -32.916837306939492 ], [ -61.903847315236227, -32.916482757053522 ], [ -61.901942414280413, -32.915384571713858 ], [ -61.901532081991142, -32.915165855337399 ], [ -61.900237221189741, -32.914829809681287 ], [ -61.898925260353082, -32.914112035954524 ], [ -61.897951455068259, -32.913313247893534 ], [ -61.897167041943142, -32.912962152136416 ], [ -61.895885713038112, -32.912634015965082 ], [ -61.894982287836022, -32.912303847500326 ], [ -61.894121611520916, -32.911748631119934 ], [ -61.893534492106831, -32.911187995927939 ], [ -61.89285482365861, -32.910490049484245 ], [ -61.89127481373594, -32.909560621665463 ], [ -61.889956595569267, -32.909121587605725 ], [ -61.889016488246625, -32.908620336681366 ], [ -61.887768226334174, -32.908253238546479 ], [ -61.886264595574211, -32.908121505808083 ], [ -61.884688228597021, -32.907653725857791 ], [ -61.882480692218891, -32.906940433594293 ], [ -61.881513848770474, -32.90672835941524 ], [ -61.880399574520659, -32.906784910969158 ], [ -61.879077856307376, -32.906905981390565 ], [ -61.878040180857411, -32.906779289495255 ], [ -61.874913503842777, -32.906195749784935 ], [ -61.873454626924577, -32.906150997722619 ], [ -61.871715481631149, -32.905740279713577 ], [ -61.869621914521232, -32.905520688677129 ], [ -61.868350185310916, -32.905564025739487 ], [ -61.867482359042995, -32.905567850103807 ], [ -61.865610949635169, -32.90498760975882 ], [ -61.864610201233802, -32.904891793385978 ], [ -61.862422685156872, -32.905067498803184 ], [ -61.86157510193739, -32.904946386427142 ], [ -61.860650719764408, -32.904668012278421 ], [ -61.858908316893654, -32.904663665892294 ], [ -61.857122783278918, -32.904244487806146 ], [ -61.856405560349323, -32.904257446811449 ], [ -61.85454124331396, -32.904494322303471 ], [ -61.853243599795142, -32.904095567298079 ], [ -61.851535070472281, -32.903530906429154 ], [ -61.85062149641621, -32.903491309156877 ], [ -61.849459915775185, -32.90362535939768 ], [ -61.848538770217459, -32.903718179301755 ], [ -61.847258984446931, -32.903295683640394 ], [ -61.845716885689434, -32.902898105907497 ], [ -61.844382724014949, -32.903097041292689 ], [ -61.843405280026793, -32.903342285013061 ], [ -61.841770228459772, -32.903295808682991 ], [ -61.840442120522034, -32.903029214243141 ], [ -61.838204075583384, -32.902976409664248 ], [ -61.836307245390032, -32.903341153613589 ], [ -61.834811727801991, -32.903395811223518 ], [ -61.83286391194077, -32.90301779742429 ], [ -61.831779667588371, -32.902999423226525 ], [ -61.830534625478172, -32.903100766382103 ], [ -61.829339397306015, -32.902856189762772 ], [ -61.828217782226872, -32.902966500202965 ], [ -61.827585029977953, -32.903520675992205 ], [ -61.827369415502346, -32.904162606336634 ], [ -61.827283855170663, -32.90497729370243 ], [ -61.826887290194421, -32.905367916487315 ], [ -61.825742405036479, -32.906007992243957 ], [ -61.824473646706444, -32.906530197593405 ], [ -61.823821553654433, -32.907073312976678 ], [ -61.82350483532386, -32.90734399498087 ], [ -61.822966470813149, -32.908648685096452 ], [ -61.822347163503416, -32.909649945768351 ], [ -61.821528598462194, -32.910454970883343 ], [ -61.820916793072527, -32.911249707820815 ], [ -61.819354193762862, -32.91369915341209 ], [ -61.818385993679897, -32.914597720655934 ], [ -61.817264526340544, -32.915525755912796 ], [ -61.816741600789285, -32.916760050271215 ], [ -61.816150029468965, -32.917908610683384 ], [ -61.815594646889487, -32.918878276940752 ], [ -61.815521993063172, -32.919174478915487 ], [ -61.815463924868389, -32.919934985319713 ], [ -61.81556864096337, -32.920830360197428 ], [ -61.81550893720469, -32.921353750956953 ], [ -61.814987576644739, -32.922046500978176 ], [ -61.814504644256587, -32.922712810575 ], [ -61.814096864015021, -32.923794103124138 ], [ -61.813491323059061, -32.924426669430098 ], [ -61.812257346583415, -32.925390149236918 ], [ -61.811432318285675, -32.926043160476112 ], [ -61.811021006261996, -32.926568151842886 ], [ -61.810591668421395, -32.92742477214545 ], [ -61.810203730048173, -32.92846851118086 ], [ -61.809160197558093, -32.929386968527254 ], [ -61.808311110990594, -32.930061857963658 ], [ -61.807904798945124, -32.9306679807896 ], [ -61.807689515275428, -32.931269327482354 ], [ -61.807569496237711, -32.931956388778111 ], [ -61.807092616439334, -32.933257711993278 ], [ -61.806245004483984, -32.933815932983514 ], [ -61.805438974527782, -32.934195698051184 ], [ -61.804911507762824, -32.935033765011411 ], [ -61.80434179080541, -32.936259442942585 ], [ -61.803731728170291, -32.936780994311732 ], [ -61.802360603013831, -32.937168247414782 ], [ -61.801782061397027, -32.937405297513834 ], [ -61.801327662385823, -32.937897540952996 ], [ -61.801130005109343, -32.938530244777112 ], [ -61.801053504625926, -32.93951551938963 ], [ -61.800192469029753, -32.940634929321888 ], [ -61.799091038077577, -32.941894234080891 ], [ -61.798800576960303, -32.942434225845936 ], [ -61.798506481224926, -32.943222963581057 ], [ -61.798501999996773, -32.944223819988729 ], [ -61.798297845519784, -32.944763128305297 ], [ -61.797797003688046, -32.945651449431821 ], [ -61.797162579934778, -32.94762968456002 ], [ -61.796387397740688, -32.948807160211061 ], [ -61.795687381466443, -32.949901511791204 ], [ -61.795609379620373, -32.950251115358355 ], [ -61.795793797925079, -32.951483742112416 ], [ -61.796141081473728, -32.951825899255226 ], [ -61.796977315259333, -32.952141839386194 ], [ -61.79738007446268, -32.952597922178313 ], [ -61.797680352615586, -32.953382343287835 ], [ -61.798130434332322, -32.95386609391813 ], [ -61.798374598744729, -32.954742338624676 ], [ -61.798229330868999, -32.955987596138975 ], [ -61.798276228422019, -32.956912111327391 ], [ -61.798635876671497, -32.957681569461222 ], [ -61.798594760125354, -32.959420442562084 ], [ -61.797988091635681, -32.960640917553526 ], [ -61.797646469796412, -32.961569389773153 ], [ -61.797228652890297, -32.962182233687962 ], [ -61.796931495256246, -32.963033336168159 ], [ -61.796773352149522, -32.963928385951036 ], [ -61.796126579747565, -32.964781477941287 ], [ -61.795287650685218, -32.965440835620676 ], [ -61.794408952506615, -32.967065374815121 ], [ -61.793801637209263, -32.96785464649227 ], [ -61.792821041081901, -32.968621614411951 ], [ -61.792044265724954, -32.968879927498307 ], [ -61.791069302006669, -32.968859909884202 ], [ -61.789851307104826, -32.968587512493158 ], [ -61.788813097103493, -32.96863338912393 ], [ -61.787946403712994, -32.968997326415362 ], [ -61.787528620165055, -32.970147340026031 ], [ -61.787596964340068, -32.970374963660007 ], [ -61.787478799350694, -32.971018956655072 ], [ -61.787376966156465, -32.9716222368831 ], [ -61.787493730963142, -32.972188213179443 ], [ -61.787770362451418, -32.972473327292185 ], [ -61.787927058586959, -32.972783440655711 ], [ -61.788361922081954, -32.97319918944337 ], [ -61.788653152618792, -32.973613543534412 ], [ -61.78901383957573, -32.97385104324205 ], [ -61.789845255335457, -32.973980141862299 ], [ -61.790400324329902, -32.974009733256764 ], [ -61.791026692962241, -32.974427313337969 ], [ -61.791833660813779, -32.974994439800177 ], [ -61.79171746356959, -32.976007113846919 ], [ -61.79098857116724, -32.976609758567143 ], [ -61.790436571214165, -32.977056292486985 ], [ -61.790003942141006, -32.977415217027257 ], [ -61.789727634453527, -32.977775640778439 ], [ -61.789731606433286, -32.9781032551018 ], [ -61.789851519943284, -32.979421120563394 ], [ -61.790004296421401, -32.979932413822858 ], [ -61.7900905314171, -32.980692752998017 ], [ -61.789865927121717, -32.981422962449777 ], [ -61.789760916336114, -32.982020780778413 ], [ -61.789755981892377, -32.98238240393384 ], [ -61.789587492581312, -32.982932321043954 ], [ -61.789803232274046, -32.983639680717658 ], [ -61.789861080455296, -32.983848121994896 ], [ -61.790002671715001, -32.984281941915071 ], [ -61.790161400381024, -32.984596622858973 ], [ -61.790353904609539, -32.984916600669827 ], [ -61.790569632802267, -32.985231847768993 ], [ -61.790886512046356, -32.985738531368405 ], [ -61.79109060326757, -32.98652688242835 ], [ -61.791240186425341, -32.986965213573789 ], [ -61.791831535434802, -32.987607523691182 ], [ -61.792219890547912, -32.988428683966092 ], [ -61.791941513556623, -32.989306015272938 ], [ -61.791937505040266, -32.989634015097707 ], [ -61.79135525304109, -32.990387149081371 ], [ -61.790414879451099, -32.990461831455022 ], [ -61.789613733589881, -32.990535187633142 ], [ -61.788931535808779, -32.990578501141826 ], [ -61.788533827461784, -32.990758237099811 ], [ -61.788232386319706, -32.991129782190079 ], [ -61.788166401759234, -32.991622180183889 ], [ -61.788337094824129, -32.992141854586365 ], [ -61.78876777177809, -32.992619366424798 ], [ -61.789258696405589, -32.993138953279001 ], [ -61.789436711709079, -32.993664938371474 ], [ -61.78963940652627, -32.994106025339633 ], [ -61.789811087498613, -32.994724061259028 ], [ -61.789634623287334, -32.995531278274058 ], [ -61.789625555944866, -32.995815337122409 ], [ -61.789730462438349, -32.99625833730375 ], [ -61.789619868505483, -32.997009348933773 ], [ -61.789310052455505, -32.997602179388778 ], [ -61.789158988707449, -32.998013498297077 ], [ -61.788966206799287, -32.998448770153537 ], [ -61.788976516721128, -32.998833554520665 ], [ -61.788866484233743, -32.999099138072189 ], [ -61.788763318875105, -32.999456278490015 ], [ -61.788600017068084, -32.999783962262853 ], [ -61.788458210465592, -33.000310455913379 ], [ -61.788364405972125, -33.000795663037067 ], [ -61.788321572089409, -33.001069685248112 ], [ -61.788283234353464, -33.001405775064249 ], [ -61.788514449605373, -33.001916828535222 ], [ -61.788349232824473, -33.002428462120733 ], [ -61.788279763600251, -33.002960193853681 ], [ -61.788202146421177, -33.003436961701432 ], [ -61.788218764836799, -33.003782915345283 ], [ -61.788158286906253, -33.004045786226015 ], [ -61.78807267024122, -33.004434652073158 ], [ -61.787980495363847, -33.004677653634587 ], [ -61.787828595919471, -33.005115284808838 ], [ -61.787655131685121, -33.005703115408238 ], [ -61.787648829506473, -33.00616375187024 ], [ -61.787967171911589, -33.006277053337286 ], [ -61.788924728020881, -33.006550358057112 ], [ -61.790016376682935, -33.00669667601565 ], [ -61.790483951242827, -33.006813951157945 ], [ -61.791725035383543, -33.007013261713432 ], [ -61.792141885816569, -33.007721257983967 ], [ -61.792033304799688, -33.008477099969596 ], [ -61.791975204644316, -33.008936635615711 ], [ -61.792347452799198, -33.009374692371864 ], [ -61.792869783099604, -33.009741776223926 ], [ -61.793289498925063, -33.010075822071819 ], [ -61.794070437334852, -33.010505697580115 ], [ -61.794608417758901, -33.011594160677042 ], [ -61.794533063639548, -33.012196650224091 ], [ -61.79409773251583, -33.012635056018091 ], [ -61.793919702817931, -33.01308226585661 ], [ -61.79385971231639, -33.013279597344372 ], [ -61.793867222721225, -33.013569291563996 ], [ -61.793843517823859, -33.013986338924596 ], [ -61.793992916644406, -33.014551387926105 ], [ -61.794788643943157, -33.014199874877242 ], [ -61.795707402606439, -33.014602045893255 ], [ -61.796973911909355, -33.015273886951505 ], [ -61.797679839282893, -33.015755005459006 ], [ -61.798691643148018, -33.015949814735102 ], [ -61.799650565253252, -33.016437928071035 ], [ -61.800817860322567, -33.017278353675451 ], [ -61.801464979540718, -33.018218020802614 ], [ -61.801801979061999, -33.019552648935438 ], [ -61.802707906229784, -33.019859401600279 ], [ -61.804105857288306, -33.020450450017442 ], [ -61.805199184081559, -33.02062322537985 ], [ -61.805830638127823, -33.021193047414442 ], [ -61.806842272279241, -33.022201796752164 ], [ -61.807688689905419, -33.022910674637188 ], [ -61.808869506584848, -33.023506819982046 ], [ -61.809386148644954, -33.023997496592415 ], [ -61.80985139198728, -33.024641934758023 ], [ -61.810438247151957, -33.025615438713324 ], [ -61.810693914011253, -33.026585783614657 ], [ -61.811101061029312, -33.027607819883336 ], [ -61.811738769814092, -33.028449908039711 ], [ -61.812412364028155, -33.029513761035318 ], [ -61.813316528926336, -33.030397660931129 ], [ -61.81422071180976, -33.03128155455871 ], [ -61.815008385351902, -33.0319022382117 ], [ -61.815796069961095, -33.03252291707971 ], [ -61.816583765637461, -33.033143591162528 ], [ -61.817338623479358, -33.033847885927258 ], [ -61.818093493302364, -33.034552176316652 ], [ -61.818848375106839, -33.035256462330175 ], [ -61.819815223350552, -33.036718194276489 ], [ -61.820220472878717, -33.037667298320606 ], [ -61.821174899283413, -33.038338669022288 ], [ -61.822129340240437, -33.039010032674916 ], [ -61.823021120220865, -33.039813489771106 ], [ -61.823912916367476, -33.040616940752592 ], [ -61.824901367763196, -33.041861396981538 ], [ -61.825921560826544, -33.042597955995014 ] ] ] ] } },
{ "type": "Feature", "properties": { "id": 42, "nomenclatu": "1905", "nombre": "LINIERS" }, "geometry": { "type": "MultiPolygon", "coordinates": [ [ [ [ -62.037422101974137, -33.160550046985165 ], [ -62.042256804025797, -33.181623306350389 ], [ -62.049932500703228, -33.21226925486225 ], [ -62.054259785977038, -33.228758513523275 ], [ -62.010728168630642, -33.236653522684954 ], [ -62.010843398459343, -33.236780133745505 ], [ -62.011871662323458, -33.23788373710137 ], [ -62.012406009486391, -33.238705922261779 ], [ -62.012940366512346, -33.239528105204791 ], [ -62.013474733402084, -33.240350285930283 ], [ -62.014009110156039, -33.241172464437902 ], [ -62.014543496774664, -33.241994640727512 ], [ -62.015077893258713, -33.242816814798886 ], [ -62.01561229960862, -33.24363898665181 ], [ -62.016146715824831, -33.24446115628615 ], [ -62.016681141908137, -33.245283323701521 ], [ -62.017215577858927, -33.246105488897783 ], [ -62.017750023677685, -33.246927651874742 ], [ -62.018284479365164, -33.24774981263225 ], [ -62.018818944921783, -33.248571971169923 ], [ -62.019353420348004, -33.249394127487641 ], [ -62.019887905644609, -33.250216281585175 ], [ -62.020422400812002, -33.251038433462305 ], [ -62.020956905850632, -33.251860583118891 ], [ -62.021491420761294, -33.252682730554483 ], [ -62.022124685649842, -33.253483536423509 ], [ -62.022757961987509, -33.254284339177566 ], [ -62.023391249775138, -33.25508513881649 ], [ -62.024024549013156, -33.255885935339961 ], [ -62.024657859702074, -33.256686728747617 ], [ -62.025291181842668, -33.257487519039302 ], [ -62.025924515435321, -33.258288306214645 ], [ -62.026557860480857, -33.25908909027337 ], [ -62.027191216979716, -33.259889871215158 ], [ -62.027824584932397, -33.260690649039731 ], [ -62.028457964339694, -33.261491423746783 ], [ -62.029091355202084, -33.262292195336038 ], [ -62.029724757520164, -33.263092963807175 ], [ -62.030308444058136, -33.263911373072183 ], [ -62.030892141359153, -33.264729779688565 ], [ -62.031475849423707, -33.265548183656065 ], [ -62.032059568252386, -33.266366584974435 ], [ -62.03264329784588, -33.267184983643304 ], [ -62.033227038204551, -33.268003379662616 ], [ -62.033810789329095, -33.268821773032009 ], [ -62.034394551220082, -33.269640163751248 ], [ -62.034978323878093, -33.270458551820049 ], [ -62.035562107303711, -33.271276937238184 ], [ -62.036145901497534, -33.272095320005363 ], [ -62.036729706460122, -33.272913700121379 ], [ -62.037313522192072, -33.273732077585819 ], [ -62.037910610715301, -33.27452220708745 ], [ -62.038507709888414, -33.275312333815748 ], [ -62.039104819711966, -33.276102457770577 ], [ -62.03970194018649, -33.276892578951667 ], [ -62.040299071312546, -33.277682697358749 ], [ -62.040896213090676, -33.278472812991566 ], [ -62.041493365521411, -33.279262925849878 ], [ -62.042090528605328, -33.280053035933392 ], [ -62.042687702342945, -33.280843143241874 ], [ -62.043284886734817, -33.281633247775069 ], [ -62.04388208178149, -33.282423349532706 ], [ -62.044479287483512, -33.283213448514509 ], [ -62.045076503841429, -33.284003544720271 ], [ -62.045673730855789, -33.284793638149665 ], [ -62.046270968527125, -33.285583728802472 ], [ -62.046868216855678, -33.286373816677973 ], [ -62.047473891100715, -33.287192140816096 ], [ -62.04807957653496, -33.288010462097382 ], [ -62.048685273159279, -33.28882878052201 ], [ -62.04929098097432, -33.289647096089688 ], [ -62.050042972658566, -33.290423701631212 ], [ -62.050794977609911, -33.291200302763528 ], [ -62.051546995828744, -33.291976899486265 ], [ -62.05211034375565, -33.292993978159529 ], [ -62.052673704525027, -33.294011054346754 ], [ -62.053237078138821, -33.295028128047335 ], [ -62.05373116287597, -33.29591769838116 ], [ -62.054225257467643, -33.29680726680224 ], [ -62.054719361913627, -33.297696833310546 ], [ -62.055213476214412, -33.2985863979059 ], [ -62.055707600370489, -33.29947596058809 ], [ -62.056201734382711, -33.300365521356916 ], [ -62.056846332214917, -33.301158801047308 ], [ -62.057490941623833, -33.30195207749977 ], [ -62.058135562609777, -33.302745350713835 ], [ -62.058780195173433, -33.303538620689366 ], [ -62.059424839315511, -33.304331887425882 ], [ -62.06006949503638, -33.305125150923267 ], [ -62.060714162336716, -33.305918411181054 ], [ -62.061358841217206, -33.306711668199014 ], [ -62.062003531678215, -33.307504921976893 ], [ -62.062658825624446, -33.308311776181164 ], [ -62.063314131544566, -33.309118627037421 ], [ -62.063969449438957, -33.309925474545167 ], [ -62.064624779308318, -33.310732318704268 ], [ -62.065280121153428, -33.311539159514226 ], [ -62.065935474974623, -33.312345996974898 ], [ -62.066590840772641, -33.313152831085773 ], [ -62.06724621854822, -33.31395966184666 ], [ -62.067901608301732, -33.314766489257295 ], [ -62.068484289576062, -33.315539459576719 ], [ -62.069066981036194, -33.316312427247297 ], [ -62.069649682682545, -33.317085392268751 ], [ -62.070232394515855, -33.317858354640848 ], [ -62.070815116536501, -33.318631314363351 ], [ -62.071397848745008, -33.319404271436021 ], [ -62.071980591141887, -33.320177225858608 ], [ -62.072563343727531, -33.320950177630905 ], [ -62.073146106502698, -33.321723126752609 ], [ -62.073728879467744, -33.322496073223533 ], [ -62.074311662623202, -33.323269017043415 ], [ -62.074894455969492, -33.324041958212 ], [ -62.075477259507331, -33.324814896729073 ], [ -62.076060073237102, -33.325587832594373 ], [ -62.076642897159338, -33.326360765807649 ], [ -62.077225731274545, -33.327133696368669 ], [ -62.077808575583113, -33.327906624277233 ], [ -62.078391430085802, -33.328679549533035 ], [ -62.078974294782974, -33.329452472135877 ], [ -62.079557169675169, -33.330225392085502 ], [ -62.080140054762779, -33.330998309381663 ], [ -62.080722950046543, -33.331771224024131 ], [ -62.081305855526843, -33.33254413601265 ], [ -62.081888771204213, -33.333317045346973 ], [ -62.08247169707915, -33.334089952026893 ], [ -62.083054633152052, -33.334862856052133 ], [ -62.083637579423666, -33.335635757422487 ], [ -62.084220535894381, -33.336408656137671 ], [ -62.084803502564718, -33.337181552197457 ], [ -62.085386479435066, -33.337954445601625 ], [ -62.085969466506171, -33.338727336349912 ], [ -62.086552463778418, -33.339500224442084 ], [ -62.087135471252317, -33.340273109877899 ], [ -62.087718488928402, -33.341045992657115 ], [ -62.088301516807064, -33.341818872779484 ], [ -62.088884554889027, -33.342591750244779 ], [ -62.089458107458427, -33.343474247879129 ], [ -62.090031671449623, -33.344356742936966 ], [ -62.090605246863312, -33.345239235418205 ], [ -62.09117883370017, -33.346121725322504 ], [ -62.091752431960877, -33.347004212649466 ], [ -62.09232604164611, -33.347886697399019 ], [ -62.093204538792165, -33.348806718266665 ], [ -62.094083054338093, -33.349726733096801 ], [ -62.094961588285102, -33.350646741888674 ], [ -62.095555009407164, -33.351436793812134 ], [ -62.096148441148699, -33.35222684298094 ], [ -62.096741883510283, -33.353016889394851 ], [ -62.097335336492442, -33.353806933053605 ], [ -62.097928800095737, -33.354596973956902 ], [ -62.098522274320707, -33.355387012104536 ], [ -62.099115759167887, -33.356177047496224 ], [ -62.09970925463783, -33.35696708013176 ], [ -62.100302760731076, -33.357757110010802 ], [ -62.100896277448179, -33.358547137133165 ], [ -62.101436759678776, -33.35935871606403 ], [ -62.101977251821289, -33.360170292705227 ], [ -62.102517753876022, -33.360981867056353 ], [ -62.103058265843622, -33.361793439117292 ], [ -62.103598787724742, -33.362605008887883 ], [ -62.104139319519703, -33.36341657636779 ], [ -62.104851043022933, -33.36410691130552 ], [ -62.10556277773609, -33.364797242274406 ], [ -62.106274523659607, -33.36548756927413 ], [ -62.106986280793919, -33.366177892304343 ], [ -62.107698049139451, -33.366868211364761 ], [ -62.108227227778784, -33.367657891313684 ], [ -62.108756415866004, -33.368447569066213 ], [ -62.109285613401639, -33.369237244622362 ], [ -62.109814820386148, -33.370026917981811 ], [ -62.110344036820067, -33.370816589144283 ], [ -62.110873262703876, -33.371606258109743 ], [ -62.111402498038082, -33.372395924877878 ], [ -62.111931742823181, -33.373185589448418 ], [ -62.112460997059678, -33.373975251821328 ], [ -62.112990260748091, -33.374764911996337 ], [ -62.113519533888891, -33.375554569973133 ], [ -62.11404881648258, -33.376344225751602 ], [ -62.114637523283918, -33.377120779457407 ], [ -62.116175849670505, -33.378428608443265 ], [ -62.116587945964397, -33.378856606501195 ], [ -62.117562429114692, -33.379606715123401 ], [ -62.118151188847222, -33.380383252634765 ], [ -62.118739958951629, -33.381159787428935 ], [ -62.119328739428347, -33.381936319505556 ], [ -62.119917530278101, -33.382712848864578 ], [ -62.120506331501311, -33.383489375505654 ], [ -62.121095143098394, -33.384265899428449 ], [ -62.121683965070062, -33.385042420632885 ], [ -62.12227279741677, -33.385818939118622 ], [ -62.1228616401389, -33.386595454885359 ], [ -62.123450493237193, -33.387371967932978 ], [ -62.123947472023815, -33.388027314737634 ], [ -62.202018377376262, -33.374077563997432 ], [ -62.201622061912168, -33.372428289277565 ], [ -62.190255643311829, -33.328370987826666 ], [ -62.190484730605121, -33.328334741018161 ], [ -62.245140365297353, -33.318715062430606 ], [ -62.233515508468678, -33.272860670659718 ], [ -62.326458196439063, -33.256739765974821 ], [ -62.303380965193448, -33.164102951440327 ], [ -62.296485199693684, -33.165350422516759 ], [ -62.277511691773412, -33.092781844216468 ], [ -62.305790501458091, -33.087686541061501 ], [ -62.283225050464587, -32.998133810712559 ], [ -62.270610302111123, -33.000390857002778 ], [ -62.261523645355432, -33.002195242752578 ], [ -62.220403867062579, -33.010793607251514 ], [ -62.192020445078221, -33.016899917608193 ], [ -62.179219446253086, -33.019793575398907 ], [ -62.148675202815085, -33.026670968305119 ], [ -62.124664912514135, -33.031670929124573 ], [ -62.111060040444301, -33.034512309751506 ], [ -62.106274729153185, -33.035683056426905 ], [ -62.05419264702271, -33.048566221629962 ], [ -62.01178330116101, -33.05895299621865 ], [ -62.014945839531741, -33.071302199795994 ], [ -62.015239677679652, -33.072487266114848 ], [ -62.015335182189141, -33.072873037224319 ], [ -62.015710725041721, -33.074387253005384 ], [ -62.017524794599517, -33.081683705935482 ], [ -62.019488565723982, -33.089721610571409 ], [ -62.02902860660037, -33.128016994230777 ], [ -62.030531945670717, -33.133972669641182 ], [ -62.031821992679127, -33.139061413726651 ], [ -62.033703552831021, -33.146980680066612 ], [ -62.033924950599719, -33.148095215110622 ], [ -62.037422101974137, -33.160550046985165 ] ] ] ] } },
{ "type": "Feature", "properties": { "id": 43, "nomenclatu": "1906", "nombre": "CALDERA" }, "geometry": { "type": "MultiPolygon", "coordinates": [ [ [ [ -62.126394914387632, -33.391254492374486 ], [ -62.126983829753264, -33.392030989101812 ], [ -62.127572755498598, -33.392807483108122 ], [ -62.128161691624044, -33.393583974393366 ], [ -62.128750638130356, -33.394360462957195 ], [ -62.129339595017967, -33.395136948799248 ], [ -62.129928562287247, -33.395913431919517 ], [ -62.130517539938964, -33.396689912317619 ], [ -62.131106527973529, -33.397466389993198 ], [ -62.13169552639134, -33.398242864946241 ], [ -62.132284535192724, -33.399019337175744 ], [ -62.132858166357927, -33.399785547656272 ], [ -62.133431807499761, -33.400551755553032 ], [ -62.134005458619384, -33.40131796086618 ], [ -62.134579119717039, -33.402084163595674 ], [ -62.135152790793477, -33.40285036374118 ], [ -62.135726471848947, -33.403616561302428 ], [ -62.136300162884183, -33.404382756279375 ], [ -62.136873863899453, -33.405148948671581 ], [ -62.137447574895482, -33.405915138478996 ], [ -62.138021295872548, -33.406681325701193 ], [ -62.138595026831368, -33.40744751033813 ], [ -62.139168767772311, -33.40821369238941 ], [ -62.139742518695783, -33.408979871854847 ], [ -62.140316279602487, -33.409746048734355 ], [ -62.140890050492729, -33.410512223027489 ], [ -62.141463831367197, -33.411278394734197 ], [ -62.142037622226177, -33.412044563854089 ], [ -62.14261142307037, -33.412810730387086 ], [ -62.143185233900091, -33.413576894332799 ], [ -62.143759054716014, -33.414343055691155 ], [ -62.144332885518438, -33.415109214461722 ], [ -62.144906726308093, -33.415875370644521 ], [ -62.14548057708523, -33.416641524239083 ], [ -62.146054437850587, -33.417407675245272 ], [ -62.146628308604427, -33.418173823662961 ], [ -62.147202189347475, -33.418939969491738 ], [ -62.147776080080007, -33.419706112731532 ], [ -62.148349980802735, -33.420472253381952 ], [ -62.148923891516063, -33.421238391442927 ], [ -62.149497812220346, -33.422004526914044 ], [ -62.150071742916317, -33.422770659795169 ], [ -62.150645683604274, -33.423536790086196 ], [ -62.151219634284914, -33.42430291778664 ], [ -62.151793594958519, -33.425069042896503 ], [ -62.152367565625795, -33.425835165415364 ], [ -62.152941546287046, -33.426601285343168 ], [ -62.153515536942955, -33.427367402679486 ], [ -62.154089537593926, -33.428133517424264 ], [ -62.154663548240372, -33.428899629577131 ], [ -62.155237568882967, -33.42966573913791 ], [ -62.155811599522018, -33.430431846106458 ], [ -62.156385640158213, -33.431197950482378 ], [ -62.15695969079281, -33.431964052266785 ], [ -62.157544500274433, -33.432748956718591 ], [ -62.158129320191662, -33.433533858480146 ], [ -62.158714150543879, -33.434318757549981 ], [ -62.159298991331696, -33.435103653927975 ], [ -62.159883842555779, -33.435888547613686 ], [ -62.160468704216456, -33.436673438606981 ], [ -62.161053576314337, -33.437458326907674 ], [ -62.161638458850078, -33.438243212515367 ], [ -62.162223351824004, -33.439028095429862 ], [ -62.162808255236726, -33.439812975650952 ], [ -62.16339316908892, -33.440597853178446 ], [ -62.163978093380898, -33.441382728011945 ], [ -62.164563028113285, -33.442167600151294 ], [ -62.165147973286729, -33.442952469596221 ], [ -62.165732928901548, -33.44373733634658 ], [ -62.166317894958389, -33.444522200401977 ], [ -62.166902871457879, -33.445307061762186 ], [ -62.167487858400349, -33.446091920427008 ], [ -62.168072855786846, -33.44687677639682 ], [ -62.16865295895505, -33.447645137966646 ], [ -62.169233072265826, -33.448413496886303 ], [ -62.16981319571925, -33.449181853155146 ], [ -62.170393329315957, -33.449950206772698 ], [ -62.170973473056229, -33.450718557738831 ], [ -62.171553626940678, -33.451486906053304 ], [ -62.172133790969802, -33.452255251715968 ], [ -62.172713965144119, -33.453023594726439 ], [ -62.17329414946412, -33.453791935084517 ], [ -62.173874343930429, -33.454560272790104 ], [ -62.174454548543338, -33.455328607842759 ], [ -62.175034763303437, -33.45609694024229 ], [ -62.175614988211251, -33.456865269988597 ], [ -62.176195223267285, -33.457633597081276 ], [ -62.176775468472052, -33.458401921520156 ], [ -62.177355723826025, -33.45917024330501 ], [ -62.177935989329846, -33.459938562435696 ], [ -62.178516264983799, -33.460706878911765 ], [ -62.179096550788486, -33.461475192733076 ], [ -62.179676846744421, -33.462243503899408 ], [ -62.180257152852128, -33.463011812410627 ], [ -62.180837469112056, -33.463780118266286 ], [ -62.181417795524766, -33.464548421466233 ], [ -62.181998132090868, -33.465316722010321 ], [ -62.182578478810612, -33.466085019898195 ], [ -62.183158835684644, -33.466853315129619 ], [ -62.183739202713454, -33.467621607704466 ], [ -62.184319579897561, -33.468389897622373 ], [ -62.184899967237463, -33.469158184883142 ], [ -62.185480364733657, -33.469926469486531 ], [ -62.186060772386668, -33.470694751432418 ], [ -62.186641190197079, -33.471463030720358 ], [ -62.187221618165218, -33.472231307350235 ], [ -62.187802056291666, -33.472999581321815 ], [ -62.18838250457695, -33.4737678526349 ], [ -62.188962963021559, -33.47453612128912 ], [ -62.189543431625999, -33.475304387284297 ], [ -62.190123910390788, -33.476072650620289 ], [ -62.190704399316552, -33.476840911296712 ], [ -62.191284898403545, -33.477609169313375 ], [ -62.191865407652401, -33.478377424670057 ], [ -62.192445927063623, -33.479145677366596 ], [ -62.193026456637725, -33.479913927402599 ], [ -62.193606996375188, -33.480682174777904 ], [ -62.194187546276645, -33.481450419492347 ], [ -62.194768106342387, -33.482218661545552 ], [ -62.195348676573026, -33.482986900937334 ], [ -62.195929256969059, -33.483755137667558 ], [ -62.196509847531004, -33.48452337173579 ], [ -62.197090448259353, -33.48529160314191 ], [ -62.197671059154629, -33.486059831885669 ], [ -62.198251680217425, -33.486828057966925 ], [ -62.198832311448029, -33.48759628138523 ], [ -62.199412952847084, -33.488364502140463 ], [ -62.199993604415077, -33.489132720232369 ], [ -62.200574266152522, -33.48990093566082 ], [ -62.201154938059908, -33.490669148425404 ], [ -62.201735620137747, -33.491437358525928 ], [ -62.202316312386657, -33.492205565962294 ], [ -62.202897014806936, -33.492973770734068 ], [ -62.203477727399196, -33.493741972841079 ], [ -62.204058450163927, -33.494510172283185 ], [ -62.204639183101641, -33.495278369060017 ], [ -62.205219926212855, -33.496046563171355 ], [ -62.205800679498076, -33.496814754617006 ], [ -62.206381442957785, -33.497582943396829 ], [ -62.206962216592629, -33.498351129510361 ], [ -62.207543000402865, -33.499119312957482 ], [ -62.208123794389124, -33.499887493737958 ], [ -62.208704598551705, -33.500655671851256 ], [ -62.20928061986293, -33.501424358408435 ], [ -62.209856651272439, -33.502193042341453 ], [ -62.210432692780969, -33.502961723650358 ], [ -62.211008744388892, -33.503730402334831 ], [ -62.211584806096944, -33.504499078394822 ], [ -62.212160877905511, -33.505267751829997 ], [ -62.212736959815096, -33.506036422640044 ], [ -62.213313051826219, -33.506805090824898 ], [ -62.213889153939377, -33.507573756384211 ], [ -62.214465266154967, -33.508342419317707 ], [ -62.215041388473693, -33.509111079625292 ], [ -62.215617520895961, -33.509879737306584 ], [ -62.216193663422303, -33.510648392361503 ], [ -62.216769816053166, -33.511417044789745 ], [ -62.217345978788991, -33.51218569459094 ], [ -62.217922151630489, -33.512954341765116 ], [ -62.218498334578058, -33.513722986311855 ], [ -62.219074527632181, -33.514491628230893 ], [ -62.219650730793376, -33.515260267522166 ], [ -62.220226944062155, -33.516028904185319 ], [ -62.220803167438916, -33.516797538220068 ], [ -62.22137940092437, -33.517566169626328 ], [ -62.2219556445189, -33.518334798403821 ], [ -62.222531898223025, -33.519103424552156 ], [ -62.223108162037263, -33.519872048071313 ], [ -62.223684435962085, -33.520640668960972 ], [ -62.224260719997936, -33.521409287220791 ], [ -62.224837014145479, -33.522177902850743 ], [ -62.225413318405153, -33.522946515850386 ], [ -62.225989632777448, -33.523715126219685 ], [ -62.226565957262871, -33.524483733958306 ], [ -62.227142291861803, -33.525252339065894 ], [ -62.22771863657497, -33.526020941542448 ], [ -62.228294991402791, -33.526789541387615 ], [ -62.228871356345756, -33.527558138601066 ], [ -62.229447731404363, -33.52832673318278 ], [ -62.230024116579109, -33.529095325132381 ], [ -62.230600511870435, -33.529863914449578 ], [ -62.231176917279008, -33.530632501134292 ], [ -62.231753332805248, -33.531401085186253 ], [ -62.232329758449659, -33.532169666605064 ], [ -62.232906194212731, -33.53293824539071 ], [ -62.233482640094998, -33.533706821542893 ], [ -62.23405909609685, -33.534475395061207 ], [ -62.234635562218983, -33.535243965945661 ], [ -62.235212038461803, -33.536012534195848 ], [ -62.235788524825843, -33.536781099811648 ], [ -62.23636502131157, -33.537549662792806 ], [ -62.236941527919392, -33.538318223138965 ], [ -62.237518044650045, -33.539086780850077 ], [ -62.238094571503694, -33.53985533592553 ], [ -62.238686447396454, -33.540636077228456 ], [ -62.239278333849498, -33.54141681575372 ], [ -62.239870230863595, -33.542197551501175 ], [ -62.240462138439369, -33.542978284470749 ], [ -62.241054056577163, -33.543759014662001 ], [ -62.241645985277586, -33.544539742074775 ], [ -62.242237924541179, -33.545320466708908 ], [ -62.242829874368489, -33.546101188563959 ], [ -62.243421834760035, -33.546881907639872 ], [ -62.244013805716357, -33.547662623936219 ], [ -62.244605787237994, -33.548443337452902 ], [ -62.245197779325473, -33.549224048189522 ], [ -62.245789781979433, -33.550004756145974 ], [ -62.246381795200193, -33.550785461321865 ], [ -62.246973818988401, -33.551566163716998 ], [ -62.247565853344575, -33.552346863331238 ], [ -62.248157898269262, -33.553127560164135 ], [ -62.248749953762996, -33.553908254215621 ], [ -62.249342019826294, -33.554688945485296 ], [ -62.249934096459711, -33.555469633973033 ], [ -62.250526183663766, -33.556250319678419 ], [ -62.251118281439105, -33.557031002601391 ], [ -62.251710389786062, -33.557811682741551 ], [ -62.252302508705242, -33.558592360098686 ], [ -62.252894638197205, -33.559373034672639 ], [ -62.253486778262484, -33.560153706463005 ], [ -62.254078928901592, -33.560934375469685 ], [ -62.254671090115082, -33.561715041692295 ], [ -62.25526326190348, -33.562495705130701 ], [ -62.25585544426734, -33.563276365784496 ], [ -62.256447637207266, -33.564057023653632 ], [ -62.257039840723607, -33.564837678737639 ], [ -62.257632054816995, -33.565618331036383 ], [ -62.258224279487955, -33.566398980549707 ], [ -62.258816514737035, -33.567179627277163 ], [ -62.259408760563794, -33.567960271217565 ], [ -62.259984086280731, -33.568724822872674 ], [ -62.260559422060666, -33.569489371896822 ], [ -62.261134767905055, -33.570253918290845 ], [ -62.261710123814375, -33.571018462054518 ], [ -62.262285489789143, -33.571783003187605 ], [ -62.262860865829865, -33.572547541689985 ], [ -62.263436251937023, -33.573312077561219 ], [ -62.264011648111108, -33.574076610801171 ], [ -62.264587054352653, -33.574841141409614 ], [ -62.265162470662119, -33.575605669386327 ], [ -62.265737897040026, -33.576370194731055 ], [ -62.266313333486877, -33.577134717443649 ], [ -62.266888780003036, -33.577899237523745 ], [ -62.267464236589255, -33.578663754971146 ], [ -62.268039703245897, -33.579428269785645 ], [ -62.268615179973466, -33.580192781967014 ], [ -62.269190666772474, -33.580957291514963 ], [ -62.269766163643403, -33.581721798429427 ], [ -62.270341670587293, -33.582486302710798 ], [ -62.270927112468506, -33.583259565723203 ], [ -62.271512564715771, -33.584032826010862 ], [ -62.272098027329207, -33.584806083572623 ], [ -62.272683500309427, -33.585579338408188 ], [ -62.273268983656727, -33.586352590517436 ], [ -62.273854477371849, -33.587125839900082 ], [ -62.27443998145511, -33.587899086555758 ], [ -62.275025495907201, -33.588672330484414 ], [ -62.275611020728483, -33.589445571685609 ], [ -62.276196555919626, -33.590218810159328 ], [ -62.276782101480997, -33.590992045905182 ], [ -62.277367657413279, -33.591765278922878 ], [ -62.2779532237168, -33.592538509212311 ], [ -62.278538800392184, -33.593311736773195 ], [ -62.279124387440049, -33.594084961605184 ], [ -62.279709984860716, -33.594858183708162 ], [ -62.280295592654895, -33.595631403081875 ], [ -62.280881210822905, -33.596404619725902 ], [ -62.281466839365478, -33.597177833640266 ], [ -62.282052478282921, -33.597951044824512 ], [ -62.282638127575943, -33.598724253278547 ], [ -62.283223787244893, -33.599497459002066 ], [ -62.687858867278237, -33.528723232103239 ], [ -62.664398809613367, -33.428401459798167 ], [ -62.664073319919062, -33.427024225902542 ], [ -62.662415690512937, -33.420924254179269 ], [ -62.660634768083277, -33.413494609921905 ], [ -62.658503981595103, -33.405038914836105 ], [ -62.656262323432323, -33.396396954014691 ], [ -62.650747807408145, -33.376206421266524 ], [ -62.649216427280066, -33.369925114845806 ], [ -62.64566282634226, -33.358521756819023 ], [ -62.642137560602073, -33.352984450083177 ], [ -62.637433776033575, -33.346593252173669 ], [ -62.603343574379018, -33.301352998893627 ], [ -62.63864699807862, -33.295118713593105 ], [ -62.663405765638672, -33.290330853078267 ], [ -62.688415437988738, -33.285672682671361 ], [ -62.673848462846038, -33.277043741879957 ], [ -62.660315875144512, -33.268161260735219 ], [ -62.631481427351808, -33.249136225837994 ], [ -62.617127383488494, -33.239847103736189 ], [ -62.602869897886954, -33.230342253226709 ], [ -62.59978821367433, -33.228287342739243 ], [ -62.574896295861492, -33.211517824162854 ], [ -62.573303685202859, -33.209730438770322 ], [ -62.566351764055007, -33.19889722842457 ], [ -62.558244051841001, -33.18607066061552 ], [ -62.540760654878454, -33.159147820769235 ], [ -62.535267203162881, -33.150127947790807 ], [ -62.520811677533914, -33.127526087723851 ], [ -62.414163065720068, -33.14593000266094 ], [ -62.413648227543135, -33.144098274228938 ], [ -62.303380965193448, -33.164102951440327 ], [ -62.326458196439063, -33.256739765974821 ], [ -62.233515508468678, -33.272860670659718 ], [ -62.245140365297353, -33.318715062430606 ], [ -62.190256634601312, -33.328374832068086 ], [ -62.20162206191165, -33.372428289275049 ], [ -62.202018377376262, -33.374077563997432 ], [ -62.123947472023815, -33.38802731473772 ], [ -62.12462823056395, -33.388924985869608 ], [ -62.125217114793571, -33.389701490758192 ], [ -62.125806009401323, -33.39047799292652 ], [ -62.126394914387632, -33.391254492374486 ] ] ] ] } },
{ "type": "Feature", "properties": { "id": 44, "nomenclatu": "1907", "nombre": "TUNAS" }, "geometry": { "type": "MultiPolygon", "coordinates": [ [ [ [ -62.370271955545775, -33.715016710952185 ], [ -62.370855132520873, -33.715782600679731 ], [ -62.371438319786158, -33.716548487677976 ], [ -62.372021517342134, -33.717314371946756 ], [ -62.372604725189305, -33.718080253485923 ], [ -62.373187943328176, -33.718846132295077 ], [ -62.373771171759266, -33.719612008374007 ], [ -62.374354410483093, -33.720377881722541 ], [ -62.374937659500134, -33.72114375234051 ], [ -62.375520918810921, -33.721909620227478 ], [ -62.376104188415944, -33.722675485383313 ], [ -62.37668746831573, -33.723441347807757 ], [ -62.37727075851079, -33.724207207500683 ], [ -62.377854059001621, -33.724973064461651 ], [ -62.37843736978872, -33.725738918690539 ], [ -62.379020690872615, -33.726504770187098 ], [ -62.379604022253808, -33.727270618951152 ], [ -62.380187363932805, -33.728036464982289 ], [ -62.380770715910131, -33.728802308280407 ], [ -62.381354078186263, -33.729568148845289 ], [ -62.381937450761718, -33.730333986676555 ], [ -62.382520833637038, -33.731099821774059 ], [ -62.383104226812705, -33.731865654137543 ], [ -62.383687630289224, -33.732631483766852 ], [ -62.384271044067098, -33.733397310661609 ], [ -62.384854468146855, -33.734163134821607 ], [ -62.385437902529006, -33.734928956246655 ], [ -62.386021347214033, -33.735694774936583 ], [ -62.38660480220247, -33.73646059089095 ], [ -62.387188267494814, -33.737226404109641 ], [ -62.387771743091569, -33.737992214592502 ], [ -62.388355228993255, -33.738758022339098 ], [ -62.388938725200383, -33.739523827349281 ], [ -62.38952223171345, -33.740289629622829 ], [ -62.390105748532967, -33.741055429159566 ], [ -62.39068927565944, -33.741821225959107 ], [ -62.391272813093387, -33.742587020021276 ], [ -62.391856360835327, -33.7433528113459 ], [ -62.392439918885742, -33.744118599932627 ], [ -62.393023487245159, -33.744884385781241 ], [ -62.393607065914068, -33.745650168891544 ], [ -62.394190654893002, -33.746415949263373 ], [ -62.394774254182458, -33.747181726896315 ], [ -62.395357863782955, -33.747947501790215 ], [ -62.395941483694983, -33.74871327394483 ], [ -62.396525113919061, -33.749479043360004 ], [ -62.397108754455701, -33.750244810035326 ], [ -62.397692405305406, -33.75101057397066 ], [ -62.398276066468682, -33.751776335165836 ], [ -62.398859737946054, -33.75254209362042 ], [ -62.399443419738013, -33.753307849334306 ], [ -62.400027111845084, -33.754073602307244 ], [ -62.400610814267765, -33.754839352539051 ], [ -62.40119452700656, -33.755605100029335 ], [ -62.401778250061994, -33.756370844777948 ], [ -62.402361983434567, -33.75713658678464 ], [ -62.402945727124788, -33.757902326049248 ], [ -62.403529481133177, -33.758668062571381 ], [ -62.404113245460223, -33.759433796350869 ], [ -62.404697020106447, -33.760199527387591 ], [ -62.405280805072344, -33.760965255681079 ], [ -62.405864600358456, -33.76173098123121 ], [ -62.406448405965257, -33.762496704037765 ], [ -62.407032221893289, -33.763262424100567 ], [ -62.407616048143041, -33.764028141419189 ], [ -62.408199884715003, -33.76479385599351 ], [ -62.408783731609716, -33.765559567823274 ], [ -62.409367588827692, -33.766325276908319 ], [ -62.409951456369413, -33.767090983248231 ], [ -62.410535334235419, -33.767856686842904 ], [ -62.411119222425981, -33.768622387691494 ], [ -62.411699426769893, -33.769385957837002 ], [ -62.412279641345023, -33.77014952527032 ], [ -62.41285986615209, -33.770913089991794 ], [ -62.413440101191497, -33.77167665200114 ], [ -62.414020346463957, -33.772440211298139 ], [ -62.414600601969866, -33.773203767882471 ], [ -62.415180867709715, -33.773967321754093 ], [ -62.41576114368403, -33.77473087291267 ], [ -62.416341429893208, -33.775494421357941 ], [ -62.416921726337939, -33.776257967089691 ], [ -62.417502033018643, -33.777021510107602 ], [ -62.41808234993583, -33.777785050411609 ], [ -62.418662677089976, -33.778548588001371 ], [ -62.419243014481516, -33.779312122876682 ], [ -62.419823362111138, -33.780075655037265 ], [ -62.420403719979248, -33.780839184482936 ], [ -62.42098408808635, -33.781602711213431 ], [ -62.421564466432947, -33.782366235228402 ], [ -62.422144855019447, -33.783129756527813 ], [ -62.422725253846551, -33.783893275111353 ], [ -62.423305662914679, -33.784656790978765 ], [ -62.423886082224307, -33.785420304129822 ], [ -62.424466511775968, -33.786183814564183 ], [ -62.425046951570032, -33.786947322281826 ], [ -62.425627401607237, -33.787710827282382 ], [ -62.426207861887967, -33.788474329565645 ], [ -62.426788332412727, -33.78923782913138 ], [ -62.426976901063163, -33.789571208952864 ], [ -62.427386105511331, -33.790104955744269 ], [ -62.427949304196396, -33.790764820109253 ], [ -62.428529805456179, -33.791528311520842 ], [ -62.429110316962138, -33.792291800214066 ], [ -62.429690838714656, -33.79305528618854 ], [ -62.43027137071423, -33.793818769444066 ], [ -62.430851912961252, -33.794582249980301 ], [ -62.431432465456467, -33.795345727797184 ], [ -62.432013028200252, -33.796109202894442 ], [ -62.432593601193126, -33.796872675271771 ], [ -62.433174184435572, -33.797636144928937 ], [ -62.433762676173139, -33.79840999776259 ], [ -62.434193993320825, -33.79926876283762 ], [ -62.434774606749649, -33.800032224979823 ], [ -62.435355230430105, -33.800795684400981 ], [ -62.43593586436257, -33.801559141100761 ], [ -62.43651650854779, -33.80232259507909 ], [ -62.437097162986156, -33.803086046335657 ], [ -62.437677827678158, -33.803849494870207 ], [ -62.438258502624308, -33.804612940682532 ], [ -62.43883918782501, -33.805376383772362 ], [ -62.439419883280991, -33.806139824139407 ], [ -62.440000588992618, -33.806903261783582 ], [ -62.440581304960432, -33.807666696704594 ], [ -62.441162031184895, -33.808430128902174 ], [ -62.441742767666454, -33.80919355837608 ], [ -62.442323514405786, -33.809956985126014 ], [ -62.442904271403314, -33.810720409151891 ], [ -62.443485038659539, -33.811483830453412 ], [ -62.444065816174948, -33.812247249030349 ], [ -62.444646603949963, -33.813010664882412 ], [ -62.445227401985299, -33.813774078009416 ], [ -62.445808210281342, -33.814537488411013 ], [ -62.446389028838588, -33.81530089608713 ], [ -62.446969857657571, -33.8160643010375 ], [ -62.447550696738688, -33.816827703261801 ], [ -62.448131546082614, -33.817591102759863 ], [ -62.44871240568979, -33.818354499531438 ], [ -62.449293275560713, -33.819117893576163 ], [ -62.449874155695881, -33.819881284894031 ], [ -62.450455046095691, -33.820644673484693 ], [ -62.451035946760868, -33.82140805934791 ], [ -62.451616857691796, -33.822171442483445 ], [ -62.452197778889008, -33.822934822890971 ], [ -62.45277871035298, -33.823698200570426 ], [ -62.453359652084139, -33.824461575521504 ], [ -62.453940604083158, -33.825224947743948 ], [ -62.454521566350493, -33.825988317237524 ], [ -62.455102538886614, -33.826751684002012 ], [ -62.455683521692023, -33.827515048037093 ], [ -62.456264514767234, -33.828278409342637 ], [ -62.456845518112651, -33.829041767918419 ], [ -62.457426531729006, -33.829805123764146 ], [ -62.458007555616661, -33.830568476879563 ], [ -62.458588589776141, -33.831331827264393 ], [ -62.459169634207839, -33.832095174918557 ], [ -62.459750688912493, -33.832858519841729 ], [ -62.460331753890472, -33.833621862033667 ], [ -62.460912829142302, -33.834385201494129 ], [ -62.46149391466848, -33.835148538222889 ], [ -62.462075010469512, -33.835911872219626 ], [ -62.462656116545801, -33.836675203484297 ], [ -62.463237232898074, -33.837438532016527 ], [ -62.463818359526698, -33.838201857816102 ], [ -62.464399496432222, -33.838965180882823 ], [ -62.464980643615107, -33.839728501216314 ], [ -62.465561801075786, -33.840491818816531 ], [ -62.466142968814964, -33.841255133683127 ], [ -62.466724146833037, -33.842018445815938 ], [ -62.467305335130519, -33.842781755214645 ], [ -62.467886533707805, -33.843545061879048 ], [ -62.468467742565615, -33.844308365808814 ], [ -62.469048961704338, -33.845071667003907 ], [ -62.469630191124487, -33.845834965463965 ], [ -62.470211430826581, -33.846598261188774 ], [ -62.470792680811108, -33.847361554178086 ], [ -62.471373941078461, -33.848124844431581 ], [ -62.471955211629378, -33.848888131949209 ], [ -62.472536492464243, -33.849651416730623 ], [ -62.473117783583589, -33.850414698775623 ], [ -62.473699084987885, -33.851177978083918 ], [ -62.474280396677543, -33.851941254655301 ], [ -62.474861718653294, -33.852704528489468 ], [ -62.47544305091553, -33.853467799586305 ], [ -62.476024393464748, -33.854231067945555 ], [ -62.476605746301459, -33.854994333566943 ], [ -62.477187109426062, -33.855757596450196 ], [ -62.477768482839295, -33.856520856595061 ], [ -62.478349866541521, -33.85728411400143 ], [ -62.478931260533273, -33.858047368668991 ], [ -62.479512664815047, -33.858810620597517 ], [ -62.480094079387356, -33.85957386978675 ], [ -62.480675504250591, -33.860337116236465 ], [ -62.481256939405476, -33.861100359946434 ], [ -62.481838384852395, -33.861863600916294 ], [ -62.482419840591881, -33.862626839146039 ], [ -62.483001306624317, -33.863390074635305 ], [ -62.483582782950428, -33.864153307383887 ], [ -62.484164269570606, -33.864916537391501 ], [ -62.484745766485361, -33.86567976465787 ], [ -62.485327273695191, -33.8664429891829 ], [ -62.485908791200515, -33.86720621096628 ], [ -62.486490319002044, -33.867969430007776 ], [ -62.487071857100162, -33.868732646307151 ], [ -62.487653405495408, -33.869495859864152 ], [ -62.488234964188251, -33.870259070678472 ], [ -62.488816533179225, -33.871022278750011 ], [ -62.489398112468706, -33.871785484078515 ], [ -62.489979702057418, -33.872548686663713 ], [ -62.490561301945789, -33.873311886505348 ], [ -62.491142912134301, -33.874075083603095 ], [ -62.491724532623351, -33.87483827795694 ], [ -62.492306163413659, -33.87560146956649 ], [ -62.492887804505642, -33.876364658431569 ], [ -62.493469455899799, -33.877127844551907 ], [ -62.494051117596612, -33.877891027927291 ], [ -62.494632789596615, -33.878654208557364 ], [ -62.495214471900198, -33.879417386442057 ], [ -62.495796164508093, -33.880180561581113 ], [ -62.496377867420684, -33.88094373397422 ], [ -62.496959580638482, -33.881706903621172 ], [ -62.497541304161977, -33.882470070521634 ], [ -62.498123037991611, -33.883233234675586 ], [ -62.498704782128058, -33.883996396082637 ], [ -62.499286536571759, -33.884759554742594 ], [ -62.499868301323176, -33.885522710655216 ], [ -62.500450076382855, -33.88628586382027 ], [ -62.501031861751173, -33.887049014237391 ], [ -62.501613657428855, -33.887812161906581 ], [ -62.5021954634163, -33.888575306827455 ], [ -62.502777279714024, -33.889338448999801 ], [ -62.503359106322527, -33.89010158842337 ], [ -62.503940943242206, -33.890864725097877 ], [ -62.504522790473771, -33.891627859023217 ], [ -62.505104648017642, -33.892390990199075 ], [ -62.505686515874324, -33.893154118625233 ], [ -62.506268394044319, -33.893917244301427 ], [ -62.506850282528013, -33.894680367227437 ], [ -62.507432181326145, -33.895443487402936 ], [ -62.508014090439111, -33.896206604827853 ], [ -62.508596009867418, -33.896969719501868 ], [ -62.509177939611568, -33.897732831424754 ], [ -62.509759879671954, -33.898495940596277 ], [ -62.510341830049306, -33.899259047016081 ], [ -62.510923790744023, -33.900022150684123 ], [ -62.511505761756624, -33.90078525160007 ], [ -62.512087743087598, -33.901548349763715 ], [ -62.512669734737344, -33.902311445174796 ], [ -62.513251736706586, -33.903074537833064 ], [ -62.513833748995737, -33.903837627738298 ], [ -62.514415771605293, -33.904600714890158 ], [ -62.514997804535753, -33.905363799288615 ], [ -62.515579847787528, -33.906126880933307 ], [ -62.51616190136135, -33.906889959824042 ], [ -62.516743965257582, -33.907653035960529 ], [ -62.517326039476771, -33.908416109342468 ], [ -62.517908124019407, -33.909179179969804 ], [ -62.518490218885987, -33.909942247842203 ], [ -62.51907232407693, -33.91070531295945 ], [ -62.519654439592948, -33.911468375321256 ], [ -62.520236565434438, -33.912231434927399 ], [ -62.520818701601911, -33.91299449177761 ], [ -62.521400848095773, -33.913757545871746 ], [ -62.521983004916727, -33.914520597209574 ], [ -62.522565172065192, -33.915283645790794 ], [ -62.523147349541667, -33.916046691615144 ], [ -62.523729537346661, -33.916809734682339 ], [ -62.524311735480573, -33.917572774992344 ], [ -62.524893943944114, -33.918335812544775 ], [ -62.525476162737711, -33.91909884733942 ], [ -62.526058391861845, -33.919861879376043 ], [ -62.526640631317029, -33.920624908654432 ], [ -62.527222881103796, -33.921387935174224 ], [ -62.527805141222494, -33.922150958935354 ], [ -62.528387411673883, -33.922913979937519 ], [ -62.528969692458368, -33.923676998180483 ], [ -62.529551983576447, -33.924440013663975 ], [ -62.530134285028495, -33.925203026387713 ], [ -62.530716596815267, -33.925966036351625 ], [ -62.531298918937154, -33.926729043555376 ], [ -62.531881251394651, -33.927492047998705 ], [ -62.532463594188286, -33.928255049681432 ], [ -62.533045947318548, -33.929018048603247 ], [ -62.533628310785836, -33.929781044763899 ], [ -62.534210684590903, -33.930544038163291 ], [ -62.53479306873411, -33.931307028801051 ], [ -62.535375463215992, -33.932070016677031 ], [ -62.53595786803703, -33.932833001790925 ], [ -62.536540283197652, -33.93359598414245 ], [ -62.537122708698568, -33.93435896373154 ], [ -62.537705144540176, -33.935121940557828 ], [ -62.53828759072298, -33.935884914621106 ], [ -62.538870047247393, -33.936647885921083 ], [ -62.539594579802916, -33.937305052328796 ], [ -62.539943220741279, -33.938067143940678 ], [ -62.540426275989383, -33.938829736288582 ], [ -62.541008771451779, -33.939592697430967 ], [ -62.541591277258199, -33.940355655808965 ], [ -62.542173793409411, -33.941118611422361 ], [ -62.542756319905784, -33.941881564270908 ], [ -62.54333885674783, -33.942644514354363 ], [ -62.543842759859984, -33.943304464467943 ], [ -62.667051538109483, -33.920726599607896 ], [ -62.80515089966925, -33.895996000527091 ], [ -62.801798559318158, -33.882763668526309 ], [ -62.793143476640502, -33.847228906977897 ], [ -62.791017829454667, -33.837974623304547 ], [ -62.776692809276398, -33.779326451820964 ], [ -62.753369692233377, -33.783465971205864 ], [ -62.718088995756382, -33.655567208533427 ], [ -62.713993734040407, -33.638691714881126 ], [ -62.709488322114687, -33.620225976082914 ], [ -62.703827967304079, -33.595555191773286 ], [ -62.703260597187523, -33.594458645399897 ], [ -62.687858867278038, -33.528723232103239 ], [ -62.283223787244893, -33.599497459002066 ], [ -62.283799648466925, -33.600261445400591 ], [ -62.284375519769618, -33.601025429158533 ], [ -62.28495140115367, -33.601789410275728 ], [ -62.285527292619484, -33.602553388751865 ], [ -62.286103194167538, -33.603317364586765 ], [ -62.286679105798243, -33.604081337780158 ], [ -62.287255027512295, -33.604845308331861 ], [ -62.287830959310114, -33.605609276241587 ], [ -62.288406901192054, -33.606373241509147 ], [ -62.288982853158856, -33.607137204134261 ], [ -62.28955881521091, -33.607901164116747 ], [ -62.290134787348705, -33.60866512145634 ], [ -62.29071076957262, -33.609429076152821 ], [ -62.291286761883406, -33.610193028205934 ], [ -62.291862764281412, -33.61095697761548 ], [ -62.292438776767064, -33.611720924381288 ], [ -62.29308585581699, -33.613010963646204 ], [ -62.293661892526586, -33.613774904781685 ], [ -62.294237939325569, -33.61453884327257 ], [ -62.294813996214693, -33.615302779118636 ], [ -62.295390063194311, -33.616066712319657 ], [ -62.295966140264937, -33.616830642875385 ], [ -62.296542227426983, -33.617594570785592 ], [ -62.297118324681129, -33.61835849605005 ], [ -62.297694432027782, -33.619122418668518 ], [ -62.298270549467347, -33.619886338640846 ], [ -62.298846677000498, -33.620650255966545 ], [ -62.299422814627668, -33.62141417064575 ], [ -62.299998962349342, -33.622178082677927 ], [ -62.300575120165909, -33.622941992062955 ], [ -62.301151288078096, -33.623705898800623 ], [ -62.30172746608627, -33.624469802890665 ], [ -62.302303654190851, -33.625233704332835 ], [ -62.302879852392522, -33.625997603126933 ], [ -62.303456060691708, -33.626761499272725 ], [ -62.304032279088887, -33.62752539276994 ], [ -62.304608507584447, -33.628289283618386 ], [ -62.305184746179116, -33.629053171817823 ], [ -62.305760994873275, -33.629817057368001 ], [ -62.306337253667323, -33.630580940268686 ], [ -62.306913522561977, -33.631344820519679 ], [ -62.30748980155763, -33.632108698120696 ], [ -62.308066090654656, -33.632872573071552 ], [ -62.308642389853787, -33.63363644537197 ], [ -62.309218699155402, -33.634400315021757 ], [ -62.309795018559903, -33.635164182020652 ], [ -62.310371348068003, -33.635928046368434 ], [ -62.310947687680105, -33.636691908064861 ], [ -62.311524037396673, -33.637455767109735 ], [ -62.312100397218138, -33.638219623502764 ], [ -62.312676767145199, -33.638983477243762 ], [ -62.313253147178223, -33.639747328332462 ], [ -62.313829537317659, -33.64051117676874 ], [ -62.314405937564167, -33.641275022552122 ], [ -62.314986858041721, -33.642044808638644 ], [ -62.315567788785621, -33.642814592030227 ], [ -62.316148729796375, -33.643584372726743 ], [ -62.316729681074499, -33.644354150727786 ], [ -62.317310642620505, -33.645123926033328 ], [ -62.317891614434778, -33.645893698642894 ], [ -62.318472596518085, -33.64666346855639 ], [ -62.319053588870794, -33.647433235773654 ], [ -62.319634591493426, -33.648203000294274 ], [ -62.320215604386497, -33.648972762118149 ], [ -62.320796627550507, -33.649742521244903 ], [ -62.321377660985995, -33.650512277674459 ], [ -62.321958704693323, -33.65128203140641 ], [ -62.322539758673258, -33.652051782440566 ], [ -62.323120822926185, -33.652821530776862 ], [ -62.323701897452615, -33.653591276414794 ], [ -62.32428298225306, -33.654361019354354 ], [ -62.324864077328037, -33.655130759595096 ], [ -62.325445182678052, -33.65590049713699 ], [ -62.32602629830351, -33.656670231979589 ], [ -62.326607424205143, -33.657439964122752 ], [ -62.327188560383348, -33.658209693566334 ], [ -62.327769706838637, -33.658979420309926 ], [ -62.328350863571529, -33.659749144353448 ], [ -62.328932030582529, -33.660518865696481 ], [ -62.329513207872161, -33.661288584338976 ], [ -62.330094395440803, -33.662058300280535 ], [ -62.330675593289207, -33.662828013520972 ], [ -62.331256801417766, -33.66359772406016 ], [ -62.331838019826996, -33.664367431897674 ], [ -62.332419248517411, -33.665137137033447 ], [ -62.333000487489514, -33.665906839467077 ], [ -62.333581736743817, -33.666676539198491 ], [ -62.334162996280739, -33.667446236227271 ], [ -62.334744266100991, -33.668215930553281 ], [ -62.335325546204977, -33.668985622176372 ], [ -62.335906836593232, -33.669755311096111 ], [ -62.336488137266237, -33.670524997312427 ], [ -62.337069448224518, -33.671294680824921 ], [ -62.337650769468588, -33.672064361633559 ], [ -62.338232100998852, -33.672834039737864 ], [ -62.338813442816047, -33.673603715137737 ], [ -62.339394794920558, -33.674373387832986 ], [ -62.339976157312904, -33.675143057823242 ], [ -62.340557529993603, -33.675912725108411 ], [ -62.34113891296316, -33.676682389688068 ], [ -62.341720306222086, -33.677452051562184 ], [ -62.34230170977078, -33.678221710730313 ], [ -62.342883123609994, -33.678991367192332 ], [ -62.343464547740112, -33.679761020948057 ], [ -62.344045982161653, -33.680530671997104 ], [ -62.344627426875121, -33.681300320339375 ], [ -62.345208881881042, -33.682069965974499 ], [ -62.345790347179921, -33.682839608902384 ], [ -62.346371822772149, -33.683609249122611 ], [ -62.346953308658165, -33.684378886634597 ], [ -62.347536074442857, -33.685144885335419 ], [ -62.348118850497109, -33.685910881316033 ], [ -62.348701636821723, -33.686676874576762 ], [ -62.349284433417225, -33.687442865117418 ], [ -62.349867240284098, -33.688208852937642 ], [ -62.35045005742289, -33.688974838037232 ], [ -62.351032884834076, -33.689740820415992 ], [ -62.351615722518183, -33.690506800073734 ], [ -62.352198570475714, -33.691272777010077 ], [ -62.352781428707146, -33.692038751224821 ], [ -62.353364297213048, -33.692804722717781 ], [ -62.353947175993881, -33.693570691488752 ], [ -62.354530065050156, -33.694336657537377 ], [ -62.355112964382393, -33.695102620863473 ], [ -62.355695873991095, -33.695868581466875 ], [ -62.356278793876783, -33.696634539347194 ], [ -62.356861724039945, -33.697400494504251 ], [ -62.3574446644811, -33.698166446937861 ], [ -62.358027615200747, -33.69893239664782 ], [ -62.358610576199389, -33.69969834363372 ], [ -62.359193547477574, -33.700464287895429 ], [ -62.359776529035749, -33.701230229432795 ], [ -62.360359520874475, -33.70199616824538 ], [ -62.360942522994229, -33.702762104333054 ], [ -62.361525535395515, -33.703528037695577 ], [ -62.362108558078866, -33.704293968332784 ], [ -62.362691591044786, -33.705059896244265 ], [ -62.363274634293766, -33.705825821429876 ], [ -62.363857687826318, -33.706591743889383 ], [ -62.36444075164296, -33.707357663622609 ], [ -62.365023825744196, -33.708123580629184 ], [ -62.365606910130523, -33.708889494908888 ], [ -62.366190004802469, -33.709655406461621 ], [ -62.366773109760537, -33.710421315286958 ], [ -62.367356225005203, -33.711187221384748 ], [ -62.367939350537029, -33.71195312475475 ], [ -62.36852248635649, -33.712719025396822 ], [ -62.369105632464084, -33.713484923310517 ], [ -62.369688788860358, -33.714250818495728 ], [ -62.370271955545775, -33.715016710952185 ] ] ] ] } },
{ "type": "Feature", "properties": { "id": 53, "nomenclatu": "2201", "nombre": "LA AMARGA" }, "geometry": { "type": "MultiPolygon", "coordinates": [ [ [ [ -63.602219214126251, -34.440059095884763 ], [ -63.615100257247541, -34.424306168417331 ], [ -63.625663494415825, -34.410710272757917 ], [ -63.639557815939831, -34.393614109988953 ], [ -63.646950632387622, -34.384299099464734 ], [ -63.652970782773025, -34.377316223372453 ], [ -63.661751525649649, -34.366433658378504 ], [ -63.670690236325662, -34.354761829120328 ], [ -63.673101127089325, -34.35190359208427 ], [ -63.676100665439449, -34.348240015638439 ], [ -63.683665431736557, -34.339678363158015 ], [ -63.68724494052082, -34.339130979826407 ], [ -63.70303893633308, -34.339148845286807 ], [ -63.70442514456748, -34.338859025775072 ], [ -63.721480379661585, -34.333676494578128 ], [ -63.726147146648884, -34.332565951460211 ], [ -63.728684357320951, -34.331260632238639 ], [ -63.739370033559794, -34.325413575438418 ], [ -63.741870007130608, -34.324532088009427 ], [ -63.748662856384108, -34.323092785913744 ], [ -63.750826187443778, -34.322559720017168 ], [ -63.752670058409002, -34.321357147111534 ], [ -63.754949957353325, -34.319263831789492 ], [ -63.75748449509549, -34.3185643245371 ], [ -63.759962099951153, -34.315443947973002 ], [ -63.761465223773747, -34.313543575456762 ], [ -63.763502076909397, -34.311523131671819 ], [ -63.766662907571813, -34.309285505055904 ], [ -63.769443727366919, -34.306422390249864 ], [ -63.773993480508729, -34.302723376381586 ], [ -63.777076891866251, -34.300016630259492 ], [ -63.782567031204216, -34.296361386234707 ], [ -63.785147508639149, -34.295005015692702 ], [ -63.790585252226712, -34.293635105898595 ], [ -63.797550258191379, -34.288702133179584 ], [ -63.801829049808127, -34.283834529550553 ], [ -63.80651502257453, -34.279581142674218 ], [ -63.811884865111416, -34.275660698272738 ], [ -63.816201994383349, -34.270956961989235 ], [ -63.818653790853809, -34.267622825031523 ], [ -63.82008287528101, -34.265049521987251 ], [ -63.822807980224098, -34.264930720438528 ], [ -63.82512559147316, -34.264509503870585 ], [ -63.828182366486139, -34.26333163087768 ], [ -63.831887244837425, -34.261955621719345 ], [ -63.836415174011883, -34.26007319608447 ], [ -63.840304193, -34.258472730106533 ], [ -63.860397038025049, -34.251916742600486 ], [ -63.865037657844383, -34.247341484774395 ], [ -63.872208018674705, -34.240139639557604 ], [ -63.87865172279416, -34.233905820250463 ], [ -63.879663927889105, -34.232508368665137 ], [ -63.888618272138665, -34.218366655868763 ], [ -63.907147488828265, -34.211621469350597 ], [ -63.917335972205372, -34.207349144458654 ], [ -63.924205272878389, -34.197313806977164 ], [ -63.934407984788429, -34.191262905844837 ], [ -63.94422025218725, -34.182294455642534 ], [ -63.973646229119176, -34.170704725453007 ], [ -63.9888080473009, -34.160828000150154 ], [ -63.992926098498096, -34.162856701746634 ], [ -64.001257119948974, -34.167343337204912 ], [ -64.011005701977552, -34.161779099702748 ], [ -64.018007113735166, -34.167620148193791 ], [ -64.024177801718238, -34.172495188019312 ], [ -64.031711948123458, -34.174234138760085 ], [ -64.031003572157289, -34.155549469523145 ], [ -64.030980011860791, -34.141622532741756 ], [ -64.031146131483382, -34.127384234539385 ], [ -64.031584407981157, -34.08982207631923 ], [ -64.032695288372992, -34.037848258899452 ], [ -64.033003227723412, -34.021612909250457 ], [ -64.034446795562786, -34.021659262309917 ], [ -64.03495456797927, -34.003425321567661 ], [ -64.035090192063507, -33.986679888138021 ], [ -64.035309691654405, -33.95068010605884 ], [ -64.035203411622291, -33.930859052398162 ], [ -64.034673929811362, -33.894797454294277 ], [ -64.034708599666985, -33.867453361010156 ], [ -64.034754702870472, -33.858459981390411 ], [ -64.034688595718706, -33.846257345487956 ], [ -64.03482592352637, -33.832831319229783 ], [ -64.004578840453703, -33.832899370230635 ], [ -63.978379642638281, -33.833039012758931 ], [ -63.949996091568273, -33.832882853503691 ], [ -63.924137382057339, -33.832834825663404 ], [ -63.922078059593268, -33.833188241558865 ], [ -63.891285496922805, -33.83312046723519 ], [ -63.860235038182111, -33.833044519799834 ], [ -63.837987814418256, -33.832932206497354 ], [ -63.811967548545248, -33.832685102481413 ], [ -63.809488708743508, -33.832734195149321 ], [ -63.795269363306566, -33.832826725278188 ], [ -63.781389688467165, -33.832591556356675 ], [ -63.76726324693486, -33.832448523899323 ], [ -63.752637533271567, -33.832210971908218 ], [ -63.738076929487661, -33.8321330792783 ], [ -63.725348649971977, -33.83208034869137 ], [ -63.715818552245722, -33.832021364208458 ], [ -63.69696570631961, -33.831948921528166 ], [ -63.668910194933005, -33.831540041619967 ], [ -63.655334876030807, -33.831612936295954 ], [ -63.647899518776036, -33.831534427239085 ], [ -63.629600223482484, -33.831387798999835 ], [ -63.591396424495272, -33.830961469686756 ], [ -63.591391517125693, -33.830248814416407 ], [ -63.578330300655459, -33.830401035038378 ], [ -63.51915626338802, -33.830556372320899 ], [ -63.519194555659659, -33.830974391147535 ], [ -63.489949397240196, -33.831018614127352 ], [ -63.228519305331083, -33.830575641648657 ], [ -63.246288606934563, -33.897752129258542 ], [ -63.263967604194406, -33.957332571684361 ], [ -63.288851914510914, -34.049139177350362 ], [ -63.315821708557934, -34.151699215109566 ], [ -63.374285968474624, -34.368230657023638 ], [ -63.379005320034295, -34.386746176625238 ], [ -63.391408448654296, -34.386771060237777 ], [ -63.392248042271959, -34.529241805376508 ], [ -63.412861190451729, -34.527990659606978 ], [ -63.415901666820233, -34.527805815930314 ], [ -63.417074098801073, -34.527117427329834 ], [ -63.433878595037342, -34.525958173245577 ], [ -63.45167909677906, -34.524457136496331 ], [ -63.502403629012875, -34.521050359185395 ], [ -63.538058386506151, -34.518147906943106 ], [ -63.539486291884437, -34.516403330690686 ], [ -63.556771666970846, -34.495686455747681 ], [ -63.565341492868932, -34.485113935066565 ], [ -63.583935741747567, -34.462498362991234 ], [ -63.602219214126251, -34.440059095884763 ] ] ] ] } },
{ "type": "Feature", "properties": { "id": 54, "nomenclatu": "2202", "nombre": "INDEPENDENCIA" }, "geometry": { "type": "MultiPolygon", "coordinates": [ [ [ [ -63.502403629012441, -34.521050359185502 ], [ -63.501980449910448, -34.521791543687257 ], [ -63.501998848798728, -34.524858287548781 ], [ -63.501538851378506, -34.544843010636704 ], [ -63.554850945903894, -34.547733102685399 ], [ -63.588881915843572, -34.549508807369655 ], [ -63.610809026054014, -34.549473383001519 ], [ -63.611150274890001, -34.541050337193028 ], [ -63.640427201954132, -34.541720839435676 ], [ -63.692944362200912, -34.542221390567796 ], [ -63.818917326480801, -34.545392810083072 ], [ -63.829820419993418, -34.545433398431761 ], [ -63.830309292356716, -34.530862610130661 ], [ -63.831992542260629, -34.473098690386259 ], [ -63.833557137373631, -34.418880676260812 ], [ -63.834941408656121, -34.364239990236612 ], [ -63.86479064486803, -34.364931693522934 ], [ -63.870882924586518, -34.364888497014249 ], [ -63.90391458307753, -34.365728573694177 ], [ -63.918199273052089, -34.366049038521481 ], [ -63.944219943946223, -34.366356861212765 ], [ -63.97050253268457, -34.367089080357957 ], [ -64.001234119779284, -34.367512990896998 ], [ -64.018699263206472, -34.367937155337621 ], [ -64.032527200322491, -34.368271213180442 ], [ -64.094057874486381, -34.369238552391259 ], [ -64.162196479180167, -34.370458566633125 ], [ -64.163213991758809, -34.34768472830558 ], [ -64.163258889926212, -34.339554457767761 ], [ -64.163282721870488, -34.325069320759667 ], [ -64.164937821186143, -34.279964182493401 ], [ -64.165212589629817, -34.270454010914918 ], [ -64.165442709582294, -34.260302310322878 ], [ -64.165508151254173, -34.25734721452271 ], [ -64.180081940733629, -34.251047625076048 ], [ -64.194156925576991, -34.245229468826082 ], [ -64.199178419881463, -34.242924098040433 ], [ -64.208542647905233, -34.23910037466645 ], [ -64.2076848284119, -34.238389833036649 ], [ -64.206827023335819, -34.237679285015382 ], [ -64.205969232676225, -34.236968730602889 ], [ -64.20511145643286, -34.236258169799875 ], [ -64.204253694605001, -34.235547602606616 ], [ -64.203395947192362, -34.234837029023687 ], [ -64.202538214194263, -34.234126449051622 ], [ -64.201763400583957, -34.233484547016658 ], [ -64.201357599198545, -34.23314835085786 ], [ -64.200524451721222, -34.232458096430364 ], [ -64.199691317843516, -34.231767835975695 ], [ -64.198858197564988, -34.231077569494317 ], [ -64.198025090885196, -34.230387296986649 ], [ -64.197191997803657, -34.229697018453123 ], [ -64.196358918319831, -34.229006733894195 ], [ -64.195589764430167, -34.228369402323878 ], [ -64.194820622131047, -34.227732065617928 ], [ -64.194051491422243, -34.227094723776716 ], [ -64.193282372303386, -34.226457376800546 ], [ -64.192513264774092, -34.22582002468976 ], [ -64.191744168834049, -34.225182667444734 ], [ -64.190975084482844, -34.224545305065753 ], [ -64.190206011720164, -34.223907937553236 ], [ -64.189436950545641, -34.223270564907544 ], [ -64.188667900958919, -34.222633187128892 ], [ -64.187864773534102, -34.222827644398237 ], [ -64.185875789897679, -34.223445181007236 ], [ -64.185202989068628, -34.223599071190968 ], [ -64.184134110717579, -34.22337358207502 ], [ -64.18327835332444, -34.223146027810394 ], [ -64.181920805832874, -34.222599057280924 ], [ -64.180629788387137, -34.221727184146033 ], [ -64.179620903483993, -34.221232407655279 ], [ -64.178612030217479, -34.220737622577474 ], [ -64.177603168587524, -34.220242828913101 ], [ -64.17659431859407, -34.219748026662522 ], [ -64.175415000572116, -34.219238575439931 ], [ -64.174235696502407, -34.218729112537375 ], [ -64.173056406384859, -34.218219637955606 ], [ -64.171950883165948, -34.2179059608115 ], [ -64.170873140371114, -34.217031943399014 ], [ -64.169795419826755, -34.216157915930125 ], [ -64.168933258781948, -34.215458686560304 ], [ -64.168071111976374, -34.21475945075543 ], [ -64.167208979409594, -34.214060208515988 ], [ -64.166429734626306, -34.213432942449693 ], [ -64.165650501385386, -34.212805671129857 ], [ -64.16487127968638, -34.212178394557014 ], [ -64.164092069528834, -34.211551112731371 ], [ -64.163312870912634, -34.210923825653417 ], [ -64.16253368383731, -34.210296533323316 ], [ -64.161754508302465, -34.209669235741615 ], [ -64.160975344307928, -34.209041932908463 ], [ -64.160196191853245, -34.208414624824407 ], [ -64.15909565486254, -34.208394452270646 ], [ -64.157995118102846, -34.208374269829399 ], [ -64.156894581574662, -34.208354077500836 ], [ -64.155794045278554, -34.208333875284865 ], [ -64.154693509215051, -34.208313663181563 ], [ -64.153592973384676, -34.20829344119096 ], [ -64.152492437787885, -34.208273209312949 ], [ -64.151391902425388, -34.208252967547715 ], [ -64.150291367297655, -34.208232715895214 ], [ -64.149190832405182, -34.208212454355326 ], [ -64.148090297748539, -34.2081921829283 ], [ -64.146989763328236, -34.208171901614051 ], [ -64.145889229144828, -34.208151610412465 ], [ -64.144788695198812, -34.208131309323775 ], [ -64.143688161490772, -34.208110998347948 ], [ -64.142150469937775, -34.208073040422107 ], [ -64.140612779199444, -34.208035063187218 ], [ -64.138762492047306, -34.207965378180432 ], [ -64.138163347192346, -34.207522060110584 ], [ -64.137233152785839, -34.207110769126587 ], [ -64.136249859267167, -34.206642043109717 ], [ -64.134490533619555, -34.206122266890986 ], [ -64.133583826650039, -34.206159610806921 ], [ -64.13278061977276, -34.206109111556565 ], [ -64.130984257214678, -34.206154651022501 ], [ -64.130098468540851, -34.206452416431162 ], [ -64.129489851806397, -34.206602822717997 ], [ -64.12809990350614, -34.20703553636168 ], [ -64.127339507381436, -34.206515908448146 ], [ -64.12676180015545, -34.206121116140096 ], [ -64.125450598860795, -34.205915955147447 ], [ -64.124496852113936, -34.205837459541186 ], [ -64.123678128451701, -34.205931843393628 ], [ -64.122633013373019, -34.206057255047874 ], [ -64.121990072774793, -34.206251378351197 ], [ -64.12070590333245, -34.206769920672329 ], [ -64.119883306838929, -34.206100440303615 ], [ -64.119060723349691, -34.205430954087355 ], [ -64.118238152864336, -34.204761462024038 ], [ -64.11741559538244, -34.20409196411417 ], [ -64.116593050903589, -34.203422460358013 ], [ -64.115770519427357, -34.202752950756015 ], [ -64.114948000953362, -34.202083435308609 ], [ -64.114125495481147, -34.201413914016321 ], [ -64.113303003010316, -34.20074438687935 ], [ -64.112480523540455, -34.200074853898229 ], [ -64.111658057071153, -34.199405315073435 ], [ -64.110835603601885, -34.198735770405222 ], [ -64.10969524707825, -34.198734342044602 ], [ -64.108554890291117, -34.198732903080582 ], [ -64.107414533241112, -34.198731453513318 ], [ -64.106274175928803, -34.198729993342674 ], [ -64.105133818354815, -34.198728522568786 ], [ -64.103993460519703, -34.198727041191567 ], [ -64.102853102424106, -34.198725549210948 ], [ -64.101712744068593, -34.198724046627063 ], [ -64.10057238545366, -34.198722533439749 ], [ -64.099432026580104, -34.198721009649184 ], [ -64.098291667448436, -34.198719475255203 ], [ -64.097177353297354, -34.198717659417369 ], [ -64.09606303890898, -34.198715833454791 ], [ -64.094948724283881, -34.198713997367491 ], [ -64.093834409422627, -34.198712151155526 ], [ -64.092720094325642, -34.19871029481893 ], [ -64.091605778993724, -34.198708428357556 ], [ -64.090491463427284, -34.198706551771437 ], [ -64.089389464696779, -34.198692201609937 ], [ -64.088287466063022, -34.19867784153994 ], [ -64.087420582602306, -34.197547949933664 ], [ -64.086553722524059, -34.196418051549905 ], [ -64.08612541854221, -34.195985728370147 ], [ -64.085511140988942, -34.195274980673027 ], [ -64.085114863950437, -34.194270376016512 ], [ -64.084718596609136, -34.19326576973706 ], [ -64.084322338964512, -34.192261161834828 ], [ -64.083926091015627, -34.191256552309937 ], [ -64.083529852761927, -34.190251941162586 ], [ -64.082987361324285, -34.189369446199628 ], [ -64.08244488137872, -34.188486948495708 ], [ -64.081902412924492, -34.187604448050919 ], [ -64.081276915985242, -34.186613092676851 ], [ -64.080651433918362, -34.185621733675099 ], [ -64.080025966722701, -34.184630371046133 ], [ -64.079488569905948, -34.183701704739462 ], [ -64.078951185086282, -34.182773035714739 ], [ -64.078413812263221, -34.181844363972345 ], [ -64.077748335906819, -34.180619055859694 ], [ -64.077082879186392, -34.179393743528436 ], [ -64.076739016111375, -34.179032239793379 ], [ -64.075897341309215, -34.178757947317337 ], [ -64.074797100759014, -34.178552190897889 ], [ -64.073591199490878, -34.178236436712609 ], [ -64.072385306914484, -34.177920670487417 ], [ -64.070943766605311, -34.17755217007484 ], [ -64.069322857098513, -34.177201785323447 ], [ -64.068985929767422, -34.177386982558353 ], [ -64.06836316951906, -34.177718252236431 ], [ -64.067622286990627, -34.178096145740383 ], [ -64.066854989889237, -34.178350449447294 ], [ -64.06611461394364, -34.178769601213624 ], [ -64.065100854175341, -34.179191122174402 ], [ -64.063565958858689, -34.179679060699897 ], [ -64.062338193277725, -34.180078120294105 ], [ -64.061167594282679, -34.180286119851857 ], [ -64.059996989250621, -34.180494108341541 ], [ -64.058817678038906, -34.180649564234386 ], [ -64.057080804459289, -34.180891535564477 ], [ -64.056284480322972, -34.180815850719391 ], [ -64.055513266835007, -34.180760580130851 ], [ -64.054219628841409, -34.180668523889878 ], [ -64.053199377137503, -34.180574107425407 ], [ -64.0518301606687, -34.180400131203228 ], [ -64.05090804459627, -34.180201675249144 ], [ -64.049650664407025, -34.179751615175647 ], [ -64.048675537380163, -34.179285329702104 ], [ -64.047850044479262, -34.178859030239664 ], [ -64.046826760718474, -34.178516955645293 ], [ -64.044978527583467, -34.177789820458763 ], [ -64.043519355245195, -34.177200858010373 ], [ -64.042097971141629, -34.176820857674308 ], [ -64.041124691994042, -34.176498946500431 ], [ -64.039452788241235, -34.175955953411545 ], [ -64.038169272354452, -34.175657715135571 ], [ -64.03688576517041, -34.175359463251901 ], [ -64.035602266689907, -34.175061197760876 ], [ -64.034318776913551, -34.17476291866312 ], [ -64.033015358625676, -34.174498535714939 ], [ -64.031711948123458, -34.174234138760085 ], [ -64.024177801718238, -34.172495188019312 ], [ -64.018007113735067, -34.167620148193798 ], [ -64.011005701977552, -34.161779099702748 ], [ -64.001257119949102, -34.167343337204912 ], [ -63.992926098498096, -34.162856701746634 ], [ -63.9888080473009, -34.160828000150154 ], [ -63.973646229119176, -34.170704725453007 ], [ -63.94422025218735, -34.182294455642534 ], [ -63.934407984788429, -34.191262905844923 ], [ -63.924205272878389, -34.197313806977164 ], [ -63.917335972205372, -34.207349144458654 ], [ -63.907147488828159, -34.211621469350675 ], [ -63.888618272138665, -34.218366655868763 ], [ -63.879663927889219, -34.232508368665215 ], [ -63.87865172279416, -34.233905820250463 ], [ -63.872208018674286, -34.240139639557889 ], [ -63.865037657844496, -34.247341484774566 ], [ -63.860397038025049, -34.251916742600486 ], [ -63.840304192999881, -34.258472730106533 ], [ -63.836415174011911, -34.260073196086175 ], [ -63.831887244837439, -34.261955621719444 ], [ -63.828182366486473, -34.263331630877779 ], [ -63.82512559147316, -34.264509503870585 ], [ -63.822807980224198, -34.264930720438528 ], [ -63.82008287528101, -34.265049521987251 ], [ -63.818653790853908, -34.267622825031523 ], [ -63.816201994383349, -34.270956961989235 ], [ -63.811884865111516, -34.275660698272652 ], [ -63.806515022574636, -34.279581142674097 ], [ -63.801829049808127, -34.283834529550553 ], [ -63.797550258191379, -34.288702133179584 ], [ -63.790585252226826, -34.293635105898595 ], [ -63.785147508639149, -34.295005015692702 ], [ -63.78256703120433, -34.296361386234615 ], [ -63.777076891866251, -34.300016630259492 ], [ -63.773993480508942, -34.302723376381493 ], [ -63.769443727366919, -34.306422390249864 ], [ -63.766662907571813, -34.309285505055904 ], [ -63.763502076909397, -34.311523131671819 ], [ -63.761465223773847, -34.313543575456777 ], [ -63.759962099948858, -34.315443947973726 ], [ -63.75748449509549, -34.3185643245371 ], [ -63.754949957353325, -34.319263831789492 ], [ -63.752670058409002, -34.321357147111534 ], [ -63.750826187443892, -34.322559720017168 ], [ -63.748662856383895, -34.323092785913822 ], [ -63.741870007130608, -34.324532088009427 ], [ -63.739370033559794, -34.325413575438418 ], [ -63.728684357321377, -34.331260632238447 ], [ -63.726147146648884, -34.332565951460211 ], [ -63.721480379661379, -34.333676494578221 ], [ -63.704425144567381, -34.338859025775072 ], [ -63.70303893633308, -34.339148845286807 ], [ -63.68724494052082, -34.339130979826407 ], [ -63.683665431736557, -34.339678363158015 ], [ -63.676100665439563, -34.348240015638524 ], [ -63.673101127089438, -34.351903592084433 ], [ -63.670690236325441, -34.354761829120235 ], [ -63.661751525649862, -34.366433658378163 ], [ -63.652970782772712, -34.377316223372723 ], [ -63.646950632387622, -34.384299099464734 ], [ -63.639557815939298, -34.393614109988853 ], [ -63.625663494416052, -34.41071027275764 ], [ -63.615100257247541, -34.424306168417239 ], [ -63.602219214126364, -34.440059095884841 ], [ -63.583935741743318, -34.462498362992342 ], [ -63.565341492869038, -34.485113935066117 ], [ -63.556771666970313, -34.495686455748121 ], [ -63.53948629188389, -34.516403330691674 ], [ -63.538058386506151, -34.518147906943106 ], [ -63.502403629012441, -34.521050359185502 ] ] ] ] } },
{ "type": "Feature", "properties": { "id": 55, "nomenclatu": "2203", "nombre": "SAN MARTIN" }, "geometry": { "type": "MultiPolygon", "coordinates": [ [ [ [ -62.872743856381447, -34.130742899697189 ], [ -62.896552929455112, -34.222884288866211 ], [ -62.939163990301502, -34.386268993517781 ], [ -62.952709173200603, -34.386274977780509 ], [ -62.991484166356855, -34.385987437614517 ], [ -62.997460906763742, -34.385366516855569 ], [ -63.379005320034295, -34.386746176625238 ], [ -63.37428596847451, -34.368230657023553 ], [ -63.31582170855782, -34.151699215108849 ], [ -63.288851914510914, -34.049139177349907 ], [ -63.263967604194406, -33.957332571684105 ], [ -63.246288606934563, -33.897752129258357 ], [ -63.228519305331083, -33.830575641648657 ], [ -63.228509990645961, -33.83057561599113 ], [ -63.224709522772244, -33.815258547610341 ], [ -63.193193118186272, -33.822580725519245 ], [ -63.141402605671907, -33.834624682611881 ], [ -63.139725648555519, -33.827932218711148 ], [ -63.097730248290304, -33.835790985920539 ], [ -63.083696072304555, -33.838296762202205 ], [ -63.084441443195431, -33.841500788726634 ], [ -63.084200800911901, -33.841548232388099 ], [ -63.084985093932424, -33.845538129536365 ], [ -63.021391683208414, -33.856643837295259 ], [ -63.001119067575651, -33.860062669321707 ], [ -62.809436982223318, -33.895213748848917 ], [ -62.82166371184929, -33.94123670045682 ], [ -62.846170010241494, -34.032725427559079 ], [ -62.858152986708546, -34.078775226472921 ], [ -62.872743856381447, -34.130742899697189 ] ] ] ] } },
{ "type": "Feature", "properties": { "id": 56, "nomenclatu": "2204", "nombre": "LA PAZ" }, "geometry": { "type": "MultiPolygon", "coordinates": [ [ [ [ -62.602152866514857, -34.019181659222639 ], [ -62.614824255401317, -34.035570611395016 ], [ -62.61773051043113, -34.039612663427704 ], [ -62.625902767202739, -34.050377150488309 ], [ -62.649347111068352, -34.081365656272439 ], [ -62.656795563269206, -34.091167380770003 ], [ -62.659486171304827, -34.095503077549132 ], [ -62.671693425772979, -34.111663259717638 ], [ -62.747850727992223, -34.209157147794905 ], [ -62.766443934047977, -34.233893430538174 ], [ -62.809573469163638, -34.290628540063729 ], [ -62.8384947108636, -34.328509237691733 ], [ -62.855602035575394, -34.351210077895459 ], [ -62.869973710441123, -34.36631067142536 ], [ -62.889523235452025, -34.386051554562506 ], [ -62.901869974724548, -34.386109248602438 ], [ -62.918899105128084, -34.386257240976022 ], [ -62.924132112657517, -34.386260597246839 ], [ -62.939163990301502, -34.386268993517781 ], [ -62.896552929455758, -34.222884288869388 ], [ -62.872743856381561, -34.130742899697097 ], [ -62.85815298671038, -34.078775226479678 ], [ -62.846170010241394, -34.032725427559178 ], [ -62.821663711848537, -33.941236700453949 ], [ -62.809436982223318, -33.895213748848548 ], [ -62.805150941593745, -33.895995991219593 ], [ -62.667051580057517, -33.920726590348657 ], [ -62.543842801833286, -33.943304455250541 ], [ -62.544515003721763, -33.944173695412594 ], [ -62.545108572123837, -33.944939935499931 ], [ -62.545695345879587, -33.945710620574168 ], [ -62.546282130163256, -33.946481302841448 ], [ -62.546868924975662, -33.947251982301907 ], [ -62.547455730317466, -33.948022658955196 ], [ -62.548042546188981, -33.94879333280128 ], [ -62.548629372590796, -33.949564003839726 ], [ -62.549216209523578, -33.950334672070476 ], [ -62.549803056987628, -33.951105337493154 ], [ -62.550389914983562, -33.951876000107482 ], [ -62.550976783512006, -33.952646659913363 ], [ -62.551563662573301, -33.953417316910389 ], [ -62.552150552168051, -33.954187971098463 ], [ -62.552737452296782, -33.954958622477328 ], [ -62.553324362960119, -33.955729271046572 ], [ -62.553911284158382, -33.956499916806173 ], [ -62.554498215892195, -33.957270559755678 ], [ -62.555085158162186, -33.95804119989505 ], [ -62.555672110968665, -33.958811837223934 ], [ -62.556259074312251, -33.95958247174201 ], [ -62.556846048193606, -33.960353103449222 ], [ -62.557433032613005, -33.961123732345222 ], [ -62.558020027571096, -33.961894358429689 ], [ -62.558607033068498, -33.962664981702517 ], [ -62.559194049105521, -33.963435602163329 ], [ -62.5597810756828, -33.964206219812077 ], [ -62.560368112800973, -33.964976834648368 ], [ -62.560955160460331, -33.965747446671898 ], [ -62.561542218661508, -33.966518055882617 ], [ -62.562129287405043, -33.967288662280168 ], [ -62.562716366691546, -33.96805926586422 ], [ -62.563303456521332, -33.968829866634728 ], [ -62.563890556895025, -33.969600464591267 ], [ -62.564477667813271, -33.970371059733736 ], [ -62.565064789276377, -33.971141652061846 ], [ -62.56565192128496, -33.971912241575232 ], [ -62.566239063839653, -33.972682828273847 ], [ -62.566826216940768, -33.973453412157262 ], [ -62.567413380588924, -33.974223993225415 ], [ -62.568000554784668, -33.974994571477964 ], [ -62.568587739528617, -33.975765146914583 ], [ -62.569174934821078, -33.976535719535214 ], [ -62.569762140662675, -33.977306289339438 ], [ -62.570349357054063, -33.978076856327156 ], [ -62.570936583995511, -33.97884742049807 ], [ -62.571523821487702, -33.979617981851817 ], [ -62.572111069531218, -33.980388540388361 ], [ -62.572698328126386, -33.981159096107277 ], [ -62.573285597273831, -33.981929649008471 ], [ -62.573872876974093, -33.982700199091632 ], [ -62.574460167227791, -33.983470746356438 ], [ -62.57504746803523, -33.984241290802792 ], [ -62.575634779397035, -33.985011832430381 ], [ -62.576222101313867, -33.985782371238855 ], [ -62.576809433785996, -33.986552907228202 ], [ -62.577396776814076, -33.987323440397937 ], [ -62.57798413039874, -33.988093970748011 ], [ -62.578571494540284, -33.988864498278097 ], [ -62.579158869239336, -33.989635022987862 ], [ -62.579707121812099, -33.990354211812523 ], [ -62.58023304245647, -33.990881468983524 ], [ -62.580968792123926, -33.991584647741028 ], [ -62.581866790482501, -33.992368538516487 ], [ -62.58964409645278, -34.003052122807077 ], [ -62.602152866514857, -34.019181659222639 ] ] ] ] } },
{ "type": "Feature", "properties": { "id": 144, "nomenclatu": "3604", "nombre": "ASCASUBI" }, "geometry": { "type": "MultiPolygon", "coordinates": [ [ [ [ -62.625233769638804, -33.107961870795918 ], [ -62.604480363576712, -33.11193203796163 ], [ -62.590784906009468, -33.114560340472906 ], [ -62.563615639063478, -33.119769478148186 ], [ -62.549880779836521, -33.12239627816713 ], [ -62.537411490269839, -33.124533996842899 ], [ -62.520811719115962, -33.127526078509625 ], [ -62.535267244754166, -33.15012793857187 ], [ -62.540760696473569, -33.1591478115486 ], [ -62.558244093447094, -33.186070651389272 ], [ -62.566351805666386, -33.198897219195509 ], [ -62.573303726818644, -33.209730429539064 ], [ -62.574896337477981, -33.211517814930986 ], [ -62.599788255296801, -33.228287333499587 ], [ -62.602869939509439, -33.230342243985639 ], [ -62.617127425114454, -33.239847094490571 ], [ -62.631481468980191, -33.249136216587324 ], [ -62.660315916776739, -33.268161251472797 ], [ -62.673848504483459, -33.277043732615205 ], [ -62.68841547962888, -33.285672673401749 ], [ -62.663405807282295, -33.29033084381706 ], [ -62.638647039728035, -33.295118704340247 ], [ -62.603343616035225, -33.301352989652685 ], [ -62.637433817708207, -33.346593242921728 ], [ -62.642436154244002, -33.3534534219447 ], [ -62.894777987387656, -33.307722534607294 ], [ -63.081660113924741, -33.272761942130842 ], [ -63.113368490654928, -33.267133036031822 ], [ -63.134513651246422, -33.26329041804081 ], [ -63.135149625215561, -33.262284658080596 ], [ -63.166008839534676, -33.256743101666366 ], [ -63.166304102476218, -33.257902573347472 ], [ -63.177142235983325, -33.255965037473828 ], [ -63.176824092048257, -33.254739560258415 ], [ -63.199627894067447, -33.250509083182862 ], [ -63.200901388525253, -33.254777410200674 ], [ -63.204716458995321, -33.253955026279655 ], [ -63.204010980808157, -33.251950106051851 ], [ -63.205580632189381, -33.251616451400935 ], [ -63.204848339620654, -33.249539960038575 ], [ -63.218447928553999, -33.247014204233288 ], [ -63.219550423173182, -33.244115956683075 ], [ -63.212265676292724, -33.217806142654311 ], [ -63.212265676292724, -33.217806142654311 ], [ -63.204303211848611, -33.19427572915761 ], [ -63.215281769188614, -33.192041517894367 ], [ -63.213441573061736, -33.185293157478142 ], [ -63.211663879636362, -33.179252367981107 ], [ -63.207223578017974, -33.162508545709962 ], [ -63.203803713684458, -33.148195738903219 ], [ -63.19686989660044, -33.12245292725698 ], [ -63.193855963417874, -33.110670926823396 ], [ -63.190967133081898, -33.100600179012361 ], [ -63.1801916916327, -33.102497464373897 ], [ -63.177095663112333, -33.091977403077976 ], [ -63.173270364006591, -33.07705164430881 ], [ -63.167305713422415, -33.053550806478327 ], [ -63.162883855911211, -33.037151648735666 ], [ -63.159779524654624, -33.024842920742721 ], [ -63.156191958401799, -33.010777752750805 ], [ -63.154364320731858, -33.00383297178503 ], [ -63.152399026840953, -32.997204825800857 ], [ -63.150623425536232, -32.990714667793888 ], [ -63.148374329138278, -32.981861037181595 ], [ -63.147037054939418, -32.9768008426392 ], [ -63.143971660995298, -32.964899163179233 ], [ -63.142134199417526, -32.957899303248887 ], [ -63.13630304196672, -32.935729531399595 ], [ -63.131753743471208, -32.919096571072764 ], [ -63.109799193636711, -32.923186244803162 ], [ -63.106760753033235, -32.911674197880565 ], [ -63.096133767549006, -32.872096793650009 ], [ -63.090610978781889, -32.850247070859574 ], [ -63.071009327344385, -32.854029210602882 ], [ -63.055850417167846, -32.85704998208621 ], [ -62.960376011865009, -32.856741715762084 ], [ -62.882677328181892, -32.856445296372776 ], [ -62.883256715829852, -32.843864307830508 ], [ -62.858550824266942, -32.848334232732405 ], [ -62.851243388274035, -32.848784268679999 ], [ -62.82760570084001, -32.853150196748558 ], [ -62.802930345625768, -32.857852734198985 ], [ -62.72921899000103, -32.871208321154803 ], [ -62.703822616897654, -32.875713079403923 ], [ -62.690335122312398, -32.876900493746433 ], [ -62.688643472001985, -32.874314701115608 ], [ -62.666189432675878, -32.878843419227913 ], [ -62.663672272648938, -32.881176561140947 ], [ -62.633616773562672, -32.886003973021232 ], [ -62.617188959005325, -32.819248178582612 ], [ -62.584898422732984, -32.82497592023411 ], [ -62.559768730638105, -32.829403507640357 ], [ -62.532846582015324, -32.833805897313496 ], [ -62.515901825310003, -32.837040016887819 ], [ -62.521016292564774, -32.859174603704055 ], [ -62.527679123935627, -32.885044851196426 ], [ -62.532121147393681, -32.904371845557691 ], [ -62.53231993054581, -32.904706787442812 ], [ -62.532615133524914, -32.905827293052376 ], [ -62.540866209040537, -32.939391160352251 ], [ -62.542887672110332, -32.946712453860464 ], [ -62.534033308061893, -32.947924483367245 ], [ -62.52076194698784, -32.95036866083322 ], [ -62.507803095429296, -32.952753789219912 ], [ -62.508950597048468, -32.958445967042401 ], [ -62.513639292329835, -32.97576743569131 ], [ -62.516103827823436, -32.985453937688334 ], [ -62.518221442447576, -32.994377611068039 ], [ -62.522760898858827, -33.013500933734591 ], [ -62.52491356646258, -33.021724062102166 ], [ -62.530602815447139, -33.043449437163297 ], [ -62.53103063557041, -33.043550858323862 ], [ -62.531372496253624, -33.043656176493954 ], [ -62.531895688720937, -33.043788030520979 ], [ -62.533414833751152, -33.044539622235931 ], [ -62.533630452771888, -33.044612173927788 ], [ -62.534145250269397, -33.044753023125487 ], [ -62.534548951170564, -33.044920616903575 ], [ -62.534939478739844, -33.045131722919493 ], [ -62.535471255071712, -33.045446948438226 ], [ -62.536397557982561, -33.046090242813683 ], [ -62.536566255552913, -33.046217811302675 ], [ -62.537287795308018, -33.046607454759808 ], [ -62.538152082064961, -33.047208347517973 ], [ -62.538628003148034, -33.047841661891518 ], [ -62.538945276558053, -33.048266110590916 ], [ -62.539274901229568, -33.048525415744002 ], [ -62.5394597776545, -33.048628232747795 ], [ -62.539761364038895, -33.048780316697211 ], [ -62.540346052783264, -33.049206927425551 ], [ -62.540593753546844, -33.049441383282833 ], [ -62.540917437683525, -33.049792888921345 ], [ -62.541112487466251, -33.050027149972451 ], [ -62.541590945690359, -33.050341211566781 ], [ -62.541869717277763, -33.050517967301317 ], [ -62.542134006623769, -33.050726209541025 ], [ -62.542593749783819, -33.05114185453678 ], [ -62.543117641515522, -33.051484815010312 ], [ -62.543790240405649, -33.051948492849149 ], [ -62.544238793617481, -33.052358823590012 ], [ -62.544676313069715, -33.052766135754474 ], [ -62.544995506049617, -33.053091002076982 ], [ -62.545197462761081, -33.053313230756835 ], [ -62.545494486936903, -33.053641304743316 ], [ -62.545783579132333, -33.054014346310424 ], [ -62.546194473504457, -33.0544052410945 ], [ -62.546701889162236, -33.054988015299067 ], [ -62.547071175305568, -33.055353574949706 ], [ -62.547293681311899, -33.055585433894933 ], [ -62.547707939081945, -33.055948644615079 ], [ -62.547994102915304, -33.056169847375372 ], [ -62.54817844863117, -33.056326242602111 ], [ -62.54860145101501, -33.0567210916523 ], [ -62.548918107711799, -33.05708221223815 ], [ -62.549546315404349, -33.057673738664015 ], [ -62.550016328183247, -33.0581904050429 ], [ -62.550392895911365, -33.05850497892186 ], [ -62.550788290282775, -33.058779456706809 ], [ -62.551161535238755, -33.059003984831143 ], [ -62.551738960709073, -33.059504273486453 ], [ -62.552002922924586, -33.059860839539134 ], [ -62.552303745303412, -33.060095611517539 ], [ -62.553146488567101, -33.060646954226769 ], [ -62.553709001669304, -33.061151166217329 ], [ -62.554219574385016, -33.061622731787793 ], [ -62.554534987331792, -33.061890270940907 ], [ -62.554750943970085, -33.062071035907216 ], [ -62.555211300394369, -33.06234124781772 ], [ -62.555678264642566, -33.062576424444089 ], [ -62.556497908000239, -33.062852474391079 ], [ -62.557302734382503, -33.063086942359377 ], [ -62.557852957283103, -33.063196225299116 ], [ -62.558524185302147, -33.063476683461893 ], [ -62.55879710622203, -33.063617663445413 ], [ -62.559068571376997, -33.063746407046892 ], [ -62.559416397792162, -33.063982150992402 ], [ -62.559864535497788, -33.064082712054415 ], [ -62.560189752879552, -33.064197615272356 ], [ -62.560819353326671, -33.064377696396491 ], [ -62.561306982449082, -33.064524122358968 ], [ -62.561753796664981, -33.064695602447934 ], [ -62.562245913577172, -33.064789091361007 ], [ -62.562542569051217, -33.064849731054821 ], [ -62.563258448091617, -33.065024881229192 ], [ -62.563971972892894, -33.065340660317844 ], [ -62.564838553685433, -33.06588766681724 ], [ -62.56534395308492, -33.066361120505832 ], [ -62.565694820357947, -33.066789375393398 ], [ -62.565994498911728, -33.067251024304554 ], [ -62.566262786653361, -33.067699471202531 ], [ -62.56665165167184, -33.0682023724899 ], [ -62.567270523308167, -33.069074222088908 ], [ -62.567739138215344, -33.06936681974377 ], [ -62.56811293061687, -33.069647798462526 ], [ -62.568864630566175, -33.070128476876583 ], [ -62.570411107761593, -33.071033692828451 ], [ -62.570661782586605, -33.071250525661426 ], [ -62.570889308895183, -33.071447333755707 ], [ -62.571300839213784, -33.071750492657358 ], [ -62.57169494565423, -33.072041073069002 ], [ -62.572105512125873, -33.07235050651645 ], [ -62.572640750687121, -33.072753896856383 ], [ -62.57313414815038, -33.073478015747583 ], [ -62.573711368698227, -33.074325137416814 ], [ -62.57422330528172, -33.075185429438108 ], [ -62.574386606075102, -33.075451142330003 ], [ -62.57483851509356, -33.076185951188783 ], [ -62.575477187362154, -33.076782558558591 ], [ -62.576045998997721, -33.077238197435349 ], [ -62.576391490435974, -33.077514945131597 ], [ -62.576761579440912, -33.077810940065802 ], [ -62.577140701245909, -33.078114172719523 ], [ -62.577784910396318, -33.078734099199238 ], [ -62.578606795970487, -33.079613746060005 ], [ -62.57982473979169, -33.080971008256441 ], [ -62.5806264119147, -33.081591450465019 ], [ -62.581620714249681, -33.082168409794043 ], [ -62.582462364382131, -33.082680825180276 ], [ -62.582720539108209, -33.082891541175442 ], [ -62.583100604262725, -33.083201738407155 ], [ -62.583873793644074, -33.083832780995621 ], [ -62.584532978946356, -33.084329408227461 ], [ -62.585128795583771, -33.084778286004763 ], [ -62.58576623238411, -33.085118492876347 ], [ -62.586234719835609, -33.085368525923101 ], [ -62.58668174428086, -33.085607101148796 ], [ -62.587390576880608, -33.086046810872993 ], [ -62.588112002789885, -33.086494323980467 ], [ -62.588868022488825, -33.086932102811566 ], [ -62.590209118574244, -33.08770865256168 ], [ -62.590609063771076, -33.087900014138732 ], [ -62.590894323051316, -33.088046317772573 ], [ -62.591261235190679, -33.088351134835065 ], [ -62.591590012542149, -33.088629143905017 ], [ -62.591761548070487, -33.088813312997736 ], [ -62.591986988801004, -33.089014873501355 ], [ -62.592533134753531, -33.089365226077682 ], [ -62.593515571686417, -33.089495559920138 ], [ -62.593921524169872, -33.089725020119033 ], [ -62.594399422274385, -33.090084037892289 ], [ -62.59462080888332, -33.090418277320666 ], [ -62.594975526797974, -33.090740409412362 ], [ -62.595399569063737, -33.090966950638936 ], [ -62.59603146892465, -33.091146323860606 ], [ -62.596427533205727, -33.091356234922181 ], [ -62.596897672263466, -33.091605402129602 ], [ -62.597430398514582, -33.091930190403438 ], [ -62.597966237877728, -33.092180221210548 ], [ -62.598371397609661, -33.092450335849172 ], [ -62.598663851281152, -33.092666557996864 ], [ -62.599203111989709, -33.093080284698331 ], [ -62.599867370460302, -33.093411865026965 ], [ -62.6005571676979, -33.093549069016532 ], [ -62.601159780559101, -33.093875032492342 ], [ -62.601701121584206, -33.094474700893151 ], [ -62.602075770492768, -33.09501304565859 ], [ -62.602618076756983, -33.095431020952496 ], [ -62.603092401156424, -33.095678867481098 ], [ -62.603651279876992, -33.095926761650553 ], [ -62.604151366672319, -33.096232192306921 ], [ -62.604407106729766, -33.096365817808241 ], [ -62.604877719222124, -33.096705091892801 ], [ -62.605230093397047, -33.09704361530089 ], [ -62.605519650567373, -33.097401429763828 ], [ -62.605901613800249, -33.097892750341714 ], [ -62.606279988401376, -33.098365761442793 ], [ -62.606944087185873, -33.098759716454438 ], [ -62.607578712994908, -33.099075040114151 ], [ -62.608125422875901, -33.09934667699455 ], [ -62.608732051609955, -33.099648080248969 ], [ -62.609427669634783, -33.100215446138982 ], [ -62.610052473958945, -33.100725044845426 ], [ -62.610603556347208, -33.101174507491116 ], [ -62.611070774299861, -33.101554590733848 ], [ -62.611719165367838, -33.102082050552454 ], [ -62.612701838894992, -33.102802918363999 ], [ -62.614127282652632, -33.103271955231691 ], [ -62.614989715285418, -33.103492313987552 ], [ -62.615265447226548, -33.103621702318385 ], [ -62.615715735224654, -33.103880852651713 ], [ -62.616140536901675, -33.104125603556056 ], [ -62.616969244983366, -33.104445445880096 ], [ -62.61734944389476, -33.104554791381808 ], [ -62.618079232368501, -33.104783692819936 ], [ -62.618747384589888, -33.105043803206463 ], [ -62.61900440635403, -33.105115805806754 ], [ -62.61931630340024, -33.105249040454765 ], [ -62.619831126266725, -33.105461662904794 ], [ -62.620284801450175, -33.10566154196551 ], [ -62.620721136728051, -33.105867056225755 ], [ -62.6210652596858, -33.106040813937838 ], [ -62.622242319648542, -33.106518278364774 ], [ -62.623419392429426, -33.106995731730045 ], [ -62.623920555830395, -33.107275743221827 ], [ -62.625233769638804, -33.107961870795918 ] ] ] ] } },
{ "type": "Feature", "properties": { "id": 145, "nomenclatu": "3605", "nombre": "LOBOY" }, "geometry": { "type": "MultiPolygon", "coordinates": [ [ [ [ -63.091438961846471, -33.310852401033976 ], [ -63.087730654769786, -33.296530043756114 ], [ -63.081660113924841, -33.272761942130842 ], [ -62.894777987387656, -33.307722534607294 ], [ -62.642436154244002, -33.3534534219447 ], [ -62.645662868021518, -33.358521747564097 ], [ -62.649216468964418, -33.369925105589743 ], [ -62.650747849095332, -33.376206412010063 ], [ -62.656262365128605, -33.396396944756674 ], [ -62.658504023295393, -33.405038905576632 ], [ -62.660634809787183, -33.413494600661934 ], [ -62.662415732220218, -33.420924244918901 ], [ -62.6640733616291, -33.427024216641584 ], [ -62.664398851323796, -33.42840145053826 ], [ -62.703260638974143, -33.594458636126596 ], [ -62.703828009091183, -33.595555182499695 ], [ -62.709488363913117, -33.620225966807602 ], [ -62.713993775848678, -33.638691705610952 ], [ -62.718089037570905, -33.655567199255088 ], [ -62.753369734106435, -33.783465961916292 ], [ -62.776692851144979, -33.779326442523455 ], [ -62.791017871350128, -33.837974614002093 ], [ -62.793143518540354, -33.847228897674761 ], [ -62.801798601234154, -33.882763659219563 ], [ -62.805150941591684, -33.895995991220303 ], [ -63.001119067576198, -33.860062669321429 ], [ -63.021391683206254, -33.856643837295181 ], [ -63.084985093932424, -33.845538129536365 ], [ -63.084200800912001, -33.841548232388099 ], [ -63.084441443195544, -33.841500788726648 ], [ -63.083696072304555, -33.838296762202205 ], [ -63.097730248291377, -33.835790985920717 ], [ -63.139725648555519, -33.827932218711148 ], [ -63.141402605671907, -33.834624682611881 ], [ -63.193193118186272, -33.822580725519245 ], [ -63.224709522772244, -33.815258547610341 ], [ -63.200348519405281, -33.724059753991071 ], [ -63.18560541211049, -33.669075147336748 ], [ -63.181633614923399, -33.654439167642671 ], [ -63.178642457356055, -33.642245638260512 ], [ -63.167664895005061, -33.601488926806134 ], [ -63.142689453896892, -33.507415204642804 ], [ -63.12714097318576, -33.447583718484651 ], [ -63.125746643014345, -33.441963294256283 ], [ -63.122933191673482, -33.431326140421142 ], [ -63.113444144546705, -33.394899512170831 ], [ -63.091438961846471, -33.310852401033976 ] ] ] ] } }
]
}
