{
"type": "FeatureCollection",
"name": "lagunas",
"crs": { "type": "name", "properties": { "name": "urn:ogc:def:crs:OGC:1.3:CRS84" } },
"features": [
{ "type": "Feature", "properties": { "field_1": 1, "field_2": "1-1-1-CBA", "field_3": "pedania_chucul_cordoba", "field_4": 4443986.61, "field_5": 6357454.64, "field_6": null, "field_7": null }, "geometry": { "type": "Point", "coordinates": [ -63.598859924689904, -32.924299726717088 ] } },
{ "type": "Feature", "properties": { "field_1": 10, "field_2": "1-1-10-CBA", "field_3": "pedania_chucul_cordoba", "field_4": 4442159.87, "field_5": 6349279.32, "field_6": null, "field_7": null }, "geometry": { "type": "Point", "coordinates": [ -63.618902926615583, -32.99791576195291 ] } },
{ "type": "Feature", "properties": { "field_1": 11, "field_2": "1-1-11-CBA", "field_3": "pedania_chucul_cordoba", "field_4": 4443984.9, "field_5": 6350041.64, "field_6": null, "field_7": null }, "geometry": { "type": "Point", "coordinates": [ -63.599329208761667, -32.991137746590027 ] } },
{ "type": "Feature", "properties": { "field_1": 12, "field_2": "1-1-12-CBA", "field_3": "pedania_chucul_cordoba", "field_4": 4445492.05, "field_5": 6349905.29, "field_6": null, "field_7": null }, "geometry": { "type": "Point", "coordinates": [ -63.583212439319134, -32.992443481164194 ] } },
{ "type": "Feature", "properties": { "field_1": 13, "field_2": "1-1-13-CBA", "field_3": "pedania_chucul_cordoba", "field_4": 4445117.28, "field_5": 6348812.89, "field_6": null, "field_7": null }, "geometry": { "type": "Point", "coordinates": [ -63.587287374577066, -33.002274092262894 ] } },
{ "type": "Feature", "properties": { "field_1": 14, "field_2": "1-1-14-CBA", "field_3": "pedania_chucul_cordoba", "field_4": 4443016.22, "field_5": 6348632.82, "field_6": null, "field_7": null }, "geometry": { "type": "Point", "coordinates": [ -63.609780357341869, -33.003789859190384 ] } },
{ "type": "Feature", "properties": { "field_1": 15, "field_2": "1-1-15-CBA", "field_3": "pedania_chucul_cordoba", "field_4": 4446733.51, "field_5": 6350619.16, "field_6": null, "field_7": null }, "geometry": { "type": "Point", "coordinates": [ -63.569888581962289, -32.986068325351432 ] } },
{ "type": "Feature", "properties": { "field_1": 16, "field_2": "1-1-16-CBA", "field_3": "pedania_chucul_cordoba", "field_4": 4447966.24, "field_5": 6349782.4, "field_6": null, "field_7": null }, "geometry": { "type": "Point", "coordinates": [ -63.55674777542071, -32.993672347072938 ] } },
{ "type": "Feature", "properties": { "field_1": 17, "field_2": "1-1-17-CBA", "field_3": "pedania_chucul_cordoba", "field_4": 4448852.95, "field_5": 6348790.45, "field_6": null, "field_7": null }, "geometry": { "type": "Point", "coordinates": [ -63.547315830069692, -33.002658070985625 ] } },
{ "type": "Feature", "properties": { "field_1": 18, "field_2": "1-1-18-CBA", "field_3": "pedania_chucul_cordoba", "field_4": 4449836.15, "field_5": 6349399.21, "field_6": null, "field_7": null }, "geometry": { "type": "Point", "coordinates": [ -63.536761974064177, -32.997214945606814 ] } },
{ "type": "Feature", "properties": { "field_1": 19, "field_2": "1-1-19-CBA", "field_3": "pedania_chucul_cordoba", "field_4": 4444755.28, "field_5": 6351936.26, "field_6": null, "field_7": null }, "geometry": { "type": "Point", "coordinates": [ -63.590973171087946, -32.974094548690431 ] } },
{ "type": "Feature", "properties": { "field_1": 2, "field_2": "1-1-2-CBA", "field_3": "pedania_chucul_cordoba", "field_4": 4444923.66, "field_5": 6357994.88, "field_6": null, "field_7": null }, "geometry": { "type": "Point", "coordinates": [ -63.588809805714156, -32.919476301857969 ] } },
{ "type": "Feature", "properties": { "field_1": 20, "field_2": "1-1-20-CBA", "field_3": "pedania_chucul_cordoba", "field_4": 4446360.48, "field_5": 6353887.96, "field_6": null, "field_7": null }, "geometry": { "type": "Point", "coordinates": [ -63.573688811878036, -32.956577375241878 ] } },
{ "type": "Feature", "properties": { "field_1": 21, "field_2": "1-1-21-CBA", "field_3": "pedania_chucul_cordoba", "field_4": 4445583.44, "field_5": 6355051.28, "field_6": null, "field_7": null }, "geometry": { "type": "Point", "coordinates": [ -63.581930332426502, -32.946050006989097 ] } },
{ "type": "Feature", "properties": { "field_1": 22, "field_2": "1-1-22-CBA", "field_3": "pedania_chucul_cordoba", "field_4": 4450418.02, "field_5": 6353240.28, "field_6": null, "field_7": null }, "geometry": { "type": "Point", "coordinates": [ -63.530329036631322, -32.96260888832888 ] } },
{ "type": "Feature", "properties": { "field_1": 23, "field_2": "1-1-23-CBA", "field_3": "pedania_chucul_cordoba", "field_4": 4450821.54, "field_5": 6353016.49, "field_6": null, "field_7": null }, "geometry": { "type": "Point", "coordinates": [ -63.526025114169371, -32.964644926766901 ] } },
{ "type": "Feature", "properties": { "field_1": 24, "field_2": "1-1-24-CBA", "field_3": "pedania_chucul_cordoba", "field_4": 4451343.02, "field_5": 6352957.31, "field_6": null, "field_7": null }, "geometry": { "type": "Point", "coordinates": [ -63.520450580413687, -32.965201884652863 ] } },
{ "type": "Feature", "properties": { "field_1": 25, "field_2": "1-1-25-CBA", "field_3": "pedania_chucul_cordoba", "field_4": 4447919.95, "field_5": 6356898.84, "field_6": null, "field_7": null }, "geometry": { "type": "Point", "coordinates": [ -63.55684042135929, -32.929505477994518 ] } },
{ "type": "Feature", "properties": { "field_1": 27, "field_2": "1-1-27-CBA", "field_3": "pedania_chucul_cordoba", "field_4": 4451120.07, "field_5": 6356046.64, "field_6": null, "field_7": null }, "geometry": { "type": "Point", "coordinates": [ -63.522671270835637, -32.937337091468486 ] } },
{ "type": "Feature", "properties": { "field_1": 3, "field_2": "1-1-3-CBA", "field_3": "pedania_chucul_cordoba", "field_4": 4444886.65, "field_5": 6356954.61, "field_6": null, "field_7": null }, "geometry": { "type": "Point", "coordinates": [ -63.589267620150281, -32.928853929804532 ] } },
{ "type": "Feature", "properties": { "field_1": 4, "field_2": "1-1-4-CBA", "field_3": "pedania_chucul_cordoba", "field_4": 4443103.09, "field_5": 6356560.88, "field_6": null, "field_7": null }, "geometry": { "type": "Point", "coordinates": [ -63.608360632352031, -32.932312578074765 ] } },
{ "type": "Feature", "properties": { "field_1": 5, "field_2": "1-1-5-CBA", "field_3": "pedania_chucul_cordoba", "field_4": 4442743.22, "field_5": 6354376.8, "field_6": null, "field_7": null }, "geometry": { "type": "Point", "coordinates": [ -63.612344000448118, -32.951986191204377 ] } },
{ "type": "Feature", "properties": { "field_1": 6, "field_2": "1-1-6-CBA", "field_3": "pedania_chucul_cordoba", "field_4": 4441641.6, "field_5": 6353689.62, "field_6": null, "field_7": null }, "geometry": { "type": "Point", "coordinates": [ -63.624168413014687, -32.958123713163864 ] } },
{ "type": "Feature", "properties": { "field_1": 7, "field_2": "1-1-7-CBA", "field_3": "pedania_chucul_cordoba", "field_4": 4443719.31, "field_5": 6352704.71, "field_6": null, "field_7": null }, "geometry": { "type": "Point", "coordinates": [ -63.602007764602774, -32.967113033099757 ] } },
{ "type": "Feature", "properties": { "field_1": 8, "field_2": "1-1-8-CBA", "field_3": "pedania_chucul_cordoba", "field_4": 4441724.65, "field_5": 6351231.85, "field_6": null, "field_7": null }, "geometry": { "type": "Point", "coordinates": [ -63.623435856116579, -32.980288089762809 ] } },
{ "type": "Feature", "properties": { "field_1": 9, "field_2": "1-1-9-CBA", "field_3": "pedania_chucul_cordoba", "field_4": 4442690.4, "field_5": 6350764.69, "field_6": null, "field_7": null }, "geometry": { "type": "Point", "coordinates": [ -63.613133819166514, -32.984551283931893 ] } },
{ "type": "Feature", "properties": { "field_1": 1, "field_2": "1-134-1-CBA", "field_3": "pedania_ascasubi_cordoba", "field_4": 4507456.17, "field_5": 6348073.5, "field_6": null, "field_7": null }, "geometry": { "type": "Point", "coordinates": [ -62.920207354962585, -33.010296925694583 ] } },
{ "type": "Feature", "properties": { "field_1": 2, "field_2": "1-134-2-CBA", "field_3": "pedania_ascasubi_cordoba", "field_4": 4507582.03, "field_5": 6346625.93, "field_6": null, "field_7": null }, "geometry": { "type": "Point", "coordinates": [ -62.918848473917762, -33.023348415682058 ] } },
{ "type": "Feature", "properties": { "field_1": 3, "field_2": "1-134-3-CBA", "field_3": "pedania_ascasubi_cordoba", "field_4": 4510039.12, "field_5": 6345417.66, "field_6": null, "field_7": null }, "geometry": { "type": "Point", "coordinates": [ -62.892536167778914, -33.034223167404164 ] } },
{ "type": "Feature", "properties": { "field_1": 4, "field_2": "1-134-4-CBA", "field_3": "pedania_ascasubi_cordoba", "field_4": 4508721.68, "field_5": 6343305.78, "field_6": null, "field_7": null }, "geometry": { "type": "Point", "coordinates": [ -62.906618825237551, -33.053276694685074 ] } },
{ "type": "Feature", "properties": { "field_1": 5, "field_2": "1-134-5-CBA", "field_3": "pedania_ascasubi_cordoba", "field_4": 4509366.2, "field_5": 6341640.26, "field_6": null, "field_7": null }, "geometry": { "type": "Point", "coordinates": [ -62.899700941826467, -33.068288780049556 ] } },
{ "type": "Feature", "properties": { "field_1": 6, "field_2": "1-134-6-CBA", "field_3": "pedania_ascasubi_cordoba", "field_4": 4503203.73, "field_5": 6338554.8, "field_6": null, "field_7": null }, "geometry": { "type": "Point", "coordinates": [ -62.965682759212285, -33.096144906430574 ] } },
{ "type": "Feature", "properties": { "field_1": 1, "field_2": "1-2-1-CBA", "field_3": "pedania_chucul_cordoba", "field_4": 4443717.72, "field_5": 6346626.82, "field_6": null, "field_7": null }, "geometry": { "type": "Point", "coordinates": [ -63.602396986722333, -33.021912902086562 ] } },
{ "type": "Feature", "properties": { "field_1": 10, "field_2": "1-2-10-CBA", "field_3": "pedania_chucul_cordoba", "field_4": 4450406.58, "field_5": 6340464.32, "field_6": null, "field_7": null }, "geometry": { "type": "Point", "coordinates": [ -63.53114170091937, -33.077800935951807 ] } },
{ "type": "Feature", "properties": { "field_1": 11, "field_2": "1-2-11-CBA", "field_3": "pedania_chucul_cordoba", "field_4": 4442045.23, "field_5": 6343868.99, "field_6": null, "field_7": null }, "geometry": { "type": "Point", "coordinates": [ -63.620471183802678, -33.046690336622362 ] } },
{ "type": "Feature", "properties": { "field_1": 12, "field_2": "1-2-12-CBA", "field_3": "pedania_chucul_cordoba", "field_4": 4441420.34, "field_5": 6344305.86, "field_6": null, "field_7": null }, "geometry": { "type": "Point", "coordinates": [ -63.627133056876652, -33.04271799246262 ] } },
{ "type": "Feature", "properties": { "field_1": 2, "field_2": "1-2-2-CBA", "field_3": "pedania_chucul_cordoba", "field_4": 4445502.64, "field_5": 6347224.49, "field_6": null, "field_7": null }, "geometry": { "type": "Point", "coordinates": [ -63.583258183139442, -33.016614895165773 ] } },
{ "type": "Feature", "properties": { "field_1": 3, "field_2": "1-2-3-CBA", "field_3": "pedania_chucul_cordoba", "field_4": 4448595.05, "field_5": 6347377.42, "field_6": null, "field_7": null }, "geometry": { "type": "Point", "coordinates": [ -63.550154548710609, -33.015386301172732 ] } },
{ "type": "Feature", "properties": { "field_1": 4, "field_2": "1-2-4-CBA", "field_3": "pedania_chucul_cordoba", "field_4": 4450188.98, "field_5": 6346063.56, "field_6": null, "field_7": null }, "geometry": { "type": "Point", "coordinates": [ -63.533167735563595, -33.027306545111436 ] } },
{ "type": "Feature", "properties": { "field_1": 5, "field_2": "1-2-5-CBA", "field_3": "pedania_chucul_cordoba", "field_4": 4448047.24, "field_5": 6345792.75, "field_6": null, "field_7": null }, "geometry": { "type": "Point", "coordinates": [ -63.556106861214161, -33.029648200776954 ] } },
{ "type": "Feature", "properties": { "field_1": 6, "field_2": "1-2-6-CBA", "field_3": "pedania_chucul_cordoba", "field_4": 4450725.86, "field_5": 6344354.86, "field_6": null, "field_7": null }, "geometry": { "type": "Point", "coordinates": [ -63.527513100661878, -33.042737179184797 ] } },
{ "type": "Feature", "properties": { "field_1": 7, "field_2": "1-2-7-CBA", "field_3": "pedania_chucul_cordoba", "field_4": 4450790.51, "field_5": 6343401.7, "field_6": null, "field_7": null }, "geometry": { "type": "Point", "coordinates": [ -63.526872176075003, -33.051334099281 ] } },
{ "type": "Feature", "properties": { "field_1": 8, "field_2": "1-2-8-CBA", "field_3": "pedania_chucul_cordoba", "field_4": 4446229.96, "field_5": 6344878.29, "field_6": null, "field_7": null }, "geometry": { "type": "Point", "coordinates": [ -63.575611895711319, -33.037805011852164 ] } },
{ "type": "Feature", "properties": { "field_1": 9, "field_2": "1-2-9-CBA", "field_3": "pedania_chucul_cordoba", "field_4": 4443517.24, "field_5": 6343922.27, "field_6": null, "field_7": null }, "geometry": { "type": "Point", "coordinates": [ -63.604709186995493, -33.046287337759431 ] } },
{ "type": "Feature", "properties": { "field_1": 1, "field_2": "1-23-1-CBA", "field_3": "pedania_chucul_cordoba", "field_4": 4452619.53, "field_5": 6358137.78, "field_6": null, "field_7": null }, "geometry": { "type": "Point", "coordinates": [ -63.506530748551917, -32.918548315529598 ] } },
{ "type": "Feature", "properties": { "field_1": 10, "field_2": "1-23-10-CBA", "field_3": "pedania_chucul_cordoba", "field_4": 4453756.38, "field_5": 6356396.34, "field_6": null, "field_7": null }, "geometry": { "type": "Point", "coordinates": [ -63.494464786145642, -32.934298736961743 ] } },
{ "type": "Feature", "properties": { "field_1": 2, "field_2": "1-23-2-CBA", "field_3": "pedania_chucul_cordoba", "field_4": 4458265.77, "field_5": 6354822.44, "field_6": null, "field_7": null }, "geometry": { "type": "Point", "coordinates": [ -63.446320442388654, -32.948671407666978 ] } },
{ "type": "Feature", "properties": { "field_1": 3, "field_2": "1-23-3-CBA", "field_3": "pedania_chucul_cordoba", "field_4": 4457002.0, "field_5": 6354051.45, "field_6": null, "field_7": null }, "geometry": { "type": "Point", "coordinates": [ -63.459871214930963, -32.955574067248733 ] } },
{ "type": "Feature", "properties": { "field_1": 4, "field_2": "1-23-4-CBA", "field_3": "pedania_chucul_cordoba", "field_4": 4455482.51, "field_5": 6352710.68, "field_6": null, "field_7": null }, "geometry": { "type": "Point", "coordinates": [ -63.476186733659745, -32.967602260977294 ] } },
{ "type": "Feature", "properties": { "field_1": 5, "field_2": "1-23-5-CBA", "field_3": "pedania_chucul_cordoba", "field_4": 4454849.47, "field_5": 6352974.58, "field_6": null, "field_7": null }, "geometry": { "type": "Point", "coordinates": [ -63.482944945000639, -32.965196809134198 ] } },
{ "type": "Feature", "properties": { "field_1": 6, "field_2": "1-23-6-CBA", "field_3": "pedania_chucul_cordoba", "field_4": 4456679.09, "field_5": 6352004.61, "field_6": null, "field_7": null }, "geometry": { "type": "Point", "coordinates": [ -63.463421027001409, -32.974016692315189 ] } },
{ "type": "Feature", "properties": { "field_1": 7, "field_2": "1-23-7-CBA", "field_3": "pedania_chucul_cordoba", "field_4": 4453017.84, "field_5": 6353451.18, "field_6": null, "field_7": null }, "geometry": { "type": "Point", "coordinates": [ -63.502511628278768, -32.96082227371344 ] } },
{ "type": "Feature", "properties": { "field_1": 8, "field_2": "1-23-8-CBA", "field_3": "pedania_chucul_cordoba", "field_4": 4456528.46, "field_5": 6349988.32, "field_6": null, "field_7": null }, "geometry": { "type": "Point", "coordinates": [ -63.465127645181298, -32.992190575815918 ] } },
{ "type": "Feature", "properties": { "field_1": 9, "field_2": "1-23-9-CBA", "field_3": "pedania_chucul_cordoba", "field_4": 4460729.65, "field_5": 6355861.87, "field_6": null, "field_7": null }, "geometry": { "type": "Point", "coordinates": [ -63.419927274557267, -32.939390620705957 ] } },
{ "type": "Feature", "properties": { "field_1": 1, "field_2": "1-24-1-CBA", "field_3": "pedania_chazon_cordoba", "field_4": 4457065.59, "field_5": 6339403.56, "field_6": "El Cantor", "field_7": null }, "geometry": { "type": "Point", "coordinates": [ -63.459876362605499, -33.08764851247372 ] } },
{ "type": "Feature", "properties": { "field_1": 2, "field_2": "1-24-2-CBA", "field_3": "pedania_chazon_cordoba", "field_4": 4459511.21, "field_5": 6341212.16, "field_6": null, "field_7": null }, "geometry": { "type": "Point", "coordinates": [ -63.433601740550735, -33.071435328864482 ] } },
{ "type": "Feature", "properties": { "field_1": 3, "field_2": "1-24-3-CBA", "field_3": "pedania_chucul_cordoba", "field_4": 4458679.33, "field_5": 6346921.51, "field_6": null, "field_7": null }, "geometry": { "type": "Point", "coordinates": [ -63.442252878534347, -33.019926053188442 ] } },
{ "type": "Feature", "properties": { "field_1": 4, "field_2": "1-24-4-CBA", "field_3": "pedania_chucul_cordoba", "field_4": 4455406.69, "field_5": 6340951.7, "field_6": null, "field_7": null }, "geometry": { "type": "Point", "coordinates": [ -63.477569037773506, -33.073623150000806 ] } },
{ "type": "Feature", "properties": { "field_1": 6, "field_2": "1-24-6-CBA", "field_3": "pedania_chucul_cordoba", "field_4": 4453810.64, "field_5": 6340110.03, "field_6": null, "field_7": null }, "geometry": { "type": "Point", "coordinates": [ -63.494703699564759, -33.081145287237028 ] } },
{ "type": "Feature", "properties": { "field_1": 7, "field_2": "1-24-7-CBA", "field_3": "pedania_chucul_cordoba", "field_4": 4453264.65, "field_5": 6341658.68, "field_6": null, "field_7": null }, "geometry": { "type": "Point", "coordinates": [ -63.500472160694841, -33.067158828337881 ] } },
{ "type": "Feature", "properties": { "field_1": 1, "field_2": "1-25-1-CBA", "field_3": "pedania_la_carlota_cordoba", "field_4": 4461101.76, "field_5": 6333379.78, "field_6": null, "field_7": null }, "geometry": { "type": "Point", "coordinates": [ -63.416902076404874, -33.142113078311539 ] } },
{ "type": "Feature", "properties": { "field_1": 10, "field_2": "1-25-10-CBA", "field_3": "pedania_chazon_cordoba", "field_4": 4458259.38, "field_5": 6336817.41, "field_6": null, "field_7": null }, "geometry": { "type": "Point", "coordinates": [ -63.44720797283815, -33.111012658362327 ] } },
{ "type": "Feature", "properties": { "field_1": 11, "field_2": "1-25-11-CBA", "field_3": "pedania_chucul_cordoba", "field_4": 4455203.7, "field_5": 6337986.07, "field_6": null, "field_7": null }, "geometry": { "type": "Point", "coordinates": [ -63.479888089220978, -33.100353897090891 ] } },
{ "type": "Feature", "properties": { "field_1": 2, "field_2": "1-25-2-CBA", "field_3": "pedania_la_carlota_cordoba", "field_4": 4456745.76, "field_5": 6333166.45, "field_6": null, "field_7": null }, "geometry": { "type": "Point", "coordinates": [ -63.463597314162556, -33.143871528441878 ] } },
{ "type": "Feature", "properties": { "field_1": 3, "field_2": "1-25-3-CBA", "field_3": "pedania_la_carlota_cordoba", "field_4": 4456275.47, "field_5": 6331269.09, "field_6": null, "field_7": null }, "geometry": { "type": "Point", "coordinates": [ -63.468728679325331, -33.160959734566191 ] } },
{ "type": "Feature", "properties": { "field_1": 4, "field_2": "1-25-4-CBA", "field_3": "pedania_la_carlota_cordoba", "field_4": 4455044.87, "field_5": 6329580.19, "field_6": null, "field_7": null }, "geometry": { "type": "Point", "coordinates": [ -63.482003641087871, -33.176136855517242 ] } },
{ "type": "Feature", "properties": { "field_1": 5, "field_2": "1-25-5-CBA", "field_3": "pedania_la_carlota_cordoba", "field_4": 4454901.99, "field_5": 6333077.82, "field_6": null, "field_7": null }, "geometry": { "type": "Point", "coordinates": [ -63.48336248355789, -33.144595526932811 ] } },
{ "type": "Feature", "properties": { "field_1": 6, "field_2": "1-25-6-CBA", "field_3": "pedania_la_carlota_cordoba", "field_4": 4457692.07, "field_5": 6330568.25, "field_6": "Maldonado", "field_7": null }, "geometry": { "type": "Point", "coordinates": [ -63.453575681577661, -33.167334913116576 ] } },
{ "type": "Feature", "properties": { "field_1": 7, "field_2": "1-25-7-CBA", "field_3": "pedania_la_carlota_cordoba", "field_4": 4457868.06, "field_5": 6328932.78, "field_6": "El Puente la Vía / El 22", "field_7": null }, "geometry": { "type": "Point", "coordinates": [ -63.451764630497458, -33.182087555289755 ] } },
{ "type": "Feature", "properties": { "field_1": 8, "field_2": "1-25-8-CBA", "field_3": "pedania_la_carlota_cordoba", "field_4": 4460369.84, "field_5": 6329012.96, "field_6": null, "field_7": null }, "geometry": { "type": "Point", "coordinates": [ -63.424936274223391, -33.181459083653451 ] } },
{ "type": "Feature", "properties": { "field_1": 9, "field_2": "1-25-9-CBA", "field_3": "pedania_la_carlota_cordoba", "field_4": 4459417.83, "field_5": 6334040.19, "field_6": null, "field_7": null }, "geometry": { "type": "Point", "coordinates": [ -63.434920150975998, -33.13609691087516 ] } },
{ "type": "Feature", "properties": { "field_1": 1, "field_2": "1-26-1-CBA", "field_3": "pedania_la_carlota_cordoba", "field_4": 4455526.9, "field_5": 6326793.46, "field_6": null, "field_7": null }, "geometry": { "type": "Point", "coordinates": [ -63.476971701618304, -33.201282425799334 ] } },
{ "type": "Feature", "properties": { "field_1": 2, "field_2": "1-26-2-CBA", "field_3": "pedania_la_carlota_cordoba", "field_4": 4460081.51, "field_5": 6326737.13, "field_6": null, "field_7": null }, "geometry": { "type": "Point", "coordinates": [ -63.428127640601993, -33.201967923409299 ] } },
{ "type": "Feature", "properties": { "field_1": 3, "field_2": "1-26-3-CBA", "field_3": "pedania_la_carlota_cordoba", "field_4": 4452944.04, "field_5": 6323189.79, "field_6": null, "field_7": null }, "geometry": { "type": "Point", "coordinates": [ -63.504858295886066, -33.233664251078864 ] } },
{ "type": "Feature", "properties": { "field_1": 4, "field_2": "1-26-4-CBA", "field_3": "pedania_la_carlota_cordoba", "field_4": 4454646.63, "field_5": 6322745.05, "field_6": null, "field_7": null }, "geometry": { "type": "Point", "coordinates": [ -63.486614247232026, -33.23774686434755 ] } },
{ "type": "Feature", "properties": { "field_1": 1, "field_2": "1-27-1-CBA", "field_3": "pedania_la_carlota_cordoba", "field_4": 4453009.37, "field_5": 6316838.11, "field_6": null, "field_7": null }, "geometry": { "type": "Point", "coordinates": [ -63.504486497835622, -33.290934094487788 ] } },
{ "type": "Feature", "properties": { "field_1": 2, "field_2": "1-27-2-CBA", "field_3": "pedania_la_carlota_cordoba", "field_4": 4453259.43, "field_5": 6317480.7, "field_6": null, "field_7": null }, "geometry": { "type": "Point", "coordinates": [ -63.501768819538, -33.285151366510483 ] } },
{ "type": "Feature", "properties": { "field_1": 3, "field_2": "1-27-3-CBA", "field_3": "pedania_la_carlota_cordoba", "field_4": 4455666.09, "field_5": 6318240.21, "field_6": null, "field_7": null }, "geometry": { "type": "Point", "coordinates": [ -63.475896591044425, -33.27840519120079 ] } },
{ "type": "Feature", "properties": { "field_1": 4, "field_2": "1-27-4-CBA", "field_3": "pedania_la_carlota_cordoba", "field_4": 4456050.3, "field_5": 6317659.62, "field_6": null, "field_7": null }, "geometry": { "type": "Point", "coordinates": [ -63.47180063649968, -33.283655543025311 ] } },
{ "type": "Feature", "properties": { "field_1": 5, "field_2": "1-27-5-CBA", "field_3": "pedania_la_carlota_cordoba", "field_4": 4457968.45, "field_5": 6315267.92, "field_6": null, "field_7": null }, "geometry": { "type": "Point", "coordinates": [ -63.451320929552089, -33.305295708862921 ] } },
{ "type": "Feature", "properties": { "field_1": 6, "field_2": "1-27-6-CBA", "field_3": "pedania_la_carlota_cordoba", "field_4": 4457677.45, "field_5": 6314569.02, "field_6": null, "field_7": null }, "geometry": { "type": "Point", "coordinates": [ -63.454478183584399, -33.311585630774971 ] } },
{ "type": "Feature", "properties": { "field_1": 1, "field_2": "1-3-1-CBA", "field_3": "pedania_reduccion_cordoba", "field_4": 4444222.43, "field_5": 6337810.2, "field_6": null, "field_7": null }, "geometry": { "type": "Point", "coordinates": [ -63.597532152633512, -33.101431178600897 ] } },
{ "type": "Feature", "properties": { "field_1": 10, "field_2": "1-3-10-CBA", "field_3": "pedania_la_carlota_cordoba", "field_4": 4450121.26, "field_5": 6329348.2, "field_6": null, "field_7": null }, "geometry": { "type": "Point", "coordinates": [ -63.534804633716085, -33.178012952176246 ] } },
{ "type": "Feature", "properties": { "field_1": 11, "field_2": "1-3-11-CBA", "field_3": "pedania_la_carlota_cordoba", "field_4": 4450228.12, "field_5": 6328490.2, "field_6": null, "field_7": null }, "geometry": { "type": "Point", "coordinates": [ -63.53370581656953, -33.185753694845097 ] } },
{ "type": "Feature", "properties": { "field_1": 12, "field_2": "1-3-12-CBA", "field_3": "pedania_la_carlota_cordoba", "field_4": 4451218.95, "field_5": 6331449.41, "field_6": null, "field_7": null }, "geometry": { "type": "Point", "coordinates": [ -63.522923069746945, -33.159118127311004 ] } },
{ "type": "Feature", "properties": { "field_1": 13, "field_2": "1-3-13-CBA", "field_3": "pedania_reduccion_cordoba", "field_4": 4448954.16, "field_5": 6334086.76, "field_6": null, "field_7": null }, "geometry": { "type": "Point", "coordinates": [ -63.547052549763372, -33.135235092693662 ] } },
{ "type": "Feature", "properties": { "field_1": 14, "field_2": "1-3-14-CBA", "field_3": "pedania_reduccion_cordoba", "field_4": 4445367.07, "field_5": 6335283.67, "field_6": null, "field_7": null }, "geometry": { "type": "Point", "coordinates": [ -63.585421559730463, -33.124268891945846 ] } },
{ "type": "Feature", "properties": { "field_1": 15, "field_2": "1-3-15-CBA", "field_3": "pedania_reduccion_cordoba", "field_4": 4442879.51, "field_5": 6329902.54, "field_6": null, "field_7": null }, "geometry": { "type": "Point", "coordinates": [ -63.612412756821037, -33.172657289997574 ] } },
{ "type": "Feature", "properties": { "field_1": 16, "field_2": "1-3-16-CBA", "field_3": "pedania_reduccion_cordoba", "field_4": 4442168.09, "field_5": 6328878.23, "field_6": null, "field_7": null }, "geometry": { "type": "Point", "coordinates": [ -63.620104824410959, -33.181854704907195 ] } },
{ "type": "Feature", "properties": { "field_1": 2, "field_2": "1-3-2-CBA", "field_3": "pedania_reduccion_cordoba", "field_4": 4442337.32, "field_5": 6332763.69, "field_6": null, "field_7": null }, "geometry": { "type": "Point", "coordinates": [ -63.61804450648139, -33.146832398816699 ] } },
{ "type": "Feature", "properties": { "field_1": 3, "field_2": "1-3-3-CBA", "field_3": "pedania_reduccion_cordoba", "field_4": 4441601.7, "field_5": 6334950.45, "field_6": null, "field_7": null }, "geometry": { "type": "Point", "coordinates": [ -63.625788721850419, -33.127077129664158 ] } },
{ "type": "Feature", "properties": { "field_1": 4, "field_2": "1-3-4-CBA", "field_3": "pedania_reduccion_cordoba", "field_4": 4444718.36, "field_5": 6331740.03, "field_6": null, "field_7": null }, "geometry": { "type": "Point", "coordinates": [ -63.592587197887539, -33.156185795811176 ] } },
{ "type": "Feature", "properties": { "field_1": 5, "field_2": "1-3-5-CBA", "field_3": "pedania_reduccion_cordoba", "field_4": 4444195.22, "field_5": 6329101.48, "field_6": null, "field_7": null }, "geometry": { "type": "Point", "coordinates": [ -63.598356272460194, -33.179948244905425 ] } },
{ "type": "Feature", "properties": { "field_1": 6, "field_2": "1-3-6-CBA", "field_3": "pedania_reduccion_cordoba", "field_4": 4444522.76, "field_5": 6328576.32, "field_6": null, "field_7": null }, "geometry": { "type": "Point", "coordinates": [ -63.594876457961547, -33.18469992639033 ] } },
{ "type": "Feature", "properties": { "field_1": 7, "field_2": "1-3-7-CBA", "field_3": "pedania_reduccion_cordoba", "field_4": 4444975.48, "field_5": 6330077.16, "field_6": null, "field_7": null }, "geometry": { "type": "Point", "coordinates": [ -63.589931551147131, -33.171191404848223 ] } },
{ "type": "Feature", "properties": { "field_1": 8, "field_2": "1-3-8-CBA", "field_3": "pedania_reduccion_cordoba", "field_4": 4446751.16, "field_5": 6330257.04, "field_6": null, "field_7": null }, "geometry": { "type": "Point", "coordinates": [ -63.570884419842237, -33.169658331814759 ] } },
{ "type": "Feature", "properties": { "field_1": 9, "field_2": "1-3-9-CBA", "field_3": "pedania_la_carlota_cordoba", "field_4": 4449396.31, "field_5": 6330798.21, "field_6": null, "field_7": null }, "geometry": { "type": "Point", "coordinates": [ -63.542496750106622, -33.164905862014351 ] } },
{ "type": "Feature", "properties": { "field_1": 1, "field_2": "1-4-1-CBA", "field_3": "pedania_reduccion_cordoba", "field_4": 4441791.56, "field_5": 6326139.19, "field_6": null, "field_7": null }, "geometry": { "type": "Point", "coordinates": [ -63.624317165142678, -33.206529584495051 ] } },
{ "type": "Feature", "properties": { "field_1": 2, "field_2": "1-4-2-CBA", "field_3": "pedania_reduccion_cordoba", "field_4": 4443323.04, "field_5": 6327805.5, "field_6": null, "field_7": null }, "geometry": { "type": "Point", "coordinates": [ -63.607788261581291, -33.191587495440174 ] } },
{ "type": "Feature", "properties": { "field_1": 3, "field_2": "1-4-3-CBA", "field_3": "pedania_reduccion_cordoba", "field_4": 4443801.56, "field_5": 6327753.02, "field_6": null, "field_7": null }, "geometry": { "type": "Point", "coordinates": [ -63.602660245993164, -33.192085604060246 ] } },
{ "type": "Feature", "properties": { "field_1": 4, "field_2": "1-4-4-CBA", "field_3": "pedania_reduccion_cordoba", "field_4": 4446566.09, "field_5": 6325376.92, "field_6": null, "field_7": null }, "geometry": { "type": "Point", "coordinates": [ -63.573154992677914, -33.213648579387197 ] } },
{ "type": "Feature", "properties": { "field_1": 5, "field_2": "1-4-5-CBA", "field_3": "pedania_la_carlota_cordoba", "field_4": 4450656.33, "field_5": 6327324.45, "field_6": null, "field_7": null }, "geometry": { "type": "Point", "coordinates": [ -63.529177490738249, -33.196283823254284 ] } },
{ "type": "Feature", "properties": { "field_1": 1, "field_2": "1-45-1-CBA", "field_3": "pedania_chazon_cordoba", "field_4": 4467244.52, "field_5": 6350260.87, "field_6": null, "field_7": null }, "geometry": { "type": "Point", "coordinates": [ -63.350463061971901, -32.990107576906965 ] } },
{ "type": "Feature", "properties": { "field_1": 10, "field_2": "1-45-10-CBA", "field_3": "pedania_chucul_cordoba", "field_4": 4462262.79, "field_5": 6352211.13, "field_6": null, "field_7": null }, "geometry": { "type": "Point", "coordinates": [ -63.403683088269482, -32.972361935401899 ] } },
{ "type": "Feature", "properties": { "field_1": 11, "field_2": "1-45-11-CBA", "field_3": "pedania_chazon_cordoba", "field_4": 4465128.71, "field_5": 6348664.87, "field_6": null, "field_7": null }, "geometry": { "type": "Point", "coordinates": [ -63.373160955688647, -33.004432452280206 ] } },
{ "type": "Feature", "properties": { "field_1": 12, "field_2": "1-45-12-CBA", "field_3": "pedania_chucul_cordoba", "field_4": 4463079.9, "field_5": 6357118.0, "field_6": null, "field_7": null }, "geometry": { "type": "Point", "coordinates": [ -63.394745808763325, -32.928146460638246 ] } },
{ "type": "Feature", "properties": { "field_1": 13, "field_2": "1-45-13-CBA", "field_3": "pedania_chucul_cordoba", "field_4": 4465088.39, "field_5": 6357900.63, "field_6": null, "field_7": null }, "geometry": { "type": "Point", "coordinates": [ -63.37324211469965, -32.921155710177786 ] } },
{ "type": "Feature", "properties": { "field_1": 14, "field_2": "1-45-14-CBA", "field_3": "pedania_chazon_cordoba", "field_4": 4470929.19, "field_5": 6357989.49, "field_6": null, "field_7": null }, "geometry": { "type": "Point", "coordinates": [ -63.310796126409997, -32.920525342986082 ] } },
{ "type": "Feature", "properties": { "field_1": 2, "field_2": "1-45-2-CBA", "field_3": "pedania_chazon_cordoba", "field_4": 4469985.58, "field_5": 6350660.77, "field_6": "Laguna del Ucle", "field_7": null }, "geometry": { "type": "Point", "coordinates": [ -63.321122942607204, -32.986580691732875 ] } },
{ "type": "Feature", "properties": { "field_1": 3, "field_2": "1-45-3-CBA", "field_3": "pedania_chazon_cordoba", "field_4": 4468570.1, "field_5": 6349273.51, "field_6": null, "field_7": null }, "geometry": { "type": "Point", "coordinates": [ -63.336314239971877, -32.999049231703928 ] } },
{ "type": "Feature", "properties": { "field_1": 4, "field_2": "1-45-4-CBA", "field_3": "pedania_chucul_cordoba", "field_4": 4462077.37, "field_5": 6355778.77, "field_6": "Laguna del Ucle", "field_7": null }, "geometry": { "type": "Point", "coordinates": [ -63.405519576613095, -32.940187500515528 ] } },
{ "type": "Feature", "properties": { "field_1": 5, "field_2": "1-45-5-CBA", "field_3": "pedania_chazon_cordoba", "field_4": 4470594.13, "field_5": 6351391.23, "field_6": "Cañada La Blanqueada", "field_7": null }, "geometry": { "type": "Point", "coordinates": [ -63.314588853353001, -32.980010957241753 ] } },
{ "type": "Feature", "properties": { "field_1": 6, "field_2": "1-45-6-CBA", "field_3": "pedania_chazon_cordoba", "field_4": 4470732.79, "field_5": 6353104.79, "field_6": null, "field_7": null }, "geometry": { "type": "Point", "coordinates": [ -63.313050962102082, -32.964564070535502 ] } },
{ "type": "Feature", "properties": { "field_1": 7, "field_2": "1-45-7-CBA", "field_3": "pedania_chazon_cordoba", "field_4": 4469711.09, "field_5": 6354067.97, "field_6": null, "field_7": null }, "geometry": { "type": "Point", "coordinates": [ -63.323947477428028, -32.955851515141084 ] } },
{ "type": "Feature", "properties": { "field_1": 8, "field_2": "1-45-8-CBA", "field_3": "pedania_chucul_cordoba", "field_4": 4463834.49, "field_5": 6355472.43, "field_6": null, "field_7": null }, "geometry": { "type": "Point", "coordinates": [ -63.386742575960078, -32.943009223254201 ] } },
{ "type": "Feature", "properties": { "field_1": 9, "field_2": "1-45-9-CBA", "field_3": "pedania_chucul_cordoba", "field_4": 4465412.72, "field_5": 6354772.46, "field_6": null, "field_7": null }, "geometry": { "type": "Point", "coordinates": [ -63.369892146478008, -32.949371710289384 ] } },
{ "type": "Feature", "properties": { "field_1": 1, "field_2": "1-46-1-CBA", "field_3": "pedania_chazon_cordoba", "field_4": 4466583.35, "field_5": 6340776.95, "field_6": null, "field_7": null }, "geometry": { "type": "Point", "coordinates": [ -63.357882516805034, -33.075599729514209 ] } },
{ "type": "Feature", "properties": { "field_1": 2, "field_2": "1-46-2-CBA", "field_3": "pedania_chazon_cordoba", "field_4": 4466140.95, "field_5": 6338617.32, "field_6": null, "field_7": null }, "geometry": { "type": "Point", "coordinates": [ -63.362700311804588, -33.095058272013389 ] } },
{ "type": "Feature", "properties": { "field_1": 3, "field_2": "1-46-3-CBA", "field_3": "pedania_chucul_cordoba", "field_4": 4461767.34, "field_5": 6346748.29, "field_6": null, "field_7": null }, "geometry": { "type": "Point", "coordinates": [ -63.409210176809722, -33.021600632409942 ] } },
{ "type": "Feature", "properties": { "field_1": 4, "field_2": "1-46-4-CBA", "field_3": "pedania_chazon_cordoba", "field_4": 4467702.33, "field_5": 6339242.66, "field_6": null, "field_7": null }, "geometry": { "type": "Point", "coordinates": [ -63.345952974187512, -33.089467451602346 ] } },
{ "type": "Feature", "properties": { "field_1": 5, "field_2": "1-46-5-CBA", "field_3": "pedania_chazon_cordoba", "field_4": 4468424.62, "field_5": 6341062.54, "field_6": null, "field_7": null }, "geometry": { "type": "Point", "coordinates": [ -63.338153603208646, -33.073079740361813 ] } },
{ "type": "Feature", "properties": { "field_1": 6, "field_2": "1-46-6-CBA", "field_3": "pedania_chazon_cordoba", "field_4": 4468738.87, "field_5": 6341966.09, "field_6": null, "field_7": null }, "geometry": { "type": "Point", "coordinates": [ -63.334757390191186, -33.06494194744549 ] } },
{ "type": "Feature", "properties": { "field_1": 7, "field_2": "1-46-7-CBA", "field_3": "pedania_chazon_cordoba", "field_4": 4469754.56, "field_5": 6340268.95, "field_6": null, "field_7": null }, "geometry": { "type": "Point", "coordinates": [ -63.32393723050447, -33.080272964547433 ] } },
{ "type": "Feature", "properties": { "field_1": 8, "field_2": "1-46-8-CBA", "field_3": "pedania_chazon_cordoba", "field_4": 4466908.19, "field_5": 6344162.06, "field_6": null, "field_7": null }, "geometry": { "type": "Point", "coordinates": [ -63.354281361769758, -33.04508778629053 ] } },
{ "type": "Feature", "properties": { "field_1": 9, "field_2": "1-46-9-CBA", "field_3": "pedania_chucul_cordoba", "field_4": 4462482.42, "field_5": 6347618.28, "field_6": null, "field_7": null }, "geometry": { "type": "Point", "coordinates": [ -63.401521201977673, -33.013781207924644 ] } },
{ "type": "Feature", "properties": { "field_1": 1, "field_2": "1-47-1-CBA", "field_3": "pedania_la_carlota_cordoba", "field_4": 4463965.49, "field_5": 6330294.33, "field_6": null, "field_7": null }, "geometry": { "type": "Point", "coordinates": [ -63.386332003249521, -33.170031477768404 ] } },
{ "type": "Feature", "properties": { "field_1": 2, "field_2": "1-47-2-CBA", "field_3": "pedania_la_carlota_cordoba", "field_4": 4462934.01, "field_5": 6328936.75, "field_6": null, "field_7": null }, "geometry": { "type": "Point", "coordinates": [ -63.397445644806545, -33.182237022354734 ] } },
{ "type": "Feature", "properties": { "field_1": 3, "field_2": "1-47-3-CBA", "field_3": "pedania_la_carlota_cordoba", "field_4": 4462963.92, "field_5": 6333203.46, "field_6": null, "field_7": null }, "geometry": { "type": "Point", "coordinates": [ -63.396951553344756, -33.143768034525714 ] } },
{ "type": "Feature", "properties": { "field_1": 4, "field_2": "1-47-4-CBA", "field_3": "pedania_la_carlota_cordoba", "field_4": 4470725.2, "field_5": 6331761.51, "field_6": null, "field_7": null }, "geometry": { "type": "Point", "coordinates": [ -63.313814261980681, -33.157006558650153 ] } },
{ "type": "Feature", "properties": { "field_1": 5, "field_2": "1-47-5-CBA", "field_3": "pedania_chazon_cordoba", "field_4": 4470571.69, "field_5": 6336820.61, "field_6": null, "field_7": null }, "geometry": { "type": "Point", "coordinates": [ -63.315296674638489, -33.111387333724267 ] } },
{ "type": "Feature", "properties": { "field_1": 6, "field_2": "1-47-6-CBA", "field_3": "pedania_chazon_cordoba", "field_4": 4469000.3, "field_5": 6337860.12, "field_6": null, "field_7": null }, "geometry": { "type": "Point", "coordinates": [ -63.332097053195284, -33.101970899933981 ] } },
{ "type": "Feature", "properties": { "field_1": 7, "field_2": "1-47-7-CBA", "field_3": "pedania_chazon_cordoba", "field_4": 4464024.45, "field_5": 6337636.22, "field_6": null, "field_7": null }, "geometry": { "type": "Point", "coordinates": [ -63.38541046424406, -33.103836259030999 ] } },
{ "type": "Feature", "properties": { "field_1": 8, "field_2": "1-47-8-CBA", "field_3": "pedania_la_carlota_cordoba", "field_4": 4464475.51, "field_5": 6331874.39, "field_6": null, "field_7": null }, "geometry": { "type": "Point", "coordinates": [ -63.380802535359457, -33.155801972528678 ] } },
{ "type": "Feature", "properties": { "field_1": 9, "field_2": "1-47-9-CBA", "field_3": "pedania_la_carlota_cordoba", "field_4": 4468588.92, "field_5": 6330099.57, "field_6": null, "field_7": null }, "geometry": { "type": "Point", "coordinates": [ -63.336771166227429, -33.17193142889375 ] } },
{ "type": "Feature", "properties": { "field_1": 1, "field_2": "1-48-1-CBA", "field_3": "pedania_la_carlota_cordoba", "field_4": 4464259.32, "field_5": 6327647.46, "field_6": null, "field_7": null }, "geometry": { "type": "Point", "coordinates": [ -63.383285773239571, -33.193906197856045 ] } },
{ "type": "Feature", "properties": { "field_1": 10, "field_2": "1-48-10-CBA", "field_3": "pedania_la_carlota_cordoba", "field_4": 4467111.87, "field_5": 6318730.33, "field_6": null, "field_7": null }, "geometry": { "type": "Point", "coordinates": [ -63.353018383082521, -33.27439579441829 ] } },
{ "type": "Feature", "properties": { "field_1": 11, "field_2": "1-48-11-CBA", "field_3": "pedania_la_carlota_cordoba", "field_4": 4466174.69, "field_5": 6320297.11, "field_6": null, "field_7": null }, "geometry": { "type": "Point", "coordinates": [ -63.363019322560362, -33.260240419031135 ] } },
{ "type": "Feature", "properties": { "field_1": 12, "field_2": "1-48-12-CBA", "field_3": "pedania_la_carlota_cordoba", "field_4": 4463868.12, "field_5": 6319630.4, "field_6": null, "field_7": null }, "geometry": { "type": "Point", "coordinates": [ -63.387799818388693, -33.266176867784324 ] } },
{ "type": "Feature", "properties": { "field_1": 13, "field_2": "1-48-13-CBA", "field_3": "pedania_la_carlota_cordoba", "field_4": 4461631.27, "field_5": 6319105.9, "field_6": null, "field_7": null }, "geometry": { "type": "Point", "coordinates": [ -63.411829272293637, -33.270828642323657 ] } },
{ "type": "Feature", "properties": { "field_1": 14, "field_2": "1-48-14-CBA", "field_3": "pedania_la_carlota_cordoba", "field_4": 4471292.17, "field_5": 6326339.05, "field_6": null, "field_7": null }, "geometry": { "type": "Point", "coordinates": [ -63.307907635285417, -33.20591266881285 ] } },
{ "type": "Feature", "properties": { "field_1": 2, "field_2": "1-48-2-CBA", "field_3": "pedania_la_carlota_cordoba", "field_4": 4464061.49, "field_5": 6318822.39, "field_6": null, "field_7": null }, "geometry": { "type": "Point", "coordinates": [ -63.385756478113919, -33.273468482563153 ] } },
{ "type": "Feature", "properties": { "field_1": 3, "field_2": "1-48-3-CBA", "field_3": "pedania_la_carlota_cordoba", "field_4": 4467469.34, "field_5": 6318467.83, "field_6": null, "field_7": null }, "geometry": { "type": "Point", "coordinates": [ -63.349190832912484, -33.276773383802166 ] } },
{ "type": "Feature", "properties": { "field_1": 4, "field_2": "1-48-4-CBA", "field_3": "pedania_la_carlota_cordoba", "field_4": 4465893.16, "field_5": 6328195.06, "field_6": null, "field_7": null }, "geometry": { "type": "Point", "coordinates": [ -63.365744221409066, -33.189021586014853 ] } },
{ "type": "Feature", "properties": { "field_1": 5, "field_2": "1-48-5-CBA", "field_3": "pedania_la_carlota_cordoba", "field_4": 4464716.05, "field_5": 6327432.9, "field_6": null, "field_7": null }, "geometry": { "type": "Point", "coordinates": [ -63.378396200411402, -33.195855718842182 ] } },
{ "type": "Feature", "properties": { "field_1": 6, "field_2": "1-48-6-CBA", "field_3": "pedania_la_carlota_cordoba", "field_4": 4467728.89, "field_5": 6325417.69, "field_6": null, "field_7": null }, "geometry": { "type": "Point", "coordinates": [ -63.346157738031806, -33.214119505184804 ] } },
{ "type": "Feature", "properties": { "field_1": 7, "field_2": "1-48-7-CBA", "field_3": "pedania_la_carlota_cordoba", "field_4": 4469232.11, "field_5": 6323509.74, "field_6": null, "field_7": null }, "geometry": { "type": "Point", "coordinates": [ -63.330098288357391, -33.23136596019144 ] } },
{ "type": "Feature", "properties": { "field_1": 8, "field_2": "1-48-8-CBA", "field_3": "pedania_la_carlota_cordoba", "field_4": 4470868.94, "field_5": 6322200.73, "field_6": null, "field_7": null }, "geometry": { "type": "Point", "coordinates": [ -63.312579609708017, -33.243213733897178 ] } },
{ "type": "Feature", "properties": { "field_1": 9, "field_2": "1-48-9-CBA", "field_3": "pedania_la_carlota_cordoba", "field_4": 4468613.37, "field_5": 6320528.45, "field_6": null, "field_7": null }, "geometry": { "type": "Point", "coordinates": [ -63.33683949400389, -33.258228253546058 ] } },
{ "type": "Feature", "properties": { "field_1": 1, "field_2": "1-49-1-CBA", "field_3": "pedania_la_carlota_cordoba", "field_4": 4471262.34, "field_5": 6311825.51, "field_6": null, "field_7": null }, "geometry": { "type": "Point", "coordinates": [ -63.308687666283362, -33.336769526365799 ] } },
{ "type": "Feature", "properties": { "field_1": 2, "field_2": "1-49-2-CBA", "field_3": "pedania_la_carlota_cordoba", "field_4": 4471282.05, "field_5": 6312935.97, "field_6": null, "field_7": null }, "geometry": { "type": "Point", "coordinates": [ -63.3084406701118, -33.326757969109806 ] } },
{ "type": "Feature", "properties": { "field_1": 3, "field_2": "1-49-3-CBA", "field_3": "pedania_la_carlota_cordoba", "field_4": 4462104.24, "field_5": 6317696.17, "field_6": null, "field_7": null }, "geometry": { "type": "Point", "coordinates": [ -63.406811747922625, -33.283555678353629 ] } },
{ "type": "Feature", "properties": { "field_1": 4, "field_2": "1-49-4-CBA", "field_3": "pedania_la_carlota_cordoba", "field_4": 4463066.78, "field_5": 6317095.43, "field_6": null, "field_7": null }, "geometry": { "type": "Point", "coordinates": [ -63.396503615248662, -33.28900541990452 ] } },
{ "type": "Feature", "properties": { "field_1": 5, "field_2": "1-49-5-CBA", "field_3": "pedania_la_carlota_cordoba", "field_4": 4464946.42, "field_5": 6314068.84, "field_6": null, "field_7": null }, "geometry": { "type": "Point", "coordinates": [ -63.376442069801115, -33.316356301609829 ] } },
{ "type": "Feature", "properties": { "field_1": 6, "field_2": "1-49-6-CBA", "field_3": "pedania_la_carlota_cordoba", "field_4": 4465973.62, "field_5": 6313003.27, "field_6": null, "field_7": null }, "geometry": { "type": "Point", "coordinates": [ -63.365451261906053, -33.325996542071849 ] } },
{ "type": "Feature", "properties": { "field_1": 1, "field_2": "1-5-1-CBA", "field_3": "pedania_reduccion_cordoba", "field_4": 4441632.13, "field_5": 6314383.03, "field_6": null, "field_7": null }, "geometry": { "type": "Point", "coordinates": [ -63.626783523216027, -33.312512814775381 ] } },
{ "type": "Feature", "properties": { "field_1": 2, "field_2": "1-5-2-CBA", "field_3": "pedania_reduccion_cordoba", "field_4": 4441726.67, "field_5": 6315883.72, "field_6": null, "field_7": null }, "geometry": { "type": "Point", "coordinates": [ -63.62567173126002, -33.298988029084008 ] } },
{ "type": "Feature", "properties": { "field_1": 3, "field_2": "1-5-3-CBA", "field_3": "pedania_la_carlota_cordoba", "field_4": 4446055.15, "field_5": 6317557.95, "field_6": null, "field_7": null }, "geometry": { "type": "Point", "coordinates": [ -63.579100057002762, -33.284118644477985 ] } },
{ "type": "Feature", "properties": { "field_1": 4, "field_2": "1-5-4-CBA", "field_3": "pedania_la_carlota_cordoba", "field_4": 4446965.31, "field_5": 6317368.24, "field_6": null, "field_7": null }, "geometry": { "type": "Point", "coordinates": [ -63.569341011480979, -33.285874186614166 ] } },
{ "type": "Feature", "properties": { "field_1": 5, "field_2": "1-5-5-CBA", "field_3": "pedania_la_carlota_cordoba", "field_4": 4446822.84, "field_5": 6318169.25, "field_6": null, "field_7": null }, "geometry": { "type": "Point", "coordinates": [ -63.570823380981267, -33.278645335905907 ] } },
{ "type": "Feature", "properties": { "field_1": 6, "field_2": "1-5-6-CBA", "field_3": "pedania_la_carlota_cordoba", "field_4": 4443486.96, "field_5": 6310905.14, "field_6": null, "field_7": null }, "geometry": { "type": "Point", "coordinates": [ -63.607083886504931, -33.343967607977284 ] } },
{ "type": "Feature", "properties": { "field_1": 1, "field_2": "1-67-1-CBA", "field_3": "pedania_chazon_cordoba", "field_4": 4481061.46, "field_5": 6357392.19, "field_6": "Las Mojarras", "field_7": null }, "geometry": { "type": "Point", "coordinates": [ -63.202485585230107, -32.926133492912747 ] } },
{ "type": "Feature", "properties": { "field_1": 10, "field_2": "1-67-10-CBA", "field_3": "pedania_chazon_cordoba", "field_4": 4479264.48, "field_5": 6348932.28, "field_6": null, "field_7": null }, "geometry": { "type": "Point", "coordinates": [ -63.221888711531527, -33.002381822666514 ] } },
{ "type": "Feature", "properties": { "field_1": 11, "field_2": "1-67-11-CBA", "field_3": "pedania_chazon_cordoba", "field_4": 4473204.47, "field_5": 6349901.84, "field_6": null, "field_7": null }, "geometry": { "type": "Point", "coordinates": [ -63.286706880654584, -32.993507529459002 ] } },
{ "type": "Feature", "properties": { "field_1": 12, "field_2": "1-67-12-CBA", "field_3": "pedania_chazon_cordoba", "field_4": 4476685.4, "field_5": 6356913.73, "field_6": null, "field_7": null }, "geometry": { "type": "Point", "coordinates": [ -63.249284562173706, -32.930363111227635 ] } },
{ "type": "Feature", "properties": { "field_1": 13, "field_2": "1-67-13-CBA", "field_3": "pedania_chazon_cordoba", "field_4": 4471485.59, "field_5": 6349700.16, "field_6": null, "field_7": null }, "geometry": { "type": "Point", "coordinates": [ -63.305104488279007, -32.995282420840198 ] } },
{ "type": "Feature", "properties": { "field_1": 2, "field_2": "1-67-2-CBA", "field_3": "pedania_chazon_cordoba", "field_4": 4479220.52, "field_5": 6357835.06, "field_6": null, "field_7": null }, "geometry": { "type": "Point", "coordinates": [ -63.222158138106565, -32.922106780632959 ] } },
{ "type": "Feature", "properties": { "field_1": 3, "field_2": "1-67-3-CBA", "field_3": "pedania_chazon_cordoba", "field_4": 4477109.5, "field_5": 6354467.16, "field_6": null, "field_7": null }, "geometry": { "type": "Point", "coordinates": [ -63.244810842161854, -32.952432239339764 ] } },
{ "type": "Feature", "properties": { "field_1": 4, "field_2": "1-67-4-CBA", "field_3": "pedania_chazon_cordoba", "field_4": 4472892.58, "field_5": 6355427.1, "field_6": null, "field_7": null }, "geometry": { "type": "Point", "coordinates": [ -63.289881219589063, -32.943680209045368 ] } },
{ "type": "Feature", "properties": { "field_1": 5, "field_2": "1-67-5-CBA", "field_3": "pedania_chazon_cordoba", "field_4": 4472279.64, "field_5": 6348634.67, "field_6": null, "field_7": null }, "geometry": { "type": "Point", "coordinates": [ -63.296640439136468, -33.004910043699546 ] } },
{ "type": "Feature", "properties": { "field_1": 6, "field_2": "1-67-6-CBA", "field_3": "pedania_chazon_cordoba", "field_4": 4477093.63, "field_5": 6350122.5, "field_6": null, "field_7": null }, "geometry": { "type": "Point", "coordinates": [ -63.245088737998458, -32.991606525586882 ] } },
{ "type": "Feature", "properties": { "field_1": 7, "field_2": "1-67-7-CBA", "field_3": "pedania_chazon_cordoba", "field_4": 4473162.63, "field_5": 6348683.07, "field_6": null, "field_7": null }, "geometry": { "type": "Point", "coordinates": [ -63.287190151917301, -33.004495733443449 ] } },
{ "type": "Feature", "properties": { "field_1": 8, "field_2": "1-67-8-CBA", "field_3": "pedania_chazon_cordoba", "field_4": 4478611.12, "field_5": 6350150.04, "field_6": null, "field_7": null }, "geometry": { "type": "Point", "coordinates": [ -63.228851805376046, -32.991389020144162 ] } },
{ "type": "Feature", "properties": { "field_1": 9, "field_2": "1-67-9-CBA", "field_3": "pedania_chazon_cordoba", "field_4": 4478179.55, "field_5": 6349120.41, "field_6": null, "field_7": null }, "geometry": { "type": "Point", "coordinates": [ -63.233493800714058, -33.000664337528626 ] } },
{ "type": "Feature", "properties": { "field_1": 1, "field_2": "1-68-1-CBA", "field_3": "pedania_chazon_cordoba", "field_4": 4471589.96, "field_5": 6344587.76, "field_6": null, "field_7": null }, "geometry": { "type": "Point", "coordinates": [ -63.304145977477972, -33.041381695987774 ] } },
{ "type": "Feature", "properties": { "field_1": 10, "field_2": "1-68-10-CBA", "field_3": "pedania_chazon_cordoba", "field_4": 4478100.12, "field_5": 6342704.61, "field_6": null, "field_7": null }, "geometry": { "type": "Point", "coordinates": [ -63.23449689752303, -33.058511781356877 ] } },
{ "type": "Feature", "properties": { "field_1": 11, "field_2": "1-68-11-CBA", "field_3": "pedania_chazon_cordoba", "field_4": 4474147.9, "field_5": 6346021.93, "field_6": null, "field_7": null }, "geometry": { "type": "Point", "coordinates": [ -63.276721761218212, -33.0285140884626 ] } },
{ "type": "Feature", "properties": { "field_1": 12, "field_2": "1-68-12-CBA", "field_3": "pedania_chazon_cordoba", "field_4": 4476372.06, "field_5": 6345824.93, "field_6": null, "field_7": null }, "geometry": { "type": "Point", "coordinates": [ -63.252919704951637, -33.030340888492113 ] } },
{ "type": "Feature", "properties": { "field_1": 13, "field_2": "1-68-13-CBA", "field_3": "pedania_chazon_cordoba", "field_4": 4480615.84, "field_5": 6341214.37, "field_6": null, "field_7": null }, "geometry": { "type": "Point", "coordinates": [ -63.207591272700697, -33.071996437967378 ] } },
{ "type": "Feature", "properties": { "field_1": 14, "field_2": "1-68-14-CBA", "field_3": "pedania_chazon_cordoba", "field_4": 4476842.33, "field_5": 6341130.05, "field_6": null, "field_7": null }, "geometry": { "type": "Point", "coordinates": [ -63.248004523440734, -33.072682897989701 ] } },
{ "type": "Feature", "properties": { "field_1": 2, "field_2": "1-68-2-CBA", "field_3": "pedania_chazon_cordoba", "field_4": 4471559.02, "field_5": 6348300.85, "field_6": null, "field_7": null }, "geometry": { "type": "Point", "coordinates": [ -63.304362120571014, -33.007901413836784 ] } },
{ "type": "Feature", "properties": { "field_1": 3, "field_2": "1-68-3-CBA", "field_3": "pedania_chazon_cordoba", "field_4": 4471613.73, "field_5": 6347344.58, "field_6": null, "field_7": null }, "geometry": { "type": "Point", "coordinates": [ -63.303806212977975, -33.016525168715305 ] } },
{ "type": "Feature", "properties": { "field_1": 4, "field_2": "1-68-4-CBA", "field_3": "pedania_chazon_cordoba", "field_4": 4479106.62, "field_5": 6347837.26, "field_6": null, "field_7": null }, "geometry": { "type": "Point", "coordinates": [ -63.223602842414081, -33.012252265951027 ] } },
{ "type": "Feature", "properties": { "field_1": 5, "field_2": "1-68-5-CBA", "field_3": "pedania_chazon_cordoba", "field_4": 4481198.59, "field_5": 6346428.5, "field_6": null, "field_7": null }, "geometry": { "type": "Point", "coordinates": [ -63.201243539703313, -33.024992713477623 ] } },
{ "type": "Feature", "properties": { "field_1": 6, "field_2": "1-68-6-CBA", "field_3": "pedania_chazon_cordoba", "field_4": 4473944.65, "field_5": 6341615.86, "field_6": null, "field_7": null }, "geometry": { "type": "Point", "coordinates": [ -63.27902257274269, -33.068236986727257 ] } },
{ "type": "Feature", "properties": { "field_1": 7, "field_2": "1-68-7-CBA", "field_3": "pedania_chazon_cordoba", "field_4": 4473643.37, "field_5": 6339973.35, "field_6": null, "field_7": null }, "geometry": { "type": "Point", "coordinates": [ -63.282296174352744, -33.083039502437032 ] } },
{ "type": "Feature", "properties": { "field_1": 8, "field_2": "1-68-8-CBA", "field_3": "pedania_la_carlota_cordoba", "field_4": 4478769.04, "field_5": 6338482.1, "field_6": null, "field_7": null }, "geometry": { "type": "Point", "coordinates": [ -63.227432367403438, -33.096597670502042 ] } },
{ "type": "Feature", "properties": { "field_1": 9, "field_2": "1-68-9-CBA", "field_3": "pedania_chazon_cordoba", "field_4": 4476668.75, "field_5": 6344251.58, "field_6": null, "field_7": null }, "geometry": { "type": "Point", "coordinates": [ -63.249783932426247, -33.044533600484336 ] } },
{ "type": "Feature", "properties": { "field_1": 1, "field_2": "1-69-1-CBA", "field_3": "pedania_la_carlota_cordoba", "field_4": 4480137.06, "field_5": 6335887.95, "field_6": null, "field_7": null }, "geometry": { "type": "Point", "coordinates": [ -63.21283431338108, -33.120013832117941 ] } },
{ "type": "Feature", "properties": { "field_1": 10, "field_2": "1-69-10-CBA", "field_3": "pedania_la_carlota_cordoba", "field_4": 4476869.24, "field_5": 6336480.73, "field_6": null, "field_7": null }, "geometry": { "type": "Point", "coordinates": [ -63.24783393289745, -33.114604299151587 ] } },
{ "type": "Feature", "properties": { "field_1": 11, "field_2": "1-69-11-CBA", "field_3": "pedania_la_carlota_cordoba", "field_4": 4474704.8, "field_5": 6335765.16, "field_6": null, "field_7": null }, "geometry": { "type": "Point", "coordinates": [ -63.27104421320454, -33.121007959777749 ] } },
{ "type": "Feature", "properties": { "field_1": 12, "field_2": "1-69-12-CBA", "field_3": "pedania_la_carlota_cordoba", "field_4": 4473479.79, "field_5": 6336421.41, "field_6": null, "field_7": null }, "geometry": { "type": "Point", "coordinates": [ -63.284151221258071, -33.115061647265321 ] } },
{ "type": "Feature", "properties": { "field_1": 13, "field_2": "1-69-13-CBA", "field_3": "pedania_la_carlota_cordoba", "field_4": 4475056.73, "field_5": 6337668.55, "field_6": null, "field_7": null }, "geometry": { "type": "Point", "coordinates": [ -63.267221294101326, -33.10385417110902 ] } },
{ "type": "Feature", "properties": { "field_1": 14, "field_2": "1-69-14-CBA", "field_3": "pedania_la_carlota_cordoba", "field_4": 4479997.35, "field_5": 6333494.92, "field_6": null, "field_7": null }, "geometry": { "type": "Point", "coordinates": [ -63.21438374328276, -33.141588064163258 ] } },
{ "type": "Feature", "properties": { "field_1": 2, "field_2": "1-69-2-CBA", "field_3": "pedania_la_carlota_cordoba", "field_4": 4478885.14, "field_5": 6333693.9, "field_6": null, "field_7": null }, "geometry": { "type": "Point", "coordinates": [ -63.226299374279236, -33.139772877288387 ] } },
{ "type": "Feature", "properties": { "field_1": 3, "field_2": "1-69-3-CBA", "field_3": "pedania_la_carlota_cordoba", "field_4": 4476411.92, "field_5": 6331646.42, "field_6": null, "field_7": null }, "geometry": { "type": "Point", "coordinates": [ -63.252858757078819, -33.158182942545714 ] } },
{ "type": "Feature", "properties": { "field_1": 4, "field_2": "1-69-4-CBA", "field_3": "pedania_la_carlota_cordoba", "field_4": 4474219.02, "field_5": 6332914.11, "field_6": null, "field_7": null }, "geometry": { "type": "Point", "coordinates": [ -63.276329912981666, -33.146702940631627 ] } },
{ "type": "Feature", "properties": { "field_1": 5, "field_2": "1-69-5-CBA", "field_3": "pedania_la_carlota_cordoba", "field_4": 4473651.74, "field_5": 6333853.29, "field_6": null, "field_7": null }, "geometry": { "type": "Point", "coordinates": [ -63.282383001678916, -33.138221230239225 ] } },
{ "type": "Feature", "properties": { "field_1": 6, "field_2": "1-69-6-CBA", "field_3": "pedania_la_carlota_cordoba", "field_4": 4472573.23, "field_5": 6332072.26, "field_6": null, "field_7": null }, "geometry": { "type": "Point", "coordinates": [ -63.293995104128655, -33.154253044015881 ] } },
{ "type": "Feature", "properties": { "field_1": 7, "field_2": "1-69-7-CBA", "field_3": "pedania_la_carlota_cordoba", "field_4": 4471876.91, "field_5": 6337772.69, "field_6": null, "field_7": null }, "geometry": { "type": "Point", "coordinates": [ -63.301283417809685, -33.102837506551879 ] } },
{ "type": "Feature", "properties": { "field_1": 8, "field_2": "1-69-8-CBA", "field_3": "pedania_la_carlota_cordoba", "field_4": 4480991.58, "field_5": 6335178.24, "field_6": null, "field_7": null }, "geometry": { "type": "Point", "coordinates": [ -63.203692902922803, -33.126428259096258 ] } },
{ "type": "Feature", "properties": { "field_1": 9, "field_2": "1-69-9-CBA", "field_3": "pedania_ascasubi_cordoba", "field_4": 4480505.78, "field_5": 6330210.36, "field_6": null, "field_7": null }, "geometry": { "type": "Point", "coordinates": [ -63.209004816285216, -33.17121250512848 ] } },
{ "type": "Feature", "properties": { "field_1": 1, "field_2": "1-70-1-CBA", "field_3": "pedania_la_carlota_cordoba", "field_4": 4471751.37, "field_5": 6321626.71, "field_6": null, "field_7": null }, "geometry": { "type": "Point", "coordinates": [ -63.303129067359237, -33.248412697946442 ] } },
{ "type": "Feature", "properties": { "field_1": 2, "field_2": "1-70-2-CBA", "field_3": "pedania_la_carlota_cordoba", "field_4": 4472243.29, "field_5": 6323135.24, "field_6": null, "field_7": null }, "geometry": { "type": "Point", "coordinates": [ -63.297804365522587, -33.234824095038768 ] } },
{ "type": "Feature", "properties": { "field_1": 3, "field_2": "1-70-3-CBA", "field_3": "pedania_la_carlota_cordoba", "field_4": 4473756.8, "field_5": 6323443.42, "field_6": null, "field_7": null }, "geometry": { "type": "Point", "coordinates": [ -63.281557135612204, -33.232083259185217 ] } },
{ "type": "Feature", "properties": { "field_1": 4, "field_2": "1-70-4-CBA", "field_3": "pedania_la_carlota_cordoba", "field_4": 4475506.09, "field_5": 6321124.0, "field_6": null, "field_7": null }, "geometry": { "type": "Point", "coordinates": [ -63.262852284153873, -33.253036961586695 ] } },
{ "type": "Feature", "properties": { "field_1": 5, "field_2": "1-70-5-CBA", "field_3": "pedania_la_carlota_cordoba", "field_4": 4474578.24, "field_5": 6327479.02, "field_6": null, "field_7": null }, "geometry": { "type": "Point", "coordinates": [ -63.272631388949399, -33.195716477939357 ] } },
{ "type": "Feature", "properties": { "field_1": 6, "field_2": "1-70-6-CBA", "field_3": "pedania_la_carlota_cordoba", "field_4": 4474157.81, "field_5": 6328193.87, "field_6": null, "field_7": null }, "geometry": { "type": "Point", "coordinates": [ -63.277119847614593, -33.189261157104795 ] } },
{ "type": "Feature", "properties": { "field_1": 7, "field_2": "1-70-7-CBA", "field_3": "pedania_la_carlota_cordoba", "field_4": 4473294.86, "field_5": 6328321.44, "field_6": null, "field_7": null }, "geometry": { "type": "Point", "coordinates": [ -63.286369831882588, -33.188089992574191 ] } },
{ "type": "Feature", "properties": { "field_1": 8, "field_2": "1-70-8-CBA", "field_3": "pedania_la_carlota_cordoba", "field_4": 4471452.92, "field_5": 6325782.05, "field_6": null, "field_7": null }, "geometry": { "type": "Point", "coordinates": [ -63.306201017784275, -33.210939023601746 ] } },
{ "type": "Feature", "properties": { "field_1": 9, "field_2": "1-70-9-CBA", "field_3": "pedania_la_carlota_cordoba", "field_4": 4479959.17, "field_5": 6327269.81, "field_6": null, "field_7": null }, "geometry": { "type": "Point", "coordinates": [ -63.214929873618281, -33.19771582247828 ] } },
{ "type": "Feature", "properties": { "field_1": 1, "field_2": "1-71-1-CBA", "field_3": "pedania_la_carlota_cordoba", "field_4": 4481077.84, "field_5": 6314883.45, "field_6": null, "field_7": null }, "geometry": { "type": "Point", "coordinates": [ -63.203191066396073, -33.309415671642462 ] } },
{ "type": "Feature", "properties": { "field_1": 10, "field_2": "1-71-10-CBA", "field_3": "pedania_la_carlota_cordoba", "field_4": 4478327.14, "field_5": 6310275.79, "field_6": null, "field_7": null }, "geometry": { "type": "Point", "coordinates": [ -63.232838833462914, -33.350907523683496 ] } },
{ "type": "Feature", "properties": { "field_1": 11, "field_2": "1-71-11-CBA", "field_3": "pedania_la_carlota_cordoba", "field_4": 4479513.0, "field_5": 6309568.81, "field_6": null, "field_7": null }, "geometry": { "type": "Point", "coordinates": [ -63.220114959234181, -33.357305023742512 ] } },
{ "type": "Feature", "properties": { "field_1": 12, "field_2": "1-71-12-CBA", "field_3": "pedania_la_carlota_cordoba", "field_4": 4476167.73, "field_5": 6309320.85, "field_6": null, "field_7": null }, "geometry": { "type": "Point", "coordinates": [ -63.256062951653689, -33.359471755359912 ] } },
{ "type": "Feature", "properties": { "field_1": 13, "field_2": "1-71-13-CBA", "field_3": "pedania_la_carlota_cordoba", "field_4": 4473711.48, "field_5": 6312004.16, "field_6": null, "field_7": null }, "geometry": { "type": "Point", "coordinates": [ -63.282375287662425, -33.335221381866042 ] } },
{ "type": "Feature", "properties": { "field_1": 15, "field_2": "1-71-15-CBA", "field_3": "pedania_la_carlota_cordoba", "field_4": 4475269.68, "field_5": 6316526.16, "field_6": null, "field_7": null }, "geometry": { "type": "Point", "coordinates": [ -63.265514684704371, -33.294486971198516 ] } },
{ "type": "Feature", "properties": { "field_1": 2, "field_2": "1-71-2-CBA", "field_3": "pedania_la_carlota_cordoba", "field_4": 4480466.88, "field_5": 6315500.57, "field_6": null, "field_7": null }, "geometry": { "type": "Point", "coordinates": [ -63.209738301068782, -33.30384065265801 ] } },
{ "type": "Feature", "properties": { "field_1": 3, "field_2": "1-71-3-CBA", "field_3": "pedania_la_carlota_cordoba", "field_4": 4479994.24, "field_5": 6315957.66, "field_6": null, "field_7": null }, "geometry": { "type": "Point", "coordinates": [ -63.214803133653021, -33.299710736980046 ] } },
{ "type": "Feature", "properties": { "field_1": 4, "field_2": "1-71-4-CBA", "field_3": "pedania_la_carlota_cordoba", "field_4": 4478489.15, "field_5": 6315004.02, "field_6": null, "field_7": null }, "geometry": { "type": "Point", "coordinates": [ -63.23098581078326, -33.308280017389833 ] } },
{ "type": "Feature", "properties": { "field_1": 5, "field_2": "1-71-5-CBA", "field_3": "pedania_la_carlota_cordoba", "field_4": 4478211.22, "field_5": 6315816.41, "field_6": null, "field_7": null }, "geometry": { "type": "Point", "coordinates": [ -63.233950651257288, -33.300949719657318 ] } },
{ "type": "Feature", "properties": { "field_1": 6, "field_2": "1-71-6-CBA", "field_3": "pedania_la_carlota_cordoba", "field_4": 4479933.09, "field_5": 6312144.93, "field_6": null, "field_7": null }, "geometry": { "type": "Point", "coordinates": [ -63.21554428552767, -33.334086116225066 ] } },
{ "type": "Feature", "properties": { "field_1": 7, "field_2": "1-71-7-CBA", "field_3": "pedania_la_carlota_cordoba", "field_4": 4476871.39, "field_5": 6313179.86, "field_6": null, "field_7": null }, "geometry": { "type": "Point", "coordinates": [ -63.248403872254762, -33.324693551565851 ] } },
{ "type": "Feature", "properties": { "field_1": 8, "field_2": "1-71-8-CBA", "field_3": "pedania_la_carlota_cordoba", "field_4": 4474826.33, "field_5": 6312281.84, "field_6": null, "field_7": null }, "geometry": { "type": "Point", "coordinates": [ -63.270392702207921, -33.332744413681496 ] } },
{ "type": "Feature", "properties": { "field_1": 9, "field_2": "1-71-9-CBA", "field_3": "pedania_la_carlota_cordoba", "field_4": 4474456.46, "field_5": 6312979.19, "field_6": null, "field_7": null }, "geometry": { "type": "Point", "coordinates": [ -63.27434573962509, -33.326448262805982 ] } },
{ "type": "Feature", "properties": { "field_1": 1, "field_2": "1-89-1-CBA", "field_3": "pedania_chazon_cordoba", "field_4": 4483607.73, "field_5": 6356948.87, "field_6": null, "field_7": null }, "geometry": { "type": "Point", "coordinates": [ -63.175269802267536, -32.930171973989104 ] } },
{ "type": "Feature", "properties": { "field_1": 2, "field_2": "1-89-2-CBA", "field_3": "pedania_chazon_cordoba", "field_4": 4485991.28, "field_5": 6354480.57, "field_6": null, "field_7": null }, "geometry": { "type": "Point", "coordinates": [ -63.149822206360177, -32.952461343705203 ] } },
{ "type": "Feature", "properties": { "field_1": 3, "field_2": "1-89-3-CBA", "field_3": "pedania_chazon_cordoba", "field_4": 4481874.56, "field_5": 6350738.29, "field_6": null, "field_7": null }, "geometry": { "type": "Point", "coordinates": [ -63.193923248358018, -32.986144041569602 ] } },
{ "type": "Feature", "properties": { "field_1": 4, "field_2": "1-89-4-CBA", "field_3": "pedania_ascasubi_cordoba", "field_4": 4487523.57, "field_5": 6348494.93, "field_6": null, "field_7": null }, "geometry": { "type": "Point", "coordinates": [ -63.133515905246675, -33.006451094351732 ] } },
{ "type": "Feature", "properties": { "field_1": 5, "field_2": "1-89-5-CBA", "field_3": "pedania_ascasubi_cordoba", "field_4": 4491081.2, "field_5": 6354051.08, "field_6": null, "field_7": null }, "geometry": { "type": "Point", "coordinates": [ -63.095390746896634, -32.956387399188515 ] } },
{ "type": "Feature", "properties": { "field_1": 6, "field_2": "1-89-6-CBA", "field_3": "pedania_chazon_cordoba", "field_4": 4486365.76, "field_5": 6357210.68, "field_6": null, "field_7": null }, "geometry": { "type": "Point", "coordinates": [ -63.145776832016651, -32.927849150406523 ] } },
{ "type": "Feature", "properties": { "field_1": 7, "field_2": "1-89-7-CBA", "field_3": "pedania_chazon_cordoba", "field_4": 4482433.87, "field_5": 6354761.37, "field_6": null, "field_7": null }, "geometry": { "type": "Point", "coordinates": [ -63.187862498664522, -32.949878011386694 ] } },
{ "type": "Feature", "properties": { "field_1": 1, "field_2": "1-90-1-CBA", "field_3": "pedania_chazon_cordoba", "field_4": 4484000.34, "field_5": 6345925.9, "field_6": null, "field_7": null }, "geometry": { "type": "Point", "coordinates": [ -63.171263754257865, -33.029569258126472 ] } },
{ "type": "Feature", "properties": { "field_1": 10, "field_2": "1-90-10-CBA", "field_3": "pedania_ascasubi_cordoba", "field_4": 4489036.65, "field_5": 6342524.93, "field_6": null, "field_7": null }, "geometry": { "type": "Point", "coordinates": [ -63.117395345383386, -33.060297081420494 ] } },
{ "type": "Feature", "properties": { "field_1": 11, "field_2": "1-90-11-CBA", "field_3": "pedania_ascasubi_cordoba", "field_4": 4489803.93, "field_5": 6340368.6, "field_6": null, "field_7": null }, "geometry": { "type": "Point", "coordinates": [ -63.109203469766179, -33.079747422684704 ] } },
{ "type": "Feature", "properties": { "field_1": 12, "field_2": "1-90-12-CBA", "field_3": "pedania_ascasubi_cordoba", "field_4": 4491011.97, "field_5": 6340169.95, "field_6": null, "field_7": null }, "geometry": { "type": "Point", "coordinates": [ -63.096267106178892, -33.081549238447813 ] } },
{ "type": "Feature", "properties": { "field_1": 2, "field_2": "1-90-2-CBA", "field_3": "pedania_chazon_cordoba", "field_4": 4483947.84, "field_5": 6342744.63, "field_6": null, "field_7": null }, "geometry": { "type": "Point", "coordinates": [ -63.171881420596151, -33.058252935821081 ] } },
{ "type": "Feature", "properties": { "field_1": 3, "field_2": "1-90-3-CBA", "field_3": "pedania_ascasubi_cordoba", "field_4": 4487304.58, "field_5": 6343139.96, "field_6": null, "field_7": null }, "geometry": { "type": "Point", "coordinates": [ -63.135933488672066, -33.05473272864451 ] } },
{ "type": "Feature", "properties": { "field_1": 4, "field_2": "1-90-4-CBA", "field_3": "pedania_ascasubi_cordoba", "field_4": 4485229.0, "field_5": 6342373.46, "field_6": null, "field_7": null }, "geometry": { "type": "Point", "coordinates": [ -63.158169333167812, -33.061617794791843 ] } },
{ "type": "Feature", "properties": { "field_1": 5, "field_2": "1-90-5-CBA", "field_3": "pedania_ascasubi_cordoba", "field_4": 4486646.39, "field_5": 6341431.13, "field_6": null, "field_7": null }, "geometry": { "type": "Point", "coordinates": [ -63.143005725400151, -33.070132775369558 ] } },
{ "type": "Feature", "properties": { "field_1": 6, "field_2": "1-90-6-CBA", "field_3": "pedania_ascasubi_cordoba", "field_4": 4484571.64, "field_5": 6340400.59, "field_6": null, "field_7": null }, "geometry": { "type": "Point", "coordinates": [ -63.165241555355571, -33.079397310474469 ] } },
{ "type": "Feature", "properties": { "field_1": 7, "field_2": "1-90-7-CBA", "field_3": "pedania_ascasubi_cordoba", "field_4": 4487737.8, "field_5": 6340382.1, "field_6": null, "field_7": null }, "geometry": { "type": "Point", "coordinates": [ -63.131331876802797, -33.079604354574109 ] } },
{ "type": "Feature", "properties": { "field_1": 8, "field_2": "1-90-8-CBA", "field_3": "pedania_chazon_cordoba", "field_4": 4482381.33, "field_5": 6342236.04, "field_6": null, "field_7": null }, "geometry": { "type": "Point", "coordinates": [ -63.188664654558778, -33.062814463970128 ] } },
{ "type": "Feature", "properties": { "field_1": 9, "field_2": "1-90-9-CBA", "field_3": "pedania_chazon_cordoba", "field_4": 4482208.03, "field_5": 6339368.15, "field_6": null, "field_7": null }, "geometry": { "type": "Point", "coordinates": [ -63.190576110230914, -33.088670291472823 ] } },
{ "type": "Feature", "properties": { "field_1": 1, "field_2": "1-91-1-CBA", "field_3": "pedania_ascasubi_cordoba", "field_4": 4491026.38, "field_5": 6332424.93, "field_6": null, "field_7": null }, "geometry": { "type": "Point", "coordinates": [ -63.096188853816237, -33.151383021499981 ] } },
{ "type": "Feature", "properties": { "field_1": 10, "field_2": "1-91-10-CBA", "field_3": "pedania_ascasubi_cordoba", "field_4": 4487157.05, "field_5": 6334381.83, "field_6": null, "field_7": null }, "geometry": { "type": "Point", "coordinates": [ -63.137636110054032, -33.133699623477064 ] } },
{ "type": "Feature", "properties": { "field_1": 11, "field_2": "1-91-11-CBA", "field_3": "pedania_ascasubi_cordoba", "field_4": 4483872.09, "field_5": 6333185.11, "field_6": null, "field_7": null }, "geometry": { "type": "Point", "coordinates": [ -63.172861168217899, -33.144446018596867 ] } },
{ "type": "Feature", "properties": { "field_1": 12, "field_2": "1-91-12-CBA", "field_3": "pedania_ascasubi_cordoba", "field_4": 4483772.92, "field_5": 6331536.86, "field_6": null, "field_7": null }, "geometry": { "type": "Point", "coordinates": [ -63.173953402263038, -33.159305999993308 ] } },
{ "type": "Feature", "properties": { "field_1": 13, "field_2": "1-91-13-CBA", "field_3": "pedania_ascasubi_cordoba", "field_4": 4484182.53, "field_5": 6330269.97, "field_6": null, "field_7": null }, "geometry": { "type": "Point", "coordinates": [ -63.169584454609769, -33.170734959235141 ] } },
{ "type": "Feature", "properties": { "field_1": 14, "field_2": "1-91-14-CBA", "field_3": "pedania_ascasubi_cordoba", "field_4": 4485109.67, "field_5": 6331906.61, "field_6": null, "field_7": null }, "geometry": { "type": "Point", "coordinates": [ -63.159617665196599, -33.155991337384357 ] } },
{ "type": "Feature", "properties": { "field_1": 15, "field_2": "1-91-15-CBA", "field_3": "pedania_ascasubi_cordoba", "field_4": 4490232.16, "field_5": 6329618.82, "field_6": null, "field_7": null }, "geometry": { "type": "Point", "coordinates": [ -63.104732069242971, -33.176677497324221 ] } },
{ "type": "Feature", "properties": { "field_1": 16, "field_2": "1-91-16-CBA", "field_3": "pedania_ascasubi_cordoba", "field_4": 4490406.0, "field_5": 6334131.96, "field_6": null, "field_7": null }, "geometry": { "type": "Point", "coordinates": [ -63.102820672329742, -33.135986190759695 ] } },
{ "type": "Feature", "properties": { "field_1": 17, "field_2": "1-91-17-CBA", "field_3": "pedania_ascasubi_cordoba", "field_4": 4490022.35, "field_5": 6335567.67, "field_6": null, "field_7": null }, "geometry": { "type": "Point", "coordinates": [ -63.106916555146825, -33.123037553709672 ] } },
{ "type": "Feature", "properties": { "field_1": 18, "field_2": "1-91-18-CBA", "field_3": "pedania_ascasubi_cordoba", "field_4": 4490698.01, "field_5": 6335187.89, "field_6": null, "field_7": null }, "geometry": { "type": "Point", "coordinates": [ -63.09968044187071, -33.126467870760301 ] } },
{ "type": "Feature", "properties": { "field_1": 2, "field_2": "1-91-2-CBA", "field_3": "pedania_ascasubi_cordoba", "field_4": 4488420.64, "field_5": 6333385.76, "field_6": null, "field_7": null }, "geometry": { "type": "Point", "coordinates": [ -63.124107225631995, -33.142694961468671 ] } },
{ "type": "Feature", "properties": { "field_1": 3, "field_2": "1-91-3-CBA", "field_3": "pedania_ascasubi_cordoba", "field_4": 4489472.29, "field_5": 6330794.69, "field_6": null, "field_7": null }, "geometry": { "type": "Point", "coordinates": [ -63.112865763269411, -33.166068139938773 ] } },
{ "type": "Feature", "properties": { "field_1": 4, "field_2": "1-91-4-CBA", "field_3": "pedania_ascasubi_cordoba", "field_4": 4490523.99, "field_5": 6336497.34, "field_6": null, "field_7": null }, "geometry": { "type": "Point", "coordinates": [ -63.101531625754497, -33.114659601920053 ] } },
{ "type": "Feature", "properties": { "field_1": 5, "field_2": "1-91-5-CBA", "field_3": "pedania_ascasubi_cordoba", "field_4": 4488574.51, "field_5": 6334874.51, "field_6": null, "field_7": null }, "geometry": { "type": "Point", "coordinates": [ -63.122439438431591, -33.129273200228681 ] } },
{ "type": "Feature", "properties": { "field_1": 6, "field_2": "1-91-6-CBA", "field_3": "pedania_ascasubi_cordoba", "field_4": 4488786.84, "field_5": 6338199.74, "field_6": null, "field_7": null }, "geometry": { "type": "Point", "coordinates": [ -63.12012325972492, -33.099293195635454 ] } },
{ "type": "Feature", "properties": { "field_1": 7, "field_2": "1-91-7-CBA", "field_3": "pedania_ascasubi_cordoba", "field_4": 4487339.65, "field_5": 6329281.27, "field_6": null, "field_7": null }, "geometry": { "type": "Point", "coordinates": [ -63.135750071883862, -33.179691062423899 ] } },
{ "type": "Feature", "properties": { "field_1": 8, "field_2": "1-91-8-CBA", "field_3": "pedania_ascasubi_cordoba", "field_4": 4485803.41, "field_5": 6336586.55, "field_6": null, "field_7": null }, "geometry": { "type": "Point", "coordinates": [ -63.152108386338689, -33.113803763980002 ] } },
{ "type": "Feature", "properties": { "field_1": 9, "field_2": "1-91-9-CBA", "field_3": "pedania_ascasubi_cordoba", "field_4": 4483560.15, "field_5": 6336887.44, "field_6": null, "field_7": null }, "geometry": { "type": "Point", "coordinates": [ -63.176137870416518, -33.111059117033918 ] } },
{ "type": "Feature", "properties": { "field_1": 1, "field_2": "1-92-1-CBA", "field_3": "pedania_ascasubi_cordoba", "field_4": 4483812.09, "field_5": 6326646.18, "field_6": null, "field_7": null }, "geometry": { "type": "Point", "coordinates": [ -63.173620454553124, -33.203403237620698 ] } },
{ "type": "Feature", "properties": { "field_1": 10, "field_2": "1-92-10-CBA", "field_3": "pedania_ascasubi_cordoba", "field_4": 4489687.99, "field_5": 6320399.09, "field_6": null, "field_7": null }, "geometry": { "type": "Point", "coordinates": [ -63.110671233455236, -33.259801572252634 ] } },
{ "type": "Feature", "properties": { "field_1": 11, "field_2": "1-92-11-CBA", "field_3": "pedania_la_carlota_cordoba", "field_4": 4487043.79, "field_5": 6318952.55, "field_6": null, "field_7": null }, "geometry": { "type": "Point", "coordinates": [ -63.139069664439525, -33.272815600679564 ] } },
{ "type": "Feature", "properties": { "field_1": 2, "field_2": "1-92-2-CBA", "field_3": "pedania_ascasubi_cordoba", "field_4": 4485220.6, "field_5": 6324459.06, "field_6": null, "field_7": null }, "geometry": { "type": "Point", "coordinates": [ -63.158549493622253, -33.223143402573278 ] } },
{ "type": "Feature", "properties": { "field_1": 3, "field_2": "1-92-3-CBA", "field_3": "pedania_ascasubi_cordoba", "field_4": 4487178.69, "field_5": 6324095.07, "field_6": null, "field_7": null }, "geometry": { "type": "Point", "coordinates": [ -63.137549037370633, -33.226450283436009 ] } },
{ "type": "Feature", "properties": { "field_1": 4, "field_2": "1-92-4-CBA", "field_3": "pedania_ascasubi_cordoba", "field_4": 4483935.31, "field_5": 6321763.98, "field_6": null, "field_7": null }, "geometry": { "type": "Point", "coordinates": [ -63.172385222151952, -33.247424957158877 ] } },
{ "type": "Feature", "properties": { "field_1": 5, "field_2": "1-92-5-CBA", "field_3": "pedania_ascasubi_cordoba", "field_4": 4482188.89, "field_5": 6327139.5, "field_6": null, "field_7": null }, "geometry": { "type": "Point", "coordinates": [ -63.1910198802926, -33.198929749096834 ] } },
{ "type": "Feature", "properties": { "field_1": 6, "field_2": "1-92-6-CBA", "field_3": "pedania_ascasubi_cordoba", "field_4": 4484790.76, "field_5": 6324052.71, "field_6": null, "field_7": null }, "geometry": { "type": "Point", "coordinates": [ -63.16316744061227, -33.226801258432488 ] } },
{ "type": "Feature", "properties": { "field_1": 7, "field_2": "1-92-7-CBA", "field_3": "pedania_ascasubi_cordoba", "field_4": 4482578.24, "field_5": 6322985.05, "field_6": null, "field_7": null }, "geometry": { "type": "Point", "coordinates": [ -63.186923881370568, -33.236394299982237 ] } },
{ "type": "Feature", "properties": { "field_1": 8, "field_2": "1-92-8-CBA", "field_3": "pedania_ascasubi_cordoba", "field_4": 4487720.55, "field_5": 6321929.04, "field_6": null, "field_7": null }, "geometry": { "type": "Point", "coordinates": [ -63.131765252122442, -33.245986376816965 ] } },
{ "type": "Feature", "properties": { "field_1": 9, "field_2": "1-92-9-CBA", "field_3": "pedania_ascasubi_cordoba", "field_4": 4488053.42, "field_5": 6320257.94, "field_6": null, "field_7": null }, "geometry": { "type": "Point", "coordinates": [ -63.128215430747538, -33.261057383021196 ] } },
{ "type": "Feature", "properties": { "field_1": 1, "field_2": "1-93-1-CBA", "field_3": "pedalnia_loboy_cordoba", "field_4": 4491338.31, "field_5": 6312948.82, "field_6": null, "field_7": null }, "geometry": { "type": "Point", "coordinates": [ -63.093031116375101, -33.326990191524118 ] } },
{ "type": "Feature", "properties": { "field_1": 2, "field_2": "1-93-2-CBA", "field_3": "pedania_la_carlota_cordoba", "field_4": 4488222.33, "field_5": 6312132.77, "field_6": null, "field_7": null }, "geometry": { "type": "Point", "coordinates": [ -63.126508351362745, -33.334318347099057 ] } },
{ "type": "Feature", "properties": { "field_1": 3, "field_2": "1-93-3-CBA", "field_3": "pedania_la_carlota_cordoba", "field_4": 4487821.38, "field_5": 6310873.2, "field_6": null, "field_7": null }, "geometry": { "type": "Point", "coordinates": [ -63.130832017473963, -33.345670489085478 ] } },
{ "type": "Feature", "properties": { "field_1": 4, "field_2": "1-93-4-CBA", "field_3": "pedania_la_carlota_cordoba", "field_4": 4486532.85, "field_5": 6311317.88, "field_6": null, "field_7": null }, "geometry": { "type": "Point", "coordinates": [ -63.144667544527216, -33.341645792166801 ] } },
{ "type": "Feature", "properties": { "field_1": 5, "field_2": "1-93-5-CBA", "field_3": "pedania_la_carlota_cordoba", "field_4": 4486991.43, "field_5": 6312371.59, "field_6": null, "field_7": null }, "geometry": { "type": "Point", "coordinates": [ -63.139726262056598, -33.332150914310461 ] } },
{ "type": "Feature", "properties": { "field_1": 6, "field_2": "1-93-6-CBA", "field_3": "pedania_la_carlota_cordoba", "field_4": 4481956.8, "field_5": 6310838.31, "field_6": null, "field_7": null }, "geometry": { "type": "Point", "coordinates": [ -63.193833430049658, -33.345902715183044 ] } },
{ "type": "Feature", "properties": { "field_1": 8, "field_2": "1-93-8-CBA", "field_3": "pedania_la_carlota_cordoba", "field_4": 4488836.31, "field_5": 6318279.57, "field_6": null, "field_7": null }, "geometry": { "type": "Point", "coordinates": [ -63.119837633598372, -33.278903457705489 ] } },
{ "type": "Feature", "properties": { "field_1": 1, "field_2": "10-131-1-BSAS", "field_3": "partido_gral_villegas", "field_4": 4492005.39, "field_5": 6155144.57, "field_6": null, "field_7": null }, "geometry": { "type": "Point", "coordinates": [ -63.087312132943424, -34.749639294788459 ] } },
{ "type": "Feature", "properties": { "field_1": 2, "field_2": "10-131-2-BSAS", "field_3": "partido_gral_villegas", "field_4": 4492326.81, "field_5": 6154151.47, "field_6": null, "field_7": null }, "geometry": { "type": "Point", "coordinates": [ -63.083810900648686, -34.758593753598426 ] } },
{ "type": "Feature", "properties": { "field_1": 3, "field_2": "10-131-3-BSAS", "field_3": "partido_gral_villegas", "field_4": 4492483.4, "field_5": 6153036.12, "field_6": null, "field_7": null }, "geometry": { "type": "Point", "coordinates": [ -63.082110527575594, -34.768648881028739 ] } },
{ "type": "Feature", "properties": { "field_1": 4, "field_2": "10-131-4-BSAS", "field_3": "partido_gral_villegas", "field_4": 4493468.26, "field_5": 6150937.28, "field_6": null, "field_7": null }, "geometry": { "type": "Point", "coordinates": [ -63.071368544709308, -34.787574935819997 ] } },
{ "type": "Feature", "properties": { "field_1": 5, "field_2": "10-131-5-BSAS", "field_3": "partido_gral_villegas", "field_4": 4494016.32, "field_5": 6149420.84, "field_6": "Laguna de Iturralde / Los Leones", "field_7": null }, "geometry": { "type": "Point", "coordinates": [ -63.065391147796966, -34.801247693839755 ] } },
{ "type": "Feature", "properties": { "field_1": 1, "field_2": "10-132-1-BA", "field_3": "partido_gral_villegas", "field_4": 4494767.81, "field_5": 6145891.61, "field_6": null, "field_7": null }, "geometry": { "type": "Point", "coordinates": [ -63.057200880126381, -34.833064669475256 ] } },
{ "type": "Feature", "properties": { "field_1": 2, "field_2": "10-132-2-BA", "field_3": "partido_gral_villegas", "field_4": 4498932.41, "field_5": 6147354.96, "field_6": null, "field_7": null }, "geometry": { "type": "Point", "coordinates": [ -63.011670923187218, -34.819886784450354 ] } },
{ "type": "Feature", "properties": { "field_1": 3, "field_2": "10-132-3-BA", "field_3": "partido_gral_villegas", "field_4": 4493087.08, "field_5": 6140700.46, "field_6": null, "field_7": null }, "geometry": { "type": "Point", "coordinates": [ -63.075617692896181, -34.879847879537436 ] } },
{ "type": "Feature", "properties": { "field_1": 4, "field_2": "10-132-4-BA", "field_3": "partido_gral_villegas", "field_4": 4499955.95, "field_5": 6142563.35, "field_6": null, "field_7": null }, "geometry": { "type": "Point", "coordinates": [ -63.000483448076459, -34.863079254545838 ] } },
{ "type": "Feature", "properties": { "field_1": 5, "field_2": "10-132-5-BA", "field_3": "partido_gral_villegas", "field_4": 4492323.2, "field_5": 6146772.24, "field_6": null, "field_7": null }, "geometry": { "type": "Point", "coordinates": [ -63.083917687884245, -34.825111099497725 ] } },
{ "type": "Feature", "properties": { "field_1": 6, "field_2": "10-132-6-BA", "field_3": "partido_gral_villegas", "field_4": 4492390.85, "field_5": 6138589.8, "field_6": null, "field_7": null }, "geometry": { "type": "Point", "coordinates": [ -63.083252486098807, -34.898868372770977 ] } },
{ "type": "Feature", "properties": { "field_1": 1, "field_2": "10-153-1-BSAS", "field_3": "partido_gral_villegas", "field_4": 4511162.77, "field_5": 6148978.55, "field_6": null, "field_7": null }, "geometry": { "type": "Point", "coordinates": [ -62.878009578343487, -34.805190977711696 ] } },
{ "type": "Feature", "properties": { "field_1": 2, "field_2": "10-153-2-BSAS", "field_3": "partido_gral_villegas", "field_4": 4510753.44, "field_5": 6149624.13, "field_6": null, "field_7": null }, "geometry": { "type": "Point", "coordinates": [ -62.882491183901287, -34.799376050538569 ] } },
{ "type": "Feature", "properties": { "field_1": 3, "field_2": "10-153-3-BSAS", "field_3": "partido_gral_villegas", "field_4": 4508775.48, "field_5": 6149286.23, "field_6": null, "field_7": null }, "geometry": { "type": "Point", "coordinates": [ -62.904102209724371, -34.802440870726514 ] } },
{ "type": "Feature", "properties": { "field_1": 4, "field_2": "10-153-4-BSAS", "field_3": "partido_gral_villegas", "field_4": 4506651.92, "field_5": 6149643.36, "field_6": null, "field_7": null }, "geometry": { "type": "Point", "coordinates": [ -62.927311535279813, -34.799237730187876 ] } },
{ "type": "Feature", "properties": { "field_1": 5, "field_2": "10-153-5-BSAS", "field_3": "partido_gral_villegas", "field_4": 4505451.41, "field_5": 6149440.07, "field_6": null, "field_7": null }, "geometry": { "type": "Point", "coordinates": [ -62.94042902116734, -34.801077340123307 ] } },
{ "type": "Feature", "properties": { "field_1": 6, "field_2": "10-153-6-BSAS", "field_3": "partido_gral_villegas", "field_4": 4510956.73, "field_5": 6151181.78, "field_6": null, "field_7": null }, "geometry": { "type": "Point", "coordinates": [ -62.880289985787449, -34.785333035327234 ] } },
{ "type": "Feature", "properties": { "field_1": 7, "field_2": "10-153-7-BSAS", "field_3": "partido_gral_villegas", "field_4": 4508653.23, "field_5": 6152614.43, "field_6": null, "field_7": null }, "geometry": { "type": "Point", "coordinates": [ -62.905472405917024, -34.772441059979762 ] } },
{ "type": "Feature", "properties": { "field_1": 8, "field_2": "10-153-8-BSAS", "field_3": "partido_gral_villegas", "field_4": 4510524.05, "field_5": 6151825.3, "field_6": null, "field_7": null }, "geometry": { "type": "Point", "coordinates": [ -62.885025427962489, -34.779536813050107 ] } },
{ "type": "Feature", "properties": { "field_1": 1, "field_2": "10-154-1-BA", "field_3": "partido_gral_villegas", "field_4": 4504759.63, "field_5": 6147608.58, "field_6": null, "field_7": null }, "geometry": { "type": "Point", "coordinates": [ -62.947978376009992, -34.817590066543623 ] } },
{ "type": "Feature", "properties": { "field_1": 2, "field_2": "10-154-2-BA", "field_3": "partido_gral_villegas", "field_4": 4507362.63, "field_5": 6147833.89, "field_6": null, "field_7": null }, "geometry": { "type": "Point", "coordinates": [ -62.919529264937751, -34.815543609951469 ] } },
{ "type": "Feature", "properties": { "field_1": 3, "field_2": "10-154-3-BA", "field_3": "partido_gral_villegas", "field_4": 4510995.34, "field_5": 6140868.3, "field_6": null, "field_7": null }, "geometry": { "type": "Point", "coordinates": [ -62.879733040939193, -34.87829900044386 ] } },
{ "type": "Feature", "properties": { "field_1": 4, "field_2": "10-154-4-BA", "field_3": "partido_gral_villegas", "field_4": 4502077.37, "field_5": 6139182.13, "field_6": null, "field_7": null }, "geometry": { "type": "Point", "coordinates": [ -62.977274923027629, -34.893555502525018 ] } },
{ "type": "Feature", "properties": { "field_1": 1, "field_2": "10-175-1-BSAS", "field_3": "partido_gral_villegas", "field_4": 4512162.05, "field_5": 6152766.21, "field_6": null, "field_7": null }, "geometry": { "type": "Point", "coordinates": [ -62.867143751618286, -34.771037097901434 ] } },
{ "type": "Feature", "properties": { "field_1": 2, "field_2": "10-175-2-BSAS", "field_3": "partido_gral_villegas", "field_4": 4513719.69, "field_5": 6150468.2, "field_6": null, "field_7": null }, "geometry": { "type": "Point", "coordinates": [ -62.850090708928789, -34.791731899890507 ] } },
{ "type": "Feature", "properties": { "field_1": 1, "field_2": "10-176-1-BA", "field_3": "partido_gral_villegas", "field_4": 4514276.79, "field_5": 6140116.6, "field_6": null, "field_7": null }, "geometry": { "type": "Point", "coordinates": [ -62.843827338777203, -34.885034005274363 ] } },
{ "type": "Feature", "properties": { "field_1": 2, "field_2": "10-176-2-BA", "field_3": "partido_gral_villegas", "field_4": 4517924.09, "field_5": 6139561.05, "field_6": null, "field_7": null }, "geometry": { "type": "Point", "coordinates": [ -62.803917669638068, -34.889983905631226 ] } },
{ "type": "Feature", "properties": { "field_1": 3, "field_2": "10-176-3-BA", "field_3": "partido_gral_villegas", "field_4": 4511474.9, "field_5": 6144844.8, "field_6": null, "field_7": null }, "geometry": { "type": "Point", "coordinates": [ -62.87454199022784, -34.842449444233814 ] } },
{ "type": "Feature", "properties": { "field_1": 1, "field_2": "10-197-1-BA", "field_3": "partido_gral_villegas", "field_4": 4523818.24, "field_5": 6157920.32, "field_6": null, "field_7": null }, "geometry": { "type": "Point", "coordinates": [ -62.739958321148002, -34.724371820197803 ] } },
{ "type": "Feature", "properties": { "field_1": 2, "field_2": "10-197-2-BA", "field_3": "partido_gral_villegas", "field_4": 4530333.6, "field_5": 6157729.05, "field_6": null, "field_7": null }, "geometry": { "type": "Point", "coordinates": [ -62.668818820732177, -34.725923341727956 ] } },
{ "type": "Feature", "properties": { "field_1": 3, "field_2": "10-197-3-BA", "field_3": "partido_gral_villegas", "field_4": 4526187.23, "field_5": 6155991.36, "field_6": null, "field_7": null }, "geometry": { "type": "Point", "coordinates": [ -62.714034486497901, -34.741701741632205 ] } },
{ "type": "Feature", "properties": { "field_1": 4, "field_2": "10-197-4-BA", "field_3": "partido_gral_villegas", "field_4": 4524410.83, "field_5": 6153036.43, "field_6": null, "field_7": null }, "geometry": { "type": "Point", "coordinates": [ -62.733347153060166, -34.768381779450721 ] } },
{ "type": "Feature", "properties": { "field_1": 5, "field_2": "10-197-5-BA", "field_3": "partido_gral_villegas", "field_4": 4524836.65, "field_5": 6150795.5, "field_6": null, "field_7": null }, "geometry": { "type": "Point", "coordinates": [ -62.7286295714934, -34.788571387404538 ] } },
{ "type": "Feature", "properties": { "field_1": 6, "field_2": "10-197-6-BA", "field_3": "partido_gral_villegas", "field_4": 4528716.34, "field_5": 6155578.45, "field_6": null, "field_7": null }, "geometry": { "type": "Point", "coordinates": [ -62.686402632688093, -34.745355771022588 ] } },
{ "type": "Feature", "properties": { "field_1": 1, "field_2": "10-198-1-BA", "field_3": "partido_gral_villegas", "field_4": 4525917.64, "field_5": 6144756.23, "field_6": null, "field_7": null }, "geometry": { "type": "Point", "coordinates": [ -62.716632173623992, -34.842982452719234 ] } },
{ "type": "Feature", "properties": { "field_1": 2, "field_2": "10-198-2-BA", "field_3": "partido_gral_villegas", "field_4": 4524967.58, "field_5": 6146358.47, "field_6": null, "field_7": null }, "geometry": { "type": "Point", "coordinates": [ -62.72706718010113, -34.828563653689955 ] } },
{ "type": "Feature", "properties": { "field_1": 3, "field_2": "10-198-3-BA", "field_3": "partido_gral_villegas", "field_4": 4528671.23, "field_5": 6145070.24, "field_6": null, "field_7": null }, "geometry": { "type": "Point", "coordinates": [ -62.686537012466736, -34.840078126629201 ] } },
{ "type": "Feature", "properties": { "field_1": 4, "field_2": "10-198-4-BA", "field_3": "partido_gral_villegas", "field_4": 4527254.18, "field_5": 6146414.83, "field_6": null, "field_7": null }, "geometry": { "type": "Point", "coordinates": [ -62.70207319779751, -34.827996983259567 ] } },
{ "type": "Feature", "properties": { "field_1": 5, "field_2": "10-198-5-BA", "field_3": "partido_gral_villegas", "field_4": 4527699.02, "field_5": 6144077.9, "field_6": null, "field_7": null }, "geometry": { "type": "Point", "coordinates": [ -62.697133356261887, -34.849049945630711 ] } },
{ "type": "Feature", "properties": { "field_1": 6, "field_2": "10-198-6-BA", "field_3": "partido_gral_villegas", "field_4": 4527519.88, "field_5": 6141177.38, "field_6": null, "field_7": null }, "geometry": { "type": "Point", "coordinates": [ -62.698996858642609, -34.875199848965465 ] } },
{ "type": "Feature", "properties": { "field_1": 7, "field_2": "10-198-7-BA", "field_3": "partido_gral_villegas", "field_4": 4525651.95, "field_5": 6141125.04, "field_6": null, "field_7": null }, "geometry": { "type": "Point", "coordinates": [ -62.719425933417646, -34.875720498771457 ] } },
{ "type": "Feature", "properties": { "field_1": 1, "field_2": "10-219-1-BA", "field_3": "partido_florentino_ameghino", "field_4": 4535991.99, "field_5": 6156680.4, "field_6": null, "field_7": null }, "geometry": { "type": "Point", "coordinates": [ -62.606996842905886, -34.735192286359741 ] } },
{ "type": "Feature", "properties": { "field_1": 2, "field_2": "10-219-2-BA", "field_3": "partido_florentino_ameghino", "field_4": 4538278.6, "field_5": 6153556.44, "field_6": null, "field_7": null }, "geometry": { "type": "Point", "coordinates": [ -62.581887507414315, -34.763268443317401 ] } },
{ "type": "Feature", "properties": { "field_1": 3, "field_2": "10-219-3-BA", "field_3": "partido_florentino_ameghino", "field_4": 4539953.29, "field_5": 6150835.06, "field_6": null, "field_7": null }, "geometry": { "type": "Point", "coordinates": [ -62.563466284771224, -34.787734521463747 ] } },
{ "type": "Feature", "properties": { "field_1": 4, "field_2": "10-219-4-BA", "field_3": "partido_florentino_ameghino", "field_4": 4540388.07, "field_5": 6154892.98, "field_6": null, "field_7": null }, "geometry": { "type": "Point", "coordinates": [ -62.558910590485517, -34.751139668715147 ] } },
{ "type": "Feature", "properties": { "field_1": 5, "field_2": "10-219-5-BA", "field_3": "partido_florentino_ameghino", "field_4": 4538583.32, "field_5": 6158262.4, "field_6": null, "field_7": null }, "geometry": { "type": "Point", "coordinates": [ -62.578774512184424, -34.720837568724185 ] } },
{ "type": "Feature", "properties": { "field_1": 1, "field_2": "10-220-1-BA", "field_3": "partido_gral_villegas", "field_4": 4531601.95, "field_5": 6139873.05, "field_6": null, "field_7": null }, "geometry": { "type": "Point", "coordinates": [ -62.654299752022894, -34.886838152844 ] } },
{ "type": "Feature", "properties": { "field_1": 2, "field_2": "10-220-2-BA", "field_3": "partido_gral_villegas", "field_4": 4533059.26, "field_5": 6144301.33, "field_6": null, "field_7": null }, "geometry": { "type": "Point", "coordinates": [ -62.638532842026379, -34.846875910209214 ] } },
{ "type": "Feature", "properties": { "field_1": 3, "field_2": "10-220-3-BA", "field_3": "partido_gral_villegas", "field_4": 4535301.58, "field_5": 6144474.44, "field_6": null, "field_7": null }, "geometry": { "type": "Point", "coordinates": [ -62.614023151286332, -34.84524019008245 ] } },
{ "type": "Feature", "properties": { "field_1": 4, "field_2": "10-220-4-BA", "field_3": "partido_florentino_ameghino", "field_4": 4540059.97, "field_5": 6138568.71, "field_6": null, "field_7": null }, "geometry": { "type": "Point", "coordinates": [ -62.561714979855232, -34.898296813488905 ] } },
{ "type": "Feature", "properties": { "field_1": 1, "field_2": "11-221-1-CBA", "field_3": "pedania_saladillo_cordoba", "field_4": 4551336.09, "field_5": 6349895.24, "field_6": null, "field_7": null }, "geometry": { "type": "Point", "coordinates": [ -62.450726442506316, -32.992688018381124 ] } },
{ "type": "Feature", "properties": { "field_1": 2, "field_2": "11-221-2-CBA", "field_3": "pedania_ascasubi_cordoba", "field_4": 4541742.92, "field_5": 6356319.93, "field_6": null, "field_7": null }, "geometry": { "type": "Point", "coordinates": [ -62.553657813813558, -32.935168849191435 ] } },
{ "type": "Feature", "properties": { "field_1": 3, "field_2": "11-221-3-CBA", "field_3": "pedania_saladillo_cordoba", "field_4": 4545403.2, "field_5": 6356049.58, "field_6": null, "field_7": null }, "geometry": { "type": "Point", "coordinates": [ -62.514507445653344, -32.93746055677304 ] } },
{ "type": "Feature", "properties": { "field_1": 4, "field_2": "11-221-4-CBA", "field_3": "pedania_saladillo_cordoba", "field_4": 4546917.09, "field_5": 6354876.55, "field_6": null, "field_7": null }, "geometry": { "type": "Point", "coordinates": [ -62.498260290877418, -32.947973251070366 ] } },
{ "type": "Feature", "properties": { "field_1": 5, "field_2": "11-221-5-CBA", "field_3": "pedania_ascasubi_cordoba", "field_4": 4544600.13, "field_5": 6353355.06, "field_6": null, "field_7": null }, "geometry": { "type": "Point", "coordinates": [ -62.522963900102908, -32.961788843208268 ] } },
{ "type": "Feature", "properties": { "field_1": 1, "field_2": "11-222-1-CBA", "field_3": "pedania_saladillo_cordoba", "field_4": 4548160.73, "field_5": 6339187.05, "field_6": null, "field_7": null }, "geometry": { "type": "Point", "coordinates": [ -62.484137824857513, -33.089381591018572 ] } },
{ "type": "Feature", "properties": { "field_1": 2, "field_2": "11-222-2-CBA", "field_3": "pedania_saladillo_cordoba", "field_4": 4545645.96, "field_5": 6341143.54, "field_6": null, "field_7": null }, "geometry": { "type": "Point", "coordinates": [ -62.511170986182108, -33.071849787414706 ] } },
{ "type": "Feature", "properties": { "field_1": 1, "field_2": "11-223-1-CBA", "field_3": "pedalnia_caldera_cordoba", "field_4": 4545459.23, "field_5": 6332906.94, "field_6": null, "field_7": null }, "geometry": { "type": "Point", "coordinates": [ -62.51276091724921, -33.146121151034784 ] } },
{ "type": "Feature", "properties": { "field_1": 2, "field_2": "11-223-2-CBA", "field_3": "pedalnia_caldera_cordoba", "field_4": 4548616.5, "field_5": 6329846.48, "field_6": null, "field_7": null }, "geometry": { "type": "Point", "coordinates": [ -62.478758640932902, -33.17357780120318 ] } },
{ "type": "Feature", "properties": { "field_1": 3, "field_2": "11-223-3-CBA", "field_3": "pedalnia_caldera_cordoba", "field_4": 4545063.5, "field_5": 6331979.27, "field_6": null, "field_7": null }, "geometry": { "type": "Point", "coordinates": [ -62.516956457111561, -33.154501756915124 ] } },
{ "type": "Feature", "properties": { "field_1": 4, "field_2": "11-223-4-CBA", "field_3": "pedania_saladillo_cordoba", "field_4": 4550654.37, "field_5": 6337341.38, "field_6": null, "field_7": null }, "geometry": { "type": "Point", "coordinates": [ -62.45732647369131, -33.105909185430143 ] } },
{ "type": "Feature", "properties": { "field_1": 5, "field_2": "11-223-5-CBA", "field_3": "pedania_saladillo_cordoba", "field_4": 4549824.83, "field_5": 6335239.03, "field_6": null, "field_7": null }, "geometry": { "type": "Point", "coordinates": [ -62.466098581766957, -33.124902792498936 ] } },
{ "type": "Feature", "properties": { "field_1": 6, "field_2": "11-223-6-CBA", "field_3": "pedalnia_caldera_cordoba", "field_4": 4544145.68, "field_5": 6332524.25, "field_6": null, "field_7": null }, "geometry": { "type": "Point", "coordinates": [ -62.526820853003379, -33.149625852925865 ] } },
{ "type": "Feature", "properties": { "field_1": 7, "field_2": "11-223-7-CBA", "field_3": "pedalnia_caldera_cordoba", "field_4": 4544488.31, "field_5": 6329442.36, "field_6": null, "field_7": null }, "geometry": { "type": "Point", "coordinates": [ -62.522998002343392, -33.177398846964621 ] } },
{ "type": "Feature", "properties": { "field_1": 8, "field_2": "11-223-8-CBA", "field_3": "pedalnia_caldera_cordoba", "field_4": 4545894.79, "field_5": 6330321.51, "field_6": null, "field_7": null }, "geometry": { "type": "Point", "coordinates": [ -62.50796249207508, -33.169413579366605 ] } },
{ "type": "Feature", "properties": { "field_1": 1, "field_2": "11-224-1-CBA", "field_3": "pedalnia_caldera_cordoba", "field_4": 4543126.15, "field_5": 6327077.32, "field_6": null, "field_7": null }, "geometry": { "type": "Point", "coordinates": [ -62.53749061415094, -33.198777626261638 ] } },
{ "type": "Feature", "properties": { "field_1": 2, "field_2": "11-224-2-CBA", "field_3": "pedalnia_caldera_cordoba", "field_4": 4544587.91, "field_5": 6324308.11, "field_6": null, "field_7": null }, "geometry": { "type": "Point", "coordinates": [ -62.521678478775435, -33.223685996224141 ] } },
{ "type": "Feature", "properties": { "field_1": 3, "field_2": "11-224-3-CBA", "field_3": "pedalnia_caldera_cordoba", "field_4": 4549699.02, "field_5": 6323939.55, "field_6": null, "field_7": null }, "geometry": { "type": "Point", "coordinates": [ -62.466830110621615, -33.226786081828116 ] } },
{ "type": "Feature", "properties": { "field_1": 4, "field_2": "11-224-4-CBA", "field_3": "pedalnia_caldera_cordoba", "field_4": 4542792.1, "field_5": 6321829.31, "field_6": null, "field_7": null }, "geometry": { "type": "Point", "coordinates": [ -62.540825941117845, -33.246107774258881 ] } },
{ "type": "Feature", "properties": { "field_1": 5, "field_2": "11-224-5-CBA", "field_3": "pedalnia_caldera_cordoba", "field_4": 4544849.03, "field_5": 6319627.77, "field_6": null, "field_7": null }, "geometry": { "type": "Point", "coordinates": [ -62.518646116808412, -33.265873594067813 ] } },
{ "type": "Feature", "properties": { "field_1": 6, "field_2": "11-224-6-CBA", "field_3": "pedalnia_caldera_cordoba", "field_4": 4550326.83, "field_5": 6321712.56, "field_6": null, "field_7": null }, "geometry": { "type": "Point", "coordinates": [ -62.459971796580128, -33.246835635487756 ] } },
{ "type": "Feature", "properties": { "field_1": 7, "field_2": "11-224-7-CBA", "field_3": "pedalnia_caldera_cordoba", "field_4": 4551173.21, "field_5": 6322965.19, "field_6": null, "field_7": null }, "geometry": { "type": "Point", "coordinates": [ -62.450960715787993, -33.235502151388907 ] } },
{ "type": "Feature", "properties": { "field_1": 8, "field_2": "11-224-8-CBA", "field_3": "pedalnia_caldera_cordoba", "field_4": 4547976.09, "field_5": 6328188.59, "field_6": null, "field_7": null }, "geometry": { "type": "Point", "coordinates": [ -62.48553722258643, -33.18855412959131 ] } },
{ "type": "Feature", "properties": { "field_1": 1, "field_2": "11-225-1-CBA", "field_3": "pedalnia_caldera_cordoba", "field_4": 4550465.92, "field_5": 6311679.62, "field_6": null, "field_7": null }, "geometry": { "type": "Point", "coordinates": [ -62.457920265181329, -33.337285558786178 ] } },
{ "type": "Feature", "properties": { "field_1": 2, "field_2": "11-225-2-CBA", "field_3": "pedalnia_caldera_cordoba", "field_4": 4550375.19, "field_5": 6316363.05, "field_6": null, "field_7": null }, "geometry": { "type": "Point", "coordinates": [ -62.459155634130433, -33.295064429992728 ] } },
{ "type": "Feature", "properties": { "field_1": 3, "field_2": "11-225-3-CBA", "field_3": "pedalnia_caldera_cordoba", "field_4": 4546489.3, "field_5": 6312237.51, "field_6": null, "field_7": null }, "geometry": { "type": "Point", "coordinates": [ -62.500662493279343, -33.33243473280757 ] } },
{ "type": "Feature", "properties": { "field_1": 4, "field_2": "11-225-4-CBA", "field_3": "pedalnia_caldera_cordoba", "field_4": 4542394.68, "field_5": 6312210.46, "field_6": null, "field_7": null }, "geometry": { "type": "Point", "coordinates": [ -62.544640060922845, -33.332847626427174 ] } },
{ "type": "Feature", "properties": { "field_1": 5, "field_2": "11-225-5-CBA", "field_3": "pedalnia_caldera_cordoba", "field_4": 4550747.21, "field_5": 6317094.11, "field_6": null, "field_7": null }, "geometry": { "type": "Point", "coordinates": [ -62.45520261597882, -33.288455792752579 ] } },
{ "type": "Feature", "properties": { "field_1": 7, "field_2": "11-225-7-CBA", "field_3": "pedalnia_caldera_cordoba", "field_4": 4542225.69, "field_5": 6316063.25, "field_6": null, "field_7": null }, "geometry": { "type": "Point", "coordinates": [ -62.546634985062163, -33.298117397602574 ] } },
{ "type": "Feature", "properties": { "field_1": 1, "field_2": "11-243-1-CBA", "field_3": "pedania_saladillo_cordoba", "field_4": 4553850.94, "field_5": 6352860.7, "field_6": null, "field_7": null }, "geometry": { "type": "Point", "coordinates": [ -62.423993354416112, -32.96582914243762 ] } },
{ "type": "Feature", "properties": { "field_1": 2, "field_2": "11-243-2-CBA", "field_3": "pedania_saladillo_cordoba", "field_4": 4554334.12, "field_5": 6354874.17, "field_6": null, "field_7": null }, "geometry": { "type": "Point", "coordinates": [ -62.418944138880008, -32.947651016835955 ] } },
{ "type": "Feature", "properties": { "field_1": 1, "field_2": "11-244-1-CBA", "field_3": "pedania_saladillo_cordoba", "field_4": 4558237.99, "field_5": 6340376.14, "field_6": null, "field_7": null }, "geometry": { "type": "Point", "coordinates": [ -62.376278059736102, -33.078167276093104 ] } },
{ "type": "Feature", "properties": { "field_1": 2, "field_2": "11-244-2-CBA", "field_3": "pedania_saladillo_cordoba", "field_4": 4554744.64, "field_5": 6338629.54, "field_6": null, "field_7": null }, "geometry": { "type": "Point", "coordinates": [ -62.413585256068266, -33.094096450680304 ] } },
{ "type": "Feature", "properties": { "field_1": 1, "field_2": "11-245-1-CBA", "field_3": "pedalnia_caldera_cordoba", "field_4": 4552424.68, "field_5": 6328804.13, "field_6": null, "field_7": null }, "geometry": { "type": "Point", "coordinates": [ -62.437870785776383, -33.182798095321431 ] } },
{ "type": "Feature", "properties": { "field_1": 1, "field_2": "11-246-1-CBA", "field_3": "pedalnia_caldera_cordoba", "field_4": 4556920.62, "field_5": 6323438.74, "field_6": null, "field_7": null }, "geometry": { "type": "Point", "coordinates": [ -62.38932891824831, -33.230945220437384 ] } },
{ "type": "Feature", "properties": { "field_1": 2, "field_2": "11-246-2-CBA", "field_3": "pedalnia_caldera_cordoba", "field_4": 4551485.12, "field_5": 6328112.1, "field_6": null, "field_7": null }, "geometry": { "type": "Point", "coordinates": [ -62.447905801335786, -33.189082575257288 ] } },
{ "type": "Feature", "properties": { "field_1": 3, "field_2": "11-246-3-CBA", "field_3": "pedalnia_caldera_cordoba", "field_4": 4552390.64, "field_5": 6327207.55, "field_6": null, "field_7": null }, "geometry": { "type": "Point", "coordinates": [ -62.438143870506373, -33.197194604680298 ] } },
{ "type": "Feature", "properties": { "field_1": 4, "field_2": "11-246-4-CBA", "field_3": "pedalnia_caldera_cordoba", "field_4": 4553128.23, "field_5": 6328223.69, "field_6": null, "field_7": null }, "geometry": { "type": "Point", "coordinates": [ -62.430293322628685, -33.187997083334828 ] } },
{ "type": "Feature", "properties": { "field_1": 1, "field_2": "11-247-1-CBA", "field_3": "pedalnia_caldera_cordoba", "field_4": 4561208.27, "field_5": 6313564.05, "field_6": null, "field_7": null }, "geometry": { "type": "Point", "coordinates": [ -62.342664563968043, -33.319738920044799 ] } },
{ "type": "Feature", "properties": { "field_1": 2, "field_2": "11-247-2-CBA", "field_3": "pedalnia_caldera_cordoba", "field_4": 4558750.65, "field_5": 6314243.33, "field_6": null, "field_7": null }, "geometry": { "type": "Point", "coordinates": [ -62.369100508121754, -33.313751531894475 ] } },
{ "type": "Feature", "properties": { "field_1": 3, "field_2": "11-247-3-CBA", "field_3": "pedalnia_caldera_cordoba", "field_4": 4556831.26, "field_5": 6314552.45, "field_6": null, "field_7": null }, "geometry": { "type": "Point", "coordinates": [ -62.389730500329499, -33.31106751459518 ] } },
{ "type": "Feature", "properties": { "field_1": 4, "field_2": "11-247-4-CBA", "field_3": "pedalnia_caldera_cordoba", "field_4": 4556790.44, "field_5": 6311507.31, "field_6": null, "field_7": null }, "geometry": { "type": "Point", "coordinates": [ -62.389977550282126, -33.338524000477037 ] } },
{ "type": "Feature", "properties": { "field_1": 5, "field_2": "11-247-5-CBA", "field_3": "pedalnia_caldera_cordoba", "field_4": 4557887.75, "field_5": 6316160.88, "field_6": null, "field_7": null }, "geometry": { "type": "Point", "coordinates": [ -62.378489038983659, -33.296509997930343 ] } },
{ "type": "Feature", "properties": { "field_1": 6, "field_2": "11-247-6-CBA", "field_3": "pedalnia_caldera_cordoba", "field_4": 4554598.78, "field_5": 6317987.43, "field_6": null, "field_7": null }, "geometry": { "type": "Point", "coordinates": [ -62.413909556528047, -33.280213615011576 ] } },
{ "type": "Feature", "properties": { "field_1": 7, "field_2": "11-247-7-CBA", "field_3": "pedalnia_caldera_cordoba", "field_4": 4558441.51, "field_5": 6317167.56, "field_6": null, "field_7": null }, "geometry": { "type": "Point", "coordinates": [ -62.37260885804637, -33.287404093493386 ] } },
{ "type": "Feature", "properties": { "field_1": 1, "field_2": "11-265-1-CBA", "field_3": "pedania_saladillo_cordoba", "field_4": 4570611.3, "field_5": 6348633.47, "field_6": null, "field_7": null }, "geometry": { "type": "Point", "coordinates": [ -62.244406014579255, -33.002986564234121 ] } },
{ "type": "Feature", "properties": { "field_1": 1, "field_2": "11-266-1-CBA", "field_3": "pedania_saladillo_cordoba", "field_4": 4563709.81, "field_5": 6344059.61, "field_6": null, "field_7": null }, "geometry": { "type": "Point", "coordinates": [ -62.317935000536657, -33.044650064830428 ] } },
{ "type": "Feature", "properties": { "field_1": 2, "field_2": "11-266-2-CBA", "field_3": "pedania_saladillo_cordoba", "field_4": 4564108.89, "field_5": 6339652.74, "field_6": null, "field_7": null }, "geometry": { "type": "Point", "coordinates": [ -62.313354309559578, -33.084359096932083 ] } },
{ "type": "Feature", "properties": { "field_1": 3, "field_2": "11-266-3-CBA", "field_3": "pedalnia_liniers", "field_4": 4570005.6, "field_5": 6340640.18, "field_6": null, "field_7": null }, "geometry": { "type": "Point", "coordinates": [ -62.250276786050492, -33.075092649743745 ] } },
{ "type": "Feature", "properties": { "field_1": 1, "field_2": "11-267-1-CBA", "field_3": "pedalnia_liniers", "field_4": 4569315.69, "field_5": 6337228.19, "field_6": "El Cantor", "field_7": null }, "geometry": { "type": "Point", "coordinates": [ -62.257406275277205, -33.105898944401673 ] } },
{ "type": "Feature", "properties": { "field_1": 2, "field_2": "11-267-2-CBA", "field_3": "pedalnia_caldera_cordoba", "field_4": 4563403.33, "field_5": 6329571.51, "field_6": null, "field_7": null }, "geometry": { "type": "Point", "coordinates": [ -62.320210689873868, -33.175292315493593 ] } },
{ "type": "Feature", "properties": { "field_1": 3, "field_2": "11-267-3-CBA", "field_3": "pedalnia_caldera_cordoba", "field_4": 4561575.2, "field_5": 6328455.19, "field_6": null, "field_7": null }, "geometry": { "type": "Point", "coordinates": [ -62.339734706957572, -33.185462424886964 ] } },
{ "type": "Feature", "properties": { "field_1": 4, "field_2": "11-267-4-CBA", "field_3": "pedania_saladillo_cordoba", "field_4": 4562572.04, "field_5": 6334990.59, "field_6": null, "field_7": null }, "geometry": { "type": "Point", "coordinates": [ -62.329494807164487, -33.126482599311736 ] } },
{ "type": "Feature", "properties": { "field_1": 6, "field_2": "11-267-6-CBA", "field_3": "pedania_saladillo_cordoba", "field_4": 4566720.68, "field_5": 6337024.23, "field_6": null, "field_7": null }, "geometry": { "type": "Point", "coordinates": [ -62.285190428452403, -33.107900361040279 ] } },
{ "type": "Feature", "properties": { "field_1": 7, "field_2": "11-267-7-CBA", "field_3": "pedalnia_caldera_cordoba", "field_4": 4561855.75, "field_5": 6331032.83, "field_6": null, "field_7": null }, "geometry": { "type": "Point", "coordinates": [ -62.336901593352437, -33.162206655852415 ] } },
{ "type": "Feature", "properties": { "field_1": 1, "field_2": "11-268-1-CBA", "field_3": "pedalnia_liniers", "field_4": 4565353.41, "field_5": 6323566.34, "field_6": null, "field_7": null }, "geometry": { "type": "Point", "coordinates": [ -62.298872434302503, -33.229317825059724 ] } },
{ "type": "Feature", "properties": { "field_1": 2, "field_2": "11-268-2-CBA", "field_3": "pedalnia_liniers", "field_4": 4564693.77, "field_5": 6324808.65, "field_6": null, "field_7": null }, "geometry": { "type": "Point", "coordinates": [ -62.306037224671506, -33.218157108958707 ] } },
{ "type": "Feature", "properties": { "field_1": 3, "field_2": "11-268-3-CBA", "field_3": "pedalnia_liniers", "field_4": 4563588.2, "field_5": 6323050.82, "field_6": null, "field_7": null }, "geometry": { "type": "Point", "coordinates": [ -62.317772817589223, -33.234070931527732 ] } },
{ "type": "Feature", "properties": { "field_1": 4, "field_2": "11-268-4-CBA", "field_3": "pedalnia_caldera_cordoba", "field_4": 4561580.41, "field_5": 6325780.61, "field_6": null, "field_7": null }, "geometry": { "type": "Point", "coordinates": [ -62.339497826090543, -33.209575830346601 ] } },
{ "type": "Feature", "properties": { "field_1": 5, "field_2": "11-268-5-CBA", "field_3": "pedania_saladillo_cordoba", "field_4": 4564855.51, "field_5": 6337315.83, "field_6": null, "field_7": null }, "geometry": { "type": "Point", "coordinates": [ -62.305192304853776, -33.105384308121344 ] } },
{ "type": "Feature", "properties": { "field_1": 6, "field_2": "11-268-6-CBA", "field_3": "pedalnia_caldera_cordoba", "field_4": 4562964.44, "field_5": 6327206.78, "field_6": null, "field_7": null }, "geometry": { "type": "Point", "coordinates": [ -62.324752498413979, -33.196638023412191 ] } },
{ "type": "Feature", "properties": { "field_1": 7, "field_2": "11-268-7-CBA", "field_3": "pedalnia_caldera_cordoba", "field_4": 4561560.3, "field_5": 6321087.59, "field_6": null, "field_7": null }, "geometry": { "type": "Point", "coordinates": [ -62.33939546611478, -33.251888470214666 ] } },
{ "type": "Feature", "properties": { "field_1": 8, "field_2": "11-268-8-CBA", "field_3": "pedalnia_liniers", "field_4": 4565004.07, "field_5": 6325915.19, "field_6": null, "field_7": null }, "geometry": { "type": "Point", "coordinates": [ -62.302787993166639, -33.208162166314956 ] } },
{ "type": "Feature", "properties": { "field_1": 9, "field_2": "11-268-9-CBA", "field_3": "pedalnia_caldera_cordoba", "field_4": 4562796.61, "field_5": 6324870.15, "field_6": null, "field_7": null }, "geometry": { "type": "Point", "coordinates": [ -62.326390903545118, -33.217714469355585 ] } },
{ "type": "Feature", "properties": { "field_1": 1, "field_2": "11-269-1-CBA", "field_3": "pedalnia_caldera_cordoba", "field_4": 4563690.88, "field_5": 6313238.96, "field_6": null, "field_7": null }, "geometry": { "type": "Point", "coordinates": [ -62.315981667975876, -33.322525898870573 ] } },
{ "type": "Feature", "properties": { "field_1": 2, "field_2": "11-269-2-CBA", "field_3": "pedalnia_caldera_cordoba", "field_4": 4564552.27, "field_5": 6314767.59, "field_6": null, "field_7": null }, "geometry": { "type": "Point", "coordinates": [ -62.306840281429373, -33.308693025387768 ] } },
{ "type": "Feature", "properties": { "field_1": 3, "field_2": "11-269-3-CBA", "field_3": "pedalnia_caldera_cordoba", "field_4": 4565114.99, "field_5": 6312897.49, "field_6": null, "field_7": null }, "geometry": { "type": "Point", "coordinates": [ -62.30066356444717, -33.325519315055629 ] } },
{ "type": "Feature", "properties": { "field_1": 4, "field_2": "11-269-4-CBA", "field_3": "pedalnia_caldera_cordoba", "field_4": 4562810.12, "field_5": 6308677.51, "field_6": null, "field_7": null }, "geometry": { "type": "Point", "coordinates": [ -62.325123018748712, -33.363702036038639 ] } },
{ "type": "Feature", "properties": { "field_1": 5, "field_2": "11-269-5-CBA", "field_3": "pedalnia_caldera_cordoba", "field_4": 4561761.22, "field_5": 6314034.17, "field_6": null, "field_7": null }, "geometry": { "type": "Point", "coordinates": [ -62.336758685601836, -33.315468896742146 ] } },
{ "type": "Feature", "properties": { "field_1": 6, "field_2": "11-269-6-CBA", "field_3": "pedalnia_caldera_cordoba", "field_4": 4563289.88, "field_5": 6314024.33, "field_6": null, "field_7": null }, "geometry": { "type": "Point", "coordinates": [ -62.320342976054938, -33.315468897728472 ] } },
{ "type": "Feature", "properties": { "field_1": 7, "field_2": "11-269-7-CBA", "field_3": "pedalnia_caldera_cordoba", "field_4": 4563716.88, "field_5": 6315518.9, "field_6": null, "field_7": null }, "geometry": { "type": "Point", "coordinates": [ -62.315863022190499, -33.3019691680134 ] } },
{ "type": "Feature", "properties": { "field_1": 1, "field_2": "11-287-1-CBA", "field_3": "pedania_saladillo_cordoba", "field_4": 4575795.1, "field_5": 6349220.72, "field_6": null, "field_7": null }, "geometry": { "type": "Point", "coordinates": [ -62.188988431269046, -32.997343943093831 ] } },
{ "type": "Feature", "properties": { "field_1": 2, "field_2": "11-287-2-CBA", "field_3": "pedania_saladillo_cordoba", "field_4": 4579718.12, "field_5": 6352970.1, "field_6": null, "field_7": null }, "geometry": { "type": "Point", "coordinates": [ -62.147340741920402, -32.963260567927364 ] } },
{ "type": "Feature", "properties": { "field_1": 1, "field_2": "11-288-1-CBA", "field_3": "pedalnia_liniers", "field_4": 4574388.71, "field_5": 6343953.73, "field_6": null, "field_7": null }, "geometry": { "type": "Point", "coordinates": [ -62.20360876336062, -33.044927267039505 ] } },
{ "type": "Feature", "properties": { "field_1": 2, "field_2": "11-288-2-CBA", "field_3": "pedalnia_liniers", "field_4": 4576900.56, "field_5": 6344676.99, "field_6": null, "field_7": null }, "geometry": { "type": "Point", "coordinates": [ -62.17678034954357, -33.038231960984604 ] } },
{ "type": "Feature", "properties": { "field_1": 3, "field_2": "11-288-3-CBA", "field_3": "pedania_saladillo_cordoba", "field_4": 4578167.14, "field_5": 6347561.88, "field_6": null, "field_7": null }, "geometry": { "type": "Point", "coordinates": [ -62.163468576291265, -33.012132263649043 ] } },
{ "type": "Feature", "properties": { "field_1": 4, "field_2": "11-288-4-CBA", "field_3": "pedalnia_liniers", "field_4": 4578705.18, "field_5": 6340079.26, "field_6": null, "field_7": null }, "geometry": { "type": "Point", "coordinates": [ -62.157068674484862, -33.079554794068628 ] } },
{ "type": "Feature", "properties": { "field_1": 1, "field_2": "11-310-1-CBA", "field_3": "pedalnia_liniers", "field_4": 4582472.74, "field_5": 6340095.86, "field_6": null, "field_7": null }, "geometry": { "type": "Point", "coordinates": [ -62.116723642076487, -33.079125839603975 ] } },
{ "type": "Feature", "properties": { "field_1": 1, "field_2": "11-311-1-CBA", "field_3": "pedalnia_liniers", "field_4": 4584298.76, "field_5": 6330073.44, "field_6": null, "field_7": null }, "geometry": { "type": "Point", "coordinates": [ -62.096243971729713, -33.169342570870974 ] } },
{ "type": "Feature", "properties": { "field_1": 2, "field_2": "11-311-2-CBA", "field_3": "pedalnia_liniers", "field_4": 4587474.83, "field_5": 6334867.0, "field_6": null, "field_7": null }, "geometry": { "type": "Point", "coordinates": [ -62.062657267286795, -33.125875189636474 ] } },
{ "type": "Feature", "properties": { "field_1": 3, "field_2": "11-311-3-OK", "field_3": "pedalnia_liniers", "field_4": 4586270.86, "field_5": 6337060.97, "field_6": null, "field_7": null }, "geometry": { "type": "Point", "coordinates": [ -62.075764232879536, -33.106191997862403 ] } },
{ "type": "Feature", "properties": { "field_1": 1, "field_2": "12-216-1-SF", "field_3": "distrito_san_francisco_de_santa_fe", "field_4": 4583318.32, "field_5": 6285103.57, "field_6": null, "field_7": null }, "geometry": { "type": "Point", "coordinates": [ -62.102600429219422, -33.574827470121548 ] } },
{ "type": "Feature", "properties": { "field_1": 1, "field_2": "12-226-1-CBA", "field_3": "pedalnia_caldera_cordoba", "field_4": 4547753.47, "field_5": 6301081.71, "field_6": null, "field_7": null }, "geometry": { "type": "Point", "coordinates": [ -62.486493686991665, -33.432958454869379 ] } },
{ "type": "Feature", "properties": { "field_1": 2, "field_2": "12-226-2-CBA", "field_3": "pedalnia_caldera_cordoba", "field_4": 4545053.69, "field_5": 6300602.71, "field_6": null, "field_7": null }, "geometry": { "type": "Point", "coordinates": [ -62.51550033526658, -33.437393828440612 ] } },
{ "type": "Feature", "properties": { "field_1": 3, "field_2": "12-226-3-CBA", "field_3": "pedalnia_caldera_cordoba", "field_4": 4558916.89, "field_5": 6299322.03, "field_6": null, "field_7": null }, "geometry": { "type": "Point", "coordinates": [ -62.3663404085218, -33.448267904236744 ] } },
{ "type": "Feature", "properties": { "field_1": 4, "field_2": "12-226-4-CBA", "field_3": "pedalnia_caldera_cordoba", "field_4": 4542105.48, "field_5": 6298523.45, "field_6": null, "field_7": null }, "geometry": { "type": "Point", "coordinates": [ -62.547106683006263, -33.456259906462861 ] } },
{ "type": "Feature", "properties": { "field_1": 5, "field_2": "12-226-5-CBA", "field_3": "pedalnia_caldera_cordoba", "field_4": 4554938.76, "field_5": 6306324.19, "field_6": null, "field_7": null }, "geometry": { "type": "Point", "coordinates": [ -62.409551233528184, -33.385349890797457 ] } },
{ "type": "Feature", "properties": { "field_1": 6, "field_2": "12-226-6-CBA", "field_3": "pedalnia_caldera_cordoba", "field_4": 4546276.45, "field_5": 6306692.77, "field_6": null, "field_7": null }, "geometry": { "type": "Point", "coordinates": [ -62.502664379491257, -33.382434787563326 ] } },
{ "type": "Feature", "properties": { "field_1": 7, "field_2": "12-226-7-CBA", "field_3": "pedalnia_caldera_cordoba", "field_4": 4557744.29, "field_5": 6307002.25, "field_6": null, "field_7": null }, "geometry": { "type": "Point", "coordinates": [ -62.379443927593201, -33.379089615035333 ] } },
{ "type": "Feature", "properties": { "field_1": 1, "field_2": "12-227-1-CBA", "field_3": "pedalnia_caldera_cordoba", "field_4": 4550781.78, "field_5": 6293569.64, "field_6": "De Martí", "field_7": null }, "geometry": { "type": "Point", "coordinates": [ -62.453505691387818, -33.500545793138777 ] } },
{ "type": "Feature", "properties": { "field_1": 2, "field_2": "12-227-2-CBA", "field_3": "pedalnia_caldera_cordoba", "field_4": 4544797.48, "field_5": 6294975.52, "field_6": null, "field_7": null }, "geometry": { "type": "Point", "coordinates": [ -62.517974784798248, -33.488138062210872 ] } },
{ "type": "Feature", "properties": { "field_1": 3, "field_2": "12-227-3-CBA", "field_3": "pedalnia_caldera_cordoba", "field_4": 4550324.56, "field_5": 6296222.76, "field_6": null, "field_7": null }, "geometry": { "type": "Point", "coordinates": [ -62.458574812662135, -33.476647776681354 ] } },
{ "type": "Feature", "properties": { "field_1": 1, "field_2": "12-228-1-CBA", "field_3": "pedalnia_tunas_cordoba", "field_4": 4550470.75, "field_5": 6281158.88, "field_6": null, "field_7": null }, "geometry": { "type": "Point", "coordinates": [ -62.456152005420563, -33.612450402971831 ] } },
{ "type": "Feature", "properties": { "field_1": 2, "field_2": "12-228-2-CBA", "field_3": "pedalnia_tunas_cordoba", "field_4": 4542402.51, "field_5": 6282906.89, "field_6": null, "field_7": null }, "geometry": { "type": "Point", "coordinates": [ -62.543172139371549, -33.597042706710091 ] } },
{ "type": "Feature", "properties": { "field_1": 3, "field_2": "12-228-3-CBA", "field_3": "pedalnia_tunas_cordoba", "field_4": 4546072.72, "field_5": 6280847.84, "field_6": null, "field_7": null }, "geometry": { "type": "Point", "coordinates": [ -62.503525456862, -33.615453867393335 ] } },
{ "type": "Feature", "properties": { "field_1": 4, "field_2": "12-228-4-CBA", "field_3": "pedalnia_tunas_cordoba", "field_4": 4547525.25, "field_5": 6280496.38, "field_6": null, "field_7": null }, "geometry": { "type": "Point", "coordinates": [ -62.48785489611484, -33.618558647421821 ] } },
{ "type": "Feature", "properties": { "field_1": 5, "field_2": "12-228-5-CBA", "field_3": "pedalnia_tunas_cordoba", "field_4": 4545144.28, "field_5": 6278735.92, "field_6": null, "field_7": null }, "geometry": { "type": "Point", "coordinates": [ -62.513422916939192, -33.63453370883888 ] } },
{ "type": "Feature", "properties": { "field_1": 6, "field_2": "12-228-6-CBA", "field_3": "pedalnia_tunas_cordoba", "field_4": 4547881.39, "field_5": 6285547.58, "field_6": null, "field_7": null }, "geometry": { "type": "Point", "coordinates": [ -62.484288256777035, -33.573003410360826 ] } },
{ "type": "Feature", "properties": { "field_1": 7, "field_2": "12-228-7-CBA", "field_3": "pedalnia_caldera_cordoba", "field_4": 4548161.32, "field_5": 6287600.4, "field_6": null, "field_7": null }, "geometry": { "type": "Point", "coordinates": [ -62.481383982507431, -33.554483446492704 ] } },
{ "type": "Feature", "properties": { "field_1": 1, "field_2": "12-229-1-CBA", "field_3": "pedalnia_tunas_cordoba", "field_4": 4546056.39, "field_5": 6277508.11, "field_6": null, "field_7": null }, "geometry": { "type": "Point", "coordinates": [ -62.503528713144476, -33.64556395854224 ] } },
{ "type": "Feature", "properties": { "field_1": 2, "field_2": "12-229-2-CBA", "field_3": "pedalnia_tunas_cordoba", "field_4": 4546000.4, "field_5": 6275290.44, "field_6": null, "field_7": null }, "geometry": { "type": "Point", "coordinates": [ -62.50401756189936, -33.665559737317068 ] } },
{ "type": "Feature", "properties": { "field_1": 3, "field_2": "12-229-3-CBA", "field_3": "pedalnia_tunas_cordoba", "field_4": 4549266.27, "field_5": 6273872.12, "field_6": null, "field_7": null }, "geometry": { "type": "Point", "coordinates": [ -62.468727057402042, -33.678200158408551 ] } },
{ "type": "Feature", "properties": { "field_1": 4, "field_2": "12-229-4-CBA", "field_3": "pedalnia_tunas_cordoba", "field_4": 4550945.85, "field_5": 6275725.88, "field_6": null, "field_7": null }, "geometry": { "type": "Point", "coordinates": [ -62.450721866175975, -33.661408618111118 ] } },
{ "type": "Feature", "properties": { "field_1": 5, "field_2": "12-229-5-CBA", "field_3": "pedalnia_tunas_cordoba", "field_4": 4547232.1, "field_5": 6269548.74, "field_6": null, "field_7": null }, "geometry": { "type": "Point", "coordinates": [ -62.490432197101732, -33.717269502873592 ] } },
{ "type": "Feature", "properties": { "field_1": 1, "field_2": "12-230-1-CBA", "field_3": "pedalnia_tunas_cordoba", "field_4": 4543244.64, "field_5": 6267489.69, "field_6": "Las Tunas", "field_7": null }, "geometry": { "type": "Point", "coordinates": [ -62.533349654041736, -33.7360026750532 ] } },
{ "type": "Feature", "properties": { "field_1": 2, "field_2": "12-230-2-CBA", "field_3": "pedalnia_tunas_cordoba", "field_4": 4545687.81, "field_5": 6264324.91, "field_6": null, "field_7": null }, "geometry": { "type": "Point", "coordinates": [ -62.506822973444521, -33.764431810690894 ] } },
{ "type": "Feature", "properties": { "field_1": 3, "field_2": "12-230-3-CBA", "field_3": "pedalnia_tunas_cordoba", "field_4": 4545432.77, "field_5": 6262471.15, "field_6": null, "field_7": null }, "geometry": { "type": "Point", "coordinates": [ -62.509480690956217, -33.781155009681896 ] } },
{ "type": "Feature", "properties": { "field_1": 4, "field_2": "12-230-4-CBA", "field_3": "pedalnia_tunas_cordoba", "field_4": 4545983.3, "field_5": 6261130.59, "field_6": null, "field_7": null }, "geometry": { "type": "Point", "coordinates": [ -62.503467261971437, -33.793216771348028 ] } },
{ "type": "Feature", "properties": { "field_1": 5, "field_2": "12-233-5-SF", "field_3": "distrito_rufino", "field_4": 4546731.73, "field_5": 6219915.27, "field_6": null, "field_7": null }, "geometry": { "type": "Point", "coordinates": [ -62.493185714391124, -34.164739748736764 ] } },
{ "type": "Feature", "properties": { "field_1": 1, "field_2": "12-249-1-CBA", "field_3": "pedalnia_caldera_cordoba", "field_4": 4556311.98, "field_5": 6289443.28, "field_6": null, "field_7": null }, "geometry": { "type": "Point", "coordinates": [ -62.393734878823295, -33.537470258441118 ] } },
{ "type": "Feature", "properties": { "field_1": 2, "field_2": "12-249-2-CBA", "field_3": "pedalnia_caldera_cordoba", "field_4": 4560915.29, "field_5": 6289521.04, "field_6": null, "field_7": null }, "geometry": { "type": "Point", "coordinates": [ -62.344182679114311, -33.536516681935183 ] } },
{ "type": "Feature", "properties": { "field_1": 1, "field_2": "12-250-1-CBA", "field_3": "pedalnia_tunas_cordoba", "field_4": 4555878.08, "field_5": 6284250.56, "field_6": null, "field_7": null }, "geometry": { "type": "Point", "coordinates": [ -62.398081434235095, -33.58430778305506 ] } },
{ "type": "Feature", "properties": { "field_1": 2, "field_2": "12-250-2-CBA", "field_3": "pedalnia_tunas_cordoba", "field_4": 4557060.01, "field_5": 6279597.49, "field_6": null, "field_7": null }, "geometry": { "type": "Point", "coordinates": [ -62.385052542562391, -33.626194353212817 ] } },
{ "type": "Feature", "properties": { "field_1": 3, "field_2": "12-250-3-CBA", "field_3": "pedalnia_caldera_cordoba", "field_4": 4558907.56, "field_5": 6285768.41, "field_6": null, "field_7": null }, "geometry": { "type": "Point", "coordinates": [ -62.365549623208544, -33.570460768218823 ] } },
{ "type": "Feature", "properties": { "field_1": 4, "field_2": "12-250-4-CBA", "field_3": "pedalnia_tunas_cordoba", "field_4": 4557358.61, "field_5": 6284014.18, "field_6": null, "field_7": null }, "geometry": { "type": "Point", "coordinates": [ -62.3821187326051, -33.586360245539176 ] } },
{ "type": "Feature", "properties": { "field_1": 5, "field_2": "12-250-5-CBA", "field_3": "pedalnia_caldera_cordoba", "field_4": 4558476.78, "field_5": 6286706.18, "field_6": null, "field_7": null }, "geometry": { "type": "Point", "coordinates": [ -62.370250385135208, -33.562030089063526 ] } },
{ "type": "Feature", "properties": { "field_1": 1, "field_2": "12-251-1-CBA", "field_3": "pedalnia_tunas_cordoba", "field_4": 4558553.76, "field_5": 6275607.69, "field_6": null, "field_7": null }, "geometry": { "type": "Point", "coordinates": [ -62.368692403394057, -33.662082448794877 ] } },
{ "type": "Feature", "properties": { "field_1": 2, "field_2": "12-251-2-CBA", "field_3": "pedalnia_tunas_cordoba", "field_4": 4552653.43, "field_5": 6272117.88, "field_6": null, "field_7": null }, "geometry": { "type": "Point", "coordinates": [ -62.432098327026516, -33.693852793411722 ] } },
{ "type": "Feature", "properties": { "field_1": 3, "field_2": "12-251-3-CBA", "field_3": "pedalnia_tunas_cordoba", "field_4": 4556049.93, "field_5": 6269679.37, "field_6": null, "field_7": null }, "geometry": { "type": "Point", "coordinates": [ -62.395312445135382, -33.715662746420641 ] } },
{ "type": "Feature", "properties": { "field_1": 3, "field_2": "12-251-3-SF", "field_3": "distrito_maggiolo", "field_4": 4562961.11, "field_5": 6276640.33, "field_6": null, "field_7": null }, "geometry": { "type": "Point", "coordinates": [ -62.32124957089615, -33.652521202532164 ] } },
{ "type": "Feature", "properties": { "field_1": 4, "field_2": "12-251-4-SF", "field_3": "distrito_maggiolo", "field_4": 4560877.18, "field_5": 6272229.86, "field_6": "La Bademia", "field_7": null }, "geometry": { "type": "Point", "coordinates": [ -62.3434119664728, -33.692403765293832 ] } },
{ "type": "Feature", "properties": { "field_1": 1, "field_2": "12-252-1-SF", "field_3": "distrito_maggiolo", "field_4": 4556290.98, "field_5": 6266424.4, "field_6": null, "field_7": null }, "geometry": { "type": "Point", "coordinates": [ -62.392505283166862, -33.744994194020009 ] } },
{ "type": "Feature", "properties": { "field_1": 10, "field_2": "12-252-10-CBA", "field_3": "pedalnia_tunas_cordoba", "field_4": 4552088.9, "field_5": 6260234.81, "field_6": "Papel Colorado", "field_7": null }, "geometry": { "type": "Point", "coordinates": [ -62.437487890023661, -33.801009450910719 ] } },
{ "type": "Feature", "properties": { "field_1": 2, "field_2": "12-252-2-SF", "field_3": "distrito_maggiolo", "field_4": 4558626.85, "field_5": 6267326.4, "field_6": null, "field_7": null }, "geometry": { "type": "Point", "coordinates": [ -62.367357419497907, -33.736735929078513 ] } },
{ "type": "Feature", "properties": { "field_1": 3, "field_2": "12-252-3-SF", "field_3": "distrito_maggiolo", "field_4": 4560032.73, "field_5": 6265024.74, "field_6": null, "field_7": null }, "geometry": { "type": "Point", "coordinates": [ -62.352031320600211, -33.757406979882141 ] } },
{ "type": "Feature", "properties": { "field_1": 4, "field_2": "12-252-4-SF", "field_3": "distrito_maggiolo", "field_4": 4559914.53, "field_5": 6262741.75, "field_6": null, "field_7": null }, "geometry": { "type": "Point", "coordinates": [ -62.35315242841061, -33.77799500148334 ] } },
{ "type": "Feature", "properties": { "field_1": 5, "field_2": "12-252-5-SF", "field_3": "distrito_maggiolo", "field_4": 4559516.41, "field_5": 6261174.14, "field_6": null, "field_7": null }, "geometry": { "type": "Point", "coordinates": [ -62.357344815291157, -33.792149552577776 ] } },
{ "type": "Feature", "properties": { "field_1": 6, "field_2": "12-252-6-SF", "field_3": "distrito_maggiolo", "field_4": 4556409.17, "field_5": 6258570.78, "field_6": "Del Toro", "field_7": null }, "geometry": { "type": "Point", "coordinates": [ -62.390728711396271, -33.81578927062688 ] } },
{ "type": "Feature", "properties": { "field_1": 7, "field_2": "12-252-7-SF", "field_3": "distrito_maggiolo", "field_4": 4560468.17, "field_5": 6259886.45, "field_6": null, "field_7": null }, "geometry": { "type": "Point", "coordinates": [ -62.346980159050581, -33.803704149821755 ] } },
{ "type": "Feature", "properties": { "field_1": 8, "field_2": "12-252-8-SF", "field_3": "distrito_maggiolo", "field_4": 4554580.29, "field_5": 6262163.23, "field_6": null, "field_7": null }, "geometry": { "type": "Point", "coordinates": [ -62.410703438559452, -33.783498867680379 ] } },
{ "type": "Feature", "properties": { "field_1": 9, "field_2": "12-252-9-SF", "field_3": "distrito_maggiolo", "field_4": 4553087.33, "field_5": 6259195.96, "field_6": null, "field_7": null }, "geometry": { "type": "Point", "coordinates": [ -62.426643740992013, -33.810325201243657 ] } },
{ "type": "Feature", "properties": { "field_1": 1, "field_2": "12-270-1-CBA", "field_3": "pedalnia_caldera_cordoba", "field_4": 4565011.61, "field_5": 6304853.97, "field_6": null, "field_7": null }, "geometry": { "type": "Point", "coordinates": [ -62.301194393866361, -33.398042506850267 ] } },
{ "type": "Feature", "properties": { "field_1": 2, "field_2": "12-270-2-CBA", "field_3": "pedalnia_caldera_cordoba", "field_4": 4562697.51, "field_5": 6305261.43, "field_6": null, "field_7": null }, "geometry": { "type": "Point", "coordinates": [ -62.326095393896949, -33.394506601279346 ] } },
{ "type": "Feature", "properties": { "field_1": 3, "field_2": "12-270-3-CBA", "field_3": "pedalnia_caldera_cordoba", "field_4": 4567921.34, "field_5": 6307242.72, "field_6": null, "field_7": null }, "geometry": { "type": "Point", "coordinates": [ -62.270099978386433, -33.376326726840155 ] } },
{ "type": "Feature", "properties": { "field_1": 4, "field_2": "12-270-4-CBA", "field_3": "pedalnia_caldera_cordoba", "field_4": 4568939.98, "field_5": 6308224.03, "field_6": null, "field_7": null }, "geometry": { "type": "Point", "coordinates": [ -62.259229174703236, -33.367414904239169 ] } },
{ "type": "Feature", "properties": { "field_1": 5, "field_2": "12-270-5-CBA", "field_3": "pedalnia_caldera_cordoba", "field_4": 4569675.57, "field_5": 6301392.16, "field_6": null, "field_7": null }, "geometry": { "type": "Point", "coordinates": [ -62.250797335734163, -33.428959670484879 ] } },
{ "type": "Feature", "properties": { "field_1": 6, "field_2": "12-270-6-CBA", "field_3": "pedalnia_caldera_cordoba", "field_4": 4568745.58, "field_5": 6302350.14, "field_6": null, "field_7": null }, "geometry": { "type": "Point", "coordinates": [ -62.260869757667457, -33.420383093355163 ] } },
{ "type": "Feature", "properties": { "field_1": 1, "field_2": "12-271-1-CBA", "field_3": "pedalnia_caldera_cordoba", "field_4": 4568218.38, "field_5": 6289017.17, "field_6": null, "field_7": null }, "geometry": { "type": "Point", "coordinates": [ -62.265523927365997, -33.540617870965995 ] } },
{ "type": "Feature", "properties": { "field_1": 1, "field_2": "12-272-1-CBA", "field_3": "pedalnia_caldera_cordoba", "field_4": 4563944.76, "field_5": 6283931.75, "field_6": null, "field_7": null }, "geometry": { "type": "Point", "coordinates": [ -62.311169226305012, -33.586728804415685 ] } },
{ "type": "Feature", "properties": { "field_1": 2, "field_2": "12-272-2-CBA", "field_3": "pedalnia_caldera_cordoba", "field_4": 4569362.98, "field_5": 6287340.69, "field_6": null, "field_7": null }, "geometry": { "type": "Point", "coordinates": [ -62.253071384337836, -33.555657979370324 ] } },
{ "type": "Feature", "properties": { "field_1": 3, "field_2": "12-272-3-SF", "field_3": "distrito_maggiolo", "field_4": 4570335.74, "field_5": 6285570.13, "field_6": null, "field_7": null }, "geometry": { "type": "Point", "coordinates": [ -62.242457715061711, -33.571556224746601 ] } },
{ "type": "Feature", "properties": { "field_1": 4, "field_2": "12-272-4-SF", "field_3": "distrito_san_francisco_de_santa_fe", "field_4": 4570659.22, "field_5": 6286375.7, "field_6": null, "field_7": null }, "geometry": { "type": "Point", "coordinates": [ -62.239037687894211, -33.564272520667465 ] } },
{ "type": "Feature", "properties": { "field_1": 5, "field_2": "12-272-5-SF", "field_3": "distrito_maggiolo", "field_4": 4570307.75, "field_5": 6281778.62, "field_6": null, "field_7": null }, "geometry": { "type": "Point", "coordinates": [ -62.242460464625331, -33.605739006015668 ] } },
{ "type": "Feature", "properties": { "field_1": 6, "field_2": "12-272-6-SF", "field_3": "distrito_maggiolo", "field_4": 4571178.65, "field_5": 6283172.05, "field_6": "La Nieve / Las Playas", "field_7": null }, "geometry": { "type": "Point", "coordinates": [ -62.233188745027064, -33.593119296916299 ] } },
{ "type": "Feature", "properties": { "field_1": 1, "field_2": "12-273-1-SF", "field_3": "distrito_maggiolo", "field_4": 4568254.92, "field_5": 6276360.39, "field_6": null, "field_7": null }, "geometry": { "type": "Point", "coordinates": [ -62.264162136747721, -33.654718397860115 ] } },
{ "type": "Feature", "properties": { "field_1": 2, "field_2": "12-273-2-SF", "field_3": "distrito_maggiolo", "field_4": 4566338.95, "field_5": 6277847.14, "field_6": null, "field_7": null }, "geometry": { "type": "Point", "coordinates": [ -62.284927151671404, -33.641436378518421 ] } },
{ "type": "Feature", "properties": { "field_1": 4, "field_2": "12-273-4-SF", "field_3": "distrito_maggiolo", "field_4": 4565393.4, "field_5": 6273399.35, "field_6": null, "field_7": null }, "geometry": { "type": "Point", "coordinates": [ -62.294791579674012, -33.681592277403524 ] } },
{ "type": "Feature", "properties": { "field_1": 5, "field_2": "12-273-5-SF", "field_3": "distrito_maggiolo", "field_4": 4570643.67, "field_5": 6272533.12, "field_6": null, "field_7": null }, "geometry": { "type": "Point", "coordinates": [ -62.238107368321735, -33.689065256367954 ] } },
{ "type": "Feature", "properties": { "field_1": 6, "field_2": "12-273-6-SF", "field_3": "distrito_maggiolo", "field_4": 4566488.25, "field_5": 6269777.35, "field_6": null, "field_7": null }, "geometry": { "type": "Point", "coordinates": [ -62.282714094697035, -33.714176838994447 ] } },
{ "type": "Feature", "properties": { "field_1": 7, "field_2": "12-273-7-SF", "field_3": "distrito_maggiolo", "field_4": 4562482.12, "field_5": 6268782.04, "field_6": null, "field_7": null }, "geometry": { "type": "Point", "coordinates": [ -62.325860138955719, -33.723393065059327 ] } },
{ "type": "Feature", "properties": { "field_1": 1, "field_2": "12-274-1-SF", "field_3": "distrito_maggiolo", "field_4": 4565217.67, "field_5": 6263460.24, "field_6": null, "field_7": null }, "geometry": { "type": "Point", "coordinates": [ -62.295955283575054, -33.771204470854236 ] } },
{ "type": "Feature", "properties": { "field_1": 2, "field_2": "12-274-2-SF", "field_3": "distrito_maggiolo", "field_4": 4567942.33, "field_5": 6264318.69, "field_6": null, "field_7": null }, "geometry": { "type": "Point", "coordinates": [ -62.266609670949862, -33.763294328466955 ] } },
{ "type": "Feature", "properties": { "field_1": 3, "field_2": "12-274-3-SF", "field_3": "distrito_maggiolo", "field_4": 4570138.24, "field_5": 6265301.56, "field_6": null, "field_7": null }, "geometry": { "type": "Point", "coordinates": [ -62.242985966410274, -33.754290768366531 ] } },
{ "type": "Feature", "properties": { "field_1": 4, "field_2": "12-274-4-SF", "field_3": "distrito_maggiolo", "field_4": 4566878.59, "field_5": 6267192.65, "field_6": null, "field_7": null }, "geometry": { "type": "Point", "coordinates": [ -62.278308320706685, -33.737453378422984 ] } },
{ "type": "Feature", "properties": { "field_1": 5, "field_2": "12-274-5-SF", "field_3": "distrito_maggiolo", "field_4": 4568259.59, "field_5": 6259902.0, "field_6": null, "field_7": null }, "geometry": { "type": "Point", "coordinates": [ -62.262844243675268, -33.803089876378991 ] } },
{ "type": "Feature", "properties": { "field_1": 6, "field_2": "12-274-6-SF", "field_3": "distrito_maggiolo", "field_4": 4562629.86, "field_5": 6259842.91, "field_6": null, "field_7": null }, "geometry": { "type": "Point", "coordinates": [ -62.323633458605954, -33.803970878384469 ] } },
{ "type": "Feature", "properties": { "field_1": 1, "field_2": "12-292-1-CBA", "field_3": "pedalnia_caldera_cordoba", "field_4": 4577006.65, "field_5": 6300664.34, "field_6": null, "field_7": null }, "geometry": { "type": "Point", "coordinates": [ -62.1719125424613, -33.435019938115573 ] } },
{ "type": "Feature", "properties": { "field_1": 1, "field_2": "12-292-1-SF", "field_3": "municipio_chañar_ladeado", "field_4": 4586026.65, "field_5": 6304110.6, "field_6": null, "field_7": null }, "geometry": { "type": "Point", "coordinates": [ -62.07525603953367, -33.403266438491436 ] } },
{ "type": "Feature", "properties": { "field_1": 2, "field_2": "12-292-2-CBA", "field_3": "pedalnia_caldera_cordoba", "field_4": 4575799.84, "field_5": 6300701.66, "field_6": null, "field_7": null }, "geometry": { "type": "Point", "coordinates": [ -62.184891936928295, -33.434769456026658 ] } },
{ "type": "Feature", "properties": { "field_1": 3, "field_2": "12-292-3-CBA", "field_3": "pedalnia_caldera_cordoba", "field_4": 4576328.6, "field_5": 6298785.69, "field_6": null, "field_7": null }, "geometry": { "type": "Point", "coordinates": [ -62.179043758027838, -33.452004808155863 ] } },
{ "type": "Feature", "properties": { "field_1": 1, "field_2": "12-293-1-CBA", "field_3": "pedalnia_caldera_cordoba", "field_4": 4574719.0, "field_5": 6296668.61, "field_6": null, "field_7": null }, "geometry": { "type": "Point", "coordinates": [ -62.196178293458544, -33.471204141467325 ] } },
{ "type": "Feature", "properties": { "field_1": 2, "field_2": "12-293-2-SF", "field_3": "distrito_cafferata", "field_4": 4573006.75, "field_5": 6291513.22, "field_6": null, "field_7": null }, "geometry": { "type": "Point", "coordinates": [ -62.214177298567826, -33.51779910154216 ] } },
{ "type": "Feature", "properties": { "field_1": 1, "field_2": "12-294-1-SF", "field_3": "distrito_san_francisco_de_santa_fe", "field_4": 4578326.22, "field_5": 6287084.86, "field_6": null, "field_7": null }, "geometry": { "type": "Point", "coordinates": [ -62.156537560370658, -33.557344368636222 ] } },
{ "type": "Feature", "properties": { "field_1": 2, "field_2": "12-294-2-SF", "field_3": "distrito_san_francisco_de_santa_fe", "field_4": 4572220.61, "field_5": 6283654.15, "field_6": null, "field_7": null }, "geometry": { "type": "Point", "coordinates": [ -62.222003545414182, -33.588703057466056 ] } },
{ "type": "Feature", "properties": { "field_1": 3, "field_2": "12-294-3-SF", "field_3": "distrito_san_francisco_de_santa_fe", "field_4": 4576771.05, "field_5": 6283094.29, "field_6": null, "field_7": null }, "geometry": { "type": "Point", "coordinates": [ -62.172939989005023, -33.593432289350055 ] } },
{ "type": "Feature", "properties": { "field_1": 4, "field_2": "12-294-4-SF", "field_3": "distrito_maggiolo", "field_4": 4575358.95, "field_5": 6279787.99, "field_6": null, "field_7": null }, "geometry": { "type": "Point", "coordinates": [ -62.187871877957875, -33.623339255738742 ] } },
{ "type": "Feature", "properties": { "field_1": 5, "field_2": "12-294-5-SF", "field_3": "distrito_san_francisco_de_santa_fe", "field_4": 4575498.92, "field_5": 6286310.39, "field_6": null, "field_7": null }, "geometry": { "type": "Point", "coordinates": [ -62.186915485655433, -33.56452993095921 ] } },
{ "type": "Feature", "properties": { "field_1": 1, "field_2": "12-295-1-SF", "field_3": "distrito_maggiolo", "field_4": 4579222.0, "field_5": 6276190.88, "field_6": null, "field_7": null }, "geometry": { "type": "Point", "coordinates": [ -62.145924321957501, -33.655486258396138 ] } },
{ "type": "Feature", "properties": { "field_1": 2, "field_2": "12-295-2-SF", "field_3": "distrito_maggiolo", "field_4": 4576404.03, "field_5": 6273460.0, "field_6": null, "field_7": null }, "geometry": { "type": "Point", "coordinates": [ -62.176066823834859, -33.680310916560899 ] } },
{ "type": "Feature", "properties": { "field_1": 3, "field_2": "12-295-3-SF", "field_3": "distrito_maggiolo", "field_4": 4572671.61, "field_5": 6269472.54, "field_6": null, "field_7": null }, "geometry": { "type": "Point", "coordinates": [ -62.215987109934886, -33.716519296742646 ] } },
{ "type": "Feature", "properties": { "field_1": 6, "field_2": "12-295-6-SF", "field_3": "distrito_maggiolo", "field_4": 4580873.59, "field_5": 6270937.51, "field_6": null, "field_7": null }, "geometry": { "type": "Point", "coordinates": [ -62.127642454859412, -33.702719710565653 ] } },
{ "type": "Feature", "properties": { "field_1": 1, "field_2": "12-296-1-SF", "field_3": "distrito_maggiolo", "field_4": 4576548.66, "field_5": 6267559.67, "field_6": "Colorada", "field_7": null }, "geometry": { "type": "Point", "coordinates": [ -62.173998247300553, -33.733490822424315 ] } },
{ "type": "Feature", "properties": { "field_1": 2, "field_2": "12-296-2-SF", "field_3": "distrito_maggiolo", "field_4": 4577662.16, "field_5": 6267485.03, "field_6": "Colorada", "field_7": null }, "geometry": { "type": "Point", "coordinates": [ -62.161977524970759, -33.734082729643568 ] } },
{ "type": "Feature", "properties": { "field_1": 3, "field_2": "12-296-3-SF", "field_3": "distrito_maggiolo", "field_4": 4577699.48, "field_5": 6263273.62, "field_6": null, "field_7": null }, "geometry": { "type": "Point", "coordinates": [ -62.16120522208459, -33.77204462019612 ] } },
{ "type": "Feature", "properties": { "field_1": 4, "field_2": "12-296-4-SF", "field_3": "distrito_maggiolo", "field_4": 4576648.19, "field_5": 6260082.4, "field_6": null, "field_7": null }, "geometry": { "type": "Point", "coordinates": [ -62.172276509787352, -33.800889064558952 ] } },
{ "type": "Feature", "properties": { "field_1": 5, "field_2": "12-296-5-SF", "field_3": "distrito_maggiolo", "field_4": 4573289.02, "field_5": 6263796.16, "field_6": null, "field_7": null }, "geometry": { "type": "Point", "coordinates": [ -62.208857079137999, -33.767648436020494 ] } },
{ "type": "Feature", "properties": { "field_1": 6, "field_2": "12-296-6-SF", "field_3": "distrito_maggiolo", "field_4": 4571908.02, "field_5": 6261531.83, "field_6": null, "field_7": null }, "geometry": { "type": "Point", "coordinates": [ -62.223579417315086, -33.788155591040884 ] } },
{ "type": "Feature", "properties": { "field_1": 1, "field_2": "12-315-1-SF", "field_3": "distrito_cafferata", "field_4": 4587095.06, "field_5": 6292533.41, "field_6": null, "field_7": null }, "geometry": { "type": "Point", "coordinates": [ -62.062650093466097, -33.507547534572069 ] } },
{ "type": "Feature", "properties": { "field_1": 2, "field_2": "12-316-2-SF", "field_3": "distrito_venado_tuerto", "field_4": 4589968.24, "field_5": 6278997.97, "field_6": null, "field_7": null }, "geometry": { "type": "Point", "coordinates": [ -62.030368496985425, -33.62932700698488 ] } },
{ "type": "Feature", "properties": { "field_1": 3, "field_2": "12-316-3-SF", "field_3": "distrito_san_francisco_de_santa_fe", "field_4": 4585807.83, "field_5": 6281289.1, "field_6": null, "field_7": null }, "geometry": { "type": "Point", "coordinates": [ -62.075422727483343, -33.609016588532548 ] } },
{ "type": "Feature", "properties": { "field_1": 4, "field_2": "12-316-4-SF", "field_3": "distrito_venado_tuerto", "field_4": 4587582.73, "field_5": 6280430.75, "field_6": null, "field_7": null }, "geometry": { "type": "Point", "coordinates": [ -62.056216097590365, -33.616609909699164 ] } },
{ "type": "Feature", "properties": { "field_1": 5, "field_2": "12-316-5-SF", "field_3": "distrito_san_francisco_de_santa_fe", "field_4": 4586258.83, "field_5": 6279834.27, "field_6": null, "field_7": null }, "geometry": { "type": "Point", "coordinates": [ -62.070422965491247, -33.622095010446465 ] } },
{ "type": "Feature", "properties": { "field_1": 6, "field_2": "12-316-6-SF", "field_3": "distrito_cafferata", "field_4": 4586535.25, "field_5": 6287413.95, "field_6": null, "field_7": null }, "geometry": { "type": "Point", "coordinates": [ -62.068179332107775, -33.553743899997947 ] } },
{ "type": "Feature", "properties": { "field_1": 7, "field_2": "12-316-7-SF", "field_3": "distrito_cafferata", "field_4": 4582316.23, "field_5": 6287806.75, "field_6": null, "field_7": null }, "geometry": { "type": "Point", "coordinates": [ -62.11364156420408, -33.550536436390324 ] } },
{ "type": "Feature", "properties": { "field_1": 8, "field_2": "12-316-8-SF", "field_3": "distrito_la_chispa", "field_4": 4590739.71, "field_5": 6287763.11, "field_6": null, "field_7": null }, "geometry": { "type": "Point", "coordinates": [ -62.022946228487456, -33.550247333587549 ] } },
{ "type": "Feature", "properties": { "field_1": 9, "field_2": "12-316-9-SF", "field_3": "distrito_san_francisco_de_santa_fe", "field_4": 4586957.15, "field_5": 6283129.46, "field_6": null, "field_7": null }, "geometry": { "type": "Point", "coordinates": [ -62.063219662623965, -33.592333144419783 ] } },
{ "type": "Feature", "properties": { "field_1": 1, "field_2": "12-317-1-SF", "field_3": "distrito_san_francisco_de_santa_fe", "field_4": 4583996.38, "field_5": 6276374.39, "field_6": null, "field_7": null }, "geometry": { "type": "Point", "coordinates": [ -62.094475419540942, -33.653465675436301 ] } },
{ "type": "Feature", "properties": { "field_1": 2, "field_2": "12-317-2-SF", "field_3": "distrito_san_francisco_de_santa_fe", "field_4": 4582218.82, "field_5": 6275265.55, "field_6": null, "field_7": null }, "geometry": { "type": "Point", "coordinates": [ -62.113533946296329, -33.663600440863021 ] } },
{ "type": "Feature", "properties": { "field_1": 3, "field_2": "12-317-3-SF", "field_3": "distrito_venado_tuerto", "field_4": 4589235.75, "field_5": 6269713.59, "field_6": null, "field_7": null }, "geometry": { "type": "Point", "coordinates": [ -62.03732984588892, -33.713082870054379 ] } },
{ "type": "Feature", "properties": { "field_1": 4, "field_2": "12-317-4-SF", "field_3": "distrito_venado_tuerto", "field_4": 4588162.68, "field_5": 6268908.01, "field_6": null, "field_7": null }, "geometry": { "type": "Point", "coordinates": [ -62.048824598721382, -33.720434430134766 ] } },
{ "type": "Feature", "properties": { "field_1": 5, "field_2": "12-317-5-SF", "field_3": "distrito_san_francisco_de_santa_fe", "field_4": 4583739.77, "field_5": 6277755.38, "field_6": null, "field_7": null }, "geometry": { "type": "Point", "coordinates": [ -62.097371463777279, -33.641036685966569 ] } },
{ "type": "Feature", "properties": { "field_1": 6, "field_2": "12-317-6-SF", "field_3": "distrito_venado_tuerto", "field_4": 4587451.79, "field_5": 6273753.07, "field_6": null, "field_7": null }, "geometry": { "type": "Point", "coordinates": [ -62.056970731350788, -33.676817322924997 ] } },
{ "type": "Feature", "properties": { "field_1": 7, "field_2": "12-317-7-SF", "field_3": "distrito_venado_tuerto", "field_4": 4586193.36, "field_5": 6271541.72, "field_6": null, "field_7": null }, "geometry": { "type": "Point", "coordinates": [ -62.070324759149756, -33.696854516519949 ] } },
{ "type": "Feature", "properties": { "field_1": 8, "field_2": "12-317-8-SF", "field_3": "distrito_maggiolo", "field_4": 4582672.67, "field_5": 6271047.08, "field_6": null, "field_7": null }, "geometry": { "type": "Point", "coordinates": [ -62.108248555721779, -33.701593423210028 ] } },
{ "type": "Feature", "properties": { "field_1": 1, "field_2": "12-318-1-SF", "field_3": "distrito_maggiolo", "field_4": 4582531.4, "field_5": 6263447.8, "field_6": null, "field_7": null }, "geometry": { "type": "Point", "coordinates": [ -62.109064352176439, -33.770108939964608 ] } },
{ "type": "Feature", "properties": { "field_1": 2, "field_2": "12-318-2-SF", "field_3": "distrito_maggiolo", "field_4": 4581865.79, "field_5": 6260954.86, "field_6": null, "field_7": null }, "geometry": { "type": "Point", "coordinates": [ -62.116018090852627, -33.792633348554354 ] } },
{ "type": "Feature", "properties": { "field_1": 3, "field_2": "12-318-3-SF", "field_3": "distrito_venado_tuerto", "field_4": 4588509.49, "field_5": 6266581.47, "field_6": null, "field_7": null }, "geometry": { "type": "Point", "coordinates": [ -62.044851007248717, -33.741378039678658 ] } },
{ "type": "Feature", "properties": { "field_1": 1, "field_2": "12-448-1-SF", "field_3": "distrito_melincue", "field_4": 4644826.95, "field_5": 6278835.45, "field_6": null, "field_7": null }, "geometry": { "type": "Point", "coordinates": [ -61.439257320362614, -33.624744149390821 ] } },
{ "type": "Feature", "properties": { "field_1": 1, "field_2": "12-470-1-SF", "field_3": "distrito_carreras", "field_4": 4653553.8, "field_5": 6286341.49, "field_6": null, "field_7": null }, "geometry": { "type": "Point", "coordinates": [ -61.346536015018138, -33.555876235787338 ] } },
{ "type": "Feature", "properties": { "field_1": 1, "field_2": "13-231-1-CBA", "field_3": "pedalnia_tunas_cordoba", "field_4": 4546609.99, "field_5": 6257844.92, "field_6": null, "field_7": null }, "geometry": { "type": "Point", "coordinates": [ -62.496526930237323, -33.822810474654531 ] } },
{ "type": "Feature", "properties": { "field_1": 4, "field_2": "13-231-4-CBA", "field_3": "pedalnia_tunas_cordoba", "field_4": 4544329.92, "field_5": 6249456.05, "field_6": null, "field_7": null }, "geometry": { "type": "Point", "coordinates": [ -62.520732838051167, -33.8985359107186 ] } },
{ "type": "Feature", "properties": { "field_1": 5, "field_2": "13-231-5-CBA", "field_3": "pedalnia_tunas_cordoba", "field_4": 4549872.26, "field_5": 6258109.93, "field_6": "Sunchal", "field_7": null }, "geometry": { "type": "Point", "coordinates": [ -62.461304633602076, -33.820272474380225 ] } },
{ "type": "Feature", "properties": { "field_1": 6, "field_2": "13-231-6-SF", "field_3": "pedalnia_tunas_cordoba", "field_4": 4545565.05, "field_5": 6252155.36, "field_6": null, "field_7": null }, "geometry": { "type": "Point", "coordinates": [ -62.507519625539437, -33.874148565946506 ] } },
{ "type": "Feature", "properties": { "field_1": 7, "field_2": "13-231-7-SF", "field_3": "pedalnia_tunas_cordoba", "field_4": 4544103.95, "field_5": 6256974.49, "field_6": null, "field_7": null }, "geometry": { "type": "Point", "coordinates": [ -62.523552466072644, -33.83076515989714 ] } },
{ "type": "Feature", "properties": { "field_1": 8, "field_2": "13-231-8-SF", "field_3": "pedalnia_tunas_cordoba", "field_4": 4543084.4, "field_5": 6256940.02, "field_6": null, "field_7": null }, "geometry": { "type": "Point", "coordinates": [ -62.534564525842576, -33.831117978391404 ] } },
{ "type": "Feature", "properties": { "field_1": 9, "field_2": "13-231-9-SF", "field_3": "pedalnia_tunas_cordoba", "field_4": 4549018.72, "field_5": 6255393.62, "field_6": null, "field_7": null }, "geometry": { "type": "Point", "coordinates": [ -62.470372827708267, -33.844800401372737 ] } },
{ "type": "Feature", "properties": { "field_1": 2, "field_2": "13-232-2-SF", "field_3": "distrito_amenabar", "field_4": 4548271.88, "field_5": 6239333.12, "field_6": null, "field_7": null }, "geometry": { "type": "Point", "coordinates": [ -62.477558961886587, -33.989621159888962 ] } },
{ "type": "Feature", "properties": { "field_1": 3, "field_2": "13-232-3-SF", "field_3": "distrito_amenabar", "field_4": 4543225.53, "field_5": 6239299.63, "field_6": null, "field_7": null }, "geometry": { "type": "Point", "coordinates": [ -62.532171863344281, -33.990142858937574 ] } },
{ "type": "Feature", "properties": { "field_1": 5, "field_2": "13-232-5-SF", "field_3": "distrito_christophersen", "field_4": 4584112.76, "field_5": 6216328.17, "field_6": "La Infinita", "field_7": null }, "geometry": { "type": "Point", "coordinates": [ -62.087467225881994, -34.19473018862395 ] } },
{ "type": "Feature", "properties": { "field_1": 1, "field_2": "13-233-1-SF", "field_3": "distrito_amenabar", "field_4": 4544797.49, "field_5": 6235704.66, "field_6": null, "field_7": null }, "geometry": { "type": "Point", "coordinates": [ -62.514974858227212, -34.022485576166204 ] } },
{ "type": "Feature", "properties": { "field_1": 2, "field_2": "13-233-2-SF", "field_3": "distrito_amenabar", "field_4": 4544788.31, "field_5": 6231665.13, "field_6": null, "field_7": null }, "geometry": { "type": "Point", "coordinates": [ -62.51486694920078, -34.058902045698851 ] } },
{ "type": "Feature", "properties": { "field_1": 3, "field_2": "13-233-3-SF", "field_3": "distrito_amenabar", "field_4": 4542348.64, "field_5": 6233772.88, "field_6": null, "field_7": null }, "geometry": { "type": "Point", "coordinates": [ -62.541394340912404, -34.040002238124735 ] } },
{ "type": "Feature", "properties": { "field_1": 4, "field_2": "13-233-4-SF", "field_3": "distrito_amenabar", "field_4": 4541922.06, "field_5": 6230357.44, "field_6": null, "field_7": null }, "geometry": { "type": "Point", "coordinates": [ -62.545849613428835, -34.070809395249668 ] } },
{ "type": "Feature", "properties": { "field_1": 1, "field_2": "13-234-1-SF", "field_3": "distrito_amenabar", "field_4": 4551269.99, "field_5": 6227928.93, "field_6": null, "field_7": null }, "geometry": { "type": "Point", "coordinates": [ -62.444442018103494, -34.09228591981968 ] } },
{ "type": "Feature", "properties": { "field_1": 2, "field_2": "13-234-2-SF", "field_3": "distrito_rufino", "field_4": 4543849.5, "field_5": 6220580.46, "field_6": null, "field_7": null }, "geometry": { "type": "Point", "coordinates": [ -62.524476781475471, -34.158868308225593 ] } },
{ "type": "Feature", "properties": { "field_1": 3, "field_2": "13-234-3-SF", "field_3": "distrito_amenabar", "field_4": 4546599.32, "field_5": 6223631.72, "field_6": null, "field_7": null }, "geometry": { "type": "Point", "coordinates": [ -62.494821164048695, -34.131242824429215 ] } },
{ "type": "Feature", "properties": { "field_1": 4, "field_2": "13-234-4-SF", "field_3": "distrito_amenabar", "field_4": 4549647.23, "field_5": 6222606.82, "field_6": null, "field_7": null }, "geometry": { "type": "Point", "coordinates": [ -62.461721614900917, -34.140341628035458 ] } },
{ "type": "Feature", "properties": { "field_1": 1, "field_2": "13-235-1-SF", "field_3": "distrito_rufino", "field_4": 4542793.97, "field_5": 6210585.68, "field_6": null, "field_7": null }, "geometry": { "type": "Point", "coordinates": [ -62.535429088557656, -34.249012224309645 ] } },
{ "type": "Feature", "properties": { "field_1": 2, "field_2": "13-235-2-SF", "field_3": "distrito_lazzarino", "field_4": 4549273.58, "field_5": 6212810.12, "field_6": null, "field_7": null }, "geometry": { "type": "Point", "coordinates": [ -62.465215585845471, -34.228673127575121 ] } },
{ "type": "Feature", "properties": { "field_1": 3, "field_2": "13-235-3-SF", "field_3": "distrito_lazzarino", "field_4": 4547425.58, "field_5": 6211078.03, "field_6": null, "field_7": null }, "geometry": { "type": "Point", "coordinates": [ -62.485176918568698, -34.244373052122391 ] } },
{ "type": "Feature", "properties": { "field_1": 4, "field_2": "13-235-4-SF", "field_3": "distrito_lazzarino", "field_4": 4555049.94, "field_5": 6212099.13, "field_6": null, "field_7": null }, "geometry": { "type": "Point", "coordinates": [ -62.402479984012622, -34.234792916493923 ] } },
{ "type": "Feature", "properties": { "field_1": 5, "field_2": "13-235-5-SF", "field_3": "distrito_lazzarino", "field_4": 4553414.58, "field_5": 6215492.36, "field_6": null, "field_7": null }, "geometry": { "type": "Point", "coordinates": [ -62.420439165322094, -34.204289761224757 ] } },
{ "type": "Feature", "properties": { "field_1": 6, "field_2": "13-235-6-SF", "field_3": "distrito_lazzarino", "field_4": 4551067.66, "field_5": 6212728.19, "field_6": null, "field_7": null }, "geometry": { "type": "Point", "coordinates": [ -62.44573965806444, -34.229325230784724 ] } },
{ "type": "Feature", "properties": { "field_1": 7, "field_2": "13-235-7-SF", "field_3": "distrito_rufino", "field_4": 4546325.75, "field_5": 6215866.76, "field_6": null, "field_7": null }, "geometry": { "type": "Point", "coordinates": [ -62.497372104098915, -34.201253938347726 ] } },
{ "type": "Feature", "properties": { "field_1": 3, "field_2": "13-253-3-SF", "field_3": "distrito_maggiolo", "field_4": 4557065.83, "field_5": 6254369.55, "field_6": "Zeballos", "field_7": null }, "geometry": { "type": "Point", "coordinates": [ -62.383364595034003, -33.853628254911214 ] } },
{ "type": "Feature", "properties": { "field_1": 4, "field_2": "13-253-4-SF", "field_3": "distrito_maggiolo", "field_4": 4561280.99, "field_5": 6256191.59, "field_6": null, "field_7": null }, "geometry": { "type": "Point", "coordinates": [ -62.337946053787199, -33.83696643539335 ] } },
{ "type": "Feature", "properties": { "field_1": 1, "field_2": "13-254-1-SF", "field_3": "distrito_amenabar", "field_4": 4552020.03, "field_5": 6240002.3, "field_6": null, "field_7": null }, "geometry": { "type": "Point", "coordinates": [ -62.437034466081229, -33.98340963790622 ] } },
{ "type": "Feature", "properties": { "field_1": 1, "field_2": "13-255-1-SF", "field_3": "distrito_amenabar", "field_4": 4555749.12, "field_5": 6236328.9, "field_6": null, "field_7": null }, "geometry": { "type": "Point", "coordinates": [ -62.396445519625807, -34.016333396911556 ] } },
{ "type": "Feature", "properties": { "field_1": 10, "field_2": "13-255-10-SF", "field_3": "distrito_amenabar", "field_4": 4552220.65, "field_5": 6232146.04, "field_6": null, "field_7": null }, "geometry": { "type": "Point", "coordinates": [ -62.434393866962147, -34.054222653787399 ] } },
{ "type": "Feature", "properties": { "field_1": 2, "field_2": "13-255-2-SF", "field_3": "distrito_amenabar", "field_4": 4556268.27, "field_5": 6229860.46, "field_6": null, "field_7": null }, "geometry": { "type": "Point", "coordinates": [ -62.390408206879457, -34.074616959683851 ] } },
{ "type": "Feature", "properties": { "field_1": 3, "field_2": "13-255-3-SF", "field_3": "distrito_amenabar", "field_4": 4556754.34, "field_5": 6230990.45, "field_6": null, "field_7": null }, "geometry": { "type": "Point", "coordinates": [ -62.385216120693606, -34.064404216351626 ] } },
{ "type": "Feature", "properties": { "field_1": 4, "field_2": "13-255-4-SF", "field_3": "distrito_amenabar", "field_4": 4554615.78, "field_5": 6228880.78, "field_6": null, "field_7": null }, "geometry": { "type": "Point", "coordinates": [ -62.408248513038629, -34.083535993362617 ] } },
{ "type": "Feature", "properties": { "field_1": 5, "field_2": "13-255-5-SF", "field_3": "distrito_amenabar", "field_4": 4554615.78, "field_5": 6237979.29, "field_6": null, "field_7": null }, "geometry": { "type": "Point", "coordinates": [ -62.408817923816919, -34.001515028964249 ] } },
{ "type": "Feature", "properties": { "field_1": 6, "field_2": "13-255-6-SF", "field_3": "distrito_amenabar", "field_4": 4552596.33, "field_5": 6237092.34, "field_6": null, "field_7": null }, "geometry": { "type": "Point", "coordinates": [ -62.430622961890421, -34.009613862766713 ] } },
{ "type": "Feature", "properties": { "field_1": 7, "field_2": "13-255-7-SF", "field_3": "distrito_amenabar", "field_4": 4559989.18, "field_5": 6230224.91, "field_6": null, "field_7": null }, "geometry": { "type": "Point", "coordinates": [ -62.350124284705998, -34.071125014734619 ] } },
{ "type": "Feature", "properties": { "field_1": 8, "field_2": "13-255-8-SF", "field_3": "distrito_amenabar", "field_4": 4560170.05, "field_5": 6237734.16, "field_6": null, "field_7": null }, "geometry": { "type": "Point", "coordinates": [ -62.348682593169762, -34.003421200120464 ] } },
{ "type": "Feature", "properties": { "field_1": 9, "field_2": "13-255-9-SF", "field_3": "distrito_amenabar", "field_4": 4560278.9, "field_5": 6233447.41, "field_6": null, "field_7": null }, "geometry": { "type": "Point", "coordinates": [ -62.347208593769658, -34.04205869161477 ] } },
{ "type": "Feature", "properties": { "field_1": 1, "field_2": "13-256-1-SF", "field_3": "distrito_amenabar", "field_4": 4559134.26, "field_5": 6222951.8, "field_6": null, "field_7": null }, "geometry": { "type": "Point", "coordinates": [ -62.358891007246214, -34.136737778208612 ] } },
{ "type": "Feature", "properties": { "field_1": 2, "field_2": "13-256-2-SF", "field_3": "distrito_amenabar", "field_4": 4556215.3, "field_5": 6225226.01, "field_6": null, "field_7": null }, "geometry": { "type": "Point", "coordinates": [ -62.390682727693431, -34.11639780385093 ] } },
{ "type": "Feature", "properties": { "field_1": 3, "field_2": "13-256-3-SF", "field_3": "distrito_amenabar", "field_4": 4556997.38, "field_5": 6220861.8, "field_6": null, "field_7": null }, "geometry": { "type": "Point", "coordinates": [ -62.381919822936155, -34.155697009906241 ] } },
{ "type": "Feature", "properties": { "field_1": 4, "field_2": "13-256-4-SF", "field_3": "distrito_amenabar", "field_4": 4559462.5, "field_5": 6219791.69, "field_6": null, "field_7": null }, "geometry": { "type": "Point", "coordinates": [ -62.355116081653314, -34.165206016776516 ] } },
{ "type": "Feature", "properties": { "field_1": 5, "field_2": "13-256-5-SF", "field_3": "distrito_amenabar", "field_4": 4559780.12, "field_5": 6228098.33, "field_6": null, "field_7": null }, "geometry": { "type": "Point", "coordinates": [ -62.352243009655112, -34.090307273414766 ] } },
{ "type": "Feature", "properties": { "field_1": 1, "field_2": "13-257-1-SF", "field_3": "distrito_lazzarino", "field_4": 4553244.25, "field_5": 6211096.88, "field_6": null, "field_7": null }, "geometry": { "type": "Point", "coordinates": [ -62.422016623330542, -34.243921637294626 ] } },
{ "type": "Feature", "properties": { "field_1": 2, "field_2": "13-257-2-SF", "field_3": "distrito_aaron_castellanos", "field_4": 4561253.98, "field_5": 6213501.61, "field_6": null, "field_7": null }, "geometry": { "type": "Point", "coordinates": [ -62.335243374602165, -34.221803824950911 ] } },
{ "type": "Feature", "properties": { "field_1": 3, "field_2": "13-257-3-SF", "field_3": "distrito_lazzarino", "field_4": 4552039.92, "field_5": 6214447.8, "field_6": null, "field_7": null }, "geometry": { "type": "Point", "coordinates": [ -62.435291147931643, -34.2137755762393 ] } },
{ "type": "Feature", "properties": { "field_1": 1, "field_2": "13-275-1-SF", "field_3": "distrito_maggiolo", "field_4": 4563062.0, "field_5": 6256606.07, "field_6": null, "field_7": null }, "geometry": { "type": "Point", "coordinates": [ -62.318735544177301, -33.833125121834989 ] } },
{ "type": "Feature", "properties": { "field_1": 2, "field_2": "13-275-2-SF", "field_3": "distrito_maggiolo", "field_4": 4565841.97, "field_5": 6256552.49, "field_6": null, "field_7": null }, "geometry": { "type": "Point", "coordinates": [ -62.288701186237937, -33.833438562755646 ] } },
{ "type": "Feature", "properties": { "field_1": 4, "field_2": "13-275-4-SF", "field_3": "distrito_maggiolo", "field_4": 4561888.89, "field_5": 6252480.51, "field_6": null, "field_7": null }, "geometry": { "type": "Point", "coordinates": [ -62.331118195006091, -33.870386056872384 ] } },
{ "type": "Feature", "properties": { "field_1": 5, "field_2": "13-275-5-SF", "field_3": "distrito_san_eduardo", "field_4": 4570121.6, "field_5": 6249961.8, "field_6": null, "field_7": null }, "geometry": { "type": "Point", "coordinates": [ -62.241946255926152, -33.892576457460962 ] } },
{ "type": "Feature", "properties": { "field_1": 6, "field_2": "13-275-6-SF", "field_3": "distrito_san_eduardo", "field_4": 4565579.88, "field_5": 6252994.64, "field_6": null, "field_7": null }, "geometry": { "type": "Point", "coordinates": [ -62.291267569812554, -33.865528318835374 ] } },
{ "type": "Feature", "properties": { "field_1": 7, "field_2": "13-275-7-SF", "field_3": "distrito_maggiolo", "field_4": 4571046.02, "field_5": 6255221.96, "field_6": "La Escondida", "field_7": null }, "geometry": { "type": "Point", "coordinates": [ -62.23237808635421, -33.845095836649563 ] } },
{ "type": "Feature", "properties": { "field_1": 8, "field_2": "13-275-8-SF", "field_3": "distrito_maggiolo", "field_4": 4568571.16, "field_5": 6255929.71, "field_6": null, "field_7": null }, "geometry": { "type": "Point", "coordinates": [ -62.259171021062933, -33.838879204047927 ] } },
{ "type": "Feature", "properties": { "field_1": 5, "field_2": "13-277-5-SF", "field_3": "distrito_amenabar", "field_4": 4561925.32, "field_5": 6236134.63, "field_6": null, "field_7": null }, "geometry": { "type": "Point", "coordinates": [ -62.329570231960446, -34.017738385017275 ] } },
{ "type": "Feature", "properties": { "field_1": 1, "field_2": "13-278-1-SF", "field_3": "distrito_amenabar", "field_4": 4570038.28, "field_5": 6226251.12, "field_6": null, "field_7": null }, "geometry": { "type": "Point", "coordinates": [ -62.240948080009481, -34.106322449151861 ] } },
{ "type": "Feature", "properties": { "field_1": 3, "field_2": "13-278-3-SF", "field_3": "distrito_amenabar", "field_4": 4570215.8, "field_5": 6223864.71, "field_6": null, "field_7": null }, "geometry": { "type": "Point", "coordinates": [ -62.238831610036705, -34.127822465094404 ] } },
{ "type": "Feature", "properties": { "field_1": 4, "field_2": "13-278-4-SF", "field_3": "distrito_amenabar", "field_4": 4569742.7, "field_5": 6219080.16, "field_6": null, "field_7": null }, "geometry": { "type": "Point", "coordinates": [ -62.24357544928403, -34.170983543274225 ] } },
{ "type": "Feature", "properties": { "field_1": 1, "field_2": "13-279-1-SF", "field_3": "distrito_aaron_castellanos", "field_4": 4570244.27, "field_5": 6214108.05, "field_6": null, "field_7": null }, "geometry": { "type": "Point", "coordinates": [ -62.237732672676636, -34.215769632978834 ] } },
{ "type": "Feature", "properties": { "field_1": 2, "field_2": "13-279-2-SF", "field_3": "distrito_aaron_castellanos", "field_4": 4563467.69, "field_5": 6213472.93, "field_6": null, "field_7": null }, "geometry": { "type": "Point", "coordinates": [ -62.311218500767161, -34.22192978884582 ] } },
{ "type": "Feature", "properties": { "field_1": 3, "field_2": "13-279-3-SF", "field_3": "distrito_aaron_castellanos", "field_4": 4568290.76, "field_5": 6210076.69, "field_6": null, "field_7": null }, "geometry": { "type": "Point", "coordinates": [ -62.258611521724731, -34.252239079775016 ] } },
{ "type": "Feature", "properties": { "field_1": 1, "field_2": "13-297-1-SF", "field_3": "distrito_san_eduardo", "field_4": 4573017.11, "field_5": 6249280.21, "field_6": "Del Feligrés", "field_7": null }, "geometry": { "type": "Point", "coordinates": [ -62.210590038857625, -33.898524160592409 ] } },
{ "type": "Feature", "properties": { "field_1": 2, "field_2": "13-297-2-SF", "field_3": "distrito_san_eduardo", "field_4": 4572420.93, "field_5": 6252569.27, "field_6": null, "field_7": null }, "geometry": { "type": "Point", "coordinates": [ -62.21730581454824, -33.868915601804346 ] } },
{ "type": "Feature", "properties": { "field_1": 4, "field_2": "13-297-4-SF", "field_3": "distrito_san_eduardo", "field_4": 4575217.8, "field_5": 6255538.53, "field_6": "La Paloma", "field_7": null }, "geometry": { "type": "Point", "coordinates": [ -62.187334563374783, -33.841953202876532 ] } },
{ "type": "Feature", "properties": { "field_1": 4, "field_2": "13-298-4-SF", "field_3": "distrito_san_eduardo", "field_4": 4580933.69, "field_5": 6245348.89, "field_6": null, "field_7": null }, "geometry": { "type": "Point", "coordinates": [ -62.124647336199622, -33.933384442223826 ] } },
{ "type": "Feature", "properties": { "field_1": 5, "field_2": "13-298-5-SF", "field_3": "distrito_san_eduardo", "field_4": 4578942.26, "field_5": 6247534.43, "field_6": "El Doce / Aguará / Del Fuego", "field_7": null }, "geometry": { "type": "Point", "coordinates": [ -62.146380458283289, -33.913834292050034 ] } },
{ "type": "Feature", "properties": { "field_1": 6, "field_2": "13-298-6-SF", "field_3": "distrito_san_eduardo", "field_4": 4580783.09, "field_5": 6242292.24, "field_6": "La Amarga / Las Vizcacheras", "field_7": null }, "geometry": { "type": "Point", "coordinates": [ -62.125994403576335, -33.960949689000159 ] } },
{ "type": "Feature", "properties": { "field_1": 5, "field_2": "13-300-5-SF", "field_3": "distrito_christophersen", "field_4": 4580166.72, "field_5": 6219245.95, "field_6": "Del Tuerto / Venado / Trawma Truli", "field_7": null }, "geometry": { "type": "Point", "coordinates": [ -62.130543012798221, -34.168740244853176 ] } },
{ "type": "Feature", "properties": { "field_1": 6, "field_2": "13-300-6-SF", "field_3": "distrito_christophersen", "field_4": 4580114.8, "field_5": 6223754.18, "field_6": null, "field_7": null }, "geometry": { "type": "Point", "coordinates": [ -62.131522078614573, -34.128106796492546 ] } },
{ "type": "Feature", "properties": { "field_1": 7, "field_2": "13-300-7-SF", "field_3": "distrito_christophersen", "field_4": 4574178.92, "field_5": 6218451.74, "field_6": null, "field_7": null }, "geometry": { "type": "Point", "coordinates": [ -62.195410687537212, -34.176342252981954 ] } },
{ "type": "Feature", "properties": { "field_1": 1, "field_2": "13-301-1-SF", "field_3": "distrito_diego_de_alvear", "field_4": 4579622.45, "field_5": 6210716.83, "field_6": null, "field_7": null }, "geometry": { "type": "Point", "coordinates": [ -62.135660875034681, -34.245663239929385 ] } },
{ "type": "Feature", "properties": { "field_1": 3, "field_2": "13-301-3-SF", "field_3": "distrito_aaron_castellanos", "field_4": 4572230.83, "field_5": 6212297.3, "field_6": null, "field_7": null }, "geometry": { "type": "Point", "coordinates": [ -62.216025675892389, -34.23195611642398 ] } },
{ "type": "Feature", "properties": { "field_1": 4, "field_2": "13-301-4-SF", "field_3": "distrito_diego_de_alvear", "field_4": 4575484.78, "field_5": 6214497.61, "field_6": null, "field_7": null }, "geometry": { "type": "Point", "coordinates": [ -62.180903198448746, -34.2118915132694 ] } },
{ "type": "Feature", "properties": { "field_1": 5, "field_2": "13-301-5-SF", "field_3": "distrito_christophersen", "field_4": 4578586.84, "field_5": 6216331.47, "field_6": "Chadilauquen", "field_7": null }, "geometry": { "type": "Point", "coordinates": [ -62.14741187029859, -34.195131684124583 ] } },
{ "type": "Feature", "properties": { "field_1": 6, "field_2": "13-301-6-SF", "field_3": "distrito_diego_de_alvear", "field_4": 4576368.32, "field_5": 6211246.75, "field_6": null, "field_7": null }, "geometry": { "type": "Point", "coordinates": [ -62.171029565701659, -34.241130480074794 ] } },
{ "type": "Feature", "properties": { "field_1": 1, "field_2": "13-319-1-SF", "field_3": "distrito_san_eduardo", "field_4": 4587771.0, "field_5": 6257003.81, "field_6": null, "field_7": null }, "geometry": { "type": "Point", "coordinates": [ -62.05186841190028, -33.827776209380609 ] } },
{ "type": "Feature", "properties": { "field_1": 2, "field_2": "13-319-2-SF", "field_3": "distrito_venado_tuerto", "field_4": 4591011.5, "field_5": 6258018.66, "field_6": null, "field_7": null }, "geometry": { "type": "Point", "coordinates": [ -62.016972511613005, -33.818354017161113 ] } },
{ "type": "Feature", "properties": { "field_1": 3, "field_2": "13-319-3-SF", "field_3": "distrito_san_eduardo", "field_4": 4584350.48, "field_5": 6250124.66, "field_6": null, "field_7": null }, "geometry": { "type": "Point", "coordinates": [ -62.088155006737942, -33.890065990248061 ] } },
{ "type": "Feature", "properties": { "field_1": 4, "field_2": "13-319-4-SF", "field_3": "distrito_san_eduardo", "field_4": 4586968.75, "field_5": 6252649.26, "field_6": null, "field_7": null }, "geometry": { "type": "Point", "coordinates": [ -62.060103790773979, -33.867095841138863 ] } },
{ "type": "Feature", "properties": { "field_1": 5, "field_2": "13-319-5-SF", "field_3": "distrito_san_eduardo", "field_4": 4589699.81, "field_5": 6248883.52, "field_6": null, "field_7": null }, "geometry": { "type": "Point", "coordinates": [ -62.030208005213126, -33.900812325758487 ] } },
{ "type": "Feature", "properties": { "field_1": 6, "field_2": "13-319-6-SF", "field_3": "distrito_san_eduardo", "field_4": 4581808.99, "field_5": 6253315.4, "field_6": null, "field_7": null }, "geometry": { "type": "Point", "coordinates": [ -62.115922796404988, -33.861503583919571 ] } },
{ "type": "Feature", "properties": { "field_1": 7, "field_2": "13-319-7-SF", "field_3": "distrito_san_eduardo", "field_4": 4589312.35, "field_5": 6252292.23, "field_6": null, "field_7": null }, "geometry": { "type": "Point", "coordinates": [ -62.034742669663849, -33.87011844605685 ] } },
{ "type": "Feature", "properties": { "field_1": 1, "field_2": "13-320-1-SF", "field_3": "distrito_san_eduardo", "field_4": 4588343.32, "field_5": 6246992.81, "field_6": null, "field_7": null }, "geometry": { "type": "Point", "coordinates": [ -62.044681823017967, -33.917970118254374 ] } },
{ "type": "Feature", "properties": { "field_1": 2, "field_2": "13-320-2-SF", "field_3": "distrito_san_eduardo", "field_4": 4588969.65, "field_5": 6241921.89, "field_6": null, "field_7": null }, "geometry": { "type": "Point", "coordinates": [ -62.037395337192436, -33.963627302539408 ] } },
{ "type": "Feature", "properties": { "field_1": 1, "field_2": "13-321-1-SF", "field_3": "distrito_san_eduardo", "field_4": 4584749.47, "field_5": 6238103.63, "field_6": null, "field_7": null }, "geometry": { "type": "Point", "coordinates": [ -62.082680615447728, -33.998394413347476 ] } },
{ "type": "Feature", "properties": { "field_1": 2, "field_2": "13-321-2-SF", "field_3": "distrito_san_eduardo", "field_4": 4582304.44, "field_5": 6237346.68, "field_6": "La Regalada", "field_7": null }, "geometry": { "type": "Point", "coordinates": [ -62.109071321219986, -34.005412207218384 ] } },
{ "type": "Feature", "properties": { "field_1": 3, "field_2": "13-321-3-SF", "field_3": "distrito_san_eduardo", "field_4": 4582284.35, "field_5": 6234044.22, "field_6": null, "field_7": null }, "geometry": { "type": "Point", "coordinates": [ -62.108977738283677, -34.035182784489741 ] } },
{ "type": "Feature", "properties": { "field_1": 5, "field_2": "13-321-5-SF", "field_3": "distrito_maria_teresa", "field_4": 4588333.27, "field_5": 6230467.11, "field_6": null, "field_7": null }, "geometry": { "type": "Point", "coordinates": [ -62.043121960720534, -34.066934698582031 ] } },
{ "type": "Feature", "properties": { "field_1": 6, "field_2": "13-321-6-SF", "field_3": "distrito_maria_teresa", "field_4": 4590569.58, "field_5": 6235314.69, "field_6": null, "field_7": null }, "geometry": { "type": "Point", "coordinates": [ -62.019403096094067, -34.023048006892921 ] } },
{ "type": "Feature", "properties": { "field_1": 7, "field_2": "13-321-7-SF", "field_3": "distrito_maria_teresa", "field_4": 4586888.58, "field_5": 6231068.25, "field_6": null, "field_7": null }, "geometry": { "type": "Point", "coordinates": [ -62.058829766358308, -34.061636864159823 ] } },
{ "type": "Feature", "properties": { "field_1": 1, "field_2": "13-322-1-SF", "field_3": "distrito_christophersen", "field_4": 4587212.08, "field_5": 6227360.59, "field_6": "Permanente", "field_7": null }, "geometry": { "type": "Point", "coordinates": [ -62.054954888383278, -34.095030713795317 ] } },
{ "type": "Feature", "properties": { "field_1": 2, "field_2": "13-322-2-SF", "field_3": "distrito_christophersen", "field_4": 4583660.09, "field_5": 6224905.52, "field_6": null, "field_7": null }, "geometry": { "type": "Point", "coordinates": [ -62.093204523757855, -34.117450811076239 ] } },
{ "type": "Feature", "properties": { "field_1": 3, "field_2": "13-322-3-SF", "field_3": "distrito_christophersen", "field_4": 4590410.71, "field_5": 6224980.88, "field_6": "La Argentina", "field_7": null }, "geometry": { "type": "Point", "coordinates": [ -62.020050999755426, -34.116209532060168 ] } },
{ "type": "Feature", "properties": { "field_1": 4, "field_2": "13-322-4-SF", "field_3": "distrito_christophersen", "field_4": 4591063.83, "field_5": 6220954.96, "field_6": null, "field_7": null }, "geometry": { "type": "Point", "coordinates": [ -62.012550848006043, -34.152441579219236 ] } },
{ "type": "Feature", "properties": { "field_1": 5, "field_2": "13-322-5-SF", "field_3": "distrito_christophersen", "field_4": 4588752.78, "field_5": 6219869.77, "field_6": null, "field_7": null }, "geometry": { "type": "Point", "coordinates": [ -62.037496589948304, -34.162422281693161 ] } },
{ "type": "Feature", "properties": { "field_1": 6, "field_2": "13-322-6-SF", "field_3": "distrito_christophersen", "field_4": 4583532.82, "field_5": 6221910.36, "field_6": null, "field_7": null }, "geometry": { "type": "Point", "coordinates": [ -62.094295925389751, -34.14445933390445 ] } },
{ "type": "Feature", "properties": { "field_1": 1, "field_2": "13-323-1-SF", "field_3": "distrito_christophersen", "field_4": 4585683.1, "field_5": 6210644.82, "field_6": null, "field_7": null }, "geometry": { "type": "Point", "coordinates": [ -62.069869757999022, -34.245830868098771 ] } },
{ "type": "Feature", "properties": { "field_1": 2, "field_2": "13-323-2-SF", "field_3": "distrito_san_gregorio", "field_4": 4589025.75, "field_5": 6209003.64, "field_6": null, "field_7": null }, "geometry": { "type": "Point", "coordinates": [ -62.033418954686809, -34.26034325459694 ] } },
{ "type": "Feature", "properties": { "field_1": 3, "field_2": "13-323-3-SF", "field_3": "distrito_diego_de_alvear", "field_4": 4582151.35, "field_5": 6210898.22, "field_6": null, "field_7": null }, "geometry": { "type": "Point", "coordinates": [ -62.108228549253838, -34.243831613197742 ] } },
{ "type": "Feature", "properties": { "field_1": 4, "field_2": "13-323-4-SF", "field_3": "distrito_christophersen", "field_4": 4589062.1, "field_5": 6213457.39, "field_6": null, "field_7": null }, "geometry": { "type": "Point", "coordinates": [ -62.033483297515055, -34.220195497718819 ] } },
{ "type": "Feature", "properties": { "field_1": 6, "field_2": "13-324-6-SF", "field_3": "distrito_amenabar", "field_4": 4550543.86, "field_5": 6225535.8, "field_6": null, "field_7": null }, "geometry": { "type": "Point", "coordinates": [ -62.452170999625352, -34.113894711089848 ] } },
{ "type": "Feature", "properties": { "field_1": 1, "field_2": "14-236-1-SF", "field_3": "distrito_lazzarino", "field_4": 4546344.94, "field_5": 6204807.41, "field_6": null, "field_7": null }, "geometry": { "type": "Point", "coordinates": [ -62.496570514982331, -34.300948648718084 ] } },
{ "type": "Feature", "properties": { "field_1": 2, "field_2": "14-236-2-SF", "field_3": "distrito_rufino", "field_4": 4542410.51, "field_5": 6205138.89, "field_6": null, "field_7": null }, "geometry": { "type": "Point", "coordinates": [ -62.539324089910544, -34.298128662758792 ] } },
{ "type": "Feature", "properties": { "field_1": 3, "field_2": "14-236-3-SF", "field_3": "distrito_rufino", "field_4": 4542586.68, "field_5": 6203322.8, "field_6": null, "field_7": null }, "geometry": { "type": "Point", "coordinates": [ -62.537320741222942, -34.314492718776457 ] } },
{ "type": "Feature", "properties": { "field_1": 4, "field_2": "14-236-4-SF", "field_3": "distrito_aaron_castellanos", "field_4": 4547018.19, "field_5": 6200443.34, "field_6": "Miramar", "field_7": null }, "geometry": { "type": "Point", "coordinates": [ -62.489019086822815, -34.340258209190871 ] } },
{ "type": "Feature", "properties": { "field_1": 5, "field_2": "14-236-5-SF", "field_3": "distrito_aaron_castellanos", "field_4": 4550117.58, "field_5": 6199119.05, "field_6": null, "field_7": null }, "geometry": { "type": "Point", "coordinates": [ -62.455259746783021, -34.352050687592985 ] } },
{ "type": "Feature", "properties": { "field_1": 6, "field_2": "14-236-6-SF", "field_3": "distrito_aaron_castellanos", "field_4": 4544547.89, "field_5": 6202130.85, "field_6": null, "field_7": null }, "geometry": { "type": "Point", "coordinates": [ -62.515952240777658, -34.325155238690236 ] } },
{ "type": "Feature", "properties": { "field_1": 7, "field_2": "14-236-7-SF", "field_3": "distrito_lazzarino", "field_4": 4546318.66, "field_5": 6204722.18, "field_6": null, "field_7": null }, "geometry": { "type": "Point", "coordinates": [ -62.496851395319958, -34.301718129084833 ] } },
{ "type": "Feature", "properties": { "field_1": 1, "field_2": "14-237-1-SF", "field_3": "distrito_aaron_castellanos", "field_4": 4546142.63, "field_5": 6196395.51, "field_6": null, "field_7": null }, "geometry": { "type": "Point", "coordinates": [ -62.49831675737704, -34.376786464284564 ] } },
{ "type": "Feature", "properties": { "field_1": 10, "field_2": "14-237-10-BA", "field_3": "partido_gral_villegas", "field_4": 4544076.01, "field_5": 6191040.09, "field_6": null, "field_7": null }, "geometry": { "type": "Point", "coordinates": [ -62.52051003566082, -34.425152438708629 ] } },
{ "type": "Feature", "properties": { "field_1": 2, "field_2": "14-237-2-SF", "field_3": "distrito_aaron_castellanos", "field_4": 4549894.74, "field_5": 6196780.41, "field_6": null, "field_7": null }, "geometry": { "type": "Point", "coordinates": [ -62.457545926862252, -34.373142817089004 ] } },
{ "type": "Feature", "properties": { "field_1": 3, "field_2": "14-237-3-SF", "field_3": "partido_gral_villegas", "field_4": 4550123.05, "field_5": 6190523.87, "field_6": null, "field_7": null }, "geometry": { "type": "Point", "coordinates": [ -62.454698082270411, -34.429530201105713 ] } },
{ "type": "Feature", "properties": { "field_1": 4, "field_2": "14-237-4-BA", "field_3": "partido_gral_villegas", "field_4": 4543663.25, "field_5": 6191573.59, "field_6": null, "field_7": null }, "geometry": { "type": "Point", "coordinates": [ -62.525027407300364, -34.420360788173241 ] } },
{ "type": "Feature", "properties": { "field_1": 5, "field_2": "14-237-5-BA", "field_3": "partido_gral_villegas", "field_4": 4548160.01, "field_5": 6191257.78, "field_6": null, "field_7": null }, "geometry": { "type": "Point", "coordinates": [ -62.476095051557515, -34.423007868299422 ] } },
{ "type": "Feature", "properties": { "field_1": 6, "field_2": "14-237-6-BA", "field_3": "partido_gral_villegas", "field_4": 4551062.98, "field_5": 6190149.26, "field_6": null, "field_7": null }, "geometry": { "type": "Point", "coordinates": [ -62.444450380128465, -34.432861009508727 ] } },
{ "type": "Feature", "properties": { "field_1": 7, "field_2": "14-237-7-BA", "field_3": "partido_gral_villegas", "field_4": 4550645.85, "field_5": 6191512.8, "field_6": null, "field_7": null }, "geometry": { "type": "Point", "coordinates": [ -62.449069099724198, -34.420590227908939 ] } },
{ "type": "Feature", "properties": { "field_1": 8, "field_2": "14-237-8-BA", "field_3": "partido_gral_villegas", "field_4": 4549449.83, "field_5": 6194926.61, "field_6": null, "field_7": null }, "geometry": { "type": "Point", "coordinates": [ -62.462275988403455, -34.389874967990252 ] } },
{ "type": "Feature", "properties": { "field_1": 9, "field_2": "14-237-9-BA", "field_3": "partido_gral_villegas", "field_4": 4541952.72, "field_5": 6191234.06, "field_6": null, "field_7": null }, "geometry": { "type": "Point", "coordinates": [ -62.543617605145911, -34.423492289439849 ] } },
{ "type": "Feature", "properties": { "field_1": 1, "field_2": "14-238-1-BA", "field_3": "partido_gral_villegas", "field_4": 4550917.49, "field_5": 6183194.93, "field_6": null, "field_7": null }, "geometry": { "type": "Point", "coordinates": [ -62.445618932206123, -34.49555595662266 ] } },
{ "type": "Feature", "properties": { "field_1": 2, "field_2": "14-238-2-BA", "field_3": "partido_gral_villegas", "field_4": 4551113.58, "field_5": 6179202.44, "field_6": null, "field_7": null }, "geometry": { "type": "Point", "coordinates": [ -62.443244687180936, -34.531535074944394 ] } },
{ "type": "Feature", "properties": { "field_1": 3, "field_2": "14-238-3-BA", "field_3": "partido_gral_villegas", "field_4": 4546150.89, "field_5": 6180814.6, "field_6": null, "field_7": null }, "geometry": { "type": "Point", "coordinates": [ -62.497386386293442, -34.517237210536521 ] } },
{ "type": "Feature", "properties": { "field_1": 1, "field_2": "14-239-1-BA", "field_3": "partido_gral_villegas", "field_4": 4542762.35, "field_5": 6173911.36, "field_6": null, "field_7": null }, "geometry": { "type": "Point", "coordinates": [ -62.533942021095214, -34.579610702183174 ] } },
{ "type": "Feature", "properties": { "field_1": 2, "field_2": "14-239-2-BA", "field_3": "partido_gral_villegas", "field_4": 4542439.78, "field_5": 6177443.91, "field_6": null, "field_7": null }, "geometry": { "type": "Point", "coordinates": [ -62.537633817787992, -34.547781006197759 ] } },
{ "type": "Feature", "properties": { "field_1": 3, "field_2": "14-239-3-BA", "field_3": "partido_florentino_ameghino", "field_4": 4544028.1, "field_5": 6168926.5, "field_6": null, "field_7": null }, "geometry": { "type": "Point", "coordinates": [ -62.519888722042396, -34.624491316071037 ] } },
{ "type": "Feature", "properties": { "field_1": 4, "field_2": "14-239-4-BA", "field_3": "partido_gral_villegas", "field_4": 4546881.96, "field_5": 6175707.81, "field_6": null, "field_7": null }, "geometry": { "type": "Point", "coordinates": [ -62.489143646125932, -34.563237603817988 ] } },
{ "type": "Feature", "properties": { "field_1": 5, "field_2": "14-239-5-BA", "field_3": "partido_gral_villegas", "field_4": 4545947.98, "field_5": 6177202.13, "field_6": null, "field_7": null }, "geometry": { "type": "Point", "coordinates": [ -62.499401283602332, -34.549809744964875 ] } },
{ "type": "Feature", "properties": { "field_1": 6, "field_2": "14-239-6-BA", "field_3": "partido_gral_villegas", "field_4": 4548374.37, "field_5": 6170881.98, "field_6": null, "field_7": null }, "geometry": { "type": "Point", "coordinates": [ -62.47260717012913, -34.606668831937711 ] } },
{ "type": "Feature", "properties": { "field_1": 1, "field_2": "14-240-1-BA", "field_3": "partido_florentino_ameghino", "field_4": 4543162.78, "field_5": 6167638.72, "field_6": null, "field_7": null }, "geometry": { "type": "Point", "coordinates": [ -62.529258922864422, -34.63613623991894 ] } },
{ "type": "Feature", "properties": { "field_1": 2, "field_2": "14-240-2-BA", "field_3": "partido_florentino_ameghino", "field_4": 4545000.61, "field_5": 6160853.21, "field_6": null, "field_7": null }, "geometry": { "type": "Point", "coordinates": [ -62.50885495316551, -34.697221806146374 ] } },
{ "type": "Feature", "properties": { "field_1": 4, "field_2": "14-240-4-BA", "field_3": "partido_florentino_ameghino", "field_4": 4551274.23, "field_5": 6163976.75, "field_6": null, "field_7": null }, "geometry": { "type": "Point", "coordinates": [ -62.440575374015587, -34.668771427089716 ] } },
{ "type": "Feature", "properties": { "field_1": 5, "field_2": "14-240-5-BA", "field_3": "partido_florentino_ameghino", "field_4": 4551299.01, "field_5": 6165299.37, "field_6": null, "field_7": null }, "geometry": { "type": "Point", "coordinates": [ -62.440385184050335, -34.65684821604323 ] } },
{ "type": "Feature", "properties": { "field_1": 1, "field_2": "14-258-1-SF", "field_3": "distrito_aaron_castellanos", "field_4": 4552421.24, "field_5": 6198839.27, "field_6": null, "field_7": null }, "geometry": { "type": "Point", "coordinates": [ -62.430204625361604, -34.354458750670283 ] } },
{ "type": "Feature", "properties": { "field_1": 2, "field_2": "14-258-2-SF", "field_3": "distrito_lazzarino", "field_4": 4552909.79, "field_5": 6207071.98, "field_6": null, "field_7": null }, "geometry": { "type": "Point", "coordinates": [ -62.425400465860079, -34.28022105181136 ] } },
{ "type": "Feature", "properties": { "field_1": 3, "field_2": "14-258-3-SF", "field_3": "distrito_lazzarino", "field_4": 4556274.39, "field_5": 6207582.87, "field_6": null, "field_7": null }, "geometry": { "type": "Point", "coordinates": [ -62.388895954814622, -34.275438917137429 ] } },
{ "type": "Feature", "properties": { "field_1": 1, "field_2": "14-259-1-SF", "field_3": "distrito_aaron_castellanos", "field_4": 4553946.31, "field_5": 6196666.16, "field_6": null, "field_7": null }, "geometry": { "type": "Point", "coordinates": [ -62.41349202350915, -34.373969548598041 ] } },
{ "type": "Feature", "properties": { "field_1": 10, "field_2": "14-259-10-BA", "field_3": "partido_gral_villegas", "field_4": 4552093.43, "field_5": 6192701.6, "field_6": null, "field_7": null }, "geometry": { "type": "Point", "coordinates": [ -62.433395070910947, -34.409802135350532 ] } },
{ "type": "Feature", "properties": { "field_1": 11, "field_2": "14-259-11-BA", "field_3": "partido_gral_villegas", "field_4": 4552582.68, "field_5": 6194780.43, "field_6": null, "field_7": null }, "geometry": { "type": "Point", "coordinates": [ -62.42820134467172, -34.391038230817195 ] } },
{ "type": "Feature", "properties": { "field_1": 12, "field_2": "14-259-12-BA", "field_3": "partido_gral_villegas", "field_4": 4551564.64, "field_5": 6191760.68, "field_6": null, "field_7": null }, "geometry": { "type": "Point", "coordinates": [ -62.439089713927295, -34.418310346300387 ] } },
{ "type": "Feature", "properties": { "field_1": 13, "field_2": "14-259-13-BA", "field_3": "partido_gral_villegas", "field_4": 4556760.0, "field_5": 6191788.2, "field_6": null, "field_7": null }, "geometry": { "type": "Point", "coordinates": [ -62.382579994742862, -34.41779006977017 ] } },
{ "type": "Feature", "properties": { "field_1": 14, "field_2": "14-259-14-BA", "field_3": "partido_gral_villegas", "field_4": 4555878.08, "field_5": 6189753.32, "field_6": null, "field_7": null }, "geometry": { "type": "Point", "coordinates": [ -62.392040045263329, -34.436180881864921 ] } },
{ "type": "Feature", "properties": { "field_1": 17, "field_2": "14-259-17-BA", "field_3": "partido_gral_villegas", "field_4": 4551728.78, "field_5": 6188757.73, "field_6": null, "field_7": null }, "geometry": { "type": "Point", "coordinates": [ -62.43712285261801, -34.445371460965006 ] } },
{ "type": "Feature", "properties": { "field_1": 2, "field_2": "14-259-2-SF", "field_3": "distrito_aaron_castellanos", "field_4": 4553491.72, "field_5": 6197130.75, "field_6": null, "field_7": null }, "geometry": { "type": "Point", "coordinates": [ -62.418463089246153, -34.36980517906629 ] } },
{ "type": "Feature", "properties": { "field_1": 3, "field_2": "14-259-3-SF", "field_3": "distrito_aaron_castellanos", "field_4": 4555102.36, "field_5": 6197695.49, "field_6": null, "field_7": null }, "geometry": { "type": "Point", "coordinates": [ -62.400989978953923, -34.364630009708328 ] } },
{ "type": "Feature", "properties": { "field_1": 4, "field_2": "14-259-4-SF", "field_3": "distrito_aaron_castellanos", "field_4": 4552767.69, "field_5": 6195521.46, "field_6": null, "field_7": null }, "geometry": { "type": "Point", "coordinates": [ -62.42623515281786, -34.384348954429711 ] } },
{ "type": "Feature", "properties": { "field_1": 5, "field_2": "14-259-5-SF", "field_3": "distrito_aaron_castellanos", "field_4": 4555793.29, "field_5": 6195385.83, "field_6": null, "field_7": null }, "geometry": { "type": "Point", "coordinates": [ -62.393329221808038, -34.3854128865364 ] } },
{ "type": "Feature", "properties": { "field_1": 6, "field_2": "14-259-6-SF", "field_3": "distrito_aaron_castellanos", "field_4": 4557426.01, "field_5": 6195403.1, "field_6": null, "field_7": null }, "geometry": { "type": "Point", "coordinates": [ -62.375577791528187, -34.385167910094879 ] } },
{ "type": "Feature", "properties": { "field_1": 7, "field_2": "14-259-7-SF", "field_3": "distrito_aaron_castellanos", "field_4": 4557851.32, "field_5": 6197551.47, "field_6": null, "field_7": null }, "geometry": { "type": "Point", "coordinates": [ -62.371098184187325, -34.365778354779323 ] } },
{ "type": "Feature", "properties": { "field_1": 8, "field_2": "14-259-8-SF", "field_3": "distrito_aaron_castellanos", "field_4": 4553850.73, "field_5": 6195477.91, "field_6": null, "field_7": null }, "geometry": { "type": "Point", "coordinates": [ -62.414456581060278, -34.384685745219521 ] } },
{ "type": "Feature", "properties": { "field_1": 9, "field_2": "14-259-9-BA", "field_3": "partido_gral_villegas", "field_4": 4551993.6, "field_5": 6193761.56, "field_6": null, "field_7": null }, "geometry": { "type": "Point", "coordinates": [ -62.434545138236949, -34.400252387204269 ] } },
{ "type": "Feature", "properties": { "field_1": 1, "field_2": "14-260-1-BA", "field_3": "partido_gral_villegas", "field_4": 4552245.32, "field_5": 6178607.0, "field_6": null, "field_7": null }, "geometry": { "type": "Point", "coordinates": [ -62.430881166951863, -34.536845601383448 ] } },
{ "type": "Feature", "properties": { "field_1": 4, "field_2": "14-260-4-BA", "field_3": "partido_gral_villegas", "field_4": 4561010.02, "field_5": 6185559.86, "field_6": null, "field_7": null }, "geometry": { "type": "Point", "coordinates": [ -62.335907774803353, -34.473690550730169 ] } },
{ "type": "Feature", "properties": { "field_1": 6, "field_2": "14-260-6-BA", "field_3": "partido_gral_villegas", "field_4": 4557937.82, "field_5": 6179621.91, "field_6": null, "field_7": null }, "geometry": { "type": "Point", "coordinates": [ -62.36894361096239, -34.527392511692057 ] } },
{ "type": "Feature", "properties": { "field_1": 7, "field_2": "14-260-7-BA", "field_3": "partido_gral_villegas", "field_4": 4558311.01, "field_5": 6180510.79, "field_6": null, "field_7": null }, "geometry": { "type": "Point", "coordinates": [ -62.36493986603157, -34.519359090684041 ] } },
{ "type": "Feature", "properties": { "field_1": 8, "field_2": "14-260-8-BA", "field_3": "partido_gral_villegas", "field_4": 4558449.99, "field_5": 6181170.91, "field_6": null, "field_7": null }, "geometry": { "type": "Point", "coordinates": [ -62.363471582323953, -34.513400894338311 ] } },
{ "type": "Feature", "properties": { "field_1": 9, "field_2": "14-260-9-BA", "field_3": "partido_gral_villegas", "field_4": 4556544.01, "field_5": 6178434.8, "field_6": null, "field_7": null }, "geometry": { "type": "Point", "coordinates": [ -62.384045393223424, -34.538170620288881 ] } },
{ "type": "Feature", "properties": { "field_1": 1, "field_2": "14-261-1-BA", "field_3": "partido_gral_villegas", "field_4": 4559207.77, "field_5": 6177741.85, "field_6": null, "field_7": null }, "geometry": { "type": "Point", "coordinates": [ -62.354981404223288, -34.544267031385111 ] } },
{ "type": "Feature", "properties": { "field_1": 12, "field_2": "14-261-12-BA", "field_3": "partido_gral_villegas", "field_4": 4555704.76, "field_5": 6168847.87, "field_6": null, "field_7": null }, "geometry": { "type": "Point", "coordinates": [ -62.392558808278672, -34.624632482266961 ] } },
{ "type": "Feature", "properties": { "field_1": 13, "field_2": "14-261-13-BA", "field_3": "partido_gral_villegas", "field_4": 4554721.31, "field_5": 6169673.37, "field_6": null, "field_7": null }, "geometry": { "type": "Point", "coordinates": [ -62.403335761549116, -34.617244432949398 ] } },
{ "type": "Feature", "properties": { "field_1": 14, "field_2": "14-261-14-BA", "field_3": "partido_gral_villegas", "field_4": 4552629.23, "field_5": 6170398.14, "field_6": null, "field_7": null }, "geometry": { "type": "Point", "coordinates": [ -62.426191145820418, -34.610820823205408 ] } },
{ "type": "Feature", "properties": { "field_1": 16, "field_2": "14-261-16-BA", "field_3": "partido_gral_villegas", "field_4": 4552136.39, "field_5": 6171629.33, "field_6": null, "field_7": null }, "geometry": { "type": "Point", "coordinates": [ -62.431639912298323, -34.599748059251816 ] } },
{ "type": "Feature", "properties": { "field_1": 18, "field_2": "14-261-18-BA", "field_3": "partido_gral_villegas", "field_4": 4557166.38, "field_5": 6168771.21, "field_6": null, "field_7": null }, "geometry": { "type": "Point", "coordinates": [ -62.376615956975371, -34.62524307573775 ] } },
{ "type": "Feature", "properties": { "field_1": 19, "field_2": "14-261-19-BA", "field_3": "partido_gral_villegas", "field_4": 4558746.58, "field_5": 6168484.45, "field_6": null, "field_7": null }, "geometry": { "type": "Point", "coordinates": [ -62.35936532473827, -34.627738603059704 ] } },
{ "type": "Feature", "properties": { "field_1": 20, "field_2": "14-261-20-BA", "field_3": "partido_gral_villegas", "field_4": 4558151.85, "field_5": 6169531.35, "field_6": null, "field_7": null }, "geometry": { "type": "Point", "coordinates": [ -62.365922336803258, -34.618335902608564 ] } },
{ "type": "Feature", "properties": { "field_1": 21, "field_2": "14-261-21-BA", "field_3": "partido_gral_villegas", "field_4": 4557146.17, "field_5": 6171144.89, "field_6": null, "field_7": null }, "geometry": { "type": "Point", "coordinates": [ -62.376996208999039, -34.603848152951919 ] } },
{ "type": "Feature", "properties": { "field_1": 3, "field_2": "14-261-3-BA", "field_3": "partido_gral_villegas", "field_4": 4559298.53, "field_5": 6176224.37, "field_6": null, "field_7": null }, "geometry": { "type": "Point", "coordinates": [ -62.353886975927644, -34.557940257431042 ] } },
{ "type": "Feature", "properties": { "field_1": 6, "field_2": "14-261-6-BA", "field_3": "partido_gral_villegas", "field_4": 4557624.89, "field_5": 6173469.55, "field_6": null, "field_7": null }, "geometry": { "type": "Point", "coordinates": [ -62.371935220144977, -34.582867152765658 ] } },
{ "type": "Feature", "properties": { "field_1": 8, "field_2": "14-261-8-BA", "field_3": "partido_gral_villegas", "field_4": 4557722.89, "field_5": 6172125.52, "field_6": null, "field_7": null }, "geometry": { "type": "Point", "coordinates": [ -62.370775828412448, -34.594976603562237 ] } },
{ "type": "Feature", "properties": { "field_1": 9, "field_2": "14-261-9-BA", "field_3": "partido_gral_villegas", "field_4": 4560574.04, "field_5": 6173155.09, "field_6": null, "field_7": null }, "geometry": { "type": "Point", "coordinates": [ -62.339771201063762, -34.585532011295093 ] } },
{ "type": "Feature", "properties": { "field_1": 1, "field_2": "14-262-1-BA", "field_3": "partido_florentino_ameghino", "field_4": 4558267.78, "field_5": 6164083.83, "field_6": null, "field_7": null }, "geometry": { "type": "Point", "coordinates": [ -62.364283682008747, -34.667432230513455 ] } },
{ "type": "Feature", "properties": { "field_1": 10, "field_2": "14-262-10-BA", "field_3": "partido_florentino_ameghino", "field_4": 4555680.69, "field_5": 6166441.2, "field_6": null, "field_7": null }, "geometry": { "type": "Point", "coordinates": [ -62.39266316446313, -34.646327195449857 ] } },
{ "type": "Feature", "properties": { "field_1": 2, "field_2": "14-262-2-BA", "field_3": "partido_florentino_ameghino", "field_4": 4551755.39, "field_5": 6166111.54, "field_6": null, "field_7": null }, "geometry": { "type": "Point", "coordinates": [ -62.435456424012791, -34.649504436993794 ] } },
{ "type": "Feature", "properties": { "field_1": 3, "field_2": "14-262-3-BA", "field_3": "partido_florentino_ameghino", "field_4": 4552736.29, "field_5": 6166349.76, "field_6": null, "field_7": null }, "geometry": { "type": "Point", "coordinates": [ -62.42477211859071, -34.647307142528255 ] } },
{ "type": "Feature", "properties": { "field_1": 4, "field_2": "14-262-4-BA", "field_3": "partido_florentino_ameghino", "field_4": 4553694.99, "field_5": 6166271.45, "field_6": null, "field_7": null }, "geometry": { "type": "Point", "coordinates": [ -62.414310458400031, -34.647963245654559 ] } },
{ "type": "Feature", "properties": { "field_1": 5, "field_2": "14-262-5-BA", "field_3": "partido_florentino_ameghino", "field_4": 4553439.58, "field_5": 6165922.51, "field_6": null, "field_7": null }, "geometry": { "type": "Point", "coordinates": [ -62.417074261413127, -34.651121899980957 ] } },
{ "type": "Feature", "properties": { "field_1": 6, "field_2": "14-262-6-BA", "field_3": "partido_florentino_ameghino", "field_4": 4553962.09, "field_5": 6165707.87, "field_6": null, "field_7": null }, "geometry": { "type": "Point", "coordinates": [ -62.411361227060816, -34.653029258836391 ] } },
{ "type": "Feature", "properties": { "field_1": 7, "field_2": "14-262-7-BA", "field_3": "partido_florentino_ameghino", "field_4": 4558399.08, "field_5": 6165824.77, "field_6": null, "field_7": null }, "geometry": { "type": "Point", "coordinates": [ -62.362971337248624, -34.651732299710325 ] } },
{ "type": "Feature", "properties": { "field_1": 8, "field_2": "14-262-8-BA", "field_3": "partido_florentino_ameghino", "field_4": 4557614.63, "field_5": 6161787.18, "field_6": null, "field_7": null }, "geometry": { "type": "Point", "coordinates": [ -62.371252907583987, -34.688170652768108 ] } },
{ "type": "Feature", "properties": { "field_1": 9, "field_2": "14-262-9-BA", "field_3": "partido_florentino_ameghino", "field_4": 4555282.19, "field_5": 6161806.1, "field_6": null, "field_7": null }, "geometry": { "type": "Point", "coordinates": [ -62.396706801852936, -34.688128759872647 ] } },
{ "type": "Feature", "properties": { "field_1": 1, "field_2": "14-280-1-SF", "field_3": "distrito_aaron_castellanos", "field_4": 4567658.35, "field_5": 6200546.94, "field_6": "La Picasa", "field_7": null }, "geometry": { "type": "Point", "coordinates": [ -62.264728628676451, -34.338182860352752 ] } },
{ "type": "Feature", "properties": { "field_1": 1, "field_2": "14-281-1-BA", "field_3": "partido_general_pinto", "field_4": 4569282.55, "field_5": 6189294.95, "field_6": null, "field_7": null }, "geometry": { "type": "Point", "coordinates": [ -62.246170407501573, -34.439500580887881 ] } },
{ "type": "Feature", "properties": { "field_1": 2, "field_2": "14-282-2-BA", "field_3": "partido_general_pinto", "field_4": 4569325.25, "field_5": 6181875.54, "field_6": null, "field_7": null }, "geometry": { "type": "Point", "coordinates": [ -62.245103831390949, -34.5063750339786 ] } },
{ "type": "Feature", "properties": { "field_1": 3, "field_2": "14-282-3-BA", "field_3": "partido_gral_villegas", "field_4": 4563470.16, "field_5": 6180714.9, "field_6": null, "field_7": null }, "geometry": { "type": "Point", "coordinates": [ -62.308770521651681, -34.517214234947453 ] } },
{ "type": "Feature", "properties": { "field_1": 1, "field_2": "14-283-1-BA", "field_3": "partido_gral_villegas", "field_4": 4562667.38, "field_5": 6177871.68, "field_6": null, "field_7": null }, "geometry": { "type": "Point", "coordinates": [ -62.317303632156353, -34.542891866367604 ] } },
{ "type": "Feature", "properties": { "field_1": 10, "field_2": "14-283-10-BA", "field_3": "partido_general_pinto", "field_4": 4562409.99, "field_5": 6171010.17, "field_6": null, "field_7": null }, "geometry": { "type": "Point", "coordinates": [ -62.319603752264001, -34.604755996821069 ] } },
{ "type": "Feature", "properties": { "field_1": 11, "field_2": "14-283-11-BA", "field_3": "partido_general_pinto", "field_4": 4562800.2, "field_5": 6172095.01, "field_6": null, "field_7": null }, "geometry": { "type": "Point", "coordinates": [ -62.315430163732081, -34.594953688116327 ] } },
{ "type": "Feature", "properties": { "field_1": 12, "field_2": "14-283-12-BA", "field_3": "partido_general_pinto", "field_4": 4562966.95, "field_5": 6172960.55, "field_6": null, "field_7": null }, "geometry": { "type": "Point", "coordinates": [ -62.31367673430308, -34.587141679274538 ] } },
{ "type": "Feature", "properties": { "field_1": 13, "field_2": "14-283-13-BA", "field_3": "partido_general_pinto", "field_4": 4566403.94, "field_5": 6173917.36, "field_6": null, "field_7": null }, "geometry": { "type": "Point", "coordinates": [ -62.276291690384262, -34.578300832028603 ] } },
{ "type": "Feature", "properties": { "field_1": 14, "field_2": "14-283-14-BA", "field_3": "partido_general_pinto", "field_4": 4565150.96, "field_5": 6174366.8, "field_6": null, "field_7": null }, "geometry": { "type": "Point", "coordinates": [ -62.289980930601196, -34.574329886002005 ] } },
{ "type": "Feature", "properties": { "field_1": 15, "field_2": "14-283-15-BA", "field_3": "partido_general_pinto", "field_4": 4565579.83, "field_5": 6173394.61, "field_6": null, "field_7": null }, "geometry": { "type": "Point", "coordinates": [ -62.285232376557836, -34.583065694458675 ] } },
{ "type": "Feature", "properties": { "field_1": 16, "field_2": "14-283-16-BA", "field_3": "partido_general_pinto", "field_4": 4563982.05, "field_5": 6175913.6, "field_6": null, "field_7": null }, "geometry": { "type": "Point", "coordinates": [ -62.302835347010152, -34.560460761750655 ] } },
{ "type": "Feature", "properties": { "field_1": 17, "field_2": "14-283-17-BA", "field_3": "partido_gral_villegas", "field_4": 4561665.93, "field_5": 6176559.74, "field_6": null, "field_7": null }, "geometry": { "type": "Point", "coordinates": [ -62.328117709375014, -34.55477804359856 ] } },
{ "type": "Feature", "properties": { "field_1": 18, "field_2": "14-283-18-BA", "field_3": "partido_gral_villegas", "field_4": 4562412.96, "field_5": 6177007.27, "field_6": null, "field_7": null }, "geometry": { "type": "Point", "coordinates": [ -62.320011733717294, -34.550699009754204 ] } },
{ "type": "Feature", "properties": { "field_1": 20, "field_2": "14-283-20-BA", "field_3": "partido_general_pinto", "field_4": 4567700.42, "field_5": 6177510.16, "field_6": null, "field_7": null }, "geometry": { "type": "Point", "coordinates": [ -62.262448838875308, -34.545831688697866 ] } },
{ "type": "Feature", "properties": { "field_1": 21, "field_2": "14-283-21-BA", "field_3": "partido_general_pinto", "field_4": 4569748.24, "field_5": 6176186.53, "field_6": null, "field_7": null }, "geometry": { "type": "Point", "coordinates": [ -62.240032379337677, -34.557625712803777 ] } },
{ "type": "Feature", "properties": { "field_1": 22, "field_2": "14-283-22-BA", "field_3": "partido_general_pinto", "field_4": 4563981.91, "field_5": 6169237.35, "field_6": null, "field_7": null }, "geometry": { "type": "Point", "coordinates": [ -62.302334004485047, -34.620638971227855 ] } },
{ "type": "Feature", "properties": { "field_1": 23, "field_2": "14-283-23-BA", "field_3": "partido_general_pinto", "field_4": 4562214.16, "field_5": 6169143.99, "field_6": null, "field_7": null }, "geometry": { "type": "Point", "coordinates": [ -62.32160173855258, -34.62158921063206 ] } },
{ "type": "Feature", "properties": { "field_1": 24, "field_2": "14-283-24-BA", "field_3": "partido_general_pinto", "field_4": 4570841.96, "field_5": 6168438.42, "field_6": null, "field_7": null }, "geometry": { "type": "Point", "coordinates": [ -62.227470039578755, -34.627389462633893 ] } },
{ "type": "Feature", "properties": { "field_1": 3, "field_2": "14-283-3-BA", "field_3": "partido_general_pinto", "field_4": 4566873.57, "field_5": 6177554.99, "field_6": null, "field_7": null }, "geometry": { "type": "Point", "coordinates": [ -62.271459716292824, -34.545481676438946 ] } },
{ "type": "Feature", "properties": { "field_1": 4, "field_2": "14-283-4-BA", "field_3": "partido_general_pinto", "field_4": 4567241.71, "field_5": 6176662.5, "field_6": null, "field_7": null }, "geometry": { "type": "Point", "coordinates": [ -62.267378864524645, -34.553502377253999 ] } },
{ "type": "Feature", "properties": { "field_1": 5, "field_2": "14-283-5-BA", "field_3": "partido_general_pinto", "field_4": 4568388.44, "field_5": 6172854.33, "field_6": null, "field_7": null }, "geometry": { "type": "Point", "coordinates": [ -62.254579459384459, -34.587752501647977 ] } },
{ "type": "Feature", "properties": { "field_1": 6, "field_2": "14-283-6-BA", "field_3": "partido_general_pinto", "field_4": 4564600.22, "field_5": 6169963.67, "field_6": null, "field_7": null }, "geometry": { "type": "Point", "coordinates": [ -62.295647623296937, -34.614053382189361 ] } },
{ "type": "Feature", "properties": { "field_1": 7, "field_2": "14-283-7-BA", "field_3": "partido_general_pinto", "field_4": 4565208.53, "field_5": 6169612.21, "field_6": null, "field_7": null }, "geometry": { "type": "Point", "coordinates": [ -62.288988486763692, -34.617182868796604 ] } },
{ "type": "Feature", "properties": { "field_1": 8, "field_2": "14-283-8-BA", "field_3": "partido_general_pinto", "field_4": 4565737.36, "field_5": 6170292.69, "field_6": null, "field_7": null }, "geometry": { "type": "Point", "coordinates": [ -62.283275410955731, -34.611015484008682 ] } },
{ "type": "Feature", "properties": { "field_1": 9, "field_2": "14-283-9-BA", "field_3": "partido_general_pinto", "field_4": 4564246.66, "field_5": 6168785.75, "field_6": null, "field_7": null }, "geometry": { "type": "Point", "coordinates": [ -62.299413113596053, -34.624693022854096 ] } },
{ "type": "Feature", "properties": { "field_1": 1, "field_2": "14-284-1-BA", "field_3": "partido_florentino_ameghino", "field_4": 4564477.66, "field_5": 6164217.67, "field_6": null, "field_7": null }, "geometry": { "type": "Point", "coordinates": [ -62.296546623990984, -34.665853743569443 ] } },
{ "type": "Feature", "properties": { "field_1": 10, "field_2": "14-284-10-BA", "field_3": "partido_general_pinto", "field_4": 4561626.54, "field_5": 6165284.11, "field_6": null, "field_7": null }, "geometry": { "type": "Point", "coordinates": [ -62.327728213107854, -34.656416663849974 ] } },
{ "type": "Feature", "properties": { "field_1": 11, "field_2": "14-284-11-BA", "field_3": "partido_florentino_ameghino", "field_4": 4563037.87, "field_5": 6163780.0, "field_6": null, "field_7": null }, "geometry": { "type": "Point", "coordinates": [ -62.312221201979021, -34.669888380670734 ] } },
{ "type": "Feature", "properties": { "field_1": 12, "field_2": "14-284-12-BA", "field_3": "partido_florentino_ameghino", "field_4": 4563429.43, "field_5": 6158664.02, "field_6": null, "field_7": null }, "geometry": { "type": "Point", "coordinates": [ -62.307565375422797, -34.715977761000197 ] } },
{ "type": "Feature", "properties": { "field_1": 13, "field_2": "14-284-13-BA", "field_3": "partido_florentino_ameghino", "field_4": 4564208.98, "field_5": 6158963.05, "field_6": null, "field_7": null }, "geometry": { "type": "Point", "coordinates": [ -62.299078609848863, -34.713233768586726 ] } },
{ "type": "Feature", "properties": { "field_1": 14, "field_2": "14-284-14-BA", "field_3": "partido_florentino_ameghino", "field_4": 4566456.22, "field_5": 6159661.07, "field_6": null, "field_7": null }, "geometry": { "type": "Point", "coordinates": [ -62.274603754589357, -34.706798548530763 ] } },
{ "type": "Feature", "properties": { "field_1": 15, "field_2": "14-284-15-BA", "field_3": "partido_general_pinto", "field_4": 4567028.0, "field_5": 6167726.74, "field_6": null, "field_7": null }, "geometry": { "type": "Point", "coordinates": [ -62.269001932831955, -34.634060609841683 ] } },
{ "type": "Feature", "properties": { "field_1": 16, "field_2": "14-284-16-BA", "field_3": "partido_florentino_ameghino", "field_4": 4563885.08, "field_5": 6160163.89, "field_6": null, "field_7": null }, "geometry": { "type": "Point", "coordinates": [ -62.302704996116482, -34.702430166580655 ] } },
{ "type": "Feature", "properties": { "field_1": 17, "field_2": "14-284-17-BA", "field_3": "partido_general_pinto", "field_4": 4567543.3, "field_5": 6165613.4, "field_6": null, "field_7": null }, "geometry": { "type": "Point", "coordinates": [ -62.263214058524277, -34.653075636612769 ] } },
{ "type": "Feature", "properties": { "field_1": 18, "field_2": "14-284-18-BA", "field_3": "partido_florentino_ameghino", "field_4": 4568280.58, "field_5": 6162521.58, "field_6": null, "field_7": null }, "geometry": { "type": "Point", "coordinates": [ -62.254922665098569, -34.680895098549477 ] } },
{ "type": "Feature", "properties": { "field_1": 19, "field_2": "14-284-19-BA", "field_3": "partido_florentino_ameghino", "field_4": 4561675.02, "field_5": 6158920.3, "field_6": null, "field_7": null }, "geometry": { "type": "Point", "coordinates": [ -62.326735175102776, -34.713775086495595 ] } },
{ "type": "Feature", "properties": { "field_1": 2, "field_2": "14-284-2-BA", "field_3": "partido_florentino_ameghino", "field_4": 4565154.29, "field_5": 6161797.93, "field_6": null, "field_7": null }, "geometry": { "type": "Point", "coordinates": [ -62.288978662097634, -34.687621541670488 ] } },
{ "type": "Feature", "properties": { "field_1": 20, "field_2": "14-284-20-BA", "field_3": "partido_general_pinto", "field_4": 4568216.06, "field_5": 6164609.79, "field_6": null, "field_7": null }, "geometry": { "type": "Point", "coordinates": [ -62.255795022174887, -34.662077193930024 ] } },
{ "type": "Feature", "properties": { "field_1": 3, "field_2": "14-284-3-BA", "field_3": "partido_general_pinto", "field_4": 4569949.5, "field_5": 6164931.98, "field_6": null, "field_7": null }, "geometry": { "type": "Point", "coordinates": [ -62.236912055428277, -34.659056228370744 ] } },
{ "type": "Feature", "properties": { "field_1": 4, "field_2": "14-284-4-BA", "field_3": "partido_general_pinto", "field_4": 4567726.88, "field_5": 6166072.58, "field_6": null, "field_7": null }, "geometry": { "type": "Point", "coordinates": [ -62.261248365789491, -34.648924654819282 ] } },
{ "type": "Feature", "properties": { "field_1": 5, "field_2": "14-284-5-BA", "field_3": "partido_general_pinto", "field_4": 4568736.12, "field_5": 6168232.34, "field_6": null, "field_7": null }, "geometry": { "type": "Point", "coordinates": [ -62.250415756931105, -34.629390262543509 ] } },
{ "type": "Feature", "properties": { "field_1": 6, "field_2": "14-284-6-BA", "field_3": "partido_general_pinto", "field_4": 4564382.09, "field_5": 6166858.34, "field_6": null, "field_7": null }, "geometry": { "type": "Point", "coordinates": [ -62.297789999458665, -34.642057628440064 ] } },
{ "type": "Feature", "properties": { "field_1": 7, "field_2": "14-284-7-BA", "field_3": "partido_general_pinto", "field_4": 4563928.12, "field_5": 6165887.13, "field_6": null, "field_7": null }, "geometry": { "type": "Point", "coordinates": [ -62.302667804995735, -34.650840223385089 ] } },
{ "type": "Feature", "properties": { "field_1": 8, "field_2": "14-284-8-BA", "field_3": "partido_general_pinto", "field_4": 4562280.79, "field_5": 6167490.73, "field_6": null, "field_7": null }, "geometry": { "type": "Point", "coordinates": [ -62.320753786083152, -34.636487241080012 ] } },
{ "type": "Feature", "properties": { "field_1": 9, "field_2": "14-284-9-BA", "field_3": "partido_general_pinto", "field_4": 4562022.52, "field_5": 6166515.56, "field_6": null, "field_7": null }, "geometry": { "type": "Point", "coordinates": [ -62.323498982061608, -34.645292822149081 ] } },
{ "type": "Feature", "properties": { "field_1": 1, "field_2": "14-303-1-BA", "field_3": "partido_general_pinto", "field_4": 4571807.23, "field_5": 6194675.17, "field_6": null, "field_7": null }, "geometry": { "type": "Point", "coordinates": [ -62.219153641254131, -34.390831598861162 ] } },
{ "type": "Feature", "properties": { "field_1": 2, "field_2": "14-303-2-BA", "field_3": "partido_general_pinto", "field_4": 4574205.96, "field_5": 6194056.97, "field_6": null, "field_7": null }, "geometry": { "type": "Point", "coordinates": [ -62.193018069868742, -34.396234722891762 ] } },
{ "type": "Feature", "properties": { "field_1": 3, "field_2": "14-303-3-BA", "field_3": "partido_general_pinto", "field_4": 4572425.76, "field_5": 6192825.55, "field_6": null, "field_7": null }, "geometry": { "type": "Point", "coordinates": [ -62.212271942977104, -34.407460729889145 ] } },
{ "type": "Feature", "properties": { "field_1": 4, "field_2": "14-303-4-BA", "field_3": "partido_general_pinto", "field_4": 4575827.39, "field_5": 6191127.15, "field_6": null, "field_7": null }, "geometry": { "type": "Point", "coordinates": [ -62.175127539144746, -34.422525892754088 ] } },
{ "type": "Feature", "properties": { "field_1": 5, "field_2": "14-303-5-BA", "field_3": "partido_general_pinto", "field_4": 4579583.43, "field_5": 6191332.57, "field_6": null, "field_7": null }, "geometry": { "type": "Point", "coordinates": [ -62.134291257516601, -34.420391932719944 ] } },
{ "type": "Feature", "properties": { "field_1": 6, "field_2": "14-303-6-BA", "field_3": "partido_general_pinto", "field_4": 4571817.32, "field_5": 6189456.5, "field_6": null, "field_7": null }, "geometry": { "type": "Point", "coordinates": [ -62.21860652932839, -34.437871273326039 ] } },
{ "type": "Feature", "properties": { "field_1": 1, "field_2": "14-304-1-BA", "field_3": "partido_general_pinto", "field_4": 4574947.02, "field_5": 6179680.97, "field_6": null, "field_7": null }, "geometry": { "type": "Point", "coordinates": [ -62.183699504728679, -34.525762515418506 ] } },
{ "type": "Feature", "properties": { "field_1": 10, "field_2": "14-304-10-BA", "field_3": "partido_general_pinto", "field_4": 4574409.69, "field_5": 6181882.35, "field_6": null, "field_7": null }, "geometry": { "type": "Point", "coordinates": [ -62.189743561390507, -34.505959021147021 ] } },
{ "type": "Feature", "properties": { "field_1": 2, "field_2": "14-304-2-BA", "field_3": "partido_general_pinto", "field_4": 4573109.94, "field_5": 6179980.46, "field_6": null, "field_7": null }, "geometry": { "type": "Point", "coordinates": [ -62.203732436604561, -34.523195093892312 ] } },
{ "type": "Feature", "properties": { "field_1": 3, "field_2": "14-304-3-BA", "field_3": "partido_general_pinto", "field_4": 4576689.65, "field_5": 6180917.57, "field_6": null, "field_7": null }, "geometry": { "type": "Point", "coordinates": [ -62.164832275506285, -34.514487995461366 ] } },
{ "type": "Feature", "properties": { "field_1": 5, "field_2": "14-304-5-BA", "field_3": "partido_general_pinto", "field_4": 4579858.82, "field_5": 6182424.36, "field_6": null, "field_7": null }, "geometry": { "type": "Point", "coordinates": [ -62.130463739489485, -34.500665687439643 ] } },
{ "type": "Feature", "properties": { "field_1": 6, "field_2": "14-304-6-BA", "field_3": "partido_general_pinto", "field_4": 4580566.77, "field_5": 6183904.04, "field_6": null, "field_7": null }, "geometry": { "type": "Point", "coordinates": [ -62.122895735294641, -34.48727345346537 ] } },
{ "type": "Feature", "properties": { "field_1": 7, "field_2": "14-304-7-BA", "field_3": "partido_general_pinto", "field_4": 4578694.87, "field_5": 6185853.7, "field_6": null, "field_7": null }, "geometry": { "type": "Point", "coordinates": [ -62.143452133115474, -34.469844565265149 ] } },
{ "type": "Feature", "properties": { "field_1": 8, "field_2": "14-304-8-BA", "field_3": "partido_general_pinto", "field_4": 4574532.04, "field_5": 6185748.87, "field_6": null, "field_7": null }, "geometry": { "type": "Point", "coordinates": [ -62.188748942670628, -34.471098578241353 ] } },
{ "type": "Feature", "properties": { "field_1": 9, "field_2": "14-304-9-BA", "field_3": "partido_general_pinto", "field_4": 4575397.78, "field_5": 6184015.26, "field_6": null, "field_7": null }, "geometry": { "type": "Point", "coordinates": [ -62.179173511190058, -34.486661880464162 ] } },
{ "type": "Feature", "properties": { "field_1": 1, "field_2": "14-305-1-BA", "field_3": "partido_general_pinto", "field_4": 4573297.08, "field_5": 6168813.0, "field_6": null, "field_7": null }, "geometry": { "type": "Point", "coordinates": [ -62.20073159437149, -34.623840686351009 ] } },
{ "type": "Feature", "properties": { "field_1": 10, "field_2": "14-305-10-BA", "field_3": "partido_general_pinto", "field_4": 4574461.64, "field_5": 6173953.24, "field_6": null, "field_7": null }, "geometry": { "type": "Point", "coordinates": [ -62.188484541076356, -34.577425163575228 ] } },
{ "type": "Feature", "properties": { "field_1": 12, "field_2": "14-305-12-BA", "field_3": "partido_general_pinto", "field_4": 4575020.59, "field_5": 6168418.16, "field_6": null, "field_7": null }, "geometry": { "type": "Point", "coordinates": [ -62.181904273251931, -34.62727497782771 ] } },
{ "type": "Feature", "properties": { "field_1": 13, "field_2": "14-305-13-BA", "field_3": "partido_general_pinto", "field_4": 4574948.97, "field_5": 6171127.29, "field_6": null, "field_7": null }, "geometry": { "type": "Point", "coordinates": [ -62.182924537061716, -34.602861506160366 ] } },
{ "type": "Feature", "properties": { "field_1": 14, "field_2": "14-305-14-BA", "field_3": "partido_general_pinto", "field_4": 4574773.07, "field_5": 6171733.45, "field_6": null, "field_7": null }, "geometry": { "type": "Point", "coordinates": [ -62.184895370635154, -34.597410700515169 ] } },
{ "type": "Feature", "properties": { "field_1": 15, "field_2": "14-305-15-BA", "field_3": "partido_general_pinto", "field_4": 4576758.32, "field_5": 6168370.24, "field_6": null, "field_7": null }, "geometry": { "type": "Point", "coordinates": [ -62.162951805664008, -34.62757833889291 ] } },
{ "type": "Feature", "properties": { "field_1": 2, "field_2": "14-305-2-BA", "field_3": "partido_general_pinto", "field_4": 4573731.63, "field_5": 6171040.95, "field_6": null, "field_7": null }, "geometry": { "type": "Point", "coordinates": [ -62.196187047134231, -34.603727879081852 ] } },
{ "type": "Feature", "properties": { "field_1": 3, "field_2": "14-305-3-BA", "field_3": "partido_general_pinto", "field_4": 4573966.69, "field_5": 6173207.74, "field_6": null, "field_7": null }, "geometry": { "type": "Point", "coordinates": [ -62.193813376745112, -34.584180517507981 ] } },
{ "type": "Feature", "properties": { "field_1": 5, "field_2": "14-305-5-BA", "field_3": "partido_general_pinto", "field_4": 4574982.26, "field_5": 6175666.75, "field_6": null, "field_7": null }, "geometry": { "type": "Point", "coordinates": [ -62.182962190592278, -34.561942494185296 ] } },
{ "type": "Feature", "properties": { "field_1": 6, "field_2": "14-305-6-BA", "field_3": "partido_general_pinto", "field_4": 4578907.32, "field_5": 6177569.75, "field_6": null, "field_7": null }, "geometry": { "type": "Point", "coordinates": [ -62.140373612720843, -34.544496130644383 ] } },
{ "type": "Feature", "properties": { "field_1": 9, "field_2": "14-305-9-BA", "field_3": "partido_general_pinto", "field_4": 4579664.67, "field_5": 6169402.19, "field_6": null, "field_7": null }, "geometry": { "type": "Point", "coordinates": [ -62.131358137080625, -34.618055405777689 ] } },
{ "type": "Feature", "properties": { "field_1": 1, "field_2": "14-306-1-BA", "field_3": "partido_general_pinto", "field_4": 4577456.83, "field_5": 6164290.0, "field_6": null, "field_7": null }, "geometry": { "type": "Point", "coordinates": [ -62.154962211056727, -34.66430257536657 ] } },
{ "type": "Feature", "properties": { "field_1": 1, "field_2": "14-324-1-SF", "field_3": "distrito_diego_de_alvear", "field_4": 4584399.37, "field_5": 6199066.75, "field_6": null, "field_7": null }, "geometry": { "type": "Point", "coordinates": [ -62.082669805574085, -34.350297241524586 ] } },
{ "type": "Feature", "properties": { "field_1": 2, "field_2": "14-324-2-SF", "field_3": "distrito_san_gregorio", "field_4": 4591004.89, "field_5": 6200479.62, "field_6": null, "field_7": null }, "geometry": { "type": "Point", "coordinates": [ -62.011033401430893, -34.337003428769826 ] } },
{ "type": "Feature", "properties": { "field_1": 3, "field_2": "14-324-3-SF", "field_3": "distrito_san_gregorio", "field_4": 4590725.85, "field_5": 6202070.46, "field_6": null, "field_7": null }, "geometry": { "type": "Point", "coordinates": [ -62.014233125402079, -34.322688861912717 ] } },
{ "type": "Feature", "properties": { "field_1": 4, "field_2": "14-324-4-SF", "field_3": "distrito_san_gregorio", "field_4": 4590654.13, "field_5": 6204977.88, "field_6": null, "field_7": null }, "geometry": { "type": "Point", "coordinates": [ -62.01531829477053, -34.296489037617 ] } },
{ "type": "Feature", "properties": { "field_1": 5, "field_2": "14-324-5-SF", "field_3": "distrito_san_gregorio", "field_4": 4587833.16, "field_5": 6200395.26, "field_6": null, "field_7": null }, "geometry": { "type": "Point", "coordinates": [ -62.045488320479485, -34.338037329604163 ] } },
{ "type": "Feature", "properties": { "field_1": 1, "field_2": "14-325-1-SF", "field_3": "distrito_diego_de_alvear", "field_4": 4582942.5, "field_5": 6196364.36, "field_6": null, "field_7": null }, "geometry": { "type": "Point", "coordinates": [ -62.09824178357885, -34.37477328294132 ] } },
{ "type": "Feature", "properties": { "field_1": 2, "field_2": "14-325-2-SF", "field_3": "distrito_san_gregorio", "field_4": 4587134.52, "field_5": 6197687.56, "field_6": null, "field_7": null }, "geometry": { "type": "Point", "coordinates": [ -62.052805292467937, -34.362502298467767 ] } },
{ "type": "Feature", "properties": { "field_1": 3, "field_2": "14-325-3-SF", "field_3": "distrito_diego_de_alvear", "field_4": 4585213.07, "field_5": 6197288.32, "field_6": null, "field_7": null }, "geometry": { "type": "Point", "coordinates": [ -62.073650390313901, -34.366260722513552 ] } },
{ "type": "Feature", "properties": { "field_1": 5, "field_2": "14-325-5-BA", "field_3": "partido_general_pinto", "field_4": 4589955.36, "field_5": 6192857.09, "field_6": null, "field_7": null }, "geometry": { "type": "Point", "coordinates": [ -62.021638859280429, -34.405800296370352 ] } },
{ "type": "Feature", "properties": { "field_1": 6, "field_2": "14-325-6-BA", "field_3": "partido_general_pinto", "field_4": 4586044.15, "field_5": 6193959.5, "field_6": null, "field_7": null }, "geometry": { "type": "Point", "coordinates": [ -62.064283053893568, -34.396196491055605 ] } },
{ "type": "Feature", "properties": { "field_1": 7, "field_2": "14-325-7-BA", "field_3": "partido_general_pinto", "field_4": 4585291.94, "field_5": 6193030.75, "field_6": null, "field_7": null }, "geometry": { "type": "Point", "coordinates": [ -62.072369905339038, -34.404630098661812 ] } },
{ "type": "Feature", "properties": { "field_1": 9, "field_2": "14-325-9-SF", "field_3": "distrito_san_gregorio", "field_4": 4586818.17, "field_5": 6197619.16, "field_6": null, "field_7": null }, "geometry": { "type": "Point", "coordinates": [ -62.056236852877987, -34.363145386112357 ] } },
{ "type": "Feature", "properties": { "field_1": 1, "field_2": "14-326-1-BA", "field_3": "partido_general_pinto", "field_4": 4589288.92, "field_5": 6179568.48, "field_6": null, "field_7": null }, "geometry": { "type": "Point", "coordinates": [ -62.027497983733525, -34.525632626427566 ] } },
{ "type": "Feature", "properties": { "field_1": 2, "field_2": "14-326-2-BA", "field_3": "partido_general_pinto", "field_4": 4589031.29, "field_5": 6178991.11, "field_6": null, "field_7": null }, "geometry": { "type": "Point", "coordinates": [ -62.030243316961005, -34.530858909180047 ] } },
{ "type": "Feature", "properties": { "field_1": 3, "field_2": "14-326-3-BA", "field_3": "partido_general_pinto", "field_4": 4582751.68, "field_5": 6180503.13, "field_6": null, "field_7": null }, "geometry": { "type": "Point", "coordinates": [ -62.098781975497822, -34.517754370159189 ] } },
{ "type": "Feature", "properties": { "field_1": 5, "field_2": "14-326-5-BA", "field_3": "partido_general_pinto", "field_4": 4584107.82, "field_5": 6181323.27, "field_6": null, "field_7": null }, "geometry": { "type": "Point", "coordinates": [ -62.084095277999211, -34.51025226867565 ] } },
{ "type": "Feature", "properties": { "field_1": 6, "field_2": "14-326-6-BA", "field_3": "partido_general_pinto", "field_4": 4583466.73, "field_5": 6182374.35, "field_6": null, "field_7": null }, "geometry": { "type": "Point", "coordinates": [ -62.091178603656473, -34.500830570154605 ] } },
{ "type": "Feature", "properties": { "field_1": 8, "field_2": "14-326-8-BA", "field_3": "partido_general_pinto", "field_4": 4591133.71, "field_5": 6181509.02, "field_6": null, "field_7": null }, "geometry": { "type": "Point", "coordinates": [ -62.007615240563688, -34.507980535039614 ] } },
{ "type": "Feature", "properties": { "field_1": 9, "field_2": "14-326-9-BA", "field_3": "partido_general_pinto", "field_4": 4591293.14, "field_5": 6183169.56, "field_6": null, "field_7": null }, "geometry": { "type": "Point", "coordinates": [ -62.006057050751821, -34.492999617051161 ] } },
{ "type": "Feature", "properties": { "field_1": 6, "field_2": "14-327-6-BA", "field_3": "partido_general_pinto", "field_4": 4590035.99, "field_5": 6171701.18, "field_6": null, "field_7": null }, "geometry": { "type": "Point", "coordinates": [ -62.018529560319429, -34.596476812630826 ] } },
{ "type": "Feature", "properties": { "field_1": 1, "field_2": "14-328-1-BA", "field_3": "partido_general_pinto", "field_4": 4584791.49, "field_5": 6164931.14, "field_6": null, "field_7": null }, "geometry": { "type": "Point", "coordinates": [ -62.07501548869336, -34.657943020141211 ] } },
{ "type": "Feature", "properties": { "field_1": 2, "field_2": "14-328-2-BA", "field_3": "partido_general_pinto", "field_4": 4588062.91, "field_5": 6160029.37, "field_6": null, "field_7": null }, "geometry": { "type": "Point", "coordinates": [ -62.03882168684968, -34.701846918617896 ] } },
{ "type": "Feature", "properties": { "field_1": 4, "field_2": "14-328-4-BA", "field_3": "partido_general_pinto", "field_4": 4581972.13, "field_5": 6162934.75, "field_6": null, "field_7": null }, "geometry": { "type": "Point", "coordinates": [ -62.105575001990637, -34.676166375269545 ] } },
{ "type": "Feature", "properties": { "field_1": 6, "field_2": "14-328-6-BA", "field_3": "partido_general_pinto", "field_4": 4589595.78, "field_5": 6162065.98, "field_6": null, "field_7": null }, "geometry": { "type": "Point", "coordinates": [ -62.022308900008227, -34.683357895415021 ] } },
{ "type": "Feature", "properties": { "field_1": 7, "field_2": "14-328-7-BA", "field_3": "partido_general_pinto", "field_4": 4588854.53, "field_5": 6160337.33, "field_6": null, "field_7": null }, "geometry": { "type": "Point", "coordinates": [ -62.030214871631664, -34.699002825422703 ] } },
{ "type": "Feature", "properties": { "field_1": 8, "field_2": "14-328-8-BA", "field_3": "partido_general_pinto", "field_4": 4588309.34, "field_5": 6161047.75, "field_6": null, "field_7": null }, "geometry": { "type": "Point", "coordinates": [ -62.036238740900167, -34.69264701008526 ] } },
{ "type": "Feature", "properties": { "field_1": 1, "field_2": "15-241-1-BA", "field_3": "partido_florentino_ameghino", "field_4": 4542720.97, "field_5": 6150909.54, "field_6": null, "field_7": null }, "geometry": { "type": "Point", "coordinates": [ -62.533230855187611, -34.786950967332736 ] } },
{ "type": "Feature", "properties": { "field_1": 2, "field_2": "15-241-2-BA", "field_3": "partido_florentino_ameghino", "field_4": 4547344.5, "field_5": 6149905.12, "field_6": null, "field_7": null }, "geometry": { "type": "Point", "coordinates": [ -62.482659195409745, -34.795800395140603 ] } },
{ "type": "Feature", "properties": { "field_1": 3, "field_2": "15-241-3-BA", "field_3": "partido_florentino_ameghino", "field_4": 4543298.66, "field_5": 6155754.48, "field_6": null, "field_7": null }, "geometry": { "type": "Point", "coordinates": [ -62.52716827996305, -34.743254912148657 ] } },
{ "type": "Feature", "properties": { "field_1": 1, "field_2": "15-242-1-BA", "field_3": "partido_florentino_ameghino", "field_4": 4542934.33, "field_5": 6139317.5, "field_6": null, "field_7": null }, "geometry": { "type": "Point", "coordinates": [ -62.530306606475413, -34.891429996344094 ] } },
{ "type": "Feature", "properties": { "field_1": 2, "field_2": "15-242-2-BA", "field_3": "partido_florentino_ameghino", "field_4": 4545857.0, "field_5": 6138464.05, "field_6": null, "field_7": null }, "geometry": { "type": "Point", "coordinates": [ -62.498287318590286, -34.898994949601757 ] } },
{ "type": "Feature", "properties": { "field_1": 3, "field_2": "15-242-3-BA", "field_3": "partido_florentino_ameghino", "field_4": 4546072.38, "field_5": 6147207.89, "field_6": null, "field_7": null }, "geometry": { "type": "Point", "coordinates": [ -62.496411544261761, -34.820170900081905 ] } },
{ "type": "Feature", "properties": { "field_1": 1, "field_2": "15-263-1-BA", "field_3": "partido_florentino_ameghino", "field_4": 4552461.18, "field_5": 6156495.21, "field_6": null, "field_7": null }, "geometry": { "type": "Point", "coordinates": [ -62.427161134467624, -34.736148611005412 ] } },
{ "type": "Feature", "properties": { "field_1": 2, "field_2": "15-263-2-BA", "field_3": "partido_florentino_ameghino", "field_4": 4556535.2, "field_5": 6156261.72, "field_6": null, "field_7": null }, "geometry": { "type": "Point", "coordinates": [ -62.382662144372659, -34.738035891474823 ] } },
{ "type": "Feature", "properties": { "field_1": 1, "field_2": "15-264-1-BA", "field_3": "partido_florentino_ameghino", "field_4": 4559594.74, "field_5": 6141394.76, "field_6": null, "field_7": null }, "geometry": { "type": "Point", "coordinates": [ -62.348201068185837, -34.871865939361655 ] } },
{ "type": "Feature", "properties": { "field_1": 1, "field_2": "15-285-1-BA", "field_3": "partido_florentino_ameghino", "field_4": 4562911.93, "field_5": 6151559.69, "field_6": null, "field_7": null }, "geometry": { "type": "Point", "coordinates": [ -62.312684114943828, -34.780045035905218 ] } },
{ "type": "Feature", "properties": { "field_1": 1, "field_2": "15-286-1-BA", "field_3": "partido_florentino_ameghino", "field_4": 4562605.98, "field_5": 6144889.08, "field_6": null, "field_7": null }, "geometry": { "type": "Point", "coordinates": [ -62.315529444332846, -34.840189221295788 ] } },
{ "type": "Feature", "properties": { "field_1": 2, "field_2": "15-286-2-BA", "field_3": "partido_florentino_ameghino", "field_4": 4569425.53, "field_5": 6138552.61, "field_6": null, "field_7": null }, "geometry": { "type": "Point", "coordinates": [ -62.24045168524642, -34.896858961191782 ] } },
{ "type": "Feature", "properties": { "field_1": 1, "field_2": "15-307-1-BA", "field_3": "partido_general_pinto", "field_4": 4572316.0, "field_5": 6156197.31, "field_6": null, "field_7": null }, "geometry": { "type": "Point", "coordinates": [ -62.210350118836395, -34.737621222671748 ] } },
{ "type": "Feature", "properties": { "field_1": 1, "field_2": "15-308-1-BA", "field_3": "partido_general_pinto", "field_4": 4579063.09, "field_5": 6142284.45, "field_6": null, "field_7": null }, "geometry": { "type": "Point", "coordinates": [ -62.135374280747875, -34.862519393348755 ] } },
{ "type": "Feature", "properties": { "field_1": 2, "field_2": "15-308-2-BA", "field_3": "partido_general_pinto", "field_4": 4580266.78, "field_5": 6143923.92, "field_6": null, "field_7": null }, "geometry": { "type": "Point", "coordinates": [ -62.122369132851283, -34.847648566435531 ] } },
{ "type": "Feature", "properties": { "field_1": 1, "field_2": "15-329-1-BA", "field_3": "partido_general_pinto", "field_4": 4584751.42, "field_5": 6150956.84, "field_6": null, "field_7": null }, "geometry": { "type": "Point", "coordinates": [ -62.074049356633736, -34.783897687941156 ] } },
{ "type": "Feature", "properties": { "field_1": 2, "field_2": "15-329-2-BA", "field_3": "partido_general_pinto", "field_4": 4587239.31, "field_5": 6150997.1, "field_6": null, "field_7": null }, "geometry": { "type": "Point", "coordinates": [ -62.046875351142312, -34.783325045097669 ] } },
{ "type": "Feature", "properties": { "field_1": 3, "field_2": "15-329-3-BA", "field_3": "partido_general_pinto", "field_4": 4589469.56, "field_5": 6148943.98, "field_6": null, "field_7": null }, "geometry": { "type": "Point", "coordinates": [ -62.022293625080572, -34.801636248618578 ] } },
{ "type": "Feature", "properties": { "field_1": 4, "field_2": "15-329-4-BA", "field_3": "partido_general_pinto", "field_4": 4585806.16, "field_5": 6157228.9, "field_6": null, "field_7": null }, "geometry": { "type": "Point", "coordinates": [ -62.063165865607488, -34.727279484922718 ] } },
{ "type": "Feature", "properties": { "field_1": 5, "field_2": "15-329-5-BA", "field_3": "partido_general_pinto", "field_4": 4589958.68, "field_5": 6156786.07, "field_6": null, "field_7": null }, "geometry": { "type": "Point", "coordinates": [ -62.01778699291178, -34.73091359183428 ] } },
{ "type": "Feature", "properties": { "field_1": 6, "field_2": "15-329-6-BA", "field_3": "partido_general_pinto", "field_4": 4591118.09, "field_5": 6150606.6, "field_6": null, "field_7": null }, "geometry": { "type": "Point", "coordinates": [ -62.004461294461784, -34.786505376464774 ] } },
{ "type": "Feature", "properties": { "field_1": 1, "field_2": "15-330-1-BA", "field_3": "partido_general_pinto", "field_4": 4588070.62, "field_5": 6144149.36, "field_6": null, "field_7": null }, "geometry": { "type": "Point", "coordinates": [ -62.037076250667894, -34.844971149832809 ] } },
{ "type": "Feature", "properties": { "field_1": 2, "field_2": "15-330-2-BA", "field_3": "partido_general_pinto", "field_4": 4589832.41, "field_5": 6142770.54, "field_6": null, "field_7": null }, "geometry": { "type": "Point", "coordinates": [ -62.017668402501393, -34.857244067998451 ] } },
{ "type": "Feature", "properties": { "field_1": 3, "field_2": "15-330-3-BAA", "field_3": "partido_general_pinto", "field_4": 4587976.52, "field_5": 6139980.73, "field_6": null, "field_7": null }, "geometry": { "type": "Point", "coordinates": [ -62.037667390381365, -34.882550163880076 ] } },
{ "type": "Feature", "properties": { "field_1": 1, "field_2": "16-332-1-CBA", "field_3": "pedalnia_cruz_alta", "field_4": 4601184.6, "field_5": 6343010.58, "field_6": null, "field_7": null }, "geometry": { "type": "Point", "coordinates": [ -61.916670976071231, -33.05126894745802 ] } },
{ "type": "Feature", "properties": { "field_1": 2, "field_2": "16-333-2-CBA", "field_3": "pedalnia_cruz_alta", "field_4": 4596944.76, "field_5": 6334226.54, "field_6": null, "field_7": null }, "geometry": { "type": "Point", "coordinates": [ -61.961127147116677, -33.130844354628991 ] } },
{ "type": "Feature", "properties": { "field_1": 1, "field_2": "16-335-1-SF", "field_3": "distrito_godeken", "field_4": 4598864.54, "field_5": 6310483.03, "field_6": null, "field_7": null }, "geometry": { "type": "Point", "coordinates": [ -61.937972576546336, -33.344715922484816 ] } },
{ "type": "Feature", "properties": { "field_1": 2, "field_2": "16-335-2-SF", "field_3": "distrito_godeken", "field_4": 4596339.77, "field_5": 6308722.79, "field_6": null, "field_7": null }, "geometry": { "type": "Point", "coordinates": [ -61.964902616579359, -33.360813066645271 ] } },
{ "type": "Feature", "properties": { "field_1": 3, "field_2": "16-335-3-SF", "field_3": "municipio_chañar_ladeado", "field_4": 4595065.0, "field_5": 6310063.11, "field_6": null, "field_7": null }, "geometry": { "type": "Point", "coordinates": [ -61.978738290319377, -33.348843748195911 ] } },
{ "type": "Feature", "properties": { "field_1": 1, "field_2": "16-355-1-SF", "field_3": "distrito_arteaga", "field_4": 4602827.66, "field_5": 6330116.5, "field_6": null, "field_7": null }, "geometry": { "type": "Point", "coordinates": [ -61.897631591142115, -33.167354305777408 ] } },
{ "type": "Feature", "properties": { "field_1": 1, "field_2": "16-357-1-SF", "field_3": "municipio_berabevu", "field_4": 4604119.77, "field_5": 6313611.04, "field_6": null, "field_7": null }, "geometry": { "type": "Point", "coordinates": [ -61.881888910520964, -33.31602269761887 ] } },
{ "type": "Feature", "properties": { "field_1": 1, "field_2": "16-401-1-SF", "field_3": "distrito_cañada_del_ucle", "field_4": 4625415.85, "field_5": 6310823.01, "field_6": null, "field_7": null }, "geometry": { "type": "Point", "coordinates": [ -61.652859907174808, -33.338885146848739 ] } },
{ "type": "Feature", "properties": { "field_1": 2, "field_2": "17-336-2-SF", "field_3": "distrito_godeken", "field_4": 4600123.39, "field_5": 6300285.58, "field_6": null, "field_7": null }, "geometry": { "type": "Point", "coordinates": [ -61.923318894251388, -33.436525569863392 ] } },
{ "type": "Feature", "properties": { "field_1": 3, "field_2": "17-336-3-SF", "field_3": "distrito_cafferata", "field_4": 4594333.15, "field_5": 6300060.08, "field_6": null, "field_7": null }, "geometry": { "type": "Point", "coordinates": [ -61.985552160562399, -33.439083294099362 ] } },
{ "type": "Feature", "properties": { "field_1": 4, "field_2": "17-336-4-SF", "field_3": "distrito_cafferata", "field_4": 4594114.93, "field_5": 6298950.77, "field_6": null, "field_7": null }, "geometry": { "type": "Point", "coordinates": [ -61.987782411489285, -33.449102580089416 ] } },
{ "type": "Feature", "properties": { "field_1": 5, "field_2": "17-336-5-SF", "field_3": "distrito_cafferata", "field_4": 4595090.37, "field_5": 6302938.65, "field_6": null, "field_7": null }, "geometry": { "type": "Point", "coordinates": [ -61.977714458108174, -33.413066940361034 ] } },
{ "type": "Feature", "properties": { "field_1": 1, "field_2": "17-337-1-SF", "field_3": "distrito_la_chispa", "field_4": 4597551.97, "field_5": 6291959.39, "field_6": null, "field_7": null }, "geometry": { "type": "Point", "coordinates": [ -61.950061775751841, -33.511819512816146 ] } },
{ "type": "Feature", "properties": { "field_1": 2, "field_2": "17-337-2-SF", "field_3": "distrito_la_chispa", "field_4": 4592954.7, "field_5": 6292730.45, "field_6": null, "field_7": null }, "geometry": { "type": "Point", "coordinates": [ -61.999614879979788, -33.50527812937765 ] } },
{ "type": "Feature", "properties": { "field_1": 3, "field_2": "17-337-3-SF", "field_3": "distrito_godeken", "field_4": 4601319.99, "field_5": 6294789.04, "field_6": null, "field_7": null }, "geometry": { "type": "Point", "coordinates": [ -61.909833131301816, -33.485961564352877 ] } },
{ "type": "Feature", "properties": { "field_1": 4, "field_2": "17-337-4-SF", "field_3": "distrito_cafferata", "field_4": 4593711.21, "field_5": 6295691.04, "field_6": null, "field_7": null }, "geometry": { "type": "Point", "coordinates": [ -61.991783724264465, -33.478523426821397 ] } },
{ "type": "Feature", "properties": { "field_1": 5, "field_2": "17-337-5-SF", "field_3": "distrito_la_chispa", "field_4": 4595613.4, "field_5": 6290690.05, "field_6": null, "field_7": null }, "geometry": { "type": "Point", "coordinates": [ -61.970787893761546, -33.523437120749442 ] } },
{ "type": "Feature", "properties": { "field_1": 6, "field_2": "17-337-6-SF", "field_3": "distrito_la_chispa", "field_4": 4600767.15, "field_5": 6288635.1, "field_6": null, "field_7": null }, "geometry": { "type": "Point", "coordinates": [ -61.915088332503387, -33.541487845807353 ] } },
{ "type": "Feature", "properties": { "field_1": 7, "field_2": "17-337-7-SF", "field_3": "distrito_la_chispa", "field_4": 4594202.22, "field_5": 6293516.97, "field_6": null, "field_7": null }, "geometry": { "type": "Point", "coordinates": [ -61.986273439159078, -33.498078816741746 ] } },
{ "type": "Feature", "properties": { "field_1": 1, "field_2": "17-338-1-SF", "field_3": "distrito_la_chispa", "field_4": 4595627.95, "field_5": 6286992.04, "field_6": null, "field_7": null }, "geometry": { "type": "Point", "coordinates": [ -61.970236015310661, -33.556771625837435 ] } },
{ "type": "Feature", "properties": { "field_1": 2, "field_2": "17-338-2-SF", "field_3": "distrito_murphy", "field_4": 4599701.48, "field_5": 6280372.56, "field_6": null, "field_7": null }, "geometry": { "type": "Point", "coordinates": [ -61.925637584147047, -33.616069184926076 ] } },
{ "type": "Feature", "properties": { "field_1": 3, "field_2": "17-338-3-SF", "field_3": "distrito_venado_tuerto", "field_4": 4596529.95, "field_5": 6278743.14, "field_6": null, "field_7": null }, "geometry": { "type": "Point", "coordinates": [ -61.959631849160573, -33.631049487948793 ] } },
{ "type": "Feature", "properties": { "field_1": 4, "field_2": "17-338-4-SF", "field_3": "distrito_la_chispa", "field_4": 4597199.17, "field_5": 6283805.96, "field_6": null, "field_7": null }, "geometry": { "type": "Point", "coordinates": [ -61.952972158119685, -33.585350441774388 ] } },
{ "type": "Feature", "properties": { "field_1": 5, "field_2": "17-338-5-SF", "field_3": "distrito_la_chispa", "field_4": 4596086.22, "field_5": 6287581.25, "field_6": null, "field_7": null }, "geometry": { "type": "Point", "coordinates": [ -61.965365179953942, -33.551419053957929 ] } },
{ "type": "Feature", "properties": { "field_1": 6, "field_2": "17-338-6-SF", "field_3": "distrito_la_chispa", "field_4": 4599548.73, "field_5": 6286220.98, "field_6": null, "field_7": null }, "geometry": { "type": "Point", "coordinates": [ -61.927935695988907, -33.563363885270405 ] } },
{ "type": "Feature", "properties": { "field_1": 1, "field_2": "17-339-1-SF", "field_3": "distrito_venado_tuerto", "field_4": 4594996.67, "field_5": 6276354.81, "field_6": null, "field_7": null }, "geometry": { "type": "Point", "coordinates": [ -61.975899861218792, -33.652716742768227 ] } },
{ "type": "Feature", "properties": { "field_1": 10, "field_2": "17-339-10-SF", "field_3": "distrito_venado_tuerto", "field_4": 4594772.73, "field_5": 6277138.61, "field_6": null, "field_7": null }, "geometry": { "type": "Point", "coordinates": [ -61.978397167015082, -33.645671238222384 ] } },
{ "type": "Feature", "properties": { "field_1": 11, "field_2": "17-339-11-SF", "field_3": "distrito_venado_tuerto", "field_4": 4600105.41, "field_5": 6275546.5, "field_6": null, "field_7": null }, "geometry": { "type": "Point", "coordinates": [ -61.920742968151878, -33.659534566657506 ] } },
{ "type": "Feature", "properties": { "field_1": 2, "field_2": "17-339-2-SF", "field_3": "distrito_venado_tuerto", "field_4": 4599251.62, "field_5": 6274264.65, "field_6": null, "field_7": null }, "geometry": { "type": "Point", "coordinates": [ -61.929803369878876, -33.671169469978459 ] } },
{ "type": "Feature", "properties": { "field_1": 3, "field_2": "17-339-3-SF", "field_3": "distrito_venado_tuerto", "field_4": 4597684.01, "field_5": 6275790.28, "field_6": null, "field_7": null }, "geometry": { "type": "Point", "coordinates": [ -61.94687149428308, -33.657562216987955 ] } },
{ "type": "Feature", "properties": { "field_1": 4, "field_2": "17-339-4-SF", "field_3": "distrito_venado_tuerto", "field_4": 4596079.07, "field_5": 6275678.31, "field_6": null, "field_7": null }, "geometry": { "type": "Point", "coordinates": [ -61.964159748004782, -33.658717738233349 ] } },
{ "type": "Feature", "properties": { "field_1": 5, "field_2": "17-339-5-SF", "field_3": "distrito_venado_tuerto", "field_4": 4593331.08, "field_5": 6272785.68, "field_6": null, "field_7": null }, "geometry": { "type": "Point", "coordinates": [ -61.993478425898829, -33.685037747128554 ] } },
{ "type": "Feature", "properties": { "field_1": 6, "field_2": "17-339-6-SF", "field_3": "distrito_venado_tuerto", "field_4": 4597390.08, "field_5": 6269575.81, "field_6": null, "field_7": null }, "geometry": { "type": "Point", "coordinates": [ -61.949358507575759, -33.713607981998031 ] } },
{ "type": "Feature", "properties": { "field_1": 7, "field_2": "17-339-7-SF", "field_3": "distrito_venado_tuerto", "field_4": 4599400.92, "field_5": 6272216.49, "field_6": null, "field_7": null }, "geometry": { "type": "Point", "coordinates": [ -61.92796461718055, -33.68961804147834 ] } },
{ "type": "Feature", "properties": { "field_1": 8, "field_2": "17-339-8-SF", "field_3": "distrito_venado_tuerto", "field_4": 4600921.88, "field_5": 6272188.5, "field_6": null, "field_7": null }, "geometry": { "type": "Point", "coordinates": [ -61.911560478331573, -33.689726949062894 ] } },
{ "type": "Feature", "properties": { "field_1": 9, "field_2": "17-339-9-SF", "field_3": "distrito_venado_tuerto", "field_4": 4595508.71, "field_5": 6277624.99, "field_6": null, "field_7": null }, "geometry": { "type": "Point", "coordinates": [ -61.970516960113308, -33.64122102368475 ] } },
{ "type": "Feature", "properties": { "field_1": 1, "field_2": "17-340-1-SF", "field_3": "distrito_venado_tuerto", "field_4": 4592349.83, "field_5": 6265413.06, "field_6": null, "field_7": null }, "geometry": { "type": "Point", "coordinates": [ -62.003291479835141, -33.751582923929661 ] } },
{ "type": "Feature", "properties": { "field_1": 2, "field_2": "17-340-2-SF", "field_3": "distrito_venado_tuerto", "field_4": 4598465.58, "field_5": 6262274.26, "field_6": null, "field_7": null }, "geometry": { "type": "Point", "coordinates": [ -61.936945917617464, -33.779325868874345 ] } },
{ "type": "Feature", "properties": { "field_1": 1, "field_2": "17-359-1-SF", "field_3": "distrito_godeken", "field_4": 4601526.39, "field_5": 6297141.32, "field_6": null, "field_7": null }, "geometry": { "type": "Point", "coordinates": [ -61.907878778130076, -33.464737530379992 ] } },
{ "type": "Feature", "properties": { "field_1": 2, "field_2": "17-359-2-SF", "field_3": "distrito_la_chispa", "field_4": 4601861.91, "field_5": 6290614.58, "field_6": null, "field_7": null }, "geometry": { "type": "Point", "coordinates": [ -61.903528723058905, -33.523540315737762 ] } },
{ "type": "Feature", "properties": { "field_1": 3, "field_2": "17-359-3-SF", "field_3": "distrito_godeken", "field_4": 4606517.38, "field_5": 6296863.09, "field_6": null, "field_7": null }, "geometry": { "type": "Point", "coordinates": [ -61.854166658488282, -33.466761009440134 ] } },
{ "type": "Feature", "properties": { "field_1": 1, "field_2": "17-360-1-SF", "field_3": "distrito_murphy", "field_4": 4602552.96, "field_5": 6279746.98, "field_6": null, "field_7": null }, "geometry": { "type": "Point", "coordinates": [ -61.894843513296664, -33.621437598838519 ] } },
{ "type": "Feature", "properties": { "field_1": 1, "field_2": "17-361-1-SF", "field_3": "distrito_venado_tuerto", "field_4": 4602377.52, "field_5": 6269075.43, "field_6": null, "field_7": null }, "geometry": { "type": "Point", "coordinates": [ -61.895504824366213, -33.717649092734923 ] } },
{ "type": "Feature", "properties": { "field_1": 2, "field_2": "17-361-2-SF", "field_3": "distrito_venado_tuerto", "field_4": 4601733.68, "field_5": 6271342.87, "field_6": null, "field_7": null }, "geometry": { "type": "Point", "coordinates": [ -61.902709732823212, -33.697272116465257 ] } },
{ "type": "Feature", "properties": { "field_1": 3, "field_2": "17-361-3-SF", "field_3": "distrito_venado_tuerto", "field_4": 4601957.62, "field_5": 6272322.63, "field_6": null, "field_7": null }, "geometry": { "type": "Point", "coordinates": [ -61.900407222870662, -33.688418989923413 ] } },
{ "type": "Feature", "properties": { "field_1": 4, "field_2": "17-361-4-SF", "field_3": "distrito_carmen", "field_4": 4607234.32, "field_5": 6270433.1, "field_6": null, "field_7": null }, "geometry": { "type": "Point", "coordinates": [ -61.843280616762591, -33.704931563503592 ] } },
{ "type": "Feature", "properties": { "field_1": 5, "field_2": "17-361-5-SF", "field_3": "distrito_carmen", "field_4": 4607607.56, "field_5": 6271543.49, "field_6": null, "field_7": null }, "geometry": { "type": "Point", "coordinates": [ -61.839389864536805, -33.694884861039867 ] } },
{ "type": "Feature", "properties": { "field_1": 6, "field_2": "17-361-6-SF", "field_3": "distrito_murphy", "field_4": 4601964.62, "field_5": 6277298.41, "field_6": null, "field_7": null }, "geometry": { "type": "Point", "coordinates": [ -61.900902373146096, -33.643565953844835 ] } },
{ "type": "Feature", "properties": { "field_1": 7, "field_2": "17-361-7-SF", "field_3": "distrito_carmen", "field_4": 4610875.76, "field_5": 6273565.99, "field_6": null, "field_7": null }, "geometry": { "type": "Point", "coordinates": [ -61.804399439368886, -33.67631831752626 ] } },
{ "type": "Feature", "properties": { "field_1": 1, "field_2": "17-362-1-SF", "field_3": "distrito_venado_tuerto", "field_4": 4602926.46, "field_5": 6262707.07, "field_6": "San Juan / El Hinojo", "field_7": null }, "geometry": { "type": "Point", "coordinates": [ -61.888843420297128, -33.775000298412493 ] } },
{ "type": "Feature", "properties": { "field_1": 2, "field_2": "17-362-2-SF", "field_3": "distrito_venado_tuerto", "field_4": 4605763.38, "field_5": 6259142.73, "field_6": null, "field_7": null }, "geometry": { "type": "Point", "coordinates": [ -61.857795657326498, -33.806849096745914 ] } },
{ "type": "Feature", "properties": { "field_1": 3, "field_2": "17-362-3-SF", "field_3": "distrito_chapuy", "field_4": 4608203.87, "field_5": 6259804.68, "field_6": null, "field_7": null }, "geometry": { "type": "Point", "coordinates": [ -61.831525103306078, -33.800635618538578 ] } },
{ "type": "Feature", "properties": { "field_1": 4, "field_2": "17-362-4-SF", "field_3": "distrito_venado_tuerto", "field_4": 4604619.52, "field_5": 6260963.09, "field_6": null, "field_7": null }, "geometry": { "type": "Point", "coordinates": [ -61.870362420330324, -33.790554404744029 ] } },
{ "type": "Feature", "properties": { "field_1": 1, "field_2": "17-366-1-SF", "field_3": "distrito_godeken", "field_4": 4596024.39, "field_5": 6305780.3, "field_6": null, "field_7": null }, "geometry": { "type": "Point", "coordinates": [ -61.967977412707889, -33.387367112388148 ] } },
{ "type": "Feature", "properties": { "field_1": 1, "field_2": "17-380-1-SF", "field_3": "distrito_cañada_del_ucle", "field_4": 4618403.36, "field_5": 6299227.19, "field_6": null, "field_7": null }, "geometry": { "type": "Point", "coordinates": [ -61.72664380440888, -33.444203645299268 ] } },
{ "type": "Feature", "properties": { "field_1": 2, "field_2": "17-380-2-SF", "field_3": "distrito_chovet", "field_4": 4613180.51, "field_5": 6299052.61, "field_6": null, "field_7": null }, "geometry": { "type": "Point", "coordinates": [ -61.782779175617556, -33.44634133828086 ] } },
{ "type": "Feature", "properties": { "field_1": 3, "field_2": "17-380-3-SF", "field_3": "distrito_cañada_del_ucle", "field_4": 4617646.85, "field_5": 6299619.99, "field_6": null, "field_7": null }, "geometry": { "type": "Point", "coordinates": [ -61.73482929030358, -33.440746246146091 ] } },
{ "type": "Feature", "properties": { "field_1": 4, "field_2": "17-380-4-SF", "field_3": "municipio_los_quirquinchos", "field_4": 4615391.86, "field_5": 6307490.64, "field_6": null, "field_7": null }, "geometry": { "type": "Point", "coordinates": [ -61.760082823577008, -33.370044727673537 ] } },
{ "type": "Feature", "properties": { "field_1": 5, "field_2": "17-380-5-SF", "field_3": "distrito_cañada_del_ucle", "field_4": 4616977.62, "field_5": 6302544.21, "field_6": null, "field_7": null }, "geometry": { "type": "Point", "coordinates": [ -61.742404885434915, -33.414460621845073 ] } },
{ "type": "Feature", "properties": { "field_1": 6, "field_2": "17-380-6-SF", "field_3": "municipio_los_quirquinchos", "field_4": 4618999.84, "field_5": 6304231.81, "field_6": null, "field_7": null }, "geometry": { "type": "Point", "coordinates": [ -61.720892181566562, -33.399026451840335 ] } },
{ "type": "Feature", "properties": { "field_1": 7, "field_2": "17-380-7-SF", "field_3": "distrito_cañada_del_ucle", "field_4": 4618461.55, "field_5": 6300798.41, "field_6": null, "field_7": null }, "geometry": { "type": "Point", "coordinates": [ -61.726225126080941, -33.43003439734435 ] } },
{ "type": "Feature", "properties": { "field_1": 8, "field_2": "17-380-8-SF", "field_3": "distrito_godeken", "field_4": 4612689.5, "field_5": 6302860.63, "field_6": null, "field_7": null }, "geometry": { "type": "Point", "coordinates": [ -61.788535838282762, -33.412067090001528 ] } },
{ "type": "Feature", "properties": { "field_1": 9, "field_2": "17-380-9-SF", "field_3": "distrito_cañada_del_ucle", "field_4": 4621236.65, "field_5": 6301151.2, "field_6": null, "field_7": null }, "geometry": { "type": "Point", "coordinates": [ -61.696439618371436, -33.426544406465695 ] } },
{ "type": "Feature", "properties": { "field_1": 1, "field_2": "17-381-1-SF", "field_3": "distrito_murphy", "field_4": 4612889.54, "field_5": 6289261.58, "field_6": null, "field_7": null }, "geometry": { "type": "Point", "coordinates": [ -61.784675440673226, -33.534628610029273 ] } },
{ "type": "Feature", "properties": { "field_1": 2, "field_2": "17-381-2-SF", "field_3": "distrito_chovet", "field_4": 4621251.19, "field_5": 6289236.12, "field_6": null, "field_7": null }, "geometry": { "type": "Point", "coordinates": [ -61.69467329375842, -33.533942064610109 ] } },
{ "type": "Feature", "properties": { "field_1": 3, "field_2": "17-381-3-SF", "field_3": "distrito_cañada_del_ucle", "field_4": 4620003.68, "field_5": 6294746.3, "field_6": null, "field_7": null }, "geometry": { "type": "Point", "coordinates": [ -61.708838314395848, -33.484415590144572 ] } },
{ "type": "Feature", "properties": { "field_1": 4, "field_2": "17-381-4-SF", "field_3": "distrito_murphy", "field_4": 4612787.7, "field_5": 6295139.11, "field_6": null, "field_7": null }, "geometry": { "type": "Point", "coordinates": [ -61.786511390405195, -33.481659291853859 ] } },
{ "type": "Feature", "properties": { "field_1": 1, "field_2": "17-382-1-SF", "field_3": "distrito_elortondo", "field_4": 4618031.26, "field_5": 6278922.9999999991, "field_6": null, "field_7": null }, "geometry": { "type": "Point", "coordinates": [ -61.727966570257109, -33.627261927976612 ] } },
{ "type": "Feature", "properties": { "field_1": 1, "field_2": "17-383-1-SF", "field_3": "distrito_carmen", "field_4": 4616908.27, "field_5": 6269017.11, "field_6": "De Carmen / La Larga", "field_7": null }, "geometry": { "type": "Point", "coordinates": [ -61.738763708721699, -33.716673581193369 ] } },
{ "type": "Feature", "properties": { "field_1": 2, "field_2": "17-383-2-SF", "field_3": "distrito_carmen", "field_4": 4613381.14, "field_5": 6275306.23, "field_6": null, "field_7": null }, "geometry": { "type": "Point", "coordinates": [ -61.777610527576137, -33.660367951978515 ] } },
{ "type": "Feature", "properties": { "field_1": 3, "field_2": "17-383-3-SF", "field_3": "distrito_carmen", "field_4": 4618503.73, "field_5": 6270508.04, "field_6": null, "field_7": null }, "geometry": { "type": "Point", "coordinates": [ -61.721754316870395, -33.703058157954707 ] } },
{ "type": "Feature", "properties": { "field_1": 4, "field_2": "17-383-4-SF", "field_3": "distrito_carmen", "field_4": 4612788.47, "field_5": 6270146.46, "field_6": null, "field_7": null }, "geometry": { "type": "Point", "coordinates": [ -61.783343888650414, -33.706939786022183 ] } },
{ "type": "Feature", "properties": { "field_1": 5, "field_2": "17-383-5-SF", "field_3": "distrito_carmen", "field_4": 4615615.78, "field_5": 6271049.24, "field_6": null, "field_7": null }, "geometry": { "type": "Point", "coordinates": [ -61.752969321940959, -33.698498363259631 ] } },
{ "type": "Feature", "properties": { "field_1": 6, "field_2": "17-383-6-SF", "field_3": "distrito_carmen", "field_4": 4613800.89, "field_5": 6269994.83, "field_6": null, "field_7": null }, "geometry": { "type": "Point", "coordinates": [ -61.77240557130925, -33.70819849211648 ] } },
{ "type": "Feature", "properties": { "field_1": 1, "field_2": "17-384-1-SF", "field_3": "distrito_carmen", "field_4": 4611995.52, "field_5": 6266520.55, "field_6": "Bajo Ozcoidi", "field_7": null }, "geometry": { "type": "Point", "coordinates": [ -61.791437812103872, -33.739706619472493 ] } },
{ "type": "Feature", "properties": { "field_1": 2, "field_2": "17-384-2-SF", "field_3": "distrito_chapuy", "field_4": 4617014.7, "field_5": 6264600.17, "field_6": null, "field_7": null }, "geometry": { "type": "Point", "coordinates": [ -61.737032435106151, -33.756473953642598 ] } },
{ "type": "Feature", "properties": { "field_1": 3, "field_2": "17-384-3-SF", "field_3": "distrito_carmen", "field_4": 4620186.23, "field_5": 6266258.68, "field_6": null, "field_7": null }, "geometry": { "type": "Point", "coordinates": [ -61.703033981600498, -33.741170258837215 ] } },
{ "type": "Feature", "properties": { "field_1": 4, "field_2": "17-384-4-SF", "field_3": "distrito_chapuy", "field_4": 4619647.94, "field_5": 6260162.93, "field_6": null, "field_7": null }, "geometry": { "type": "Point", "coordinates": [ -61.708017095819208, -33.796174289573621 ] } },
{ "type": "Feature", "properties": { "field_1": 5, "field_2": "17-384-5-SF", "field_3": "distrito_carmen", "field_4": 4619662.49, "field_5": 6263407.21, "field_6": null, "field_7": null }, "geometry": { "type": "Point", "coordinates": [ -61.708299137568034, -33.766930864375205 ] } },
{ "type": "Feature", "properties": { "field_1": 1, "field_2": "17-402-1-SF", "field_3": "distrito_cañada_del_ucle", "field_4": 4622560.54, "field_5": 6304351.84, "field_6": null, "field_7": null }, "geometry": { "type": "Point", "coordinates": [ -61.682643819117835, -33.397544135626283 ] } },
{ "type": "Feature", "properties": { "field_1": 1, "field_2": "17-403-1-SF", "field_3": "distrito_cañada_del_ucle", "field_4": 4623280.69, "field_5": 6296783.07, "field_6": null, "field_7": null }, "geometry": { "type": "Point", "coordinates": [ -61.67386764448262, -33.465684525298151 ] } },
{ "type": "Feature", "properties": { "field_1": 2, "field_2": "17-403-2-SF", "field_3": "distrito_chovet", "field_4": 4626568.61, "field_5": 6297001.29, "field_6": null, "field_7": null }, "geometry": { "type": "Point", "coordinates": [ -61.638538737016518, -33.463334226915158 ] } },
{ "type": "Feature", "properties": { "field_1": 3, "field_2": "17-403-3-SF", "field_3": "distrito_chovet", "field_4": 4630089.3, "field_5": 6294368.05, "field_6": null, "field_7": null }, "geometry": { "type": "Point", "coordinates": [ -61.600295733627206, -33.486646978283744 ] } },
{ "type": "Feature", "properties": { "field_1": 4, "field_2": "17-403-4-SF", "field_3": "distrito_chovet", "field_4": 4627790.67, "field_5": 6295561.01, "field_6": null, "field_7": null }, "geometry": { "type": "Point", "coordinates": [ -61.625191658591405, -33.476171121240888 ] } },
{ "type": "Feature", "properties": { "field_1": 5, "field_2": "17-403-5-SF", "field_3": "distrito_chovet", "field_4": 4628590.83, "field_5": 6292985.96, "field_6": null, "field_7": null }, "geometry": { "type": "Point", "coordinates": [ -61.616216334651675, -33.499285368392016 ] } },
{ "type": "Feature", "properties": { "field_1": 1, "field_2": "17-404-1-SF", "field_3": "distrito_chovet", "field_4": 4623494.16, "field_5": 6286677.26, "field_6": null, "field_7": null }, "geometry": { "type": "Point", "coordinates": [ -61.670178951921848, -33.556749615261708 ] } },
{ "type": "Feature", "properties": { "field_1": 2, "field_2": "17-404-2-SF", "field_3": "distrito_chovet", "field_4": 4623676.01, "field_5": 6281541.7, "field_6": null, "field_7": null }, "geometry": { "type": "Point", "coordinates": [ -61.667509892281707, -33.60301785197862 ] } },
{ "type": "Feature", "properties": { "field_1": 1, "field_2": "17-405-1-SF", "field_3": "distrito_elortondo", "field_4": 4627456.86, "field_5": 6273316.1, "field_6": null, "field_7": null }, "geometry": { "type": "Point", "coordinates": [ -61.62560729770486, -33.676711765938641 ] } },
{ "type": "Feature", "properties": { "field_1": 2, "field_2": "17-405-2-SF", "field_3": "distrito_chovet", "field_4": 4629468.28, "field_5": 6276860.72, "field_6": null, "field_7": null }, "geometry": { "type": "Point", "coordinates": [ -61.604439297436016, -33.644520565865548 ] } },
{ "type": "Feature", "properties": { "field_1": 3, "field_2": "17-405-3-SF", "field_3": "distrito_chovet", "field_4": 4625014.46, "field_5": 6276682.56, "field_6": null, "field_7": null }, "geometry": { "type": "Point", "coordinates": [ -61.652411012684709, -33.646658897647541 ] } },
{ "type": "Feature", "properties": { "field_1": 5, "field_2": "17-405-5-SF", "field_3": "distrito_elortondo", "field_4": 4630295.5, "field_5": 6272012.55, "field_6": null, "field_7": null }, "geometry": { "type": "Point", "coordinates": [ -61.594814420443235, -33.688116569225741 ] } },
{ "type": "Feature", "properties": { "field_1": 1, "field_2": "17-406-1-SF", "field_3": "distrito_elortondo", "field_4": 4625030.83, "field_5": 6267458.92, "field_6": "La Pedra", "field_7": null }, "geometry": { "type": "Point", "coordinates": [ -61.650936151745135, -33.729792087395289 ] } },
{ "type": "Feature", "properties": { "field_1": 2, "field_2": "17-406-2-SF", "field_3": "distrito_carmen", "field_4": 4621728.36, "field_5": 6265087.54, "field_6": null, "field_7": null }, "geometry": { "type": "Point", "coordinates": [ -61.686235196361089, -33.751550188829931 ] } },
{ "type": "Feature", "properties": { "field_1": 3, "field_2": "17-406-3-SF", "field_3": "distrito_elortondo", "field_4": 4628187.81, "field_5": 6265931.34, "field_6": null, "field_7": null }, "geometry": { "type": "Point", "coordinates": [ -61.616660346663558, -33.743183476912499 ] } },
{ "type": "Feature", "properties": { "field_1": 4, "field_2": "17-406-4-SF", "field_3": "distrito_elortondo", "field_4": 4629133.45, "field_5": 6264440.14, "field_6": null, "field_7": null }, "geometry": { "type": "Point", "coordinates": [ -61.606240616379417, -33.75650892012122 ] } },
{ "type": "Feature", "properties": { "field_1": 1, "field_2": "17-424-1-SF", "field_3": "distrito_cañada_del_ucle", "field_4": 4632427.95, "field_5": 6307767.06, "field_6": null, "field_7": null }, "geometry": { "type": "Point", "coordinates": [ -61.577111665952685, -33.365590157219444 ] } },
{ "type": "Feature", "properties": { "field_1": 1, "field_2": "17-425-1-SF", "field_3": "distrito_chovet", "field_4": 4631995.13, "field_5": 6291574.77, "field_6": null, "field_7": null }, "geometry": { "type": "Point", "coordinates": [ -61.579384002313695, -33.511590276701853 ] } },
{ "type": "Feature", "properties": { "field_1": 2, "field_2": "17-425-2-SF", "field_3": "distrito_chovet", "field_4": 4633726.39, "field_5": 6290440.0, "field_6": null, "field_7": null }, "geometry": { "type": "Point", "coordinates": [ -61.560586736132628, -33.521603094528004 ] } },
{ "type": "Feature", "properties": { "field_1": 3, "field_2": "17-425-3-SF", "field_3": "distrito_firmat", "field_4": 4634119.19, "field_5": 6293742.47, "field_6": null, "field_7": null }, "geometry": { "type": "Point", "coordinates": [ -61.556854087423986, -33.491788187007842 ] } },
{ "type": "Feature", "properties": { "field_1": 1, "field_2": "17-426-1-SF", "field_3": "distrito_miguel_torres", "field_4": 4639051.78, "field_5": 6288057.53, "field_6": null, "field_7": null }, "geometry": { "type": "Point", "coordinates": [ -61.502911486418192, -33.542396765556866 ] } },
{ "type": "Feature", "properties": { "field_1": 2, "field_2": "17-426-2-SF", "field_3": "distrito_melincue", "field_4": 4635392.87, "field_5": 6280521.5, "field_6": null, "field_7": null }, "geometry": { "type": "Point", "coordinates": [ -61.541151114036282, -33.610788995347058 ] } },
{ "type": "Feature", "properties": { "field_1": 1, "field_2": "17-427-1-SF", "field_3": "distrito_melincue", "field_4": 4640139.26, "field_5": 6269675.72, "field_6": "Melincué", "field_7": null }, "geometry": { "type": "Point", "coordinates": [ -61.48831549659603, -33.70792477916234 ] } },
{ "type": "Feature", "properties": { "field_1": 1, "field_2": "17-428-1-SF", "field_3": "distrito_melincue", "field_4": 4640430.5, "field_5": 6263741.87, "field_6": null, "field_7": null }, "geometry": { "type": "Point", "coordinates": [ -61.48423450892632, -33.761365352569442 ] } },
{ "type": "Feature", "properties": { "field_1": 2, "field_2": "17-428-2-SF", "field_3": "distrito_elortondo", "field_4": 4635970.26, "field_5": 6266984.41, "field_6": null, "field_7": null }, "geometry": { "type": "Point", "coordinates": [ -61.532860878177267, -33.732723007790923 ] } },
{ "type": "Feature", "properties": { "field_1": 3, "field_2": "17-428-3-SF", "field_3": "distrito_elortondo", "field_4": 4631954.42, "field_5": 6264898.92, "field_6": null, "field_7": null }, "geometry": { "type": "Point", "coordinates": [ -61.575869888908294, -33.752026498442305 ] } },
{ "type": "Feature", "properties": { "field_1": 4, "field_2": "17-428-4-SF", "field_3": "distrito_elortondo", "field_4": 4632113.05, "field_5": 6261740.36, "field_6": "Cañada del Pedernal", "field_7": null }, "geometry": { "type": "Point", "coordinates": [ -61.573686689271945, -33.780474379516448 ] } },
{ "type": "Feature", "properties": { "field_1": 5, "field_2": "17-428-5-SF", "field_3": "distrito_elortondo", "field_4": 4637722.17, "field_5": 6263605.4, "field_6": null, "field_7": null }, "geometry": { "type": "Point", "coordinates": [ -61.513437529275159, -33.76295079029434 ] } },
{ "type": "Feature", "properties": { "field_1": 6, "field_2": "17-428-6-SF", "field_3": "distrito_elortondo", "field_4": 4631997.66, "field_5": 6259937.43, "field_6": null, "field_7": null }, "geometry": { "type": "Point", "coordinates": [ -61.574662848876685, -33.796738263713046 ] } },
{ "type": "Feature", "properties": { "field_1": 7, "field_2": "17-428-7-SF", "field_3": "distrito_elortondo", "field_4": 4633754.37, "field_5": 6264734.74, "field_6": null, "field_7": null }, "geometry": { "type": "Point", "coordinates": [ -61.556424294713565, -33.753280613734042 ] } },
{ "type": "Feature", "properties": { "field_1": 1, "field_2": "18-341-1-SF", "field_3": "distrito_venado_tuerto", "field_4": 4592979.21, "field_5": 6255219.53, "field_6": null, "field_7": null }, "geometry": { "type": "Point", "coordinates": [ -61.995426686273184, -33.843414633885068 ] } },
{ "type": "Feature", "properties": { "field_1": 2, "field_2": "18-341-2-SF", "field_3": "distrito_venado_tuerto", "field_4": 4599297.4, "field_5": 6257884.28, "field_6": null, "field_7": null }, "geometry": { "type": "Point", "coordinates": [ -61.92747326519779, -33.818819568996034 ] } },
{ "type": "Feature", "properties": { "field_1": 3, "field_2": "18-341-3-SF", "field_3": "distrito_venado_tuerto", "field_4": 4594691.52, "field_5": 6257975.9, "field_6": null, "field_7": null }, "geometry": { "type": "Point", "coordinates": [ -61.977224898005282, -33.818416264267476 ] } },
{ "type": "Feature", "properties": { "field_1": 4, "field_2": "18-341-4-SF", "field_3": "distrito_venado_tuerto", "field_4": 4600802.97, "field_5": 6249394.57, "field_6": null, "field_7": null }, "geometry": { "type": "Point", "coordinates": [ -61.910242257264336, -33.895202389393724 ] } },
{ "type": "Feature", "properties": { "field_1": 5, "field_2": "18-341-5-SF", "field_3": "distrito_venado_tuerto", "field_4": 4596473.49, "field_5": 6256414.74, "field_6": null, "field_7": null }, "geometry": { "type": "Point", "coordinates": [ -61.957809609867567, -33.83232757037527 ] } },
{ "type": "Feature", "properties": { "field_1": 6, "field_2": "18-341-6-SF", "field_3": "distrito_venado_tuerto", "field_4": 4594377.42, "field_5": 6248968.91, "field_6": null, "field_7": null }, "geometry": { "type": "Point", "coordinates": [ -61.979651827960602, -33.89963414275023 ] } },
{ "type": "Feature", "properties": { "field_1": 7, "field_2": "18-341-7-SF", "field_3": "distrito_venado_tuerto", "field_4": 4594134.42, "field_5": 6250502.22, "field_6": null, "field_7": null }, "geometry": { "type": "Point", "coordinates": [ -61.982442796498866, -33.885834549457847 ] } },
{ "type": "Feature", "properties": { "field_1": 1, "field_2": "18-342-1-SF", "field_3": "distrito_san_eduardo", "field_4": 4592542.11, "field_5": 6244943.02, "field_6": null, "field_7": null }, "geometry": { "type": "Point", "coordinates": [ -61.999067100842893, -33.936086471539262 ] } },
{ "type": "Feature", "properties": { "field_1": 2, "field_2": "18-342-2-SF", "field_3": "distrito_maria_teresa", "field_4": 4596575.46, "field_5": 6244344.39, "field_6": "De los Jagueles", "field_7": null }, "geometry": { "type": "Point", "coordinates": [ -61.95538274344095, -33.941120126033681 ] } },
{ "type": "Feature", "properties": { "field_1": 3, "field_2": "18-342-3-SF", "field_3": "distrito_maria_teresa", "field_4": 4598697.74, "field_5": 6239119.51, "field_6": null, "field_7": null }, "geometry": { "type": "Point", "coordinates": [ -61.931841719690738, -33.988019222986352 ] } },
{ "type": "Feature", "properties": { "field_1": 4, "field_2": "18-342-4-SF", "field_3": "distrito_maria_teresa", "field_4": 4601101.93, "field_5": 6243164.66, "field_6": null, "field_7": null }, "geometry": { "type": "Point", "coordinates": [ -61.906293316895329, -33.951328793047047 ] } },
{ "type": "Feature", "properties": { "field_1": 1, "field_2": "18-343-1-SF", "field_3": "distrito_maria_teresa", "field_4": 4593764.93, "field_5": 6235855.07, "field_6": null, "field_7": null }, "geometry": { "type": "Point", "coordinates": [ -61.984869657623591, -34.017896386403528 ] } },
{ "type": "Feature", "properties": { "field_1": 2, "field_2": "18-343-2-SF", "field_3": "distrito_maria_teresa", "field_4": 4597828.29, "field_5": 6236371.85, "field_6": null, "field_7": null }, "geometry": { "type": "Point", "coordinates": [ -61.940942603581981, -34.01286731785612 ] } },
{ "type": "Feature", "properties": { "field_1": 3, "field_2": "18-343-3-SF", "field_3": "distrito_maria_teresa", "field_4": 4595085.28, "field_5": 6232271.91, "field_6": null, "field_7": null }, "geometry": { "type": "Point", "coordinates": [ -61.97018687379606, -34.05007547502214 ] } },
{ "type": "Feature", "properties": { "field_1": 4, "field_2": "18-343-4-SF", "field_3": "distrito_maria_teresa", "field_4": 4595686.39, "field_5": 6230771.31, "field_6": "El Destino", "field_7": null }, "geometry": { "type": "Point", "coordinates": [ -61.963512883331347, -34.063546802296678 ] } },
{ "type": "Feature", "properties": { "field_1": 5, "field_2": "18-343-5-SF", "field_3": "distrito_maria_teresa", "field_4": 4599059.42, "field_5": 6229628.31, "field_6": null, "field_7": null }, "geometry": { "type": "Point", "coordinates": [ -61.926851364075098, -34.073535851608057 ] } },
{ "type": "Feature", "properties": { "field_1": 6, "field_2": "18-343-6-SF", "field_3": "distrito_maria_teresa", "field_4": 4592307.07, "field_5": 6228771.27, "field_6": null, "field_7": null }, "geometry": { "type": "Point", "coordinates": [ -61.999901326740712, -34.081878044961826 ] } },
{ "type": "Feature", "properties": { "field_1": 7, "field_2": "18-343-7-SF", "field_3": "distrito_maria_teresa", "field_4": 4600218.45, "field_5": 6234601.99, "field_6": null, "field_7": null }, "geometry": { "type": "Point", "coordinates": [ -61.914868469477241, -34.028594731467763 ] } },
{ "type": "Feature", "properties": { "field_1": 8, "field_2": "18-343-8-SF", "field_3": "distrito_maria_teresa", "field_4": 4601066.55, "field_5": 6236347.58, "field_6": null, "field_7": null }, "geometry": { "type": "Point", "coordinates": [ -61.90588890485013, -34.012779250616141 ] } },
{ "type": "Feature", "properties": { "field_1": 1, "field_2": "18-344-1-SF", "field_3": "distrito_maria_teresa", "field_4": 4600217.87, "field_5": 6227157.54, "field_6": null, "field_7": null }, "geometry": { "type": "Point", "coordinates": [ -61.914019069871394, -34.095696071812597 ] } },
{ "type": "Feature", "properties": { "field_1": 2, "field_2": "18-344-2-SF", "field_3": "distrito_maria_teresa", "field_4": 4597165.79, "field_5": 6223344.11, "field_6": null, "field_7": null }, "geometry": { "type": "Point", "coordinates": [ -61.946661044352354, -34.130356762391393 ] } },
{ "type": "Feature", "properties": { "field_1": 3, "field_2": "18-344-3-SF", "field_3": "distrito_christophersen", "field_4": 4595741.38, "field_5": 6218685.06, "field_6": null, "field_7": null }, "geometry": { "type": "Point", "coordinates": [ -61.96158647557165, -34.172483082919285 ] } },
{ "type": "Feature", "properties": { "field_1": 4, "field_2": "18-344-4-SF", "field_3": "distrito_maria_teresa", "field_4": 4600339.29, "field_5": 6219719.96, "field_6": "Los Patos", "field_7": null }, "geometry": { "type": "Point", "coordinates": [ -61.911844785148425, -34.162723015164303 ] } },
{ "type": "Feature", "properties": { "field_1": 5, "field_2": "18-344-5-SF", "field_3": "distrito_maria_teresa", "field_4": 4594869.0, "field_5": 6227429.82, "field_6": null, "field_7": null }, "geometry": { "type": "Point", "coordinates": [ -61.972001837015227, -34.093740475718818 ] } },
{ "type": "Feature", "properties": { "field_1": 1, "field_2": "18-345-1-SF", "field_3": "distrito_christophersen", "field_4": 4593737.88, "field_5": 6214515.01, "field_6": "Bella Vista", "field_7": null }, "geometry": { "type": "Point", "coordinates": [ -61.982862292201673, -34.210252208670141 ] } },
{ "type": "Feature", "properties": { "field_1": 2, "field_2": "18-345-2-SF", "field_3": "distrito_san_gregorio", "field_4": 4592724.71, "field_5": 6211586.36, "field_6": "Los Flamencos", "field_7": null }, "geometry": { "type": "Point", "coordinates": [ -61.99354064220573, -34.236740524403693 ] } },
{ "type": "Feature", "properties": { "field_1": 3, "field_2": "18-345-3-SF", "field_3": "distrito_san_gregorio", "field_4": 4598486.38, "field_5": 6213773.38, "field_6": null, "field_7": null }, "geometry": { "type": "Point", "coordinates": [ -61.931260136702555, -34.216498780102704 ] } },
{ "type": "Feature", "properties": { "field_1": 4, "field_2": "18-345-4-SF", "field_3": "distrito_san_gregorio", "field_4": 4596633.75, "field_5": 6209808.02, "field_6": null, "field_7": null }, "geometry": { "type": "Point", "coordinates": [ -61.950918034688392, -34.252413890971539 ] } },
{ "type": "Feature", "properties": { "field_1": 5, "field_2": "18-345-5-SF", "field_3": "distrito_san_gregorio", "field_4": 4599610.51, "field_5": 6213786.57, "field_6": null, "field_7": null }, "geometry": { "type": "Point", "coordinates": [ -61.919064867509931, -34.216272997576262 ] } },
{ "type": "Feature", "properties": { "field_1": 6, "field_2": "18-345-6-SF", "field_3": "distrito_san_gregorio", "field_4": 4592759.56, "field_5": 6208981.08, "field_6": null, "field_7": null }, "geometry": { "type": "Point", "coordinates": [ -61.992882690695573, -34.26022024354139 ] } },
{ "type": "Feature", "properties": { "field_1": 7, "field_2": "18-345-7-SF", "field_3": "distrito_san_gregorio", "field_4": 4599838.52, "field_5": 6214580.62, "field_6": null, "field_7": null }, "geometry": { "type": "Point", "coordinates": [ -61.916682576346076, -34.209094090280345 ] } },
{ "type": "Feature", "properties": { "field_1": 1, "field_2": "18-363-1-SF", "field_3": "distrito_santa_isabel", "field_4": 4606609.56, "field_5": 6251078.35, "field_6": "Potrero Santa María", "field_7": null }, "geometry": { "type": "Point", "coordinates": [ -61.847683381334456, -33.879454174754379 ] } },
{ "type": "Feature", "properties": { "field_1": 2, "field_2": "18-363-2-SF", "field_3": "distrito_venado_tuerto", "field_4": 4601992.61, "field_5": 6253504.28, "field_6": null, "field_7": null }, "geometry": { "type": "Point", "coordinates": [ -61.897859748689086, -33.858043777330728 ] } },
{ "type": "Feature", "properties": { "field_1": 3, "field_2": "18-363-3-SF", "field_3": "distrito_santa_isabel", "field_4": 4606065.32, "field_5": 6257409.69, "field_6": null, "field_7": null }, "geometry": { "type": "Point", "coordinates": [ -61.854327123109023, -33.822440098165472 ] } },
{ "type": "Feature", "properties": { "field_1": 4, "field_2": "18-363-4-SF", "field_3": "distrito_maria_teresa", "field_4": 4606709.12, "field_5": 6244451.77, "field_6": "De Runciman / 66/ La Barrancosa", "field_7": null }, "geometry": { "type": "Point", "coordinates": [ -61.845802543567316, -33.939173531827159 ] } },
{ "type": "Feature", "properties": { "field_1": 2, "field_2": "18-364-2-SF", "field_3": "distrito_maria_teresa", "field_4": 4601889.35, "field_5": 6241793.93, "field_6": null, "field_7": null }, "geometry": { "type": "Point", "coordinates": [ -61.897617123243528, -33.963608174369305 ] } },
{ "type": "Feature", "properties": { "field_1": 1, "field_2": "18-365-1-SF", "field_3": "distrito_maria_teresa", "field_4": 4605016.92, "field_5": 6229741.89, "field_6": "La Plata", "field_7": null }, "geometry": { "type": "Point", "coordinates": [ -61.862335924554095, -34.071931611737135 ] } },
{ "type": "Feature", "properties": { "field_1": 2, "field_2": "18-365-2-SF", "field_3": "distrito_maria_teresa", "field_4": 4609024.1, "field_5": 6229428.82, "field_6": null, "field_7": null }, "geometry": { "type": "Point", "coordinates": [ -61.818894258801187, -34.074343904932633 ] } },
{ "type": "Feature", "properties": { "field_1": 3, "field_2": "18-365-3-SF", "field_3": "distrito_maria_teresa", "field_4": 4608569.06, "field_5": 6234676.71, "field_6": null, "field_7": null }, "geometry": { "type": "Point", "coordinates": [ -61.824476089605156, -34.027090195491489 ] } },
{ "type": "Feature", "properties": { "field_1": 4, "field_2": "18-365-4-SF", "field_3": "distrito_maria_teresa", "field_4": 4604587.65, "field_5": 6236001.99, "field_6": null, "field_7": null }, "geometry": { "type": "Point", "coordinates": [ -61.867735713653836, -34.015549272623694 ] } },
{ "type": "Feature", "properties": { "field_1": 5, "field_2": "18-365-5-SF", "field_3": "distrito_maria_teresa", "field_4": 4604633.71, "field_5": 6231809.43, "field_6": null, "field_7": null }, "geometry": { "type": "Point", "coordinates": [ -61.866734710040404, -34.053334297308957 ] } },
{ "type": "Feature", "properties": { "field_1": 1, "field_2": "18-366-1-SF", "field_3": "distrito_maria_teresa", "field_4": 4605042.12, "field_5": 6221952.57, "field_6": null, "field_7": null }, "geometry": { "type": "Point", "coordinates": [ -61.861122487158006, -34.142137114306365 ] } },
{ "type": "Feature", "properties": { "field_1": 2, "field_2": "18-366-2-SF", "field_3": "distrito_san_gregorio", "field_4": 4608230.13, "field_5": 6221022.3, "field_6": null, "field_7": null }, "geometry": { "type": "Point", "coordinates": [ -61.826448026060113, -34.150196357701958 ] } },
{ "type": "Feature", "properties": { "field_1": 3, "field_2": "18-366-3-SF", "field_3": "distrito_maria_teresa", "field_4": 4603775.6, "field_5": 6223838.74, "field_6": null, "field_7": null }, "geometry": { "type": "Point", "coordinates": [ -61.875077196202582, -34.125262961569888 ] } },
{ "type": "Feature", "properties": { "field_1": 4, "field_2": "18-366-4-SF", "field_3": "distrito_maria_teresa", "field_4": 4608849.44, "field_5": 6224974.06, "field_6": null, "field_7": null }, "geometry": { "type": "Point", "coordinates": [ -61.820229060484401, -34.114513976953695 ] } },
{ "type": "Feature", "properties": { "field_1": 5, "field_2": "18-366-5-SF", "field_3": "distrito_san_gregorio", "field_4": 4610956.36, "field_5": 6218946.27, "field_6": null, "field_7": null }, "geometry": { "type": "Point", "coordinates": [ -61.796627354864633, -34.168621665247684 ] } },
{ "type": "Feature", "properties": { "field_1": 6, "field_2": "18-366-6-SF", "field_3": "distrito_maria_teresa", "field_4": 4611281.31, "field_5": 6225730.12, "field_6": null, "field_7": null }, "geometry": { "type": "Point", "coordinates": [ -61.793972860166143, -34.1074435060982 ] } },
{ "type": "Feature", "properties": { "field_1": 7, "field_2": "18-366-7-SF", "field_3": "distrito_maria_teresa", "field_4": 4609109.72, "field_5": 6222618.8, "field_6": null, "field_7": null }, "geometry": { "type": "Point", "coordinates": [ -61.817112874784051, -34.135715284155232 ] } },
{ "type": "Feature", "properties": { "field_1": 8, "field_2": "18-366-8-SF", "field_3": "distrito_maria_teresa", "field_4": 4605012.12, "field_5": 6225749.81, "field_6": null, "field_7": null }, "geometry": { "type": "Point", "coordinates": [ -61.861906451878156, -34.107914297920374 ] } },
{ "type": "Feature", "properties": { "field_1": 1, "field_2": "18-367-1-SF", "field_3": "distrito_san_gregorio", "field_4": 4603505.33, "field_5": 6215685.92, "field_6": "Estancia San Carlos", "field_7": null }, "geometry": { "type": "Point", "coordinates": [ -61.877033808330417, -34.198773897352034 ] } },
{ "type": "Feature", "properties": { "field_1": 10, "field_2": "18-367-10-SF", "field_3": "distrito_san_gregorio", "field_4": 4602431.14, "field_5": 6209368.59, "field_6": null, "field_7": null }, "geometry": { "type": "Point", "coordinates": [ -61.887937929893354, -34.255819859572931 ] } },
{ "type": "Feature", "properties": { "field_1": 11, "field_2": "18-367-11-SF", "field_3": "distrito_san_gregorio", "field_4": 4611181.09, "field_5": 6209090.5, "field_6": null, "field_7": null }, "geometry": { "type": "Point", "coordinates": [ -61.79292440031233, -34.257427753310289 ] } },
{ "type": "Feature", "properties": { "field_1": 12, "field_2": "18-367-12-SF", "field_3": "distrito_san_gregorio", "field_4": 4611257.65, "field_5": 6216048.28, "field_6": null, "field_7": null }, "geometry": { "type": "Point", "coordinates": [ -61.792988386204193, -34.194709285120588 ] } },
{ "type": "Feature", "properties": { "field_1": 2, "field_2": "18-367-2-SF", "field_3": "distrito_san_gregorio", "field_4": 4607198.2, "field_5": 6213840.77, "field_6": "Morgan", "field_7": null }, "geometry": { "type": "Point", "coordinates": [ -61.836747142452346, -34.215031245557007 ] } },
{ "type": "Feature", "properties": { "field_1": 3, "field_2": "18-367-3-SF", "field_3": "distrito_san_gregorio", "field_4": 4611051.48, "field_5": 6214330.39, "field_6": null, "field_7": null }, "geometry": { "type": "Point", "coordinates": [ -61.795004333039039, -34.210214638184091 ] } },
{ "type": "Feature", "properties": { "field_1": 4, "field_2": "18-367-4-SF", "field_3": "distrito_san_gregorio", "field_4": 4605621.12, "field_5": 6210853.19, "field_6": null, "field_7": null }, "geometry": { "type": "Point", "coordinates": [ -61.853492801247789, -34.242119906673096 ] } },
{ "type": "Feature", "properties": { "field_1": 5, "field_2": "18-367-5-SF", "field_3": "distrito_san_gregorio", "field_4": 4606143.83, "field_5": 6218028.58, "field_6": null, "field_7": null }, "geometry": { "type": "Point", "coordinates": [ -61.848699723347167, -34.177393655649553 ] } },
{ "type": "Feature", "properties": { "field_1": 6, "field_2": "18-367-6-SF", "field_3": "distrito_san_gregorio", "field_4": 4606389.54, "field_5": 6216505.58, "field_6": null, "field_7": null }, "geometry": { "type": "Point", "coordinates": [ -61.84584811784076, -34.191095740293299 ] } },
{ "type": "Feature", "properties": { "field_1": 7, "field_2": "18-367-7-SF", "field_3": "distrito_san_gregorio", "field_4": 4602820.89, "field_5": 6211412.96, "field_6": null, "field_7": null }, "geometry": { "type": "Point", "coordinates": [ -61.883950525701337, -34.237355016039508 ] } },
{ "type": "Feature", "properties": { "field_1": 8, "field_2": "18-367-8-SF", "field_3": "distrito_san_gregorio", "field_4": 4610153.36, "field_5": 6212857.5, "field_6": null, "field_7": null }, "geometry": { "type": "Point", "coordinates": [ -61.80456027779335, -34.223585177012787 ] } },
{ "type": "Feature", "properties": { "field_1": 9, "field_2": "18-367-9-SF", "field_3": "distrito_san_gregorio", "field_4": 4603870.12, "field_5": 6208978.14, "field_6": null, "field_7": null }, "geometry": { "type": "Point", "coordinates": [ -61.872271041243224, -34.259196345803154 ] } },
{ "type": "Feature", "properties": { "field_1": 1, "field_2": "18-385-1-SF", "field_3": "distrito_chapuy", "field_4": 4616474.52, "field_5": 6256849.15, "field_6": null, "field_7": null }, "geometry": { "type": "Point", "coordinates": [ -61.741839829277993, -33.826396816544332 ] } },
{ "type": "Feature", "properties": { "field_1": 10, "field_2": "18-385-10-SF", "field_3": "distrito_santa_isabel", "field_4": 4617755.16, "field_5": 6256103.7, "field_6": null, "field_7": null }, "geometry": { "type": "Point", "coordinates": [ -61.727909752769236, -33.832973906405549 ] } },
{ "type": "Feature", "properties": { "field_1": 2, "field_2": "18-385-2-SF", "field_3": "distrito_santa_isabel", "field_4": 4611510.24, "field_5": 6251262.44, "field_6": null, "field_7": null }, "geometry": { "type": "Point", "coordinates": [ -61.794746425498829, -33.877288202469757 ] } },
{ "type": "Feature", "properties": { "field_1": 3, "field_2": "18-385-3-SF", "field_3": "distrito_santa_isabel", "field_4": 4613775.52, "field_5": 6250542.64, "field_6": null, "field_7": null }, "geometry": { "type": "Point", "coordinates": [ -61.770174014631685, -33.883534171184927 ] } },
{ "type": "Feature", "properties": { "field_1": 4, "field_2": "18-385-4-SF", "field_3": "distrito_santa_isabel", "field_4": 4615175.95, "field_5": 6249821.68, "field_6": null, "field_7": null }, "geometry": { "type": "Point", "coordinates": [ -61.754945118716108, -33.889880429243981 ] } },
{ "type": "Feature", "properties": { "field_1": 5, "field_2": "18-385-5-SF", "field_3": "distrito_chapuy", "field_4": 4614432.59, "field_5": 6256163.75, "field_6": null, "field_7": null }, "geometry": { "type": "Point", "coordinates": [ -61.763803367493388, -33.832797687417127 ] } },
{ "type": "Feature", "properties": { "field_1": 6, "field_2": "18-385-6-SF", "field_3": "distrito_chapuy", "field_4": 4614819.18, "field_5": 6257710.87, "field_6": null, "field_7": null }, "geometry": { "type": "Point", "coordinates": [ -61.759829319666316, -33.818810863509867 ] } },
{ "type": "Feature", "properties": { "field_1": 7, "field_2": "18-385-7-SF", "field_3": "distrito_chapuy", "field_4": 4615487.74, "field_5": 6257476.3, "field_6": null, "field_7": null }, "geometry": { "type": "Point", "coordinates": [ -61.752578936117573, -33.820852326599052 ] } },
{ "type": "Feature", "properties": { "field_1": 8, "field_2": "18-385-8-SF", "field_3": "distrito_santa_isabel", "field_4": 4615881.51, "field_5": 6248597.58, "field_6": null, "field_7": null }, "geometry": { "type": "Point", "coordinates": [ -61.747158225634742, -33.900836311533268 ] } },
{ "type": "Feature", "properties": { "field_1": 9, "field_2": "18-385-9-SF", "field_3": "distrito_chapuy", "field_4": 4611778.54, "field_5": 6253295.95, "field_6": null, "field_7": null }, "geometry": { "type": "Point", "coordinates": [ -61.792105286489154, -33.85893077275955 ] } },
{ "type": "Feature", "properties": { "field_1": 1, "field_2": "18-386-1-SF", "field_3": "distrito_santa_isabel", "field_4": 4615286.1, "field_5": 6246409.58, "field_6": null, "field_7": null }, "geometry": { "type": "Point", "coordinates": [ -61.75330696761317, -33.920622713765518 ] } },
{ "type": "Feature", "properties": { "field_1": 2, "field_2": "18-386-2-SF", "field_3": "distrito_santa_isabel", "field_4": 4615913.89, "field_5": 6239009.09, "field_6": "El Estequeadero / De Raimundi", "field_7": null }, "geometry": { "type": "Point", "coordinates": [ -61.745540930542781, -33.987256014987253 ] } },
{ "type": "Feature", "properties": { "field_1": 3, "field_2": "18-386-3-SF", "field_3": "distrito_santa_isabel", "field_4": 4611889.81, "field_5": 6241552.74, "field_6": null, "field_7": null }, "geometry": { "type": "Point", "coordinates": [ -61.789407287375333, -33.964765542432502 ] } },
{ "type": "Feature", "properties": { "field_1": 1, "field_2": "18-387-1-SF", "field_3": "distrito_villa_cañas", "field_4": 4619748.85, "field_5": 6237192.15, "field_6": "La Griega / Wirsch", "field_7": null }, "geometry": { "type": "Point", "coordinates": [ -61.703798102330857, -34.00320199610708 ] } },
{ "type": "Feature", "properties": { "field_1": 2, "field_2": "18-387-2-SF", "field_3": "distrito_villa_cañas", "field_4": 4615628.72, "field_5": 6234029.55, "field_6": null, "field_7": null }, "geometry": { "type": "Point", "coordinates": [ -61.747967845510807, -34.032168734649176 ] } },
{ "type": "Feature", "properties": { "field_1": 3, "field_2": "18-387-3-SF", "field_3": "distrito_villa_cañas", "field_4": 4614536.88, "field_5": 6232726.38, "field_6": null, "field_7": null }, "geometry": { "type": "Point", "coordinates": [ -61.759616920374611, -34.044034188260419 ] } },
{ "type": "Feature", "properties": { "field_1": 4, "field_2": "18-387-4-SF", "field_3": "distrito_villa_cañas", "field_4": 4612326.13, "field_5": 6229183.8, "field_6": null, "field_7": null }, "geometry": { "type": "Point", "coordinates": [ -61.783097267540811, -34.076203321384817 ] } },
{ "type": "Feature", "properties": { "field_1": 5, "field_2": "18-387-5-SF", "field_3": "distrito_villa_cañas", "field_4": 4613434.57, "field_5": 6228663.16, "field_6": null, "field_7": null }, "geometry": { "type": "Point", "coordinates": [ -61.771023417639427, -34.080776418280763 ] } },
{ "type": "Feature", "properties": { "field_1": 6, "field_2": "18-387-6-SF", "field_3": "distrito_villa_cañas", "field_4": 4618705.86, "field_5": 6234831.05, "field_6": null, "field_7": null }, "geometry": { "type": "Point", "coordinates": [ -61.714764609724, -34.02460106717816 ] } },
{ "type": "Feature", "properties": { "field_1": 7, "field_2": "18-387-7-SF", "field_3": "distrito_maria_teresa", "field_4": 4615035.29, "field_5": 6234784.21, "field_6": null, "field_7": null }, "geometry": { "type": "Point", "coordinates": [ -61.754491601616891, -34.025432138123811 ] } },
{ "type": "Feature", "properties": { "field_1": 9, "field_2": "18-387-9-SF", "field_3": "distrito_maria_teresa", "field_4": 4613474.75, "field_5": 6235577.45, "field_6": null, "field_7": null }, "geometry": { "type": "Point", "coordinates": [ -61.771487478934056, -34.018452462338388 ] } },
{ "type": "Feature", "properties": { "field_1": 1, "field_2": "18-388-1-SF", "field_3": "distrito_villa_cañas", "field_4": 4620137.31, "field_5": 6221365.32, "field_6": null, "field_7": null }, "geometry": { "type": "Point", "coordinates": [ -61.697412226394334, -34.145802791660934 ] } },
{ "type": "Feature", "properties": { "field_1": 2, "field_2": "18-388-2-SF", "field_3": "distrito_villa_cañas", "field_4": 4616475.53, "field_5": 6223974.49, "field_6": null, "field_7": null }, "geometry": { "type": "Point", "coordinates": [ -61.737456276784364, -34.122701354750461 ] } },
{ "type": "Feature", "properties": { "field_1": 3, "field_2": "18-388-3-SF", "field_3": "distrito_san_gregorio", "field_4": 4613797.04, "field_5": 6222848.16, "field_6": null, "field_7": null }, "geometry": { "type": "Point", "coordinates": [ -61.766336513882429, -34.133148031875386 ] } },
{ "type": "Feature", "properties": { "field_1": 4, "field_2": "18-388-4-SF", "field_3": "distrito_san_gregorio", "field_4": 4612934.01, "field_5": 6221833.35, "field_6": null, "field_7": null }, "geometry": { "type": "Point", "coordinates": [ -61.775558740558232, -34.142388197042656 ] } },
{ "type": "Feature", "properties": { "field_1": 5, "field_2": "18-388-5-SF", "field_3": "distrito_san_gregorio", "field_4": 4615640.94, "field_5": 6219839.53, "field_6": null, "field_7": null }, "geometry": { "type": "Point", "coordinates": [ -61.745950413799356, -34.160062166522145 ] } },
{ "type": "Feature", "properties": { "field_1": 6, "field_2": "18-388-6-SF", "field_3": "distrito_villa_cañas", "field_4": 4617576.5, "field_5": 6223145.82, "field_6": null, "field_7": null }, "geometry": { "type": "Point", "coordinates": [ -61.725412712559795, -34.130046806984176 ] } },
{ "type": "Feature", "properties": { "field_1": 7, "field_2": "18-388-7-SF", "field_3": "distrito_villa_cañas", "field_4": 4620674.1, "field_5": 6226350.34, "field_6": null, "field_7": null }, "geometry": { "type": "Point", "coordinates": [ -61.692285409713413, -34.100812041293558 ] } },
{ "type": "Feature", "properties": { "field_1": 8, "field_2": "18-388-8-SF", "field_3": "distrito_villa_cañas", "field_4": 4615422.17, "field_5": 6227793.01, "field_6": null, "field_7": null }, "geometry": { "type": "Point", "coordinates": [ -61.749378416850121, -34.088401867671259 ] } },
{ "type": "Feature", "properties": { "field_1": 1, "field_2": "18-389-1-SF", "field_3": "distrito_san_gregorio", "field_4": 4620522.76, "field_5": 6215603.96, "field_6": null, "field_7": null }, "geometry": { "type": "Point", "coordinates": [ -61.692433259229169, -34.197683833457916 ] } },
{ "type": "Feature", "properties": { "field_1": 2, "field_2": "18-389-2-SF", "field_3": "distrito_teodolina", "field_4": 4616638.04, "field_5": 6211388.24, "field_6": null, "field_7": null }, "geometry": { "type": "Point", "coordinates": [ -61.734001680837011, -34.236121152425028 ] } },
{ "type": "Feature", "properties": { "field_1": 3, "field_2": "18-389-3-SF", "field_3": "distrito_teodolina", "field_4": 4613650.91, "field_5": 6209358.99, "field_6": null, "field_7": null }, "geometry": { "type": "Point", "coordinates": [ -61.76615066022152, -34.254740938219506 ] } },
{ "type": "Feature", "properties": { "field_1": 4, "field_2": "18-389-4-SF", "field_3": "distrito_teodolina", "field_4": 4618898.94, "field_5": 6211857.63, "field_6": null, "field_7": null }, "geometry": { "type": "Point", "coordinates": [ -61.709531639982124, -34.231634886958908 ] } },
{ "type": "Feature", "properties": { "field_1": 5, "field_2": "18-389-5-SF", "field_3": "distrito_teodolina", "field_4": 4617452.16, "field_5": 6210852.16, "field_6": null, "field_7": null }, "geometry": { "type": "Point", "coordinates": [ -61.725094222655208, -34.240861146684125 ] } },
{ "type": "Feature", "properties": { "field_1": 6, "field_2": "18-389-6-SF", "field_3": "distrito_san_gregorio", "field_4": 4616054.47, "field_5": 6214553.93, "field_6": null, "field_7": null }, "geometry": { "type": "Point", "coordinates": [ -61.740759143011985, -34.207654645096746 ] } },
{ "type": "Feature", "properties": { "field_1": 7, "field_2": "18-389-7-SF", "field_3": "distrito_san_gregorio", "field_4": 4614576.34, "field_5": 6214755.28, "field_6": null, "field_7": null }, "geometry": { "type": "Point", "coordinates": [ -61.756820816500429, -34.206003486743555 ] } },
{ "type": "Feature", "properties": { "field_1": 1, "field_2": "18-407-1-SF", "field_3": "distrito_santa_isabel", "field_4": 4628830.78, "field_5": 6249242.89, "field_6": null, "field_7": null }, "geometry": { "type": "Point", "coordinates": [ -61.607287243846024, -33.893517084541756 ] } },
{ "type": "Feature", "properties": { "field_1": 1, "field_2": "18-408-1-SF", "field_3": "distrito_villa_cañas", "field_4": 4628016.73, "field_5": 6247007.56, "field_6": null, "field_7": null }, "geometry": { "type": "Point", "coordinates": [ -61.615759576914357, -33.913762859350726 ] } },
{ "type": "Feature", "properties": { "field_1": 2, "field_2": "18-408-2-SF", "field_3": "distrito_villa_cañas", "field_4": 4626124.17, "field_5": 6243748.03, "field_6": null, "field_7": null }, "geometry": { "type": "Point", "coordinates": [ -61.635750279172662, -33.943368803957533 ] } },
{ "type": "Feature", "properties": { "field_1": 1, "field_2": "18-409-1-SF", "field_3": "distrito_villa_cañas", "field_4": 4622469.89, "field_5": 6235497.22, "field_6": "Grigera", "field_7": null }, "geometry": { "type": "Point", "coordinates": [ -61.674113989075813, -34.018164336152154 ] } },
{ "type": "Feature", "properties": { "field_1": 2, "field_2": "18-409-2-SF", "field_3": "distrito_villa_cañas", "field_4": 4625418.3, "field_5": 6231263.51, "field_6": "Las Encadenadas", "field_7": null }, "geometry": { "type": "Point", "coordinates": [ -61.641593373523676, -34.055973338831841 ] } },
{ "type": "Feature", "properties": { "field_1": 1, "field_2": "18-410-1-SF", "field_3": "distrito_teodolina", "field_4": 4622557.37, "field_5": 6218623.64, "field_6": null, "field_7": null }, "geometry": { "type": "Point", "coordinates": [ -61.670791665052981, -34.170231406713214 ] } },
{ "type": "Feature", "properties": { "field_1": 2, "field_2": "18-410-2-SF", "field_3": "distrito_teodolina", "field_4": 4623280.83, "field_5": 6219789.15, "field_6": null, "field_7": null }, "geometry": { "type": "Point", "coordinates": [ -61.663112794241293, -34.159641896884992 ] } },
{ "type": "Feature", "properties": { "field_1": 3, "field_2": "18-410-3-SF", "field_3": "distrito_teodolina", "field_4": 4625238.26, "field_5": 6221046.54, "field_6": null, "field_7": null }, "geometry": { "type": "Point", "coordinates": [ -61.642072540705946, -34.148076602458431 ] } },
{ "type": "Feature", "properties": { "field_1": 4, "field_2": "18-410-4-SF", "field_3": "distrito_villa_cañas", "field_4": 4627462.03, "field_5": 6226941.63, "field_6": "Las Marías", "field_7": null }, "geometry": { "type": "Point", "coordinates": [ -61.61883110024722, -34.094678020749242 ] } },
{ "type": "Feature", "properties": { "field_1": 5, "field_2": "18-410-5-SF", "field_3": "distrito_villa_cañas", "field_4": 4622548.94, "field_5": 6225595.75, "field_6": null, "field_7": null }, "geometry": { "type": "Point", "coordinates": [ -61.671866699909621, -34.10739501578059 ] } },
{ "type": "Feature", "properties": { "field_1": 6, "field_2": "18-410-6-SF", "field_3": "distrito_teodolina", "field_4": 4626972.33, "field_5": 6221462.84, "field_6": null, "field_7": null }, "geometry": { "type": "Point", "coordinates": [ -61.623336035613782, -34.144115309057653 ] } },
{ "type": "Feature", "properties": { "field_1": 1, "field_2": "18-411-1-SF", "field_3": "distrito_teodolina", "field_4": 4626954.06, "field_5": 6217310.59, "field_6": null, "field_7": null }, "geometry": { "type": "Point", "coordinates": [ -61.622926501831266, -34.181539529822324 ] } },
{ "type": "Feature", "properties": { "field_1": 2, "field_2": "18-411-2-SF", "field_3": "distrito_teodolina", "field_4": 4622209.07, "field_5": 6210726.82, "field_6": null, "field_7": null }, "geometry": { "type": "Point", "coordinates": [ -61.673453627354647, -34.241443049707449 ] } },
{ "type": "Feature", "properties": { "field_1": 3, "field_2": "18-411-3-SF", "field_3": "distrito_teodolina", "field_4": 4624566.27, "field_5": 6217732.56, "field_6": null, "field_7": null }, "geometry": { "type": "Point", "coordinates": [ -61.648881186148643, -34.178024417457877 ] } },
{ "type": "Feature", "properties": { "field_1": 1, "field_2": "18-429-1-SF", "field_3": "distrito_villa_cañas", "field_4": 4632034.19, "field_5": 6248828.81, "field_6": null, "field_7": null }, "geometry": { "type": "Point", "coordinates": [ -61.572604159614194, -33.896852749538269 ] } },
{ "type": "Feature", "properties": { "field_1": 2, "field_2": "18-429-2-SF", "field_3": "distrito_elortondo", "field_4": 4636383.93, "field_5": 6254549.46, "field_6": null, "field_7": null }, "geometry": { "type": "Point", "coordinates": [ -61.526479692412046, -33.844741576509641 ] } },
{ "type": "Feature", "properties": { "field_1": 3, "field_2": "18-429-3-SF", "field_3": "distrito_elortondo", "field_4": 4636838.47, "field_5": 6251222.28, "field_6": null, "field_7": null }, "geometry": { "type": "Point", "coordinates": [ -61.521053219133634, -33.874669022533709 ] } },
{ "type": "Feature", "properties": { "field_1": 4, "field_2": "18-429-4-SF", "field_3": "distrito_elortondo", "field_4": 4639452.78, "field_5": 6249213.18, "field_6": null, "field_7": null }, "geometry": { "type": "Point", "coordinates": [ -61.492487779186753, -33.892433446554051 ] } },
{ "type": "Feature", "properties": { "field_1": 5, "field_2": "18-429-5-SF", "field_3": "distrito_elortondo", "field_4": 4633258.19, "field_5": 6257596.93, "field_6": null, "field_7": null }, "geometry": { "type": "Point", "coordinates": [ -61.560701895463374, -33.817674597031676 ] } },
{ "type": "Feature", "properties": { "field_1": 1, "field_2": "18-430-1-SF", "field_3": "distrito_villa_cañas", "field_4": 4639155.11, "field_5": 6242482.01, "field_6": "Rovea/Quirno/Grande/ La Zoraida", "field_7": null }, "geometry": { "type": "Point", "coordinates": [ -61.494637826090916, -33.95313614625109 ] } },
{ "type": "Feature", "properties": { "field_1": 1, "field_2": "18-431-1-SF", "field_3": "distrito_teodolina", "field_4": 4635397.14, "field_5": 6229463.28, "field_6": "El Trajin", "field_7": null }, "geometry": { "type": "Point", "coordinates": [ -61.533262725397478, -34.070955705710823 ] } },
{ "type": "Feature", "properties": { "field_1": 2, "field_2": "18-431-2-SF", "field_3": "distrito_teodolina", "field_4": 4639424.95, "field_5": 6228524.78, "field_6": null, "field_7": null }, "geometry": { "type": "Point", "coordinates": [ -61.48949296497036, -34.078885090457447 ] } },
{ "type": "Feature", "properties": { "field_1": 3, "field_2": "18-431-3-SF", "field_3": "distrito_villa_cañas", "field_4": 4635667.05, "field_5": 6234763.73, "field_6": "Las Totoras", "field_7": null }, "geometry": { "type": "Point", "coordinates": [ -61.531163746004516, -34.023151687750733 ] } },
{ "type": "Feature", "properties": { "field_1": 4, "field_2": "18-431-4-SF", "field_3": "distrito_teodolina", "field_4": 4640671.6, "field_5": 6234794.18, "field_6": null, "field_7": null }, "geometry": { "type": "Point", "coordinates": [ -61.477001961664172, -34.022218249196733 ] } },
{ "type": "Feature", "properties": { "field_1": 5, "field_2": "18-431-5-SF", "field_3": "distrito_villa_cañas", "field_4": 4633848.68, "field_5": 6237953.85, "field_6": null, "field_7": null }, "geometry": { "type": "Point", "coordinates": [ -61.551333697680526, -33.994634568068903 ] } },
{ "type": "Feature", "properties": { "field_1": 1, "field_2": "18-432-1-SF", "field_3": "distrito_teodolina", "field_4": 4637009.2, "field_5": 6218588.69, "field_6": null, "field_7": null }, "geometry": { "type": "Point", "coordinates": [ -61.514091054005981, -34.168748954866487 ] } },
{ "type": "Feature", "properties": { "field_1": 2, "field_2": "18-432-2-SF", "field_3": "distrito_teodolina", "field_4": 4638012.27, "field_5": 6224368.51, "field_6": null, "field_7": null }, "geometry": { "type": "Point", "coordinates": [ -61.504134124952699, -34.116528924738894 ] } },
{ "type": "Feature", "properties": { "field_1": 1, "field_2": "18-433-1-BA", "field_3": "partido_general_arenales", "field_4": 4638206.45, "field_5": 6216522.2, "field_6": null, "field_7": null }, "geometry": { "type": "Point", "coordinates": [ -61.500780952569826, -34.187214196173649 ] } },
{ "type": "Feature", "properties": { "field_1": 2, "field_2": "18-433-2-SF", "field_3": "partido_general_arenales", "field_4": 4640909.13, "field_5": 6209769.52, "field_6": null, "field_7": null }, "geometry": { "type": "Point", "coordinates": [ -61.470372601298749, -34.247706129699502 ] } },
{ "type": "Feature", "properties": { "field_1": 4, "field_2": "19-343-4-BA", "field_3": "partido_general_pinto", "field_4": 4597862.67, "field_5": 6169105.76, "field_6": null, "field_7": null }, "geometry": { "type": "Point", "coordinates": [ -61.932925103569701, -34.619152950553648 ] } },
{ "type": "Feature", "properties": { "field_1": 1, "field_2": "19-346-1-SF", "field_3": "distrito_san_gregorio", "field_4": 4599678.85, "field_5": 6207511.96, "field_6": null, "field_7": null }, "geometry": { "type": "Point", "coordinates": [ -61.917599566969734, -34.272821659198009 ] } },
{ "type": "Feature", "properties": { "field_1": 10, "field_2": "19-346-10-SF", "field_3": "distrito_san_gregorio", "field_4": 4592253.59, "field_5": 6204867.48, "field_6": null, "field_7": null }, "geometry": { "type": "Point", "coordinates": [ -61.997935493006665, -34.297343272072283 ] } },
{ "type": "Feature", "properties": { "field_1": 2, "field_2": "19-346-2-SF", "field_3": "distrito_san_gregorio", "field_4": 4593411.05, "field_5": 6206699.09, "field_6": null, "field_7": null }, "geometry": { "type": "Point", "coordinates": [ -61.985563228770225, -34.280730639161078 ] } },
{ "type": "Feature", "properties": { "field_1": 3, "field_2": "19-346-3-SF", "field_3": "distrito_san_gregorio", "field_4": 4601092.62, "field_5": 6200479.18, "field_6": null, "field_7": null }, "geometry": { "type": "Point", "coordinates": [ -61.901424839541136, -34.336073003028297 ] } },
{ "type": "Feature", "properties": { "field_1": 4, "field_2": "19-346-4-SF", "field_3": "distrito_san_gregorio", "field_4": 4597590.6, "field_5": 6199275.96, "field_6": null, "field_7": null }, "geometry": { "type": "Point", "coordinates": [ -61.939339016894735, -34.347253434194045 ] } },
{ "type": "Feature", "properties": { "field_1": 5, "field_2": "19-346-5-SF", "field_3": "distrito_san_gregorio", "field_4": 4591689.36, "field_5": 6201493.84, "field_6": null, "field_7": null }, "geometry": { "type": "Point", "coordinates": [ -62.003704203779243, -34.327801502534541 ] } },
{ "type": "Feature", "properties": { "field_1": 6, "field_2": "19-346-6-SF", "field_3": "distrito_san_gregorio", "field_4": 4595304.89, "field_5": 6204456.09, "field_6": null, "field_7": null }, "geometry": { "type": "Point", "coordinates": [ -61.964751207899155, -34.300775743631831 ] } },
{ "type": "Feature", "properties": { "field_1": 7, "field_2": "19-346-7-SF", "field_3": "distrito_san_gregorio", "field_4": 4591912.55, "field_5": 6203184.49, "field_6": null, "field_7": null }, "geometry": { "type": "Point", "coordinates": [ -62.001459848759289, -34.312543129177008 ] } },
{ "type": "Feature", "properties": { "field_1": 8, "field_2": "19-346-8-SF", "field_3": "distrito_san_gregorio", "field_4": 4595360.68, "field_5": 6201385.73, "field_6": null, "field_7": null }, "geometry": { "type": "Point", "coordinates": [ -61.963805259246421, -34.328444918088664 ] } },
{ "type": "Feature", "properties": { "field_1": 9, "field_2": "19-346-9-SF", "field_3": "distrito_san_gregorio", "field_4": 4593858.17, "field_5": 6204440.11, "field_6": null, "field_7": null }, "geometry": { "type": "Point", "coordinates": [ -61.980462272886342, -34.301051560939243 ] } },
{ "type": "Feature", "properties": { "field_1": 1, "field_2": "19-347-1-BA", "field_3": "partido_general_pinto", "field_4": 4594031.83, "field_5": 6190676.15, "field_6": null, "field_7": null }, "geometry": { "type": "Point", "coordinates": [ -61.977069544976011, -34.425095096373482 ] } },
{ "type": "Feature", "properties": { "field_1": 10, "field_2": "19-347-10-SF", "field_3": "distrito_san_gregorio", "field_4": 4592795.8, "field_5": 6196409.32, "field_6": null, "field_7": null }, "geometry": { "type": "Point", "coordinates": [ -61.991134347413151, -34.373531902564487 ] } },
{ "type": "Feature", "properties": { "field_1": 11, "field_2": "19-347-11-SF", "field_3": "distrito_san_gregorio", "field_4": 4593493.68, "field_5": 6197088.61, "field_6": null, "field_7": null }, "geometry": { "type": "Point", "coordinates": [ -61.983622064978476, -34.36734645293955 ] } },
{ "type": "Feature", "properties": { "field_1": 12, "field_2": "19-347-12-SF", "field_3": "distrito_san_gregorio", "field_4": 4592746.81, "field_5": 6197747.53, "field_6": null, "field_7": null }, "geometry": { "type": "Point", "coordinates": [ -61.99181139958246, -34.361474506837482 ] } },
{ "type": "Feature", "properties": { "field_1": 13, "field_2": "19-347-13-SF", "field_3": "distrito_san_gregorio", "field_4": 4600543.67, "field_5": 6197234.49, "field_6": null, "field_7": null }, "geometry": { "type": "Point", "coordinates": [ -61.907009815531289, -34.365371258849954 ] } },
{ "type": "Feature", "properties": { "field_1": 2, "field_2": "19-347-2-BA", "field_3": "partido_general_pinto", "field_4": 4592131.85, "field_5": 6192118.64, "field_6": null, "field_7": null }, "geometry": { "type": "Point", "coordinates": [ -61.997890929134805, -34.412264599018705 ] } },
{ "type": "Feature", "properties": { "field_1": 3, "field_2": "19-347-3-BA", "field_3": "partido_general_pinto", "field_4": 4597050.56, "field_5": 6192584.87, "field_6": null, "field_7": null }, "geometry": { "type": "Point", "coordinates": [ -61.944451108734505, -34.407612432708476 ] } },
{ "type": "Feature", "properties": { "field_1": 4, "field_2": "19-347-4-BA", "field_3": "partido_general_pinto", "field_4": 4600480.57, "field_5": 6191616.4, "field_6": null, "field_7": null }, "geometry": { "type": "Point", "coordinates": [ -61.907037637356673, -34.416013753845156 ] } },
{ "type": "Feature", "properties": { "field_1": 5, "field_2": "19-347-5-BA", "field_3": "partido_general_pinto", "field_4": 4600908.33, "field_5": 6192373.26, "field_6": null, "field_7": null }, "geometry": { "type": "Point", "coordinates": [ -61.902474606177428, -34.409150478223296 ] } },
{ "type": "Feature", "properties": { "field_1": 6, "field_2": "19-347-6-BA", "field_3": "partido_general_pinto", "field_4": 4600226.09, "field_5": 6194043.03, "field_6": null, "field_7": null }, "geometry": { "type": "Point", "coordinates": [ -61.910088967221583, -34.394167043645247 ] } },
{ "type": "Feature", "properties": { "field_1": 7, "field_2": "19-347-7-BA", "field_3": "partido_general_pinto", "field_4": 4599923.69, "field_5": 6194121.84, "field_6": null, "field_7": null }, "geometry": { "type": "Point", "coordinates": [ -61.913386087226087, -34.39348596759308 ] } },
{ "type": "Feature", "properties": { "field_1": 8, "field_2": "19-347-8-BA", "field_3": "partido_general_pinto", "field_4": 4598173.23, "field_5": 6194274.59, "field_6": null, "field_7": null }, "geometry": { "type": "Point", "coordinates": [ -61.932435928064493, -34.392276764215218 ] } },
{ "type": "Feature", "properties": { "field_1": 9, "field_2": "19-347-9-SF", "field_3": "distrito_san_gregorio", "field_4": 4592212.39, "field_5": 6196426.99, "field_6": null, "field_7": null }, "geometry": { "type": "Point", "coordinates": [ -61.997478166318253, -34.373424753200695 ] } },
{ "type": "Feature", "properties": { "field_1": 1, "field_2": "19-348-1-BA", "field_3": "partido_general_pinto", "field_4": 4591763.59, "field_5": 6184010.12, "field_6": null, "field_7": null }, "geometry": { "type": "Point", "coordinates": [ -62.001026108323543, -34.485381698400332 ] } },
{ "type": "Feature", "properties": { "field_1": 2, "field_2": "19-348-2-BA", "field_3": "partido_leandro_n_alem", "field_4": 4599483.58, "field_5": 6184909.41, "field_6": null, "field_7": null }, "geometry": { "type": "Point", "coordinates": [ -61.917100653511163, -34.476560550379325 ] } },
{ "type": "Feature", "properties": { "field_1": 3, "field_2": "19-348-3-BA", "field_3": "partido_general_pinto", "field_4": 4595631.35, "field_5": 6184490.64, "field_6": null, "field_7": null }, "geometry": { "type": "Point", "coordinates": [ -61.958979925525583, -34.480699291678782 ] } },
{ "type": "Feature", "properties": { "field_1": 1, "field_2": "19-349-1-BA", "field_3": "partido_leandro_n_alem", "field_4": 4601331.57, "field_5": 6171835.34, "field_6": null, "field_7": null }, "geometry": { "type": "Point", "coordinates": [ -61.895432819586837, -34.594215262011687 ] } },
{ "type": "Feature", "properties": { "field_1": 2, "field_2": "19-349-2-BA", "field_3": "partido_general_pinto", "field_4": 4592554.22, "field_5": 6174844.61, "field_6": null, "field_7": null }, "geometry": { "type": "Point", "coordinates": [ -61.991424677198161, -34.567921043893399 ] } },
{ "type": "Feature", "properties": { "field_1": 3, "field_2": "19-349-3-BA", "field_3": "partido_general_pinto", "field_4": 4593968.5, "field_5": 6171676.82, "field_6": null, "field_7": null }, "geometry": { "type": "Point", "coordinates": [ -61.975664945117856, -34.596344071117258 ] } },
{ "type": "Feature", "properties": { "field_1": 1, "field_2": "19-350-1-BA", "field_3": "partido_general_pinto", "field_4": 4595293.66, "field_5": 6159653.67, "field_6": null, "field_7": null }, "geometry": { "type": "Point", "coordinates": [ -61.959868927539638, -34.704585004487271 ] } },
{ "type": "Feature", "properties": { "field_1": 2, "field_2": "19-350-2-BA", "field_3": "partido_general_pinto", "field_4": 4597172.26, "field_5": 6159415.87, "field_6": null, "field_7": null }, "geometry": { "type": "Point", "coordinates": [ -61.939339681820641, -34.706551487835938 ] } },
{ "type": "Feature", "properties": { "field_1": 3, "field_2": "19-350-3-BA", "field_3": "partido_general_pinto", "field_4": 4595223.81, "field_5": 6168115.43, "field_6": null, "field_7": null }, "geometry": { "type": "Point", "coordinates": [ -61.961583320017795, -34.628326987493899 ] } },
{ "type": "Feature", "properties": { "field_1": 4, "field_2": "19-350-4-BA", "field_3": "partido_general_pinto", "field_4": 4598323.61, "field_5": 6162338.54, "field_6": null, "field_7": null }, "geometry": { "type": "Point", "coordinates": [ -61.92711431934184, -34.680100291409872 ] } },
{ "type": "Feature", "properties": { "field_1": 5, "field_2": "19-350-5-BA", "field_3": "partido_general_pinto", "field_4": 4593774.55, "field_5": 6162233.87, "field_6": null, "field_7": null }, "geometry": { "type": "Point", "coordinates": [ -61.976733965675493, -34.681470451823827 ] } },
{ "type": "Feature", "properties": { "field_1": 6, "field_2": "19-350-6-BA", "field_3": "partido_general_pinto", "field_4": 4597486.26, "field_5": 6167857.79, "field_6": null, "field_7": null }, "geometry": { "type": "Point", "coordinates": [ -61.936885325251929, -34.630436529261345 ] } },
{ "type": "Feature", "properties": { "field_1": 7, "field_2": "19-350-7-BA", "field_3": "partido_general_pinto", "field_4": 4597297.05, "field_5": 6165450.41, "field_6": null, "field_7": null }, "geometry": { "type": "Point", "coordinates": [ -61.938671978984388, -34.652151770010143 ] } },
{ "type": "Feature", "properties": { "field_1": 4, "field_2": "19-368-4-SF", "field_3": "distrito_teodolina", "field_4": 4607781.69, "field_5": 6198424.82, "field_6": null, "field_7": null }, "geometry": { "type": "Point", "coordinates": [ -61.828489945224774, -34.353915109815972 ] } },
{ "type": "Feature", "properties": { "field_1": 5, "field_2": "19-368-5-SF", "field_3": "distrito_san_gregorio", "field_4": 4604455.09, "field_5": 6205614.89, "field_6": null, "field_7": null }, "geometry": { "type": "Point", "coordinates": [ -61.865513886116354, -34.289451190033517 ] } },
{ "type": "Feature", "properties": { "field_1": 6, "field_2": "19-368-6-SF", "field_3": "distrito_teodolina", "field_4": 4607668.02, "field_5": 6203154.11, "field_6": null, "field_7": null }, "geometry": { "type": "Point", "coordinates": [ -61.830317066413009, -34.311302126415114 ] } },
{ "type": "Feature", "properties": { "field_1": 1, "field_2": "19-369-1-SF", "field_3": "distrito_san_gregorio", "field_4": 4603497.71, "field_5": 6197073.1, "field_6": null, "field_7": null }, "geometry": { "type": "Point", "coordinates": [ -61.87488291723848, -34.36653492867287 ] } },
{ "type": "Feature", "properties": { "field_1": 2, "field_2": "19-369-2-SF", "field_3": "partido_general_pinto", "field_4": 4608070.91, "field_5": 6194819.87, "field_6": null, "field_7": null }, "geometry": { "type": "Point", "coordinates": [ -61.824893248984338, -34.386375924579539 ] } },
{ "type": "Feature", "properties": { "field_1": 3, "field_2": "19-369-3-BA", "field_3": "partido_general_pinto", "field_4": 4605645.28, "field_5": 6192161.17, "field_6": null, "field_7": null }, "geometry": { "type": "Point", "coordinates": [ -61.850936067578438, -34.410588968357771 ] } },
{ "type": "Feature", "properties": { "field_1": 4, "field_2": "19-369-4-BA", "field_3": "partido_general_pinto", "field_4": 4602024.62, "field_5": 6190418.04, "field_6": null, "field_7": null }, "geometry": { "type": "Point", "coordinates": [ -61.890102466341084, -34.426663354481065 ] } },
{ "type": "Feature", "properties": { "field_1": 5, "field_2": "19-369-5-BA", "field_3": "partido_leandro_n_alem", "field_4": 4604666.31, "field_5": 6189969.44, "field_6": null, "field_7": null }, "geometry": { "type": "Point", "coordinates": [ -61.861314318430161, -34.430442379883942 ] } },
{ "type": "Feature", "properties": { "field_1": 1, "field_2": "19-370-1-BA", "field_3": "partido_leandro_n_alem", "field_4": 4604753.58, "field_5": 6182560.57, "field_6": null, "field_7": null }, "geometry": { "type": "Point", "coordinates": [ -61.85945713153577, -34.497208496050028 ] } },
{ "type": "Feature", "properties": { "field_1": 2, "field_2": "19-370-2-BA", "field_3": "partido_leandro_n_alem", "field_4": 4609160.89, "field_5": 6181185.19, "field_6": null, "field_7": null }, "geometry": { "type": "Point", "coordinates": [ -61.811303814895041, -34.509146970083862 ] } },
{ "type": "Feature", "properties": { "field_1": 3, "field_2": "19-370-3-BA", "field_3": "partido_leandro_n_alem", "field_4": 4606608.99, "field_5": 6186853.86, "field_6": null, "field_7": null }, "geometry": { "type": "Point", "coordinates": [ -61.839795079762801, -34.45832389948086 ] } },
{ "type": "Feature", "properties": { "field_1": 5, "field_2": "19-370-5-BA", "field_3": "partido_leandro_n_alem", "field_4": 4601579.16, "field_5": 6187863.86, "field_6": null, "field_7": null }, "geometry": { "type": "Point", "coordinates": [ -61.894644576215924, -34.449728021599881 ] } },
{ "type": "Feature", "properties": { "field_1": 1, "field_2": "19-371-1-BA", "field_3": "partido_general_pinto", "field_4": 4602167.7, "field_5": 6169791.2, "field_6": null, "field_7": null }, "geometry": { "type": "Point", "coordinates": [ -61.886074063027259, -34.612555680001236 ] } },
{ "type": "Feature", "properties": { "field_1": 2, "field_2": "19-371-2-BA", "field_3": "partido_leandro_n_alem", "field_4": 4611335.82, "field_5": 6173560.32, "field_6": null, "field_7": null }, "geometry": { "type": "Point", "coordinates": [ -61.786627750497772, -34.577633286781385 ] } },
{ "type": "Feature", "properties": { "field_1": 3, "field_2": "19-371-3-BA", "field_3": "partido_leandro_n_alem", "field_4": 4611385.09, "field_5": 6178356.3, "field_6": null, "field_7": null }, "geometry": { "type": "Point", "coordinates": [ -61.786718666487026, -34.534404344088145 ] } },
{ "type": "Feature", "properties": { "field_1": 4, "field_2": "19-371-4-BA", "field_3": "partido_leandro_n_alem", "field_4": 4601810.85, "field_5": 6177489.64, "field_6": null, "field_7": null }, "geometry": { "type": "Point", "coordinates": [ -61.890886208142291, -34.543206902718957 ] } },
{ "type": "Feature", "properties": { "field_1": 5, "field_2": "19-371-5-BA", "field_3": "partido_leandro_n_alem", "field_4": 4602300.78, "field_5": 6173870.3, "field_6": null, "field_7": null }, "geometry": { "type": "Point", "coordinates": [ -61.885114661228613, -34.575778618541335 ] } },
{ "type": "Feature", "properties": { "field_1": 6, "field_2": "19-371-6-BA", "field_3": "partido_leandro_n_alem", "field_4": 4607488.99, "field_5": 6175189.08, "field_6": null, "field_7": null }, "geometry": { "type": "Point", "coordinates": [ -61.828749763831226, -34.563363497795898 ] } },
{ "type": "Feature", "properties": { "field_1": 1, "field_2": "19-372-1-BA", "field_3": "partido_general_pinto", "field_4": 4603805.9, "field_5": 6160201.87, "field_6": null, "field_7": null }, "geometry": { "type": "Point", "coordinates": [ -61.867040376689104, -34.698815910404619 ] } },
{ "type": "Feature", "properties": { "field_1": 2, "field_2": "19-372-2-BA", "field_3": "partido_general_pinto", "field_4": 4606064.59, "field_5": 6166361.52, "field_6": null, "field_7": null }, "geometry": { "type": "Point", "coordinates": [ -61.843165039325029, -34.643070525346175 ] } },
{ "type": "Feature", "properties": { "field_1": 3, "field_2": "19-372-3-BA", "field_3": "partido_general_pinto", "field_4": 4604742.94, "field_5": 6159667.01, "field_6": null, "field_7": null }, "geometry": { "type": "Point", "coordinates": [ -61.856748792088467, -34.703540821252403 ] } },
{ "type": "Feature", "properties": { "field_1": 4, "field_2": "19-372-4-BA", "field_3": "partido_general_pinto", "field_4": 4609532.67, "field_5": 6160149.31, "field_6": null, "field_7": null }, "geometry": { "type": "Point", "coordinates": [ -61.804542008509515, -34.698692524446251 ] } },
{ "type": "Feature", "properties": { "field_1": 1, "field_2": "19-390-1-SF", "field_3": "distrito_teodolina", "field_4": 4612226.61, "field_5": 6206053.8, "field_6": null, "field_7": null }, "geometry": { "type": "Point", "coordinates": [ -61.781180680899325, -34.284684840585889 ] } },
{ "type": "Feature", "properties": { "field_1": 2, "field_2": "19-390-2-SF", "field_3": "distrito_teodolina", "field_4": 4613293.68, "field_5": 6198531.2, "field_6": null, "field_7": null }, "geometry": { "type": "Point", "coordinates": [ -61.768604376943742, -34.352368404367432 ] } },
{ "type": "Feature", "properties": { "field_1": 3, "field_2": "19-390-3-SF", "field_3": "distrito_teodolina", "field_4": 4615382.37, "field_5": 6200832.05, "field_6": null, "field_7": null }, "geometry": { "type": "Point", "coordinates": [ -61.746215698986532, -34.331401225483567 ] } },
{ "type": "Feature", "properties": { "field_1": 4, "field_2": "19-390-4-SF", "field_3": "distrito_teodolina", "field_4": 4619969.17, "field_5": 6200755.61, "field_6": null, "field_7": null }, "geometry": { "type": "Point", "coordinates": [ -61.696374381667646, -34.331569740044699 ] } },
{ "type": "Feature", "properties": { "field_1": 5, "field_2": "19-390-5-SF", "field_3": "distrito_teodolina", "field_4": 4620725.18, "field_5": 6206021.21, "field_6": null, "field_7": null }, "geometry": { "type": "Point", "coordinates": [ -61.688899140843169, -34.284025842820967 ] } },
{ "type": "Feature", "properties": { "field_1": 6, "field_2": "19-390-6-SF", "field_3": "distrito_teodolina", "field_4": 4618823.39, "field_5": 6204780.42, "field_6": null, "field_7": null }, "geometry": { "type": "Point", "coordinates": [ -61.709377359902483, -34.295427809973241 ] } },
{ "type": "Feature", "properties": { "field_1": 7, "field_2": "19-390-7-SF", "field_3": "distrito_teodolina", "field_4": 4618515.8, "field_5": 6204095.72, "field_6": null, "field_7": null }, "geometry": { "type": "Point", "coordinates": [ -61.712623409844717, -34.301633877168527 ] } },
{ "type": "Feature", "properties": { "field_1": 1, "field_2": "19-391-1-BA", "field_3": "partido_leandro_n_alem", "field_4": 4616899.34, "field_5": 6191781.45, "field_6": null, "field_7": null }, "geometry": { "type": "Point", "coordinates": [ -61.72850321366932, -34.412800264353727 ] } },
{ "type": "Feature", "properties": { "field_1": 10, "field_2": "19-391-10-SF", "field_3": "distrito_teodolina", "field_4": 4618273.1, "field_5": 6196540.84, "field_6": null, "field_7": null }, "geometry": { "type": "Point", "coordinates": [ -61.714220457393125, -34.369750239507539 ] } },
{ "type": "Feature", "properties": { "field_1": 2, "field_2": "19-391-2-BA", "field_3": "partido_leandro_n_alem", "field_4": 4615910.32, "field_5": 6194001.39, "field_6": null, "field_7": null }, "geometry": { "type": "Point", "coordinates": [ -61.739558455127856, -34.392904322135522 ] } },
{ "type": "Feature", "properties": { "field_1": 3, "field_2": "19-391-3-BA", "field_3": "partido_leandro_n_alem", "field_4": 4618995.15, "field_5": 6190135.21, "field_6": null, "field_7": null }, "geometry": { "type": "Point", "coordinates": [ -61.705483785751397, -34.427397761481366 ] } },
{ "type": "Feature", "properties": { "field_1": 4, "field_2": "19-391-4-BA", "field_3": "partido_leandro_n_alem", "field_4": 4620725.14, "field_5": 6191567.98, "field_6": null, "field_7": null }, "geometry": { "type": "Point", "coordinates": [ -61.686869908671063, -34.414284544532315 ] } },
{ "type": "Feature", "properties": { "field_1": 5, "field_2": "19-391-5-SF", "field_3": "distrito_teodolina", "field_4": 4615018.58, "field_5": 6197438.59, "field_6": null, "field_7": null }, "geometry": { "type": "Point", "coordinates": [ -61.749713973477178, -34.36202570174688 ] } },
{ "type": "Feature", "properties": { "field_1": 6, "field_2": "19-391-6-SF", "field_3": "distrito_teodolina", "field_4": 4615394.28, "field_5": 6197939.41, "field_6": null, "field_7": null }, "geometry": { "type": "Point", "coordinates": [ -61.745698118811262, -34.357470223854776 ] } },
{ "type": "Feature", "properties": { "field_1": 7, "field_2": "19-391-7-SF", "field_3": "distrito_teodolina", "field_4": 4616133.82, "field_5": 6197771.38, "field_6": null, "field_7": null }, "geometry": { "type": "Point", "coordinates": [ -61.737638529897154, -34.358901986284714 ] } },
{ "type": "Feature", "properties": { "field_1": 8, "field_2": "19-391-8-SF", "field_3": "distrito_teodolina", "field_4": 4615329.24, "field_5": 6198270.68, "field_6": null, "field_7": null }, "geometry": { "type": "Point", "coordinates": [ -61.7464493926241, -34.354491852784726 ] } },
{ "type": "Feature", "properties": { "field_1": 9, "field_2": "19-391-9-SF", "field_3": "distrito_teodolina", "field_4": 4616170.34, "field_5": 6198238.17, "field_6": null, "field_7": null }, "geometry": { "type": "Point", "coordinates": [ -61.737304748365986, -34.354690904439209 ] } },
{ "type": "Feature", "properties": { "field_1": 1, "field_2": "19-392-1-BA", "field_3": "partido_leandro_n_alem", "field_4": 4611954.34, "field_5": 6181976.21, "field_6": null, "field_7": null }, "geometry": { "type": "Point", "coordinates": [ -61.780994599552898, -34.50171814126859 ] } },
{ "type": "Feature", "properties": { "field_1": 2, "field_2": "19-392-2-BA", "field_3": "partido_leandro_n_alem", "field_4": 4615600.32, "field_5": 6181534.66, "field_6": null, "field_7": null }, "geometry": { "type": "Point", "coordinates": [ -61.741244092021319, -34.505295060855104 ] } },
{ "type": "Feature", "properties": { "field_1": 3, "field_2": "19-392-3-BA", "field_3": "partido_leandro_n_alem", "field_4": 4618658.59, "field_5": 6181121.25, "field_6": null, "field_7": null }, "geometry": { "type": "Point", "coordinates": [ -61.707892838536907, -34.508673210550299 ] } },
{ "type": "Feature", "properties": { "field_1": 4, "field_2": "19-392-4-BA", "field_3": "partido_leandro_n_alem", "field_4": 4614128.42, "field_5": 6187799.89, "field_6": null, "field_7": null }, "geometry": { "type": "Point", "coordinates": [ -61.758105105897691, -34.448993838473854 ] } },
{ "type": "Feature", "properties": { "field_1": 5, "field_2": "19-392-5-BA", "field_3": "partido_leandro_n_alem", "field_4": 4618394.58, "field_5": 6186746.98, "field_6": null, "field_7": null }, "geometry": { "type": "Point", "coordinates": [ -61.711546992381926, -34.458002738206069 ] } },
{ "type": "Feature", "properties": { "field_1": 6, "field_2": "19-392-6-BA", "field_3": "partido_leandro_n_alem", "field_4": 4620533.86, "field_5": 6186724.6, "field_6": null, "field_7": null }, "geometry": { "type": "Point", "coordinates": [ -61.688267993369514, -34.457956865535429 ] } },
{ "type": "Feature", "properties": { "field_1": 7, "field_2": "19-392-7-BA", "field_3": "partido_leandro_n_alem", "field_4": 4617526.58, "field_5": 6184435.01, "field_6": null, "field_7": null }, "geometry": { "type": "Point", "coordinates": [ -61.720673172802464, -34.478938251932895 ] } },
{ "type": "Feature", "properties": { "field_1": 1, "field_2": "19-393-1-BA", "field_3": "partido_general_pinto", "field_4": 4611695.3, "field_5": 6168628.92, "field_6": null, "field_7": null }, "geometry": { "type": "Point", "coordinates": [ -61.782062108866782, -34.622037966484712 ] } },
{ "type": "Feature", "properties": { "field_1": 2, "field_2": "19-393-2-BA", "field_3": "partido_general_pinto", "field_4": 4612937.56, "field_5": 6168612.45, "field_6": null, "field_7": null }, "geometry": { "type": "Point", "coordinates": [ -61.768516907081583, -34.622050412351605 ] } },
{ "type": "Feature", "properties": { "field_1": 3, "field_2": "19-393-3-BA", "field_3": "partido_general_pinto", "field_4": 4613961.19, "field_5": 6171517.19, "field_6": null, "field_7": null }, "geometry": { "type": "Point", "coordinates": [ -61.757747453649664, -34.595758869811746 ] } },
{ "type": "Feature", "properties": { "field_1": 4, "field_2": "19-393-4-BA", "field_3": "partido_general_pinto", "field_4": 4615574.92, "field_5": 6170789.24, "field_6": null, "field_7": null }, "geometry": { "type": "Point", "coordinates": [ -61.740061356355163, -34.602139003485078 ] } },
{ "type": "Feature", "properties": { "field_1": 5, "field_2": "19-393-5-BA", "field_3": "partido_leandro_n_alem", "field_4": 4616439.0, "field_5": 6174540.42, "field_6": null, "field_7": null }, "geometry": { "type": "Point", "coordinates": [ -61.731157642758305, -34.568234873040701 ] } },
{ "type": "Feature", "properties": { "field_1": 6, "field_2": "19-393-6-BA", "field_3": "partido_leandro_n_alem", "field_4": 4615858.12, "field_5": 6176632.35, "field_6": null, "field_7": null }, "geometry": { "type": "Point", "coordinates": [ -61.737771029818305, -34.549447408471252 ] } },
{ "type": "Feature", "properties": { "field_1": 7, "field_2": "19-393-7-BA", "field_3": "partido_leandro_n_alem", "field_4": 4621271.53, "field_5": 6174431.31, "field_6": null, "field_7": null }, "geometry": { "type": "Point", "coordinates": [ -61.678493787482964, -34.568659506816971 ] } },
{ "type": "Feature", "properties": { "field_1": 8, "field_2": "19-393-8-BA", "field_3": "partido_leandro_n_alem", "field_4": 4619016.14, "field_5": 6170863.38, "field_6": null, "field_7": null }, "geometry": { "type": "Point", "coordinates": [ -61.702565655369533, -34.601077741157155 ] } },
{ "type": "Feature", "properties": { "field_1": 9, "field_2": "19-393-9-BA", "field_3": "partido_leandro_n_alem", "field_4": 4620172.47, "field_5": 6169241.51, "field_6": null, "field_7": null }, "geometry": { "type": "Point", "coordinates": [ -61.6897333709191, -34.615559443070467 ] } },
{ "type": "Feature", "properties": { "field_1": 1, "field_2": "19-394-1-BA", "field_3": "partido_leandro_n_alem", "field_4": 4619541.37, "field_5": 6167064.77, "field_6": null, "field_7": null }, "geometry": { "type": "Point", "coordinates": [ -61.696305991474119, -34.635250039258239 ] } },
{ "type": "Feature", "properties": { "field_1": 2, "field_2": "19-394-2-BA", "field_3": "partido_leandro_n_alem", "field_4": 4619348.59, "field_5": 6167046.53, "field_6": null, "field_7": null }, "geometry": { "type": "Point", "coordinates": [ -61.698405365728163, -34.635436872184947 ] } },
{ "type": "Feature", "properties": { "field_1": 3, "field_2": "19-394-3-BA", "field_3": "partido_lincoln", "field_4": 4618346.01, "field_5": 6164325.94, "field_6": null, "field_7": null }, "geometry": { "type": "Point", "coordinates": [ -61.708956800571478, -34.660071189325024 ] } },
{ "type": "Feature", "properties": { "field_1": 4, "field_2": "19-394-4-BA", "field_3": "partido_lincoln", "field_4": 4615011.43, "field_5": 6163072.49, "field_6": null, "field_7": null }, "geometry": { "type": "Point", "coordinates": [ -61.745155809960188, -34.671747225429272 ] } },
{ "type": "Feature", "properties": { "field_1": 5, "field_2": "19-394-5-BA", "field_3": "partido_general_pinto", "field_4": 4614087.01, "field_5": 6160201.87, "field_6": null, "field_7": null }, "geometry": { "type": "Point", "coordinates": [ -61.754852378404877, -34.697721133097744 ] } },
{ "type": "Feature", "properties": { "field_1": 1, "field_2": "19-412-1-SF", "field_3": "distrito_teodolina", "field_4": 4621810.61, "field_5": 6204755.62, "field_6": "La Pantanosa", "field_7": null }, "geometry": { "type": "Point", "coordinates": [ -61.676935082474515, -34.29530525912336 ] } },
{ "type": "Feature", "properties": { "field_1": 3, "field_2": "19-412-3-BA", "field_3": "partido_general_arenales", "field_4": 4627741.47, "field_5": 6204258.28, "field_6": null, "field_7": null }, "geometry": { "type": "Point", "coordinates": [ -61.612458574125917, -34.299074878662729 ] } },
{ "type": "Feature", "properties": { "field_1": 4, "field_2": "19-412-4-BA", "field_3": "partido_general_arenales", "field_4": 4629136.66, "field_5": 6200645.35, "field_6": null, "field_7": null }, "geometry": { "type": "Point", "coordinates": [ -61.596766034337861, -34.331462543992274 ] } },
{ "type": "Feature", "properties": { "field_1": 6, "field_2": "19-412-6-BA", "field_3": "partido_general_arenales", "field_4": 4629267.75, "field_5": 6201525.43, "field_6": null, "field_7": null }, "geometry": { "type": "Point", "coordinates": [ -61.595474141080963, -34.323514833020127 ] } },
{ "type": "Feature", "properties": { "field_1": 1, "field_2": "19-413-1-BA", "field_3": "partido_leandro_n_alem", "field_4": 4627458.66, "field_5": 6198312.68, "field_6": null, "field_7": null }, "geometry": { "type": "Point", "coordinates": [ -61.614649212872763, -34.352692518091018 ] } },
{ "type": "Feature", "properties": { "field_1": 10, "field_2": "19-413-10-BA", "field_3": "partido_leandro_n_alem", "field_4": 4626685.32, "field_5": 6191255.6, "field_6": null, "field_7": null }, "geometry": { "type": "Point", "coordinates": [ -61.622010770445407, -34.416386688032375 ] } },
{ "type": "Feature", "properties": { "field_1": 11, "field_2": "19-413-11-BA", "field_3": "partido_leandro_n_alem", "field_4": 4627345.14, "field_5": 6191358.67, "field_6": null, "field_7": null }, "geometry": { "type": "Point", "coordinates": [ -61.614850889874091, -34.415376758001031 ] } },
{ "type": "Feature", "properties": { "field_1": 12, "field_2": "19-413-12-BA", "field_3": "partido_leandro_n_alem", "field_4": 4622700.7, "field_5": 6188791.24, "field_6": null, "field_7": null }, "geometry": { "type": "Point", "coordinates": [ -61.664988937254932, -34.439076622801863 ] } },
{ "type": "Feature", "properties": { "field_1": 13, "field_2": "19-413-13-BA", "field_3": "partido_leandro_n_alem", "field_4": 4623427.82, "field_5": 6188842.74, "field_6": null, "field_7": null }, "geometry": { "type": "Point", "coordinates": [ -61.657087036540965, -34.438525875346208 ] } },
{ "type": "Feature", "properties": { "field_1": 14, "field_2": "19-413-14-BA", "field_3": "partido_leandro_n_alem", "field_4": 4625259.8, "field_5": 6188628.15, "field_6": null, "field_7": null }, "geometry": { "type": "Point", "coordinates": [ -61.637128328532938, -34.44023928091557 ] } },
{ "type": "Feature", "properties": { "field_1": 15, "field_2": "19-413-15-BA", "field_3": "partido_leandro_n_alem", "field_4": 4631035.09, "field_5": 6189200.52, "field_6": null, "field_7": null }, "geometry": { "type": "Point", "coordinates": [ -61.574395415584313, -34.434364727578746 ] } },
{ "type": "Feature", "properties": { "field_1": 2, "field_2": "19-413-2-BA", "field_3": "partido_leandro_n_alem", "field_4": 4627503.55, "field_5": 6196599.4, "field_6": null, "field_7": null }, "geometry": { "type": "Point", "coordinates": [ -61.613907185914144, -34.368127310717718 ] } },
{ "type": "Feature", "properties": { "field_1": 3, "field_2": "19-413-3-BA", "field_3": "partido_leandro_n_alem", "field_4": 4623534.9, "field_5": 6194993.31, "field_6": null, "field_7": null }, "geometry": { "type": "Point", "coordinates": [ -61.656808780981443, -34.38308277413438 ] } },
{ "type": "Feature", "properties": { "field_1": 4, "field_2": "19-413-4-BA", "field_3": "partido_leandro_n_alem", "field_4": 4622644.2, "field_5": 6194346.88, "field_6": null, "field_7": null }, "geometry": { "type": "Point", "coordinates": [ -61.666398638398313, -34.389014500500579 ] } },
{ "type": "Feature", "properties": { "field_1": 5, "field_2": "19-413-5-BA", "field_3": "partido_leandro_n_alem", "field_4": 4621628.36, "field_5": 6191292.42, "field_6": null, "field_7": null }, "geometry": { "type": "Point", "coordinates": [ -61.677008738174536, -34.41666212070956 ] } },
{ "type": "Feature", "properties": { "field_1": 6, "field_2": "19-413-6-BA", "field_3": "partido_leandro_n_alem", "field_4": 4622629.32, "field_5": 6190881.99, "field_6": null, "field_7": null }, "geometry": { "type": "Point", "coordinates": [ -61.66606480177748, -34.420242780065031 ] } },
{ "type": "Feature", "properties": { "field_1": 7, "field_2": "19-413-7-BA", "field_3": "partido_leandro_n_alem", "field_4": 4623539.43, "field_5": 6190958.26, "field_6": null, "field_7": null }, "geometry": { "type": "Point", "coordinates": [ -61.656178200186218, -34.419447058089524 ] } },
{ "type": "Feature", "properties": { "field_1": 8, "field_2": "19-413-8-BA", "field_3": "partido_leandro_n_alem", "field_4": 4625564.94, "field_5": 6190897.22, "field_6": null, "field_7": null }, "geometry": { "type": "Point", "coordinates": [ -61.634141861538318, -34.419753126607958 ] } },
{ "type": "Feature", "properties": { "field_1": 9, "field_2": "19-413-9-BA", "field_3": "partido_leandro_n_alem", "field_4": 4625372.76, "field_5": 6190305.57, "field_6": null, "field_7": null }, "geometry": { "type": "Point", "coordinates": [ -61.636145223349317, -34.425108477477266 ] } },
{ "type": "Feature", "properties": { "field_1": 1, "field_2": "19-414-1-BA", "field_3": "partido_leandro_n_alem", "field_4": 4622927.65, "field_5": 6187188.84, "field_6": null, "field_7": null }, "geometry": { "type": "Point", "coordinates": [ -61.662290031963508, -34.453490778028446 ] } },
{ "type": "Feature", "properties": { "field_1": 2, "field_2": "19-414-2-BA", "field_3": "partido_leandro_n_alem", "field_4": 4625289.57, "field_5": 6186342.72, "field_6": null, "field_7": null }, "geometry": { "type": "Point", "coordinates": [ -61.636469758813483, -34.460832170968985 ] } },
{ "type": "Feature", "properties": { "field_1": 3, "field_2": "19-414-3-BA", "field_3": "partido_leandro_n_alem", "field_4": 4625358.58, "field_5": 6187542.53, "field_6": null, "field_7": null }, "geometry": { "type": "Point", "coordinates": [ -61.635894780290258, -34.450011009229286 ] } },
{ "type": "Feature", "properties": { "field_1": 4, "field_2": "19-414-4-BA", "field_3": "partido_leandro_n_alem", "field_4": 4630099.02, "field_5": 6187445.22, "field_6": null, "field_7": null }, "geometry": { "type": "Point", "coordinates": [ -61.58430985616021, -34.450301607314536 ] } },
{ "type": "Feature", "properties": { "field_1": 5, "field_2": "19-414-5-BA", "field_3": "partido_leandro_n_alem", "field_4": 4621707.07, "field_5": 6181993.48, "field_6": null, "field_7": null }, "geometry": { "type": "Point", "coordinates": [ -61.674829200287675, -34.500456967564688 ] } },
{ "type": "Feature", "properties": { "field_1": 6, "field_2": "19-414-6-BA", "field_3": "partido_leandro_n_alem", "field_4": 4625277.94, "field_5": 6182697.47, "field_6": null, "field_7": null }, "geometry": { "type": "Point", "coordinates": [ -61.636061731303407, -34.493684754712106 ] } },
{ "type": "Feature", "properties": { "field_1": 7, "field_2": "19-414-7-BA", "field_3": "partido_leandro_n_alem", "field_4": 4621897.25, "field_5": 6185711.55, "field_6": null, "field_7": null }, "geometry": { "type": "Point", "coordinates": [ -61.673289672257567, -34.466926593041961 ] } },
{ "type": "Feature", "properties": { "field_1": 8, "field_2": "19-414-8-BA", "field_3": "partido_leandro_n_alem", "field_4": 4624199.27, "field_5": 6184870.0, "field_6": null, "field_7": null }, "geometry": { "type": "Point", "coordinates": [ -61.648118607084086, -34.474236247225598 ] } },
{ "type": "Feature", "properties": { "field_1": 1, "field_2": "19-415-1-BA", "field_3": "partido_leandro_n_alem", "field_4": 4622551.75, "field_5": 6169858.57, "field_6": null, "field_7": null }, "geometry": { "type": "Point", "coordinates": [ -61.663886816808876, -34.609717171894474 ] } },
{ "type": "Feature", "properties": { "field_1": 2, "field_2": "19-415-2-BA", "field_3": "partido_leandro_n_alem", "field_4": 4629855.22, "field_5": 6169476.34, "field_6": null, "field_7": null }, "geometry": { "type": "Point", "coordinates": [ -61.584223462014386, -34.612263801529522 ] } },
{ "type": "Feature", "properties": { "field_1": 3, "field_2": "19-415-3-BA", "field_3": "partido_leandro_n_alem", "field_4": 4626421.57, "field_5": 6169636.11, "field_6": null, "field_7": null }, "geometry": { "type": "Point", "coordinates": [ -61.621673766461527, -34.611252644205493 ] } },
{ "type": "Feature", "properties": { "field_1": 4, "field_2": "19-415-4-BA", "field_3": "partido_leandro_n_alem", "field_4": 4625927.4, "field_5": 6171772.25, "field_6": null, "field_7": null }, "geometry": { "type": "Point", "coordinates": [ -61.627376969676817, -34.592062855993198 ] } },
{ "type": "Feature", "properties": { "field_1": 5, "field_2": "19-415-5-BA", "field_3": "partido_leandro_n_alem", "field_4": 4631125.53, "field_5": 6174079.49, "field_6": null, "field_7": null }, "geometry": { "type": "Point", "coordinates": [ -61.57108791191903, -34.570620431252109 ] } },
{ "type": "Feature", "properties": { "field_1": 6, "field_2": "19-415-6-BA", "field_3": "partido_leandro_n_alem", "field_4": 4622180.89, "field_5": 6177615.9, "field_6": null, "field_7": null }, "geometry": { "type": "Point", "coordinates": [ -61.669043954712279, -34.539852133786916 ] } },
{ "type": "Feature", "properties": { "field_1": 7, "field_2": "19-415-7-BA", "field_3": "partido_leandro_n_alem", "field_4": 4628620.27, "field_5": 6178256.75, "field_6": null, "field_7": null }, "geometry": { "type": "Point", "coordinates": [ -61.599012433403345, -34.533292318289462 ] } },
{ "type": "Feature", "properties": { "field_1": 8, "field_2": "19-415-8-BA", "field_3": "partido_leandro_n_alem", "field_4": 4626399.04, "field_5": 6176143.92, "field_6": null, "field_7": null }, "geometry": { "type": "Point", "coordinates": [ -61.622887209628132, -34.552608064087622 ] } },
{ "type": "Feature", "properties": { "field_1": 1, "field_2": "19-416-1-BA", "field_3": "partido_lincoln", "field_4": 4626931.3, "field_5": 6159170.69, "field_6": null, "field_7": null }, "geometry": { "type": "Point", "coordinates": [ -61.614548885777495, -34.705500983735597 ] } },
{ "type": "Feature", "properties": { "field_1": 2, "field_2": "19-416-2-BA", "field_3": "partido_lincoln", "field_4": 4627807.93, "field_5": 6163962.39, "field_6": null, "field_7": null }, "geometry": { "type": "Point", "coordinates": [ -61.605707195474267, -34.662210817507528 ] } },
{ "type": "Feature", "properties": { "field_1": 1, "field_2": "19-434-1-BA", "field_3": "partido_general_arenales", "field_4": 4631608.08, "field_5": 6208012.94, "field_6": null, "field_7": null }, "geometry": { "type": "Point", "coordinates": [ -61.571043210227074, -34.264754733630141 ] } },
{ "type": "Feature", "properties": { "field_1": 16, "field_2": "19-434-16-BA", "field_3": "partido_leandro_n_alem", "field_4": 4636957.27, "field_5": 6198414.71, "field_6": null, "field_7": null }, "geometry": { "type": "Point", "coordinates": [ -61.511454387903584, -34.350561380787084 ] } },
{ "type": "Feature", "properties": { "field_1": 2, "field_2": "19-434-2-BA", "field_3": "partido_general_arenales", "field_4": 4634454.8, "field_5": 6205377.09, "field_6": null, "field_7": null }, "geometry": { "type": "Point", "coordinates": [ -61.539732412466151, -34.288144729781749 ] } },
{ "type": "Feature", "properties": { "field_1": 3, "field_2": "19-434-3-BA", "field_3": "partido_general_arenales", "field_4": 4640260.03, "field_5": 6204691.62, "field_6": null, "field_7": null }, "geometry": { "type": "Point", "coordinates": [ -61.47659142362042, -34.293554448672957 ] } },
{ "type": "Feature", "properties": { "field_1": 4, "field_2": "19-434-4-BA", "field_3": "partido_leandro_n_alem", "field_4": 4637303.03, "field_5": 6198999.75, "field_6": null, "field_7": null }, "geometry": { "type": "Point", "coordinates": [ -61.507790977815553, -34.345243410661325 ] } },
{ "type": "Feature", "properties": { "field_1": 5, "field_2": "19-434-5-BA", "field_3": "partido_leandro_n_alem", "field_4": 4637522.21, "field_5": 6199972.07, "field_6": null, "field_7": null }, "geometry": { "type": "Point", "coordinates": [ -61.505565111958816, -34.336452067938559 ] } },
{ "type": "Feature", "properties": { "field_1": 6, "field_2": "19-434-6-BA", "field_3": "partido_leandro_n_alem", "field_4": 4632804.25, "field_5": 6198745.3, "field_6": null, "field_7": null }, "geometry": { "type": "Point", "coordinates": [ -61.556630564292327, -34.348122579648333 ] } },
{ "type": "Feature", "properties": { "field_1": 7, "field_2": "19-434-7-BA", "field_3": "partido_leandro_n_alem", "field_4": 4634549.07, "field_5": 6200885.59, "field_6": null, "field_7": null }, "geometry": { "type": "Point", "coordinates": [ -61.538007337095394, -34.328609550551711 ] } },
{ "type": "Feature", "properties": { "field_1": 9, "field_2": "19-434-9-BA", "field_3": "partido_general_arenales", "field_4": 4636327.58, "field_5": 6201416.52, "field_6": null, "field_7": null }, "geometry": { "type": "Point", "coordinates": [ -61.518772003587685, -34.323592700175645 ] } },
{ "type": "Feature", "properties": { "field_1": 1, "field_2": "19-435-1-BA", "field_3": "partido_leandro_n_alem", "field_4": 4633516.97, "field_5": 6196919.9, "field_6": null, "field_7": null }, "geometry": { "type": "Point", "coordinates": [ -61.54860301984651, -34.364481322524369 ] } },
{ "type": "Feature", "properties": { "field_1": 2, "field_2": "19-435-2-BA", "field_3": "partido_leandro_n_alem", "field_4": 4635465.93, "field_5": 6196959.79, "field_6": null, "field_7": null }, "geometry": { "type": "Point", "coordinates": [ -61.527429225870769, -34.363868819026429 ] } },
{ "type": "Feature", "properties": { "field_1": 3, "field_2": "19-435-3-BA", "field_3": "partido_leandro_n_alem", "field_4": 4631988.04, "field_5": 6191762.72, "field_6": null, "field_7": null }, "geometry": { "type": "Point", "coordinates": [ -61.564425380602863, -34.41115326959433 ] } },
{ "type": "Feature", "properties": { "field_1": 4, "field_2": "19-435-4-BA", "field_3": "partido_leandro_n_alem", "field_4": 4636711.83, "field_5": 6194039.51, "field_6": null, "field_7": null }, "geometry": { "type": "Point", "coordinates": [ -61.513424738313539, -34.390021886812363 ] } },
{ "type": "Feature", "properties": { "field_1": 5, "field_2": "19-435-5-BA", "field_3": "partido_leandro_n_alem", "field_4": 4641231.96, "field_5": 6191838.96, "field_6": null, "field_7": null }, "geometry": { "type": "Point", "coordinates": [ -61.463926672521531, -34.409245150484892 ] } },
{ "type": "Feature", "properties": { "field_1": 1, "field_2": "19-436-1-BA", "field_3": "partido_leandro_n_alem", "field_4": 4639435.4, "field_5": 6186532.64, "field_6": null, "field_7": null }, "geometry": { "type": "Point", "coordinates": [ -61.482596247419636, -34.457306858282443 ] } },
{ "type": "Feature", "properties": { "field_1": 2, "field_2": "19-436-2-BA", "field_3": "partido_leandro_n_alem", "field_4": 4638590.47, "field_5": 6182009.67, "field_6": null, "field_7": null }, "geometry": { "type": "Point", "coordinates": [ -61.491054615154759, -34.498179262722793 ] } },
{ "type": "Feature", "properties": { "field_1": 4, "field_2": "19-436-4-BA", "field_3": "partido_leandro_n_alem", "field_4": 4634109.15, "field_5": 6188315.08, "field_6": null, "field_7": null }, "geometry": { "type": "Point", "coordinates": [ -61.540821669245972, -34.441949660483729 ] } },
{ "type": "Feature", "properties": { "field_1": 5, "field_2": "19-436-5-BA", "field_3": "partido_leandro_n_alem", "field_4": 4636337.46, "field_5": 6178927.26, "field_6": null, "field_7": null }, "geometry": { "type": "Point", "coordinates": [ -61.515084868080564, -34.526256923385205 ] } },
{ "type": "Feature", "properties": { "field_1": 1, "field_2": "19-437-1-BA", "field_3": "partido_leandro_n_alem", "field_4": 4635256.28, "field_5": 6172201.84, "field_6": null, "field_7": null }, "geometry": { "type": "Point", "coordinates": [ -61.525788095352979, -34.58700564108657 ] } },
{ "type": "Feature", "properties": { "field_1": 2, "field_2": "19-437-2-BA", "field_3": "partido_leandro_n_alem", "field_4": 4635328.99, "field_5": 6171843.27, "field_6": null, "field_7": null }, "geometry": { "type": "Point", "coordinates": [ -61.524938717895758, -34.590227301731524 ] } },
{ "type": "Feature", "properties": { "field_1": 3, "field_2": "19-437-3-BA", "field_3": "partido_leandro_n_alem", "field_4": 4640490.42, "field_5": 6171003.57, "field_6": null, "field_7": null }, "geometry": { "type": "Point", "coordinates": [ -61.468558555884528, -34.597101121026441 ] } },
{ "type": "Feature", "properties": { "field_1": 4, "field_2": "19-437-4-BA", "field_3": "partido_lincoln", "field_4": 4637486.8, "field_5": 6168577.14, "field_6": null, "field_7": null }, "geometry": { "type": "Point", "coordinates": [ -61.500897065553367, -34.619372948035448 ] } },
{ "type": "Feature", "properties": { "field_1": 1, "field_2": "19-438-1-BA", "field_3": "partido_lincoln", "field_4": 4638256.59, "field_5": 6161661.89, "field_6": null, "field_7": null }, "geometry": { "type": "Point", "coordinates": [ -61.491377403180095, -34.681584377335291 ] } },
{ "type": "Feature", "properties": { "field_1": 2, "field_2": "19-438-2-BA", "field_3": "partido_lincoln", "field_4": 4639304.39, "field_5": 6159824.2, "field_6": null, "field_7": null }, "geometry": { "type": "Point", "coordinates": [ -61.479644785389951, -34.698001978920004 ] } },
{ "type": "Feature", "properties": { "field_1": 1, "field_2": "2-10-1-CBA", "field_3": "pedania_la_carlota_cordoba", "field_4": 4444314.13, "field_5": 6264907.85, "field_6": null, "field_7": null }, "geometry": { "type": "Point", "coordinates": [ -63.601063410840894, -33.758698106130772 ] } },
{ "type": "Feature", "properties": { "field_1": 10, "field_2": "2-10-10-CBA", "field_3": "pedania_la_carlota_cordoba", "field_4": 4449263.1, "field_5": 6261343.31, "field_6": null, "field_7": null }, "geometry": { "type": "Point", "coordinates": [ -63.547852015646662, -33.791081796312483 ] } },
{ "type": "Feature", "properties": { "field_1": 11, "field_2": "2-10-11-CBA", "field_3": "pedania_la_carlota_cordoba", "field_4": 4445269.91, "field_5": 6267847.9, "field_6": null, "field_7": null }, "geometry": { "type": "Point", "coordinates": [ -63.590565702505394, -33.732242752442154 ] } },
{ "type": "Feature", "properties": { "field_1": 12, "field_2": "2-10-12-CBA", "field_3": "pedania_la_carlota_cordoba", "field_4": 4449602.56, "field_5": 6264098.73, "field_6": null, "field_7": null }, "geometry": { "type": "Point", "coordinates": [ -63.544029649319796, -33.766257272623221 ] } },
{ "type": "Feature", "properties": { "field_1": 13, "field_2": "2-10-13-CBA", "field_3": "pedania_la_carlota_cordoba", "field_4": 4449833.76, "field_5": 6259147.08, "field_6": null, "field_7": null }, "geometry": { "type": "Point", "coordinates": [ -63.541815101774752, -33.810908456154714 ] } },
{ "type": "Feature", "properties": { "field_1": 2, "field_2": "2-10-2-CBA", "field_3": "pedania_la_carlota_cordoba", "field_4": 4446360.01, "field_5": 6265435.77, "field_6": null, "field_7": null }, "geometry": { "type": "Point", "coordinates": [ -63.578949617793299, -33.75404434642526 ] } },
{ "type": "Feature", "properties": { "field_1": 3, "field_2": "2-10-3-CBA", "field_3": "pedania_la_carlota_cordoba", "field_4": 4442444.7, "field_5": 6265676.63, "field_6": null, "field_7": null }, "geometry": { "type": "Point", "coordinates": [ -63.621190641141709, -33.751667547172886 ] } },
{ "type": "Feature", "properties": { "field_1": 4, "field_2": "2-10-4-CBA", "field_3": "pedania_la_carlota_cordoba", "field_4": 4449802.0, "field_5": 6262887.18, "field_6": null, "field_7": null }, "geometry": { "type": "Point", "coordinates": [ -63.541945593180394, -33.77718916086868 ] } },
{ "type": "Feature", "properties": { "field_1": 5, "field_2": "2-10-5-CBA", "field_3": "pedania_la_carlota_cordoba", "field_4": 4443220.48, "field_5": 6261210.99, "field_6": null, "field_7": null }, "geometry": { "type": "Point", "coordinates": [ -63.613104834430082, -33.791967718126863 ] } },
{ "type": "Feature", "properties": { "field_1": 6, "field_2": "2-10-6-CBA", "field_3": "pedania_la_carlota_cordoba", "field_4": 4446306.79, "field_5": 6259201.53, "field_6": null, "field_7": null }, "geometry": { "type": "Point", "coordinates": [ -63.579902681102489, -33.810244381834359 ] } },
{ "type": "Feature", "properties": { "field_1": 7, "field_2": "2-10-7-CBA", "field_3": "pedania_la_carlota_cordoba", "field_4": 4450247.31, "field_5": 6265984.7, "field_6": null, "field_7": null }, "geometry": { "type": "Point", "coordinates": [ -63.536963979545988, -33.749285222504469 ] } },
{ "type": "Feature", "properties": { "field_1": 8, "field_2": "2-10-8-CBA", "field_3": "pedania_la_carlota_cordoba", "field_4": 4447162.39, "field_5": 6261684.3, "field_6": null, "field_7": null }, "geometry": { "type": "Point", "coordinates": [ -63.570513850122339, -33.787904911160211 ] } },
{ "type": "Feature", "properties": { "field_1": 9, "field_2": "2-10-9-CBA", "field_3": "pedania_la_carlota_cordoba", "field_4": 4444529.78, "field_5": 6262426.48, "field_6": null, "field_7": null }, "geometry": { "type": "Point", "coordinates": [ -63.598891455675478, -33.781079356745124 ] } },
{ "type": "Feature", "properties": { "field_1": 1, "field_2": "2-28-1-CBA", "field_3": "pedania_la_carlota_cordoba", "field_4": 4453925.61, "field_5": 6298890.39, "field_6": null, "field_7": null }, "geometry": { "type": "Point", "coordinates": [ -63.495566925488916, -33.452788360433573 ] } },
{ "type": "Feature", "properties": { "field_1": 2, "field_2": "2-28-2-CBA", "field_3": "pedania_la_carlota_cordoba", "field_4": 4457938.94, "field_5": 6302293.18, "field_6": null, "field_7": null }, "geometry": { "type": "Point", "coordinates": [ -63.452242542275052, -33.422274313873459 ] } },
{ "type": "Feature", "properties": { "field_1": 3, "field_2": "2-28-3-CBA", "field_3": "pedania_la_carlota_cordoba", "field_4": 4460078.63, "field_5": 6301142.11, "field_6": null, "field_7": null }, "geometry": { "type": "Point", "coordinates": [ -63.429288238176518, -33.432733980005509 ] } },
{ "type": "Feature", "properties": { "field_1": 1, "field_2": "2-29-1-CBA", "field_3": "pedania_la_carlota_cordoba", "field_4": 4459105.06, "field_5": 6291072.91, "field_6": null, "field_7": null }, "geometry": { "type": "Point", "coordinates": [ -63.44021596246013, -33.523479295172997 ] } },
{ "type": "Feature", "properties": { "field_1": 2, "field_2": "2-29-2-CBA", "field_3": "pedania_la_carlota_cordoba", "field_4": 4455789.09, "field_5": 6291689.05, "field_6": null, "field_7": null }, "geometry": { "type": "Point", "coordinates": [ -63.475879323623865, -33.517792358245899 ] } },
{ "type": "Feature", "properties": { "field_1": 3, "field_2": "2-29-3-CBA", "field_3": "pedania_la_carlota_cordoba", "field_4": 4458155.64, "field_5": 6296828.24, "field_6": null, "field_7": null }, "geometry": { "type": "Point", "coordinates": [ -63.450167095999859, -33.471553826557994 ] } },
{ "type": "Feature", "properties": { "field_1": 4, "field_2": "2-29-4-CBA", "field_3": "pedania_la_carlota_cordoba", "field_4": 4455282.17, "field_5": 6297640.43, "field_6": null, "field_7": null }, "geometry": { "type": "Point", "coordinates": [ -63.481038772605679, -33.464115189402463 ] } },
{ "type": "Feature", "properties": { "field_1": 5, "field_2": "2-29-5-CBA", "field_3": "pedania_la_carlota_cordoba", "field_4": 4456097.16, "field_5": 6289524.15, "field_6": null, "field_7": null }, "geometry": { "type": "Point", "coordinates": [ -63.472669596280674, -33.537323134322634 ] } },
{ "type": "Feature", "properties": { "field_1": 6, "field_2": "2-29-6-CBA", "field_3": "pedania_la_carlota_cordoba", "field_4": 4453772.62, "field_5": 6290375.55, "field_6": null, "field_7": null }, "geometry": { "type": "Point", "coordinates": [ -63.497651335875801, -33.529549156790843 ] } },
{ "type": "Feature", "properties": { "field_1": 7, "field_2": "2-29-7-CBA", "field_3": "pedania_la_carlota_cordoba", "field_4": 4452369.5, "field_5": 6294663.34, "field_6": null, "field_7": null }, "geometry": { "type": "Point", "coordinates": [ -63.512527806354655, -33.49083025367117 ] } },
{ "type": "Feature", "properties": { "field_1": 1, "field_2": "2-30-1-CBA", "field_3": "pedania_la_carlota_cordoba", "field_4": 4451902.53, "field_5": 6287145.7, "field_6": null, "field_7": null }, "geometry": { "type": "Point", "coordinates": [ -63.517956319872788, -33.558585700494426 ] } },
{ "type": "Feature", "properties": { "field_1": 2, "field_2": "2-30-2-CBA", "field_3": "pedania_la_carlota_cordoba", "field_4": 4455120.48, "field_5": 6287603.6, "field_6": null, "field_7": null }, "geometry": { "type": "Point", "coordinates": [ -63.483280809547757, -33.554597571872236 ] } },
{ "type": "Feature", "properties": { "field_1": 3, "field_2": "2-30-3-CBA", "field_3": "pedania_la_carlota_cordoba", "field_4": 4457193.66, "field_5": 6282236.86, "field_6": null, "field_7": null }, "geometry": { "type": "Point", "coordinates": [ -63.461213986735828, -33.603067280697246 ] } },
{ "type": "Feature", "properties": { "field_1": 4, "field_2": "2-30-4-CBA", "field_3": "pedania_la_carlota_cordoba", "field_4": 4457613.44, "field_5": 6285907.91, "field_6": null, "field_7": null }, "geometry": { "type": "Point", "coordinates": [ -63.45651689981193, -33.569987225925601 ] } },
{ "type": "Feature", "properties": { "field_1": 5, "field_2": "2-30-5-CBA", "field_3": "pedania_la_carlota_cordoba", "field_4": 4451740.76, "field_5": 6282485.61, "field_6": null, "field_7": null }, "geometry": { "type": "Point", "coordinates": [ -63.519950217912395, -33.60059170330566 ] } },
{ "type": "Feature", "properties": { "field_1": 1, "field_2": "2-31-1-CBA", "field_3": "pedania_la_carlota_cordoba", "field_4": 4457355.92, "field_5": 6278018.56, "field_6": null, "field_7": null }, "geometry": { "type": "Point", "coordinates": [ -63.459667681551551, -33.641104187746748 ] } },
{ "type": "Feature", "properties": { "field_1": 2, "field_2": "2-31-2-CBA", "field_3": "pedania_la_carlota_cordoba", "field_4": 4459393.39, "field_5": 6277268.69, "field_6": null, "field_7": null }, "geometry": { "type": "Point", "coordinates": [ -63.437740319359897, -33.647944385079462 ] } },
{ "type": "Feature", "properties": { "field_1": 3, "field_2": "2-31-3-CBA", "field_3": "pedania_la_carlota_cordoba", "field_4": 4458040.68, "field_5": 6274493.94, "field_6": null, "field_7": null }, "geometry": { "type": "Point", "coordinates": [ -63.452453043242706, -33.672907735910321 ] } },
{ "type": "Feature", "properties": { "field_1": 4, "field_2": "2-31-4-CBA", "field_3": "pedania_la_carlota_cordoba", "field_4": 4453415.41, "field_5": 6276168.03, "field_6": null, "field_7": null }, "geometry": { "type": "Point", "coordinates": [ -63.502238463596548, -33.657622410347876 ] } },
{ "type": "Feature", "properties": { "field_1": 5, "field_2": "2-31-5-CBA", "field_3": "pedania_la_carlota_cordoba", "field_4": 4456339.08, "field_5": 6268626.0, "field_6": null, "field_7": null }, "geometry": { "type": "Point", "coordinates": [ -63.471089676671241, -33.725741313532829 ] } },
{ "type": "Feature", "properties": { "field_1": 6, "field_2": "2-31-6-CBA", "field_3": "pedania_la_carlota_cordoba", "field_4": 4456741.64, "field_5": 6273495.89, "field_6": null, "field_7": null }, "geometry": { "type": "Point", "coordinates": [ -63.466508905751105, -33.681853569401831 ] } },
{ "type": "Feature", "properties": { "field_1": 7, "field_2": "2-31-7-CBA", "field_3": "pedania_la_carlota_cordoba", "field_4": 4456067.6, "field_5": 6271643.74, "field_6": null, "field_7": null }, "geometry": { "type": "Point", "coordinates": [ -63.473869312861297, -33.698523895519116 ] } },
{ "type": "Feature", "properties": { "field_1": 8, "field_2": "2-31-8-CBA", "field_3": "pedania_la_carlota_cordoba", "field_4": 4452913.39, "field_5": 6271337.6, "field_6": null, "field_7": null }, "geometry": { "type": "Point", "coordinates": [ -63.507906649954464, -33.701148695193879 ] } },
{ "type": "Feature", "properties": { "field_1": 1, "field_2": "2-32-1-CBA", "field_3": "pedania_la_carlota_cordoba", "field_4": 4453156.52, "field_5": 6260354.0, "field_6": null, "field_7": null }, "geometry": { "type": "Point", "coordinates": [ -63.505865336367023, -33.800180188203171 ] } },
{ "type": "Feature", "properties": { "field_1": 2, "field_2": "2-32-2-CBA", "field_3": "pedania_la_carlota_cordoba", "field_4": 4460115.74, "field_5": 6266465.41, "field_6": null, "field_7": null }, "geometry": { "type": "Point", "coordinates": [ -63.430438983955113, -33.745368707367589 ] } },
{ "type": "Feature", "properties": { "field_1": 3, "field_2": "2-32-3-CBA", "field_3": "pedania_la_carlota_cordoba", "field_4": 4457341.06, "field_5": 6261553.44, "field_6": null, "field_7": null }, "geometry": { "type": "Point", "coordinates": [ -63.460619828774803, -33.789543867973343 ] } },
{ "type": "Feature", "properties": { "field_1": 1, "field_2": "2-34-1-CBA", "field_3": "pedalnia_la_amarga", "field_4": 4456660.13, "field_5": 6247809.89, "field_6": null, "field_7": null }, "geometry": { "type": "Point", "coordinates": [ -63.468648232343853, -33.913417450242271 ] } },
{ "type": "Feature", "properties": { "field_1": 1, "field_2": "2-50-1-CBA", "field_3": "pedania_la_carlota_cordoba", "field_4": 4461568.4, "field_5": 6299714.48, "field_6": null, "field_7": null }, "geometry": { "type": "Point", "coordinates": [ -63.413329688298859, -33.445659758966791 ] } },
{ "type": "Feature", "properties": { "field_1": 2, "field_2": "2-50-2-CBA", "field_3": "pedania_la_carlota_cordoba", "field_4": 4468114.92, "field_5": 6298717.45, "field_6": null, "field_7": null }, "geometry": { "type": "Point", "coordinates": [ -63.342959113346609, -33.454863625403092 ] } },
{ "type": "Feature", "properties": { "field_1": 1, "field_2": "2-51-1-CBA", "field_3": "pedania_la_carlota_cordoba", "field_4": 4465987.65, "field_5": 6289830.82, "field_6": null, "field_7": null }, "geometry": { "type": "Point", "coordinates": [ -63.366176857862399, -33.534918903529721 ] } },
{ "type": "Feature", "properties": { "field_1": 2, "field_2": "2-51-2-CBA", "field_3": "pedania_la_carlota_cordoba", "field_4": 4462330.0, "field_5": 6290519.78, "field_6": null, "field_7": null }, "geometry": { "type": "Point", "coordinates": [ -63.405525107399789, -33.528584705978353 ] } },
{ "type": "Feature", "properties": { "field_1": 3, "field_2": "2-51-3-CBA", "field_3": "pedania_la_carlota_cordoba", "field_4": 4461725.06, "field_5": 6297745.45, "field_6": null, "field_7": null }, "geometry": { "type": "Point", "coordinates": [ -63.411728754305756, -33.463417896255301 ] } },
{ "type": "Feature", "properties": { "field_1": 4, "field_2": "2-51-4-CBA", "field_3": "pedania_la_carlota_cordoba", "field_4": 4469180.39, "field_5": 6293242.01, "field_6": null, "field_7": null }, "geometry": { "type": "Point", "coordinates": [ -63.331687112995027, -33.504260939718108 ] } },
{ "type": "Feature", "properties": { "field_1": 5, "field_2": "2-51-5-CBA", "field_3": "pedania_la_carlota_cordoba", "field_4": 4469751.72, "field_5": 6296269.51, "field_6": null, "field_7": null }, "geometry": { "type": "Point", "coordinates": [ -63.325436338911651, -33.476981573296968 ] } },
{ "type": "Feature", "properties": { "field_1": 6, "field_2": "2-51-6-CBA", "field_3": "pedania_la_carlota_cordoba", "field_4": 4464905.2, "field_5": 6292784.1, "field_6": null, "field_7": null }, "geometry": { "type": "Point", "coordinates": [ -63.377714487114282, -33.50825766778766 ] } },
{ "type": "Feature", "properties": { "field_1": 7, "field_2": "2-51-7-CBA", "field_3": "pedania_la_carlota_cordoba", "field_4": 4464779.17, "field_5": 6295321.49, "field_6": null, "field_7": null }, "geometry": { "type": "Point", "coordinates": [ -63.378971189656482, -33.485376794086527 ] } },
{ "type": "Feature", "properties": { "field_1": 1, "field_2": "2-52-1-CBA", "field_3": "pedania_la_carlota_cordoba", "field_4": 4462442.25, "field_5": 6279493.63, "field_6": null, "field_7": null }, "geometry": { "type": "Point", "coordinates": [ -63.404780537445163, -33.62799717138175 ] } },
{ "type": "Feature", "properties": { "field_1": 10, "field_2": "2-52-10-CBA", "field_3": "pedania_la_carlota_cordoba", "field_4": 4462221.77, "field_5": 6281795.82, "field_6": null, "field_7": null }, "geometry": { "type": "Point", "coordinates": [ -63.407059115083037, -33.607233644361116 ] } },
{ "type": "Feature", "properties": { "field_1": 11, "field_2": "2-52-11-CBA", "field_3": "pedania_la_carlota_cordoba", "field_4": 4463050.16, "field_5": 6287175.04, "field_6": null, "field_7": null }, "geometry": { "type": "Point", "coordinates": [ -63.397910813459625, -33.558765229390481 ] } },
{ "type": "Feature", "properties": { "field_1": 12, "field_2": "2-52-12-CBA", "field_3": "pedania_la_carlota_cordoba", "field_4": 4469745.4, "field_5": 6286135.78, "field_6": null, "field_7": null }, "geometry": { "type": "Point", "coordinates": [ -63.325846762541346, -33.568345740504988 ] } },
{ "type": "Feature", "properties": { "field_1": 13, "field_2": "2-52-13-CBA", "field_3": "pedania_la_carlota_cordoba", "field_4": 4466429.83, "field_5": 6278546.66, "field_6": null, "field_7": null }, "geometry": { "type": "Point", "coordinates": [ -63.361840863978237, -33.636667932078794 ] } },
{ "type": "Feature", "properties": { "field_1": 2, "field_2": "2-52-2-CBA", "field_3": "pedania_la_carlota_cordoba", "field_4": 4465025.85, "field_5": 6280875.75, "field_6": null, "field_7": null }, "geometry": { "type": "Point", "coordinates": [ -63.376882066870351, -33.615624431099384 ] } },
{ "type": "Feature", "properties": { "field_1": 3, "field_2": "2-52-3-CBA", "field_3": "pedania_la_carlota_cordoba", "field_4": 4463059.79, "field_5": 6285059.92, "field_6": null, "field_7": null }, "geometry": { "type": "Point", "coordinates": [ -63.397894573302942, -33.577834906975021 ] } },
{ "type": "Feature", "properties": { "field_1": 4, "field_2": "2-52-4-CBA", "field_3": "pedania_la_carlota_cordoba", "field_4": 4470877.8, "field_5": 6278687.04, "field_6": null, "field_7": null }, "geometry": { "type": "Point", "coordinates": [ -63.313894093280815, -33.635533298383095 ] } },
{ "type": "Feature", "properties": { "field_1": 5, "field_2": "2-52-5-CBA", "field_3": "pedania_la_carlota_cordoba", "field_4": 4468651.29, "field_5": 6281715.94, "field_6": null, "field_7": null }, "geometry": { "type": "Point", "coordinates": [ -63.337785515009685, -33.608162371590176 ] } },
{ "type": "Feature", "properties": { "field_1": 6, "field_2": "2-52-6-CBA", "field_3": "pedania_la_carlota_cordoba", "field_4": 4470816.89, "field_5": 6282138.14, "field_6": null, "field_7": null }, "geometry": { "type": "Point", "coordinates": [ -63.314437572816061, -33.604417433008109 ] } },
{ "type": "Feature", "properties": { "field_1": 7, "field_2": "2-52-7-CBA", "field_3": "pedania_la_carlota_cordoba", "field_4": 4468044.24, "field_5": 6285624.95, "field_6": null, "field_7": null }, "geometry": { "type": "Point", "coordinates": [ -63.344186420836202, -33.572901684878708 ] } },
{ "type": "Feature", "properties": { "field_1": 8, "field_2": "2-52-8-CBA", "field_3": "pedania_la_carlota_cordoba", "field_4": 4470955.81, "field_5": 6287274.17, "field_6": null, "field_7": null }, "geometry": { "type": "Point", "coordinates": [ -63.312773696055899, -33.558115854056112 ] } },
{ "type": "Feature", "properties": { "field_1": 9, "field_2": "2-52-9-CBA", "field_3": "pedania_la_carlota_cordoba", "field_4": 4468211.0, "field_5": 6279049.12, "field_6": null, "field_7": null }, "geometry": { "type": "Point", "coordinates": [ -63.342624728481127, -33.632192596400166 ] } },
{ "type": "Feature", "properties": { "field_1": 1, "field_2": "2-53-1-CBA", "field_3": "pedania_la_carlota_cordoba", "field_4": 4462923.78, "field_5": 6276212.67, "field_6": null, "field_7": null }, "geometry": { "type": "Point", "coordinates": [ -63.399727628098297, -33.657593923932403 ] } },
{ "type": "Feature", "properties": { "field_1": 10, "field_2": "2-53-10-CBA", "field_3": "pedania_la_carlota_cordoba", "field_4": 4466894.47, "field_5": 6269114.75, "field_6": null, "field_7": null }, "geometry": { "type": "Point", "coordinates": [ -63.357184234929932, -33.721716883110794 ] } },
{ "type": "Feature", "properties": { "field_1": 11, "field_2": "2-53-11-CBA", "field_3": "pedania_la_carlota_cordoba", "field_4": 4470720.97, "field_5": 6275658.85, "field_6": null, "field_7": null }, "geometry": { "type": "Point", "coordinates": [ -63.315684102869483, -33.662830217366228 ] } },
{ "type": "Feature", "properties": { "field_1": 12, "field_2": "2-53-12-CBA", "field_3": "pedania_la_carlota_cordoba", "field_4": 4468237.41, "field_5": 6270607.82, "field_6": null, "field_7": null }, "geometry": { "type": "Point", "coordinates": [ -63.342641731153037, -33.708297060461391 ] } },
{ "type": "Feature", "properties": { "field_1": 13, "field_2": "2-53-13-CBA", "field_3": "pedania_la_carlota_cordoba", "field_4": 4466392.78, "field_5": 6277370.86, "field_6": null, "field_7": null }, "geometry": { "type": "Point", "coordinates": [ -63.362284598632883, -33.647267371998964 ] } },
{ "type": "Feature", "properties": { "field_1": 14, "field_2": "2-53-14-CBA", "field_3": "pedania_la_carlota_cordoba", "field_4": 4464800.09, "field_5": 6276564.06, "field_6": null, "field_7": null }, "geometry": { "type": "Point", "coordinates": [ -63.379485257037899, -33.65448967965736 ] } },
{ "type": "Feature", "properties": { "field_1": 2, "field_2": "2-53-2-CBA", "field_3": "pedania_la_carlota_cordoba", "field_4": 4464511.75, "field_5": 6271805.85, "field_6": null, "field_7": null }, "geometry": { "type": "Point", "coordinates": [ -63.382783765370789, -33.697378150527179 ] } },
{ "type": "Feature", "properties": { "field_1": 3, "field_2": "2-53-3-CBA", "field_3": "pedania_la_carlota_cordoba", "field_4": 4464747.01, "field_5": 6268911.38, "field_6": null, "field_7": null }, "geometry": { "type": "Point", "coordinates": [ -63.380361287897273, -33.723481190926066 ] } },
{ "type": "Feature", "properties": { "field_1": 4, "field_2": "2-53-4-CBA", "field_3": "pedania_la_carlota_cordoba", "field_4": 4465734.68, "field_5": 6274202.91, "field_6": null, "field_7": null }, "geometry": { "type": "Point", "coordinates": [ -63.369500804449295, -33.675807417466849 ] } },
{ "type": "Feature", "properties": { "field_1": 5, "field_2": "2-53-5-CBA", "field_3": "pedania_la_carlota_cordoba", "field_4": 4467658.94, "field_5": 6276710.5, "field_6": null, "field_7": null }, "geometry": { "type": "Point", "coordinates": [ -63.348659732639966, -33.653260192014748 ] } },
{ "type": "Feature", "properties": { "field_1": 6, "field_2": "2-53-6-CBA", "field_3": "pedania_la_carlota_cordoba", "field_4": 4467754.84, "field_5": 6273299.9, "field_6": null, "field_7": null }, "geometry": { "type": "Point", "coordinates": [ -63.347749601848889, -33.684011817678361 ] } },
{ "type": "Feature", "properties": { "field_1": 7, "field_2": "2-53-7-CBA", "field_3": "pedania_la_carlota_cordoba", "field_4": 4470409.21, "field_5": 6271835.81, "field_6": null, "field_7": null }, "geometry": { "type": "Point", "coordinates": [ -63.319172745660055, -33.697288745562474 ] } },
{ "type": "Feature", "properties": { "field_1": 8, "field_2": "2-53-8-CBA", "field_3": "pedania_la_carlota_cordoba", "field_4": 4461755.8, "field_5": 6269495.82, "field_6": null, "field_7": null }, "geometry": { "type": "Point", "coordinates": [ -63.412608820737475, -33.718108569853619 ] } },
{ "type": "Feature", "properties": { "field_1": 9, "field_2": "2-53-9-CBA", "field_3": "pedania_la_carlota_cordoba", "field_4": 4462696.12, "field_5": 6273533.53, "field_6": null, "field_7": null }, "geometry": { "type": "Point", "coordinates": [ -63.402294458778499, -33.681739948423946 ] } },
{ "type": "Feature", "properties": { "field_1": 1, "field_2": "2-54-1-CBA", "field_3": "pedania_la_carlota_cordoba", "field_4": 4467078.55, "field_5": 6261761.32, "field_6": null, "field_7": null }, "geometry": { "type": "Point", "coordinates": [ -63.355471688663975, -33.788017447716484 ] } },
{ "type": "Feature", "properties": { "field_1": 2, "field_2": "2-54-2-CBA", "field_3": "pedania_la_carlota_cordoba", "field_4": 4464163.07, "field_5": 6263622.35, "field_6": null, "field_7": null }, "geometry": { "type": "Point", "coordinates": [ -63.386875599054534, -33.771144757307148 ] } },
{ "type": "Feature", "properties": { "field_1": 3, "field_2": "2-54-3-CBA", "field_3": "pedania_la_carlota_cordoba", "field_4": 4462331.55, "field_5": 6267085.26, "field_6": null, "field_7": null }, "geometry": { "type": "Point", "coordinates": [ -63.406499788413733, -33.73986152585254 ] } },
{ "type": "Feature", "properties": { "field_1": 4, "field_2": "2-54-4-CBA", "field_3": "pedania_la_carlota_cordoba", "field_4": 4463820.31, "field_5": 6265910.26, "field_6": null, "field_7": null }, "geometry": { "type": "Point", "coordinates": [ -63.390482210748232, -33.750506556641177 ] } },
{ "type": "Feature", "properties": { "field_1": 5, "field_2": "2-54-5-CBA", "field_3": "pedania_la_carlota_cordoba", "field_4": 4462024.09, "field_5": 6258870.73, "field_6": null, "field_7": null }, "geometry": { "type": "Point", "coordinates": [ -63.410170475717621, -33.813907902872899 ] } },
{ "type": "Feature", "properties": { "field_1": 6, "field_2": "2-54-6-CBA", "field_3": "pedania_la_carlota_cordoba", "field_4": 4461672.49, "field_5": 6264591.19, "field_6": null, "field_7": null }, "geometry": { "type": "Point", "coordinates": [ -63.413719831277696, -33.762323050659283 ] } },
{ "type": "Feature", "properties": { "field_1": 1, "field_2": "2-6-1-CBA", "field_3": "pedania_la_carlota_cordoba", "field_4": 4444884.41, "field_5": 6304668.83, "field_6": null, "field_7": null }, "geometry": { "type": "Point", "coordinates": [ -63.592453756752768, -33.400265077031648 ] } },
{ "type": "Feature", "properties": { "field_1": 2, "field_2": "2-6-2-CBA", "field_3": "pedania_la_carlota_cordoba", "field_4": 4444502.13, "field_5": 6298456.99, "field_6": null, "field_7": null }, "geometry": { "type": "Point", "coordinates": [ -63.59694603454772, -33.456249218061551 ] } },
{ "type": "Feature", "properties": { "field_1": 3, "field_2": "2-6-3-CBA", "field_3": "pedania_la_carlota_cordoba", "field_4": 4448270.4, "field_5": 6300708.71, "field_6": null, "field_7": null }, "geometry": { "type": "Point", "coordinates": [ -63.556286015834758, -33.436136913481 ] } },
{ "type": "Feature", "properties": { "field_1": 4, "field_2": "2-6-4-CBA", "field_3": "pedania_la_carlota_cordoba", "field_4": 4447802.69, "field_5": 6304534.4, "field_6": null, "field_7": null }, "geometry": { "type": "Point", "coordinates": [ -63.561093528648442, -33.40162286867384 ] } },
{ "type": "Feature", "properties": { "field_1": 5, "field_2": "2-6-5-CBA", "field_3": "pedania_la_carlota_cordoba", "field_4": 4444671.62, "field_5": 6299213.97, "field_6": null, "field_7": null }, "geometry": { "type": "Point", "coordinates": [ -63.595076441503387, -33.449433333761903 ] } },
{ "type": "Feature", "properties": { "field_1": 6, "field_2": "2-6-6-CBA", "field_3": "pedania_la_carlota_cordoba", "field_4": 4447476.49, "field_5": 6302495.51, "field_6": null, "field_7": null }, "geometry": { "type": "Point", "coordinates": [ -63.564718794489146, -33.419989056279277 ] } },
{ "type": "Feature", "properties": { "field_1": 7, "field_2": "2-6-7-CBA", "field_3": "pedania_la_carlota_cordoba", "field_4": 4447930.73, "field_5": 6302854.54, "field_6": null, "field_7": null }, "geometry": { "type": "Point", "coordinates": [ -63.559814373446159, -33.41677427416726 ] } },
{ "type": "Feature", "properties": { "field_1": 8, "field_2": "2-6-8-CBA", "field_3": "pedania_la_carlota_cordoba", "field_4": 4447842.75, "field_5": 6304204.63, "field_6": null, "field_7": null }, "geometry": { "type": "Point", "coordinates": [ -63.560682021028889, -33.404597939815162 ] } },
{ "type": "Feature", "properties": { "field_1": 1, "field_2": "2-7-1-CBA", "field_3": "pedania_la_carlota_cordoba", "field_4": 4450235.4, "field_5": 6293380.64, "field_6": null, "field_7": null }, "geometry": { "type": "Point", "coordinates": [ -63.535562051196763, -33.502297532313776 ] } },
{ "type": "Feature", "properties": { "field_1": 2, "field_2": "2-7-2-CBA", "field_3": "pedania_la_carlota_cordoba", "field_4": 4446266.88, "field_5": 6294016.39, "field_6": null, "field_7": null }, "geometry": { "type": "Point", "coordinates": [ -63.578230828720862, -33.496373910472997 ] } },
{ "type": "Feature", "properties": { "field_1": 3, "field_2": "2-7-3-CBA", "field_3": "pedania_la_carlota_cordoba", "field_4": 4444860.96, "field_5": 6295374.7, "field_6": null, "field_7": null }, "geometry": { "type": "Point", "coordinates": [ -63.593275905054746, -33.484056444215717 ] } },
{ "type": "Feature", "properties": { "field_1": 4, "field_2": "2-7-4-CBA", "field_3": "pedania_la_carlota_cordoba", "field_4": 4443838.72, "field_5": 6297242.74, "field_6": null, "field_7": null }, "geometry": { "type": "Point", "coordinates": [ -63.604157374012658, -33.467161846832788 ] } },
{ "type": "Feature", "properties": { "field_1": 5, "field_2": "2-7-5-CBA", "field_3": "pedania_la_carlota_cordoba", "field_4": 4447258.31, "field_5": 6290501.57, "field_6": null, "field_7": null }, "geometry": { "type": "Point", "coordinates": [ -63.567769317376708, -33.52811138668325 ] } },
{ "type": "Feature", "properties": { "field_1": 6, "field_2": "2-7-6-CBA", "field_3": "pedania_la_carlota_cordoba", "field_4": 4443444.53, "field_5": 6290523.98, "field_6": null, "field_7": null }, "geometry": { "type": "Point", "coordinates": [ -63.608821531214787, -33.527714344535767 ] } },
{ "type": "Feature", "properties": { "field_1": 7, "field_2": "2-7-7-CBA", "field_3": "pedania_la_carlota_cordoba", "field_4": 4449499.53, "field_5": 6290406.35, "field_6": null, "field_7": null }, "geometry": { "type": "Point", "coordinates": [ -63.543648782688329, -33.529078101318106 ] } },
{ "type": "Feature", "properties": { "field_1": 1, "field_2": "2-72-1-CBA", "field_3": "pedania_la_carlota_cordoba", "field_4": 4472751.39, "field_5": 6308004.4, "field_6": null, "field_7": null }, "geometry": { "type": "Point", "coordinates": [ -63.29280852734302, -33.371259906292984 ] } },
{ "type": "Feature", "properties": { "field_1": 1, "field_2": "2-73-1-CBA", "field_3": "pedania_la_carlota_cordoba", "field_4": 4481107.12, "field_5": 6293029.34, "field_6": null, "field_7": null }, "geometry": { "type": "Point", "coordinates": [ -63.203335203637167, -33.506455502959241 ] } },
{ "type": "Feature", "properties": { "field_1": 2, "field_2": "2-73-2-CBA", "field_3": "pedania_la_carlota_cordoba", "field_4": 4477359.86, "field_5": 6294003.96, "field_6": null, "field_7": null }, "geometry": { "type": "Point", "coordinates": [ -63.243639959517125, -33.497595615960158 ] } },
{ "type": "Feature", "properties": { "field_1": 1, "field_2": "2-74-1-CBA", "field_3": "pedania_la_carlota_cordoba", "field_4": 4475143.89, "field_5": 6285293.07, "field_6": null, "field_7": null }, "geometry": { "type": "Point", "coordinates": [ -63.267728549944017, -33.576082878371444 ] } },
{ "type": "Feature", "properties": { "field_1": 2, "field_2": "2-74-2-CBA", "field_3": "pedania_la_carlota_cordoba", "field_4": 4473686.15, "field_5": 6280730.81, "field_6": null, "field_7": null }, "geometry": { "type": "Point", "coordinates": [ -63.283564378137115, -33.617180309789127 ] } },
{ "type": "Feature", "properties": { "field_1": 3, "field_2": "2-74-3-CBA", "field_3": "pedania_la_carlota_cordoba", "field_4": 4472308.23, "field_5": 6280987.07, "field_6": null, "field_7": null }, "geometry": { "type": "Point", "coordinates": [ -63.298404953408841, -33.614835001956948 ] } },
{ "type": "Feature", "properties": { "field_1": 4, "field_2": "2-74-4-CBA", "field_3": "pedania_la_carlota_cordoba", "field_4": 4479904.64, "field_5": 6286191.29, "field_6": null, "field_7": null }, "geometry": { "type": "Point", "coordinates": [ -63.216430333240368, -33.568084938653655 ] } },
{ "type": "Feature", "properties": { "field_1": 5, "field_2": "2-74-5-CBA", "field_3": "pedania_la_carlota_cordoba", "field_4": 4476636.49, "field_5": 6287837.82, "field_6": null, "field_7": null }, "geometry": { "type": "Point", "coordinates": [ -63.251585250871422, -33.553173493023529 ] } },
{ "type": "Feature", "properties": { "field_1": 6, "field_2": "2-74-6-CBA", "field_3": "pedania_la_carlota_cordoba", "field_4": 4473923.55, "field_5": 6283659.23, "field_6": null, "field_7": null }, "geometry": { "type": "Point", "coordinates": [ -63.280920508883831, -33.590784145400107 ] } },
{ "type": "Feature", "properties": { "field_1": 1, "field_2": "2-75-1-CBA", "field_3": "pedania_la_carlota_cordoba", "field_4": 4476771.93, "field_5": 6270665.05, "field_6": null, "field_7": null }, "geometry": { "type": "Point", "coordinates": [ -63.250574712774153, -33.70800215297163 ] } },
{ "type": "Feature", "properties": { "field_1": 2, "field_2": "2-75-2-CBA", "field_3": "pedania_la_carlota_cordoba", "field_4": 4472393.97, "field_5": 6277275.69, "field_6": null, "field_7": null }, "geometry": { "type": "Point", "coordinates": [ -63.297596089440347, -33.648298029807023 ] } },
{ "type": "Feature", "properties": { "field_1": 3, "field_2": "2-75-3-CBA", "field_3": "pedania_la_carlota_cordoba", "field_4": 4474625.49, "field_5": 6274922.25, "field_6": null, "field_7": null }, "geometry": { "type": "Point", "coordinates": [ -63.273607588760797, -33.669571522857922 ] } },
{ "type": "Feature", "properties": { "field_1": 4, "field_2": "2-75-4-CBA", "field_3": "pedania_la_carlota_cordoba", "field_4": 4477704.59, "field_5": 6276831.54, "field_6": null, "field_7": null }, "geometry": { "type": "Point", "coordinates": [ -63.240358959062753, -33.652426915606696 ] } },
{ "type": "Feature", "properties": { "field_1": 5, "field_2": "2-75-5-CBA", "field_3": "pedania_la_carlota_cordoba", "field_4": 4475486.37, "field_5": 6277139.84, "field_6": null, "field_7": null }, "geometry": { "type": "Point", "coordinates": [ -63.264263932667532, -33.649598562143211 ] } },
{ "type": "Feature", "properties": { "field_1": 1, "field_2": "2-76-1-CBA", "field_3": "pedania_la_carlota_cordoba", "field_4": 4475232.02, "field_5": 6265329.59, "field_6": null, "field_7": null }, "geometry": { "type": "Point", "coordinates": [ -63.2673354819878, -33.756069753385695 ] } },
{ "type": "Feature", "properties": { "field_1": 2, "field_2": "2-76-2-CBA", "field_3": "pedania_la_carlota_cordoba", "field_4": 4473209.0, "field_5": 6265224.99, "field_6": null, "field_7": null }, "geometry": { "type": "Point", "coordinates": [ -63.289173929616105, -33.756963562710077 ] } },
{ "type": "Feature", "properties": { "field_1": 1, "field_2": "2-8-1-CBA", "field_3": "pedania_la_carlota_cordoba", "field_4": 4445410.59, "field_5": 6287034.37, "field_6": null, "field_7": null }, "geometry": { "type": "Point", "coordinates": [ -63.587870854173353, -33.559277167809284 ] } },
{ "type": "Feature", "properties": { "field_1": 2, "field_2": "2-8-2-CBA", "field_3": "pedania_la_carlota_cordoba", "field_4": 4448726.55, "field_5": 6287728.93, "field_6": null, "field_7": null }, "geometry": { "type": "Point", "coordinates": [ -63.552123188327428, -33.553179749986647 ] } },
{ "type": "Feature", "properties": { "field_1": 3, "field_2": "2-8-3-CBA", "field_3": "pedania_la_carlota_cordoba", "field_4": 4449818.81, "field_5": 6287132.39, "field_6": null, "field_7": null }, "geometry": { "type": "Point", "coordinates": [ -63.540395490959725, -33.558609783695935 ] } },
{ "type": "Feature", "properties": { "field_1": 4, "field_2": "2-8-4-CBA", "field_3": "pedania_la_carlota_cordoba", "field_4": 4449446.32, "field_5": 6284452.17, "field_6": null, "field_7": null }, "geometry": { "type": "Point", "coordinates": [ -63.544558312622854, -33.582755821509274 ] } },
{ "type": "Feature", "properties": { "field_1": 5, "field_2": "2-8-5-CBA", "field_3": "pedania_la_carlota_cordoba", "field_4": 4451042.69, "field_5": 6284410.16, "field_6": null, "field_7": null }, "geometry": { "type": "Point", "coordinates": [ -63.527365405447753, -33.583209034801271 ] } },
{ "type": "Feature", "properties": { "field_1": 6, "field_2": "2-8-6-CBA", "field_3": "pedania_la_carlota_cordoba", "field_4": 4441989.59, "field_5": 6284877.87, "field_6": null, "field_7": null }, "geometry": { "type": "Point", "coordinates": [ -63.624849523959107, -33.578538473223929 ] } },
{ "type": "Feature", "properties": { "field_1": 7, "field_2": "2-8-7-CBA", "field_3": "pedania_la_carlota_cordoba", "field_4": 4449699.78, "field_5": 6283155.47, "field_6": null, "field_7": null }, "geometry": { "type": "Point", "coordinates": [ -63.54190127112728, -33.594458217827096 ] } },
{ "type": "Feature", "properties": { "field_1": 8, "field_2": "2-8-8-CBA", "field_3": "pedania_la_carlota_cordoba", "field_4": 4451156.12, "field_5": 6279296.18, "field_6": null, "field_7": null }, "geometry": { "type": "Point", "coordinates": [ -63.526423726132357, -33.629319363045354 ] } },
{ "type": "Feature", "properties": { "field_1": 9, "field_2": "2-8-9-CBA", "field_3": "pedania_la_carlota_cordoba", "field_4": 4444905.07, "field_5": 6279282.18, "field_6": null, "field_7": null }, "geometry": { "type": "Point", "coordinates": [ -63.593793214732848, -33.629140460577979 ] } },
{ "type": "Feature", "properties": { "field_1": 1, "field_2": "2-9-1-CBA", "field_3": "pedania_la_carlota_cordoba", "field_4": 4449108.84, "field_5": 6278055.49, "field_6": null, "field_7": null }, "geometry": { "type": "Point", "coordinates": [ -63.548558630516204, -33.640408833110769 ] } },
{ "type": "Feature", "properties": { "field_1": 10, "field_2": "2-9-10-CBA", "field_3": "pedania_la_carlota_cordoba", "field_4": 4447186.2, "field_5": 6277008.05, "field_6": null, "field_7": null }, "geometry": { "type": "Point", "coordinates": [ -63.569344091216642, -33.649758235900791 ] } },
{ "type": "Feature", "properties": { "field_1": 2, "field_2": "2-9-2-CBA", "field_3": "pedania_la_carlota_cordoba", "field_4": 4445885.3, "field_5": 6275632.93, "field_6": null, "field_7": null }, "geometry": { "type": "Point", "coordinates": [ -63.583451062397415, -33.662090046872187 ] } },
{ "type": "Feature", "properties": { "field_1": 3, "field_2": "2-9-3-CBA", "field_3": "pedania_la_carlota_cordoba", "field_4": 4448123.01, "field_5": 6274677.91, "field_6": null, "field_7": null }, "geometry": { "type": "Point", "coordinates": [ -63.559381460596811, -33.670811425555911 ] } },
{ "type": "Feature", "properties": { "field_1": 4, "field_2": "2-9-4-CBA", "field_3": "pedania_la_carlota_cordoba", "field_4": 4441603.11, "field_5": 6273924.54, "field_6": null, "field_7": null }, "geometry": { "type": "Point", "coordinates": [ -63.629730310724099, -33.677265076961525 ] } },
{ "type": "Feature", "properties": { "field_1": 5, "field_2": "2-9-5-CBA", "field_3": "pedania_la_carlota_cordoba", "field_4": 4442188.44, "field_5": 6271737.23, "field_6": null, "field_7": null }, "geometry": { "type": "Point", "coordinates": [ -63.6235610556122, -33.697016193217635 ] } },
{ "type": "Feature", "properties": { "field_1": 6, "field_2": "2-9-6-CBA", "field_3": "pedania_la_carlota_cordoba", "field_4": 4445668.25, "field_5": 6270642.18, "field_6": null, "field_7": null }, "geometry": { "type": "Point", "coordinates": [ -63.586096402464321, -33.70707209892138 ] } },
{ "type": "Feature", "properties": { "field_1": 7, "field_2": "2-9-7-CBA", "field_3": "pedania_la_carlota_cordoba", "field_4": 4447967.58, "field_5": 6270073.65, "field_6": null, "field_7": null }, "geometry": { "type": "Point", "coordinates": [ -63.56132717165962, -33.712312757661302 ] } },
{ "type": "Feature", "properties": { "field_1": 8, "field_2": "2-9-8-CBA", "field_3": "pedania_la_carlota_cordoba", "field_4": 4444783.24, "field_5": 6274190.6, "field_6": null, "field_7": null }, "geometry": { "type": "Point", "coordinates": [ -63.595422197292024, -33.675036446308063 ] } },
{ "type": "Feature", "properties": { "field_1": 1, "field_2": "2-95-1-CBA", "field_3": "pedania_la_carlota_cordoba", "field_4": 4482417.83, "field_5": 6296748.6, "field_6": null, "field_7": null }, "geometry": { "type": "Point", "coordinates": [ -63.189155915066067, -33.472944964861732 ] } },
{ "type": "Feature", "properties": { "field_1": 2, "field_2": "2-95-2-CBA", "field_3": "pedalnia_loboy_cordoba", "field_4": 4489440.52, "field_5": 6290617.19, "field_6": null, "field_7": null }, "geometry": { "type": "Point", "coordinates": [ -63.113676127960176, -33.528318182608096 ] } },
{ "type": "Feature", "properties": { "field_1": 1, "field_2": "2-96-1-CBA", "field_3": "pedania_la_carlota_cordoba", "field_4": 4484006.89, "field_5": 6286407.64, "field_6": null, "field_7": null }, "geometry": { "type": "Point", "coordinates": [ -63.172245093357816, -33.566203712367574 ] } },
{ "type": "Feature", "properties": { "field_1": 2, "field_2": "2-96-2-CBA", "field_3": "pedalnia_loboy_cordoba", "field_4": 4488422.11, "field_5": 6282320.09, "field_6": null, "field_7": null }, "geometry": { "type": "Point", "coordinates": [ -63.124746969618933, -33.603113685753442 ] } },
{ "type": "Feature", "properties": { "field_1": 3, "field_2": "2-96-3-CBA", "field_3": "pedania_la_carlota_cordoba", "field_4": 4482195.9, "field_5": 6282719.57, "field_6": null, "field_7": null }, "geometry": { "type": "Point", "coordinates": [ -63.191822651535638, -33.599426207873549 ] } },
{ "type": "Feature", "properties": { "field_1": 4, "field_2": "2-96-4-CBA", "field_3": "pedalnia_loboy_cordoba", "field_4": 4486963.95, "field_5": 6279880.18, "field_6": null, "field_7": null }, "geometry": { "type": "Point", "coordinates": [ -63.140493474214644, -33.625094711892892 ] } },
{ "type": "Feature", "properties": { "field_1": 5, "field_2": "2-96-5-CBA", "field_3": "pedalnia_loboy_cordoba", "field_4": 4486101.63, "field_5": 6282487.79, "field_6": null, "field_7": null }, "geometry": { "type": "Point", "coordinates": [ -63.149746160849944, -33.601573989723228 ] } },
{ "type": "Feature", "properties": { "field_1": 6, "field_2": "2-96-6-CBA", "field_3": "pedania_la_carlota_cordoba", "field_4": 4485083.34, "field_5": 6294595.19, "field_6": null, "field_7": null }, "geometry": { "type": "Point", "coordinates": [ -63.160515475855561, -33.49240062601509 ] } },
{ "type": "Feature", "properties": { "field_1": 1, "field_2": "2-97-1-CBA", "field_3": "pedalnia_loboy_cordoba", "field_4": 4487994.11, "field_5": 6273905.24, "field_6": null, "field_7": null }, "geometry": { "type": "Point", "coordinates": [ -63.12947191949285, -33.678975686941939 ] } },
{ "type": "Feature", "properties": { "field_1": 2, "field_2": "2-97-2-CBA", "field_3": "pedalnia_loboy_cordoba", "field_4": 4490250.62, "field_5": 6269902.28, "field_6": null, "field_7": null }, "geometry": { "type": "Point", "coordinates": [ -63.105181962845741, -33.715088438040041 ] } },
{ "type": "Feature", "properties": { "field_1": 1, "field_2": "2-98-1-CBA", "field_3": "pedalnia_loboy_cordoba", "field_4": 4485844.91, "field_5": 6267587.96, "field_6": null, "field_7": null }, "geometry": { "type": "Point", "coordinates": [ -63.152749385747349, -33.735903995136489 ] } },
{ "type": "Feature", "properties": { "field_1": 2, "field_2": "2-98-2-CBA", "field_3": "pedalnia_loboy_cordoba", "field_4": 4490427.53, "field_5": 6259097.96, "field_6": null, "field_7": null }, "geometry": { "type": "Point", "coordinates": [ -63.103390286565649, -33.812497958135381 ] } },
{ "type": "Feature", "properties": { "field_1": 1, "field_2": "20-351-1-BA", "field_3": "partido_general_pinto", "field_4": 4598154.53, "field_5": 6152668.77, "field_6": null, "field_7": null }, "geometry": { "type": "Point", "coordinates": [ -61.927834342948756, -34.767266904161133 ] } },
{ "type": "Feature", "properties": { "field_1": 2, "field_2": "20-351-2-BA", "field_3": "partido_general_pinto", "field_4": 4593822.86, "field_5": 6151235.62, "field_6": null, "field_7": null }, "geometry": { "type": "Point", "coordinates": [ -61.974983713315943, -34.780590936632166 ] } },
{ "type": "Feature", "properties": { "field_1": 3, "field_2": "20-351-3-BA", "field_3": "partido_general_pinto", "field_4": 4597462.11, "field_5": 6157644.55, "field_6": null, "field_7": null }, "geometry": { "type": "Point", "coordinates": [ -61.935971900564645, -34.722488285131092 ] } },
{ "type": "Feature", "properties": { "field_1": 4, "field_2": "20-351-4-BA", "field_3": "partido_general_pinto", "field_4": 4592132.06, "field_5": 6155277.44, "field_6": null, "field_7": null }, "geometry": { "type": "Point", "coordinates": [ -61.993895310092064, -34.744316975941665 ] } },
{ "type": "Feature", "properties": { "field_1": 5, "field_2": "20-351-5-BA", "field_3": "partido_general_pinto", "field_4": 4594209.33, "field_5": 6156299.97, "field_6": null, "field_7": null }, "geometry": { "type": "Point", "coordinates": [ -61.971328411720648, -34.734911659571381 ] } },
{ "type": "Feature", "properties": { "field_1": 6, "field_2": "20-351-6-BA", "field_3": "partido_general_pinto", "field_4": 4598375.94, "field_5": 6150096.34, "field_6": null, "field_7": null }, "geometry": { "type": "Point", "coordinates": [ -61.925115519506065, -34.790429797420025 ] } },
{ "type": "Feature", "properties": { "field_1": 1, "field_2": "20-352-1-BA", "field_3": "partido_general_pinto", "field_4": 4599571.58, "field_5": 6148095.56, "field_6": null, "field_7": null }, "geometry": { "type": "Point", "coordinates": [ -61.911816713669239, -34.808345773085144 ] } },
{ "type": "Feature", "properties": { "field_1": 2, "field_2": "20-352-2-BA", "field_3": "partido_general_pinto", "field_4": 4593150.57, "field_5": 6144331.52, "field_6": null, "field_7": null }, "geometry": { "type": "Point", "coordinates": [ -61.981562100501627, -34.842877051842805 ] } },
{ "type": "Feature", "properties": { "field_1": 3, "field_2": "20-352-3-BA", "field_3": "partido_general_pinto", "field_4": 4595179.53, "field_5": 6138502.29, "field_6": null, "field_7": null }, "geometry": { "type": "Point", "coordinates": [ -61.95872000390132, -34.89522546109928 ] } },
{ "type": "Feature", "properties": { "field_1": 4, "field_2": "20-352-4-BA", "field_3": "partido_general_pinto", "field_4": 4592530.61, "field_5": 6140015.96, "field_6": null, "field_7": null }, "geometry": { "type": "Point", "coordinates": [ -61.987862929191039, -34.881828156139505 ] } },
{ "type": "Feature", "properties": { "field_1": 5, "field_2": "20-352-5-BA", "field_3": "partido_general_pinto", "field_4": 4596999.15, "field_5": 6143542.48, "field_6": null, "field_7": null }, "geometry": { "type": "Point", "coordinates": [ -61.939399588935288, -34.849628726121189 ] } },
{ "type": "Feature", "properties": { "field_1": 6, "field_2": "20-352-6-BA", "field_3": "partido_general_pinto", "field_4": 4597361.46, "field_5": 6145362.1, "field_6": null, "field_7": null }, "geometry": { "type": "Point", "coordinates": [ -61.935649790963708, -34.833194773930053 ] } },
{ "type": "Feature", "properties": { "field_1": 7, "field_2": "20-352-7-BA", "field_3": "partido_general_pinto", "field_4": 4595300.3, "field_5": 6145466.77, "field_6": null, "field_7": null }, "geometry": { "type": "Point", "coordinates": [ -61.958190863526433, -34.832446469581328 ] } },
{ "type": "Feature", "properties": { "field_1": 1, "field_2": "20-372-1-BA", "field_3": "partido_general_pinto", "field_4": 4606604.5, "field_5": 6150990.05, "field_6": null, "field_7": null }, "geometry": { "type": "Point", "coordinates": [ -61.83533676409558, -34.781548323844412 ] } },
{ "type": "Feature", "properties": { "field_1": 2, "field_2": "20-372-2-BA", "field_3": "partido_general_pinto", "field_4": 4608327.51, "field_5": 6151199.39, "field_6": null, "field_7": null }, "geometry": { "type": "Point", "coordinates": [ -61.81654317960696, -34.779480163453066 ] } },
{ "type": "Feature", "properties": { "field_1": 3, "field_2": "20-372-3-BA", "field_3": "partido_general_pinto", "field_4": 4608408.02, "field_5": 6154444.11, "field_6": null, "field_7": null }, "geometry": { "type": "Point", "coordinates": [ -61.816081431961138, -34.750229371004671 ] } },
{ "type": "Feature", "properties": { "field_1": 1, "field_2": "20-374-1-BA", "field_3": "partido_general_pinto", "field_4": 4606086.69, "field_5": 6147929.94, "field_6": null, "field_7": null }, "geometry": { "type": "Point", "coordinates": [ -61.840606834145426, -34.809180907483714 ] } },
{ "type": "Feature", "properties": { "field_1": 1, "field_2": "20-395-1-BA", "field_3": "partido_general_pinto", "field_4": 4612401.53, "field_5": 6156416.71, "field_6": null, "field_7": null }, "geometry": { "type": "Point", "coordinates": [ -61.772740093465927, -34.73202024844921 ] } },
{ "type": "Feature", "properties": { "field_1": 2, "field_2": "20-395-2-BA", "field_3": "partido_general_pinto", "field_4": 4618257.4, "field_5": 6152461.26, "field_6": null, "field_7": null }, "geometry": { "type": "Point", "coordinates": [ -61.708261561585942, -34.767005508679837 ] } },
{ "type": "Feature", "properties": { "field_1": 3, "field_2": "20-395-3-BA", "field_3": "partido_general_pinto", "field_4": 4616142.28, "field_5": 6154205.77, "field_6": null, "field_7": null }, "geometry": { "type": "Point", "coordinates": [ -61.73160071311974, -34.75152693036911 ] } },
{ "type": "Feature", "properties": { "field_1": 4, "field_2": "20-395-4-BA", "field_3": "partido_general_pinto", "field_4": 4616269.56, "field_5": 6150306.83, "field_6": null, "field_7": null }, "geometry": { "type": "Point", "coordinates": [ -61.729672629284451, -34.786649524555045 ] } },
{ "type": "Feature", "properties": { "field_1": 5, "field_2": "20-395-5-BA", "field_3": "partido_general_pinto", "field_4": 4616039.33, "field_5": 6151711.61, "field_6": null, "field_7": null }, "geometry": { "type": "Point", "coordinates": [ -61.732381202059891, -34.77401594308445 ] } },
{ "type": "Feature", "properties": { "field_1": 1, "field_2": "20-396-1-BA", "field_3": "partido_lincoln", "field_4": 4614004.7, "field_5": 6139912.78, "field_6": null, "field_7": null }, "geometry": { "type": "Point", "coordinates": [ -61.75300092724504, -34.88057582415631 ] } },
{ "type": "Feature", "properties": { "field_1": 2, "field_2": "20-396-2-BA", "field_3": "partido_lincoln", "field_4": 4616789.92, "field_5": 6143057.39, "field_6": null, "field_7": null }, "geometry": { "type": "Point", "coordinates": [ -61.722980626938195, -34.851921000697018 ] } },
{ "type": "Feature", "properties": { "field_1": 3, "field_2": "20-396-3-BA", "field_3": "partido_lincoln", "field_4": 4618972.43, "field_5": 6140859.91, "field_6": null, "field_7": null }, "geometry": { "type": "Point", "coordinates": [ -61.69880982743507, -34.871471160747348 ] } },
{ "type": "Feature", "properties": { "field_1": 4, "field_2": "20-396-4-BA", "field_3": "partido_general_pinto", "field_4": 4612616.77, "field_5": 6144788.79, "field_6": null, "field_7": null }, "geometry": { "type": "Point", "coordinates": [ -61.768834185443573, -34.836788187138808 ] } },
{ "type": "Feature", "properties": { "field_1": 5, "field_2": "20-396-5-BA", "field_3": "partido_lincoln", "field_4": 4618914.4, "field_5": 6147259.55, "field_6": null, "field_7": null }, "geometry": { "type": "Point", "coordinates": [ -61.700351363502115, -34.813806049688736 ] } },
{ "type": "Feature", "properties": { "field_1": 1, "field_2": "20-417-1-BA", "field_3": "partido_lincoln", "field_4": 4626521.35, "field_5": 6152283.44, "field_6": null, "field_7": null }, "geometry": { "type": "Point", "coordinates": [ -61.617989196039645, -34.767616902237826 ] } },
{ "type": "Feature", "properties": { "field_1": 1, "field_2": "20-419-1-BA", "field_3": "partido_lincoln", "field_4": 4626678.58, "field_5": 6141558.08, "field_6": null, "field_7": null }, "geometry": { "type": "Point", "coordinates": [ -61.614655005799648, -34.864248645399599 ] } },
{ "type": "Feature", "properties": { "field_1": 2, "field_2": "20-419-2-BA", "field_3": "partido_lincoln", "field_4": 4622259.29, "field_5": 6139974.08, "field_6": null, "field_7": null }, "geometry": { "type": "Point", "coordinates": [ -61.662740982724046, -34.879063899565061 ] } },
{ "type": "Feature", "properties": { "field_1": 3, "field_2": "20-419-3-BA", "field_3": "partido_lincoln", "field_4": 4630843.32, "field_5": 6141449.05, "field_6": null, "field_7": null }, "geometry": { "type": "Point", "coordinates": [ -61.569105116585824, -34.864703795111616 ] } },
{ "type": "Feature", "properties": { "field_1": 1, "field_2": "20-439-1-BA", "field_3": "partido_lincoln", "field_4": 4632099.29, "field_5": 6155034.97, "field_6": null, "field_7": null }, "geometry": { "type": "Point", "coordinates": [ -61.557508552674307, -34.742115185993953 ] } },
{ "type": "Feature", "properties": { "field_1": 2, "field_2": "20-439-2-BA", "field_3": "partido_lincoln", "field_4": 4633031.44, "field_5": 6153410.25, "field_6": null, "field_7": null }, "geometry": { "type": "Point", "coordinates": [ -61.547076163290811, -34.756635058115478 ] } },
{ "type": "Feature", "properties": { "field_1": 3, "field_2": "20-439-3-BA", "field_3": "partido_lincoln", "field_4": 4635292.56, "field_5": 6150041.03, "field_6": null, "field_7": null }, "geometry": { "type": "Point", "coordinates": [ -61.521846801547575, -34.786698535140616 ] } },
{ "type": "Feature", "properties": { "field_1": 1, "field_2": "21-486-1-SF", "field_3": "municipio_sandford", "field_4": 4662255.62, "field_5": 6329241.6, "field_6": null, "field_7": null }, "geometry": { "type": "Point", "coordinates": [ -61.26058308546785, -33.167971164250062 ] } },
{ "type": "Feature", "properties": { "field_1": 2, "field_2": "21-486-2-SF", "field_3": "municipio_sandford", "field_4": 4664735.7, "field_5": 6329687.52, "field_6": null, "field_7": null }, "geometry": { "type": "Point", "coordinates": [ -61.234087520115722, -33.163578244998796 ] } },
{ "type": "Feature", "properties": { "field_1": 1, "field_2": "21-531-1-SF", "field_3": "municipio_fuentes", "field_4": 4685495.82, "field_5": 6328855.16, "field_6": null, "field_7": null }, "geometry": { "type": "Point", "coordinates": [ -61.01148613924309, -33.167724758805726 ] } },
{ "type": "Feature", "properties": { "field_1": 1, "field_2": "21-532-1-SF", "field_3": "municipio_fuentes", "field_4": 4682823.64, "field_5": 6321284.62, "field_6": null, "field_7": null }, "geometry": { "type": "Point", "coordinates": [ -61.038596074683284, -33.236398368268148 ] } },
{ "type": "Feature", "properties": { "field_1": 1, "field_2": "22-447-1-SF", "field_3": "distrito_miguel_torres", "field_4": 4645157.71, "field_5": 6291409.7, "field_6": null, "field_7": null }, "geometry": { "type": "Point", "coordinates": [ -61.437736829915096, -33.511372702888409 ] } },
{ "type": "Feature", "properties": { "field_1": 2, "field_2": "22-447-2-SF", "field_3": "distrito_miguel_torres", "field_4": 4651166.12, "field_5": 6289933.84, "field_6": "Cañada del Bagual", "field_7": null }, "geometry": { "type": "Point", "coordinates": [ -61.372844327693784, -33.523841442811353 ] } },
{ "type": "Feature", "properties": { "field_1": 3, "field_2": "22-447-3-SF", "field_3": "distrito_miguel_torres", "field_4": 4646929.92, "field_5": 6289753.36, "field_6": null, "field_7": null }, "geometry": { "type": "Point", "coordinates": [ -61.418397945060015, -33.526058612562537 ] } },
{ "type": "Feature", "properties": { "field_1": 2, "field_2": "22-448-2-SF", "field_3": "distrito_carreras", "field_4": 4648164.54, "field_5": 6278608.83, "field_6": null, "field_7": null }, "geometry": { "type": "Point", "coordinates": [ -61.403263769323338, -33.626327456363988 ] } },
{ "type": "Feature", "properties": { "field_1": 1, "field_2": "22-449-1-SF", "field_3": "distrito_carreras", "field_4": 4649981.21, "field_5": 6271297.86, "field_6": null, "field_7": null }, "geometry": { "type": "Point", "coordinates": [ -61.382459940130275, -33.691961175139276 ] } },
{ "type": "Feature", "properties": { "field_1": 2, "field_2": "22-449-2-SF", "field_3": "distrito_carreras", "field_4": 4649780.27, "field_5": 6270055.04, "field_6": null, "field_7": null }, "geometry": { "type": "Point", "coordinates": [ -61.384416644074264, -33.703190017978649 ] } },
{ "type": "Feature", "properties": { "field_1": 3, "field_2": "22-449-3-SF", "field_3": "distrito_carreras", "field_4": 4648164.83, "field_5": 6270101.7, "field_6": null, "field_7": null }, "geometry": { "type": "Point", "coordinates": [ -61.401843205525999, -33.702996130406554 ] } },
{ "type": "Feature", "properties": { "field_1": 4, "field_2": "22-449-4-SF", "field_3": "distrito_chovet", "field_4": 4633792.92, "field_5": 6277528.66, "field_6": null, "field_7": null }, "geometry": { "type": "Point", "coordinates": [ -61.55793627929399, -33.63796554754947 ] } },
{ "type": "Feature", "properties": { "field_1": 5, "field_2": "22-449-5-SF", "field_3": "distrito_carreras", "field_4": 4650959.58, "field_5": 6271956.17, "field_6": null, "field_7": null }, "geometry": { "type": "Point", "coordinates": [ -61.372023855032033, -33.685889836548142 ] } },
{ "type": "Feature", "properties": { "field_1": 6, "field_2": "22-449-6-SF", "field_3": "distrito_carreras", "field_4": 4650446.75, "field_5": 6276789.85, "field_6": null, "field_7": null }, "geometry": { "type": "Point", "coordinates": [ -61.378370130573593, -33.642400569635875 ] } },
{ "type": "Feature", "properties": { "field_1": 7, "field_2": "22-449-7-SF", "field_3": "distrito_melincue", "field_4": 4645256.64, "field_5": 6277880.98, "field_6": null, "field_7": null }, "geometry": { "type": "Point", "coordinates": [ -61.434472586362908, -33.633287775520593 ] } },
{ "type": "Feature", "properties": { "field_1": 8, "field_2": "22-449-8-SF", "field_3": "distrito_carreras", "field_4": 4649137.4, "field_5": 6276806.22, "field_6": null, "field_7": null }, "geometry": { "type": "Point", "coordinates": [ -61.392481188028924, -33.642437309881203 ] } },
{ "type": "Feature", "properties": { "field_1": 1, "field_2": "22-469-1-SF", "field_3": "municipio_bombal", "field_4": 4653949.88, "field_5": 6290247.21, "field_6": null, "field_7": null }, "geometry": { "type": "Point", "coordinates": [ -61.342944540612464, -33.520620058708182 ] } },
{ "type": "Feature", "properties": { "field_1": 2, "field_2": "22-469-2-SF", "field_3": "municipio_bombal", "field_4": 4653298.26, "field_5": 6291155.82, "field_6": null, "field_7": null }, "geometry": { "type": "Point", "coordinates": [ -61.350111278470891, -33.51252504035191 ] } },
{ "type": "Feature", "properties": { "field_1": 1, "field_2": "22-471-1-SF", "field_3": "distrito_carreras", "field_4": 4651530.13, "field_5": 6271001.71, "field_6": null, "field_7": null }, "geometry": { "type": "Point", "coordinates": [ -61.365710269275858, -33.694410307202418 ] } },
{ "type": "Feature", "properties": { "field_1": 2, "field_2": "22-471-2-SF", "field_3": "distrito_carreras", "field_4": 4652804.98, "field_5": 6274980.23, "field_6": null, "field_7": null }, "geometry": { "type": "Point", "coordinates": [ -61.352649671811243, -33.658373080488218 ] } },
{ "type": "Feature", "properties": { "field_1": 3, "field_2": "22-471-3-SF", "field_3": "distrito_carreras", "field_4": 4651678.84, "field_5": 6273603.32, "field_6": null, "field_7": null }, "geometry": { "type": "Point", "coordinates": [ -61.364551110461392, -33.670943133960883 ] } },
{ "type": "Feature", "properties": { "field_1": 4, "field_2": "22-471-4-SF", "field_3": "distrito_carreras", "field_4": 4651690.64, "field_5": 6276195.19, "field_6": null, "field_7": null }, "geometry": { "type": "Point", "coordinates": [ -61.36486593085705, -33.647583186010777 ] } },
{ "type": "Feature", "properties": { "field_1": 1, "field_2": "22-538-1-SF", "field_3": "partido_colon", "field_4": 4690854.32, "field_5": 6266301.83, "field_6": null, "field_7": null }, "geometry": { "type": "Point", "coordinates": [ -60.940792487890015, -33.730419581729507 ] } },
{ "type": "Feature", "properties": { "field_1": 2, "field_2": "22-538-2-SF", "field_3": "partido_colon", "field_4": 4689949.15, "field_5": 6259875.91, "field_6": null, "field_7": null }, "geometry": { "type": "Point", "coordinates": [ -60.949174382181205, -33.78847876850741 ] } },
{ "type": "Feature", "properties": { "field_1": 3, "field_2": "22-538-3-SF", "field_3": "partido_colon", "field_4": 4687804.06, "field_5": 6262097.29, "field_6": null, "field_7": null }, "geometry": { "type": "Point", "coordinates": [ -60.972793291508992, -33.768846904931209 ] } },
{ "type": "Feature", "properties": { "field_1": 1, "field_2": "23-451-1-SF", "field_3": "distrito_elortondo", "field_4": 4644514.94, "field_5": 6250789.41, "field_6": null, "field_7": null }, "geometry": { "type": "Point", "coordinates": [ -61.438041228561296, -33.877546612068762 ] } },
{ "type": "Feature", "properties": { "field_1": 2, "field_2": "23-451-2-SF", "field_3": "distrito_elortondo", "field_4": 4645672.54, "field_5": 6249431.41, "field_6": null, "field_7": null }, "geometry": { "type": "Point", "coordinates": [ -61.425308787920599, -33.889625796218454 ] } },
{ "type": "Feature", "properties": { "field_1": 3, "field_2": "23-451-3-SF", "field_3": "distrito_elortondo", "field_4": 4644427.81, "field_5": 6253729.47, "field_6": null, "field_7": null }, "geometry": { "type": "Point", "coordinates": [ -61.439464890863952, -33.851062262449453 ] } },
{ "type": "Feature", "properties": { "field_1": 4, "field_2": "23-451-4-SF", "field_3": "distrito_hughes", "field_4": 4650019.09, "field_5": 6253419.67, "field_6": null, "field_7": null }, "geometry": { "type": "Point", "coordinates": [ -61.37901935797661, -33.853074680808547 ] } },
{ "type": "Feature", "properties": { "field_1": 5, "field_2": "23-451-5-SF", "field_3": "distrito_hughes", "field_4": 4646216.18, "field_5": 6256998.7, "field_6": null, "field_7": null }, "geometry": { "type": "Point", "coordinates": [ -61.420690132373451, -33.821353482836621 ] } },
{ "type": "Feature", "properties": { "field_1": 1, "field_2": "23-452-1-SF", "field_3": "distrito_villa_cañas", "field_4": 4646783.52, "field_5": 6244619.57, "field_6": null, "field_7": null }, "geometry": { "type": "Point", "coordinates": [ -61.412499337568129, -33.93283591518945 ] } },
{ "type": "Feature", "properties": { "field_1": 2, "field_2": "23-452-2-SF", "field_3": "distrito_villa_cañas", "field_4": 4648187.25, "field_5": 6241426.34, "field_6": null, "field_7": null }, "geometry": { "type": "Point", "coordinates": [ -61.396783216655464, -33.961416186492322 ] } },
{ "type": "Feature", "properties": { "field_1": 3, "field_2": "23-452-3-SF", "field_3": "distrito_teodolina", "field_4": 4648454.99, "field_5": 6238576.78, "field_6": null, "field_7": null }, "geometry": { "type": "Point", "coordinates": [ -61.393404532828043, -33.98705808237014 ] } },
{ "type": "Feature", "properties": { "field_1": 1, "field_2": "23-453-1-SF", "field_3": "distrito_teodolina", "field_4": 4649680.53, "field_5": 6231400.65, "field_6": null, "field_7": null }, "geometry": { "type": "Point", "coordinates": [ -61.378917017359335, -34.051553107813277 ] } },
{ "type": "Feature", "properties": { "field_1": 1, "field_2": "23-454-1-BA", "field_3": "partido_general_arenales", "field_4": 4648045.18, "field_5": 6226923.23, "field_6": null, "field_7": null }, "geometry": { "type": "Point", "coordinates": [ -61.395861681015703, -34.092134377735505 ] } },
{ "type": "Feature", "properties": { "field_1": 2, "field_2": "23-454-2-BA", "field_3": "partido_general_arenales", "field_4": 4651171.07, "field_5": 6225565.88, "field_6": null, "field_7": null }, "geometry": { "type": "Point", "coordinates": [ -61.361767476413789, -34.103919251268842 ] } },
{ "type": "Feature", "properties": { "field_1": 3, "field_2": "23-454-3-BA", "field_3": "partido_general_arenales", "field_4": 4646274.21, "field_5": 6223964.05, "field_6": null, "field_7": null }, "geometry": { "type": "Point", "coordinates": [ -61.414547029238861, -34.119050634530019 ] } },
{ "type": "Feature", "properties": { "field_1": 4, "field_2": "23-455-4-BA", "field_3": "partido_general_arenales", "field_4": 4647637.77, "field_5": 6212117.55, "field_6": null, "field_7": null }, "geometry": { "type": "Point", "coordinates": [ -61.397755871866345, -34.225614046270458 ] } },
{ "type": "Feature", "properties": { "field_1": 1, "field_2": "23-457-1-BA", "field_3": "partido_general_arenales", "field_4": 4654789.38, "field_5": 6213989.46, "field_6": null, "field_7": null }, "geometry": { "type": "Point", "coordinates": [ -61.320506171076836, -34.207707609064698 ] } },
{ "type": "Feature", "properties": { "field_1": 1, "field_2": "23-473-1-SF", "field_3": "distrito_wheelwright", "field_4": 4661166.04, "field_5": 6251300.06, "field_6": null, "field_7": null }, "geometry": { "type": "Point", "coordinates": [ -61.258233775013117, -33.870532824837483 ] } },
{ "type": "Feature", "properties": { "field_1": 2, "field_2": "23-473-2-SF", "field_3": "distrito_hughes", "field_4": 4652884.95, "field_5": 6250081.74, "field_6": null, "field_7": null }, "geometry": { "type": "Point", "coordinates": [ -61.347484760905964, -33.882744231391229 ] } },
{ "type": "Feature", "properties": { "field_1": 1, "field_2": "23-474-1-BA", "field_3": "distrito_hughes", "field_4": 4653977.44, "field_5": 6247913.85, "field_6": null, "field_7": null }, "geometry": { "type": "Point", "coordinates": [ -61.335300888702989, -33.902121595253597 ] } },
{ "type": "Feature", "properties": { "field_1": 1, "field_2": "23-496-1-SF", "field_3": "distrito_wheelwright", "field_4": 4663362.89, "field_5": 6248150.51, "field_6": "Cañada Los Barriles", "field_7": null }, "geometry": { "type": "Point", "coordinates": [ -61.233916705775414, -33.898576226772519 ] } },
{ "type": "Feature", "properties": { "field_1": 1, "field_2": "23-498-1-SF", "field_3": "partido_colon", "field_4": 4662747.62, "field_5": 6227266.07, "field_6": null, "field_7": null }, "geometry": { "type": "Point", "coordinates": [ -61.236681081607728, -34.086862135670749 ] } },
{ "type": "Feature", "properties": { "field_1": 2, "field_2": "23-498-2-SF", "field_3": "partido_general_arenales", "field_4": 4667990.44, "field_5": 6223078.79, "field_6": null, "field_7": null }, "geometry": { "type": "Point", "coordinates": [ -61.179093157338542, -34.123763796762674 ] } },
{ "type": "Feature", "properties": { "field_1": 3, "field_2": "23-498-3-SF", "field_3": "partido_general_arenales", "field_4": 4666870.18, "field_5": 6219797.67, "field_6": null, "field_7": null }, "geometry": { "type": "Point", "coordinates": [ -61.190600475786383, -34.153508087728248 ] } },
{ "type": "Feature", "properties": { "field_1": 1, "field_2": "23-518-1-BA", "field_3": "partido_colon", "field_4": 4675836.77, "field_5": 6245577.58, "field_6": null, "field_7": null }, "geometry": { "type": "Point", "coordinates": [ -61.098611819875735, -33.919752855571716 ] } },
{ "type": "Feature", "properties": { "field_1": 1, "field_2": "23-541-1-BA", "field_3": "partido_rojas", "field_4": 4686739.29, "field_5": 6230152.2, "field_6": null, "field_7": null }, "geometry": { "type": "Point", "coordinates": [ -60.977490102005426, -34.056854810244808 ] } },
{ "type": "Feature", "properties": { "field_1": 1, "field_2": "24-456-1-BA", "field_3": "partido_general_arenales", "field_4": 4644437.33, "field_5": 6202209.47, "field_6": null, "field_7": null }, "geometry": { "type": "Point", "coordinates": [ -61.43081906523151, -34.31534981064376 ] } },
{ "type": "Feature", "properties": { "field_1": 10, "field_2": "24-456-10-BA", "field_3": "partido_general_arenales", "field_4": 4643398.09, "field_5": 6207573.13, "field_6": null, "field_7": null }, "geometry": { "type": "Point", "coordinates": [ -61.442997878085478, -34.267159062635507 ] } },
{ "type": "Feature", "properties": { "field_1": 2, "field_2": "24-456-2-BA", "field_3": "partido_general_arenales", "field_4": 4647281.0, "field_5": 6208093.01, "field_6": null, "field_7": null }, "geometry": { "type": "Point", "coordinates": [ -61.40094053456037, -34.261931444850525 ] } },
{ "type": "Feature", "properties": { "field_1": 3, "field_2": "24-456-3-BA", "field_3": "partido_general_arenales", "field_4": 4649630.75, "field_5": 6205754.3, "field_6": null, "field_7": null }, "geometry": { "type": "Point", "coordinates": [ -61.375032260805384, -34.282670774461756 ] } },
{ "type": "Feature", "properties": { "field_1": 4, "field_2": "24-456-4-BA", "field_3": "partido_general_arenales", "field_4": 4645324.73, "field_5": 6199164.95, "field_6": null, "field_7": null }, "geometry": { "type": "Point", "coordinates": [ -61.420667350478588, -34.342661306278153 ] } },
{ "type": "Feature", "properties": { "field_1": 5, "field_2": "24-456-5-BA", "field_3": "partido_leandro_n_alem", "field_4": 4641534.55, "field_5": 6200378.22, "field_6": null, "field_7": null }, "geometry": { "type": "Point", "coordinates": [ -61.462043972559989, -34.332252184666125 ] } },
{ "type": "Feature", "properties": { "field_1": 6, "field_2": "24-456-6-BA", "field_3": "partido_leandro_n_alem", "field_4": 4641975.8, "field_5": 6199639.65, "field_6": null, "field_7": null }, "geometry": { "type": "Point", "coordinates": [ -61.457128857080022, -34.338847532822179 ] } },
{ "type": "Feature", "properties": { "field_1": 7, "field_2": "24-456-7-BA", "field_3": "partido_general_arenales", "field_4": 4645890.37, "field_5": 6200198.64, "field_6": null, "field_7": null }, "geometry": { "type": "Point", "coordinates": [ -61.414697570639419, -34.333266922258233 ] } },
{ "type": "Feature", "properties": { "field_1": 8, "field_2": "24-456-8-BA", "field_3": "partido_general_arenales", "field_4": 4643199.92, "field_5": 6200866.61, "field_6": null, "field_7": null }, "geometry": { "type": "Point", "coordinates": [ -61.444034667732559, -34.327622472820629 ] } },
{ "type": "Feature", "properties": { "field_1": 9, "field_2": "24-456-9-BA", "field_3": "partido_general_arenales", "field_4": 4645805.91, "field_5": 6205895.08, "field_6": null, "field_7": null }, "geometry": { "type": "Point", "coordinates": [ -61.416579149878402, -34.281945868881898 ] } },
{ "type": "Feature", "properties": { "field_1": 1, "field_2": "24-457-1-BA", "field_3": "partido_junin", "field_4": 4688660.6, "field_5": 6177501.07, "field_6": null, "field_7": null }, "geometry": { "type": "Point", "coordinates": [ -60.945171366756213, -34.530849938315995 ] } },
{ "type": "Feature", "properties": { "field_1": 10, "field_2": "24-457-10-BA", "field_3": "partido_general_arenales", "field_4": 4649092.89, "field_5": 6198331.19, "field_6": null, "field_7": null }, "geometry": { "type": "Point", "coordinates": [ -61.379586086507729, -34.34963946942738 ] } },
{ "type": "Feature", "properties": { "field_1": 11, "field_2": "24-457-11-BA", "field_3": "partido_leandro_n_alem", "field_4": 4643305.37, "field_5": 6189431.33, "field_6": null, "field_7": null }, "geometry": { "type": "Point", "coordinates": [ -61.440980315089845, -34.430655928165415 ] } },
{ "type": "Feature", "properties": { "field_1": 12, "field_2": "24-457-12-BA", "field_3": "partido_leandro_n_alem", "field_4": 4644897.56, "field_5": 6191129.47, "field_6": null, "field_7": null }, "geometry": { "type": "Point", "coordinates": [ -61.423951847060074, -34.415131514385024 ] } },
{ "type": "Feature", "properties": { "field_1": 13, "field_2": "24-457-13-BA", "field_3": "partido_leandro_n_alem", "field_4": 4643368.49, "field_5": 6197799.49, "field_6": null, "field_7": null }, "geometry": { "type": "Point", "coordinates": [ -61.441692352544216, -34.355238441892645 ] } },
{ "type": "Feature", "properties": { "field_1": 14, "field_2": "24-457-14-BA", "field_3": "partido_leandro_n_alem", "field_4": 4643131.86, "field_5": 6196656.38, "field_6": null, "field_7": null }, "geometry": { "type": "Point", "coordinates": [ -61.444073092288619, -34.365572228657086 ] } },
{ "type": "Feature", "properties": { "field_1": 15, "field_2": "24-457-15-BA", "field_3": "partido_leandro_n_alem", "field_4": 4641911.6, "field_5": 6194951.65, "field_6": null, "field_7": null }, "geometry": { "type": "Point", "coordinates": [ -61.457052059638443, -34.381102262127115 ] } },
{ "type": "Feature", "properties": { "field_1": 16, "field_2": "24-457-16-BA", "field_3": "partido_general_arenales", "field_4": 4647237.85, "field_5": 6196652.32, "field_6": null, "field_7": null }, "geometry": { "type": "Point", "coordinates": [ -61.399452970408419, -34.365033365943482 ] } },
{ "type": "Feature", "properties": { "field_1": 2, "field_2": "24-457-2-BA", "field_3": "partido_general_arenales", "field_4": 4650157.71, "field_5": 6196019.91, "field_6": null, "field_7": null }, "geometry": { "type": "Point", "coordinates": [ -61.367613324630732, -34.370312972631481 ] } },
{ "type": "Feature", "properties": { "field_1": 3, "field_2": "24-457-3-BA", "field_3": "partido_general_arenales", "field_4": 4648271.77, "field_5": 6194389.8, "field_6": null, "field_7": null }, "geometry": { "type": "Point", "coordinates": [ -61.387826952362893, -34.385273881734577 ] } },
{ "type": "Feature", "properties": { "field_1": 4, "field_2": "24-457-4-BA", "field_3": "partido_general_arenales", "field_4": 4648624.04, "field_5": 6194494.34, "field_6": null, "field_7": null }, "geometry": { "type": "Point", "coordinates": [ -61.384016128054625, -34.384281339219676 ] } },
{ "type": "Feature", "properties": { "field_1": 5, "field_2": "24-457-5-BA", "field_3": "partido_general_arenales", "field_4": 4650923.12, "field_5": 6193468.82, "field_6": null, "field_7": null }, "geometry": { "type": "Point", "coordinates": [ -61.358846879744746, -34.393189706961003 ] } },
{ "type": "Feature", "properties": { "field_1": 6, "field_2": "24-457-6-BA", "field_3": "partido_general_arenales", "field_4": 4650018.85, "field_5": 6191119.14, "field_6": null, "field_7": null }, "geometry": { "type": "Point", "coordinates": [ -61.368265376948521, -34.41449427849593 ] } },
{ "type": "Feature", "properties": { "field_1": 7, "field_2": "24-457-7-BA", "field_3": "partido_leandro_n_alem", "field_4": 4641705.78, "field_5": 6191877.07, "field_6": null, "field_7": null }, "geometry": { "type": "Point", "coordinates": [ -61.458781225801069, -34.408836912517629 ] } },
{ "type": "Feature", "properties": { "field_1": 8, "field_2": "24-457-8-BA", "field_3": "partido_general_arenales", "field_4": 4647417.35, "field_5": 6191912.59, "field_6": null, "field_7": null }, "geometry": { "type": "Point", "coordinates": [ -61.396688181204006, -34.407718521483929 ] } },
{ "type": "Feature", "properties": { "field_1": 9, "field_2": "24-457-9-BA", "field_3": "partido_general_arenales", "field_4": 4647250.43, "field_5": 6192801.5, "field_6": null, "field_7": null }, "geometry": { "type": "Point", "coordinates": [ -61.398655638050869, -34.399732164660691 ] } },
{ "type": "Feature", "properties": { "field_1": 1, "field_2": "24-458-1-BA", "field_3": "partido_leandro_n_alem", "field_4": 4648433.74, "field_5": 6184593.3, "field_6": null, "field_7": null }, "geometry": { "type": "Point", "coordinates": [ -61.384368378259531, -34.473527810965038 ] } },
{ "type": "Feature", "properties": { "field_1": 10, "field_2": "24-458-10-BA", "field_3": "partido_leandro_n_alem", "field_4": 4650423.42, "field_5": 6180546.21, "field_6": null, "field_7": null }, "geometry": { "type": "Point", "coordinates": [ -61.362006293927124, -34.509707561966898 ] } },
{ "type": "Feature", "properties": { "field_1": 11, "field_2": "24-458-11-BA", "field_3": "partido_leandro_n_alem", "field_4": 4650691.17, "field_5": 6179696.39, "field_6": null, "field_7": null }, "geometry": { "type": "Point", "coordinates": [ -61.358941593173306, -34.517326038519869 ] } },
{ "type": "Feature", "properties": { "field_1": 13, "field_2": "24-458-13-BA", "field_3": "partido_leandro_n_alem", "field_4": 4650295.31, "field_5": 6179315.53, "field_6": null, "field_7": null }, "geometry": { "type": "Point", "coordinates": [ -61.363183901112876, -34.52081574741748 ] } },
{ "type": "Feature", "properties": { "field_1": 15, "field_2": "24-458-15-BA", "field_3": "partido_leandro_n_alem", "field_4": 4642837.18, "field_5": 6179880.83, "field_6": null, "field_7": null }, "geometry": { "type": "Point", "coordinates": [ -61.444475583787664, -34.516783038473797 ] } },
{ "type": "Feature", "properties": { "field_1": 16, "field_2": "24-458-16-BA", "field_3": "partido_leandro_n_alem", "field_4": 4647774.75, "field_5": 6183705.5, "field_6": null, "field_7": null }, "geometry": { "type": "Point", "coordinates": [ -61.39138511543738, -34.481622411261853 ] } },
{ "type": "Feature", "properties": { "field_1": 18, "field_2": "24-458-18-BA", "field_3": "partido_leandro_n_alem", "field_4": 4648900.89, "field_5": 6183916.45, "field_6": null, "field_7": null }, "geometry": { "type": "Point", "coordinates": [ -61.379167492243013, -34.479559591254485 ] } },
{ "type": "Feature", "properties": { "field_1": 19, "field_2": "24-458-19-BA", "field_3": "partido_leandro_n_alem", "field_4": 4648767.37, "field_5": 6178613.23, "field_6": null, "field_7": null }, "geometry": { "type": "Point", "coordinates": [ -61.37969572208646, -34.527365948076344 ] } },
{ "type": "Feature", "properties": { "field_1": 2, "field_2": "24-458-2-BA", "field_3": "partido_leandro_n_alem", "field_4": 4644168.66, "field_5": 6187503.06, "field_6": null, "field_7": null }, "geometry": { "type": "Point", "coordinates": [ -61.43126687088111, -34.447912030778461 ] } },
{ "type": "Feature", "properties": { "field_1": 20, "field_2": "24-458-20-BA", "field_3": "partido_leandro_n_alem", "field_4": 4648697.82, "field_5": 6179054.0, "field_6": null, "field_7": null }, "geometry": { "type": "Point", "coordinates": [ -61.380529860986918, -34.523404247588246 ] } },
{ "type": "Feature", "properties": { "field_1": 21, "field_2": "24-458-21-BA", "field_3": "partido_leandro_n_alem", "field_4": 4651327.1, "field_5": 6182758.38, "field_6": null, "field_7": null }, "geometry": { "type": "Point", "coordinates": [ -61.352561767052784, -34.489641734941578 ] } },
{ "type": "Feature", "properties": { "field_1": 3, "field_2": "24-458-3-BA", "field_3": "partido_leandro_n_alem", "field_4": 4651123.69, "field_5": 6180920.74, "field_6": null, "field_7": null }, "geometry": { "type": "Point", "coordinates": [ -61.354450013094777, -34.506230266552855 ] } },
{ "type": "Feature", "properties": { "field_1": 4, "field_2": "24-458-4-BA", "field_3": "partido_leandro_n_alem", "field_4": 4650291.99, "field_5": 6180967.0, "field_6": null, "field_7": null }, "geometry": { "type": "Point", "coordinates": [ -61.363511086218452, -34.50593505371679 ] } },
{ "type": "Feature", "properties": { "field_1": 5, "field_2": "24-458-5-BA", "field_3": "partido_leandro_n_alem", "field_4": 4651312.26, "field_5": 6180320.87, "field_6": null, "field_7": null }, "geometry": { "type": "Point", "coordinates": [ -61.352291055930515, -34.511607919684003 ] } },
{ "type": "Feature", "properties": { "field_1": 1, "field_2": "24-459-1-BA", "field_3": "partido_leandro_n_alem", "field_4": 4646716.03, "field_5": 6174013.23, "field_6": null, "field_7": null }, "geometry": { "type": "Point", "coordinates": [ -61.401237501345811, -34.569110811344039 ] } },
{ "type": "Feature", "properties": { "field_1": 10, "field_2": "24-459-10-BA", "field_3": "partido_leandro_n_alem", "field_4": 4650411.54, "field_5": 6176074.86, "field_6": null, "field_7": null }, "geometry": { "type": "Point", "coordinates": [ -61.361346351187912, -34.549999899163957 ] } },
{ "type": "Feature", "properties": { "field_1": 11, "field_2": "24-459-11-BA", "field_3": "partido_leandro_n_alem", "field_4": 4650162.79, "field_5": 6176817.97, "field_6": null, "field_7": null }, "geometry": { "type": "Point", "coordinates": [ -61.364186438244481, -34.543340202572139 ] } },
{ "type": "Feature", "properties": { "field_1": 12, "field_2": "24-459-12-BA", "field_3": "partido_leandro_n_alem", "field_4": 4651215.09, "field_5": 6171140.02, "field_6": null, "field_7": null }, "geometry": { "type": "Point", "coordinates": [ -61.3517177295804, -34.594348625584864 ] } },
{ "type": "Feature", "properties": { "field_1": 13, "field_2": "24-459-13-BA", "field_3": "partido_leandro_n_alem", "field_4": 4650874.56, "field_5": 6171623.48, "field_6": null, "field_7": null }, "geometry": { "type": "Point", "coordinates": [ -61.355514106833617, -34.590042380003965 ] } },
{ "type": "Feature", "properties": { "field_1": 14, "field_2": "24-459-14-BA", "field_3": "partido_leandro_n_alem", "field_4": 4644177.59, "field_5": 6173171.92, "field_6": null, "field_7": null }, "geometry": { "type": "Point", "coordinates": [ -61.428746952363795, -34.577051027879769 ] } },
{ "type": "Feature", "properties": { "field_1": 16, "field_2": "24-459-16-BA", "field_3": "partido_lincoln", "field_4": 4651162.28, "field_5": 6169013.54, "field_6": null, "field_7": null }, "geometry": { "type": "Point", "coordinates": [ -61.351914554245084, -34.613517436293954 ] } },
{ "type": "Feature", "properties": { "field_1": 17, "field_2": "24-459-17-BA", "field_3": "partido_leandro_n_alem", "field_4": 4647351.47, "field_5": 6170353.86, "field_6": null, "field_7": null }, "geometry": { "type": "Point", "coordinates": [ -61.393680975568962, -34.601994145998127 ] } },
{ "type": "Feature", "properties": { "field_1": 18, "field_2": "24-459-18-BA", "field_3": "partido_leandro_n_alem", "field_4": 4645609.61, "field_5": 6169342.87, "field_6": null, "field_7": null }, "geometry": { "type": "Point", "coordinates": [ -61.412489598080512, -34.611352599966615 ] } },
{ "type": "Feature", "properties": { "field_1": 19, "field_2": "24-459-19-BA", "field_3": "partido_leandro_n_alem", "field_4": 4646901.1, "field_5": 6168452.55, "field_6": null, "field_7": null }, "geometry": { "type": "Point", "coordinates": [ -61.398259804405342, -34.619191151231711 ] } },
{ "type": "Feature", "properties": { "field_1": 2, "field_2": "24-459-2-BA", "field_3": "partido_leandro_n_alem", "field_4": 4650748.68, "field_5": 6171044.67, "field_6": null, "field_7": null }, "geometry": { "type": "Point", "coordinates": [ -61.356782947533176, -34.595276354765346 ] } },
{ "type": "Feature", "properties": { "field_1": 3, "field_2": "24-459-3-BA", "field_3": "partido_leandro_n_alem", "field_4": 4648660.6, "field_5": 6169923.59, "field_6": null, "field_7": null }, "geometry": { "type": "Point", "coordinates": [ -61.379339456637396, -34.605682536373315 ] } },
{ "type": "Feature", "properties": { "field_1": 4, "field_2": "24-459-4-BA", "field_3": "partido_leandro_n_alem", "field_4": 4649171.23, "field_5": 6170256.86, "field_6": null, "field_7": null }, "geometry": { "type": "Point", "coordinates": [ -61.373833224987635, -34.602605452090522 ] } },
{ "type": "Feature", "properties": { "field_1": 5, "field_2": "24-459-5-BA", "field_3": "partido_leandro_n_alem", "field_4": 4650997.82, "field_5": 6170069.72, "field_6": null, "field_7": null }, "geometry": { "type": "Point", "coordinates": [ -61.353894856011905, -34.604024739114756 ] } },
{ "type": "Feature", "properties": { "field_1": 6, "field_2": "24-459-6-BA", "field_3": "partido_leandro_n_alem", "field_4": 4647077.75, "field_5": 6174028.35, "field_6": null, "field_7": null }, "geometry": { "type": "Point", "coordinates": [ -61.397299814790543, -34.56892288364952 ] } },
{ "type": "Feature", "properties": { "field_1": 7, "field_2": "24-459-7-BA", "field_3": "partido_leandro_n_alem", "field_4": 4647421.92, "field_5": 6173671.99, "field_6": null, "field_7": null }, "geometry": { "type": "Point", "coordinates": [ -61.393488928590607, -34.572084721923815 ] } },
{ "type": "Feature", "properties": { "field_1": 8, "field_2": "24-459-8-BA", "field_3": "partido_leandro_n_alem", "field_4": 4646907.68, "field_5": 6173705.31, "field_6": null, "field_7": null }, "geometry": { "type": "Point", "coordinates": [ -61.399096618271521, -34.571858093923836 ] } },
{ "type": "Feature", "properties": { "field_1": 9, "field_2": "24-459-9-BA", "field_3": "partido_leandro_n_alem", "field_4": 4648325.73, "field_5": 6176694.27, "field_6": null, "field_7": null }, "geometry": { "type": "Point", "coordinates": [ -61.384170039833471, -34.544721270072245 ] } },
{ "type": "Feature", "properties": { "field_1": 1, "field_2": "24-460-1-BA", "field_3": "partido_lincoln", "field_4": 4650002.3, "field_5": 6168106.17, "field_6": null, "field_7": null }, "geometry": { "type": "Point", "coordinates": [ -61.36439655275111, -34.621863666878845 ] } },
{ "type": "Feature", "properties": { "field_1": 11, "field_2": "24-460-11-BA", "field_3": "partido_lincoln", "field_4": 4646997.09, "field_5": 6160580.89, "field_6": null, "field_7": null }, "geometry": { "type": "Point", "coordinates": [ -61.395847225089945, -34.69010741544227 ] } },
{ "type": "Feature", "properties": { "field_1": 12, "field_2": "24-460-12-BA", "field_3": "partido_lincoln", "field_4": 4646220.27, "field_5": 6160183.76, "field_6": null, "field_7": null }, "geometry": { "type": "Point", "coordinates": [ -61.404252921434555, -34.693797141524804 ] } },
{ "type": "Feature", "properties": { "field_1": 15, "field_2": "24-460-15-BA", "field_3": "partido_lincoln", "field_4": 4648163.46, "field_5": 6158937.33, "field_6": null, "field_7": null }, "geometry": { "type": "Point", "coordinates": [ -61.382835145322161, -34.704748836607706 ] } },
{ "type": "Feature", "properties": { "field_1": 17, "field_2": "24-460-17-BA", "field_3": "partido_lincoln", "field_4": 4649932.84, "field_5": 6159453.41, "field_6": null, "field_7": null }, "geometry": { "type": "Point", "coordinates": [ -61.363621320782393, -34.699840849446367 ] } },
{ "type": "Feature", "properties": { "field_1": 18, "field_2": "24-460-18-BA", "field_3": "partido_lincoln", "field_4": 4648746.57, "field_5": 6160178.65, "field_6": null, "field_7": null }, "geometry": { "type": "Point", "coordinates": [ -61.376691405152201, -34.693479110714598 ] } },
{ "type": "Feature", "properties": { "field_1": 19, "field_2": "24-460-19-BA", "field_3": "partido_lincoln", "field_4": 4651216.23, "field_5": 6159154.81, "field_6": null, "field_7": null }, "geometry": { "type": "Point", "coordinates": [ -61.349565969381196, -34.702342520643882 ] } },
{ "type": "Feature", "properties": { "field_1": 2, "field_2": "24-460-2-BA", "field_3": "partido_lincoln", "field_4": 4650185.15, "field_5": 6166969.2, "field_6": null, "field_7": null }, "geometry": { "type": "Point", "coordinates": [ -61.362202148741659, -34.632081810908119 ] } },
{ "type": "Feature", "properties": { "field_1": 20, "field_2": "24-460-20-BA", "field_3": "partido_lincoln", "field_4": 4650264.21, "field_5": 6158435.33, "field_6": null, "field_7": null }, "geometry": { "type": "Point", "coordinates": [ -61.359824947647887, -34.708965717747922 ] } },
{ "type": "Feature", "properties": { "field_1": 21, "field_2": "24-460-21-BA", "field_3": "partido_lincoln", "field_4": 4649037.39, "field_5": 6158411.41, "field_6": null, "field_7": null }, "geometry": { "type": "Point", "coordinates": [ -61.373207021590289, -34.709360753838951 ] } },
{ "type": "Feature", "properties": { "field_1": 22, "field_2": "24-460-22-BA", "field_3": "partido_lincoln", "field_4": 4645495.45, "field_5": 6158852.92, "field_6": null, "field_7": null }, "geometry": { "type": "Point", "coordinates": [ -61.411931271281262, -34.705892392304371 ] } },
{ "type": "Feature", "properties": { "field_1": 25, "field_2": "24-460-25-BA", "field_3": "partido_lincoln", "field_4": 4644519.23, "field_5": 6160972.35, "field_6": null, "field_7": null }, "geometry": { "type": "Point", "coordinates": [ -61.42294546789374, -34.686932894389756 ] } },
{ "type": "Feature", "properties": { "field_1": 26, "field_2": "24-460-26-BA", "field_3": "partido_lincoln", "field_4": 4644679.6, "field_5": 6162160.44, "field_6": null, "field_7": null }, "geometry": { "type": "Point", "coordinates": [ -61.421399268550488, -34.676204508847441 ] } },
{ "type": "Feature", "properties": { "field_1": 27, "field_2": "24-460-27-BA", "field_3": "partido_lincoln", "field_4": 4643896.73, "field_5": 6161343.07, "field_6": null, "field_7": null }, "geometry": { "type": "Point", "coordinates": [ -61.429799280748313, -34.68368006869531 ] } },
{ "type": "Feature", "properties": { "field_1": 28, "field_2": "24-460-28-BA", "field_3": "partido_lincoln", "field_4": 4646897.69, "field_5": 6161773.14, "field_6": null, "field_7": null }, "geometry": { "type": "Point", "coordinates": [ -61.39713869464606, -34.67937860222353 ] } },
{ "type": "Feature", "properties": { "field_1": 31, "field_2": "24-460-31-BA", "field_3": "partido_leandro_n_alem", "field_4": 4647690.45, "field_5": 6167268.86, "field_6": null, "field_7": null }, "geometry": { "type": "Point", "coordinates": [ -61.38944997395857, -34.62974387157427 ] } },
{ "type": "Feature", "properties": { "field_1": 32, "field_2": "24-460-32-BA", "field_3": "partido_lincoln", "field_4": 4646178.74, "field_5": 6161840.1, "field_6": null, "field_7": null }, "geometry": { "type": "Point", "coordinates": [ -61.404992339437257, -34.678878131377964 ] } },
{ "type": "Feature", "properties": { "field_1": 34, "field_2": "24-460-34-BA", "field_3": "partido_lincoln", "field_4": 4649733.46, "field_5": 6165595.13, "field_6": null, "field_7": null }, "geometry": { "type": "Point", "coordinates": [ -61.366883403963804, -34.644529179386303 ] } },
{ "type": "Feature", "properties": { "field_1": 35, "field_2": "24-460-35-BA", "field_3": "partido_lincoln", "field_4": 4649236.16, "field_5": 6166402.29, "field_6": null, "field_7": null }, "geometry": { "type": "Point", "coordinates": [ -61.37244757397162, -34.637328594845648 ] } },
{ "type": "Feature", "properties": { "field_1": 37, "field_2": "24-460-37-BA", "field_3": "partido_leandro_n_alem", "field_4": 4642898.9, "field_5": 6167029.42, "field_6": null, "field_7": null }, "geometry": { "type": "Point", "coordinates": [ -61.441643690484312, -34.632580158549374 ] } },
{ "type": "Feature", "properties": { "field_1": 4, "field_2": "24-460-4-BA", "field_3": "partido_lincoln", "field_4": 4650770.67, "field_5": 6168332.53, "field_6": null, "field_7": null }, "geometry": { "type": "Point", "coordinates": [ -61.356061620095986, -34.619711398780673 ] } },
{ "type": "Feature", "properties": { "field_1": 5, "field_2": "24-460-5-BA", "field_3": "partido_lincoln", "field_4": 4643400.35, "field_5": 6158840.14, "field_6": null, "field_7": null }, "geometry": { "type": "Point", "coordinates": [ -61.434789334372034, -34.70630340884383 ] } },
{ "type": "Feature", "properties": { "field_1": 6, "field_2": "24-460-6-BA", "field_3": "partido_lincoln", "field_4": 4647368.28, "field_5": 6160161.78, "field_6": null, "field_7": null }, "geometry": { "type": "Point", "coordinates": [ -61.391724836923608, -34.693830525160116 ] } },
{ "type": "Feature", "properties": { "field_1": 7, "field_2": "24-460-7-BA", "field_3": "partido_lincoln", "field_4": 4646421.86, "field_5": 6160909.39, "field_6": null, "field_7": null }, "geometry": { "type": "Point", "coordinates": [ -61.402179340536684, -34.687229826992919 ] } },
{ "type": "Feature", "properties": { "field_1": 1, "field_2": "24-478-1-BA", "field_3": "partido_general_arenales", "field_4": 4653831.0, "field_5": 6201433.25, "field_6": null, "field_7": null }, "geometry": { "type": "Point", "coordinates": [ -61.328663621076842, -34.320994568109022 ] } },
{ "type": "Feature", "properties": { "field_1": 2, "field_2": "24-478-2-BA", "field_3": "partido_general_arenales", "field_4": 4655877.98, "field_5": 6205669.46, "field_6": null, "field_7": null }, "geometry": { "type": "Point", "coordinates": [ -61.307198410966372, -34.282516939418343 ] } },
{ "type": "Feature", "properties": { "field_1": 3, "field_2": "24-478-3-BA", "field_3": "partido_general_arenales", "field_4": 4659012.5, "field_5": 6203405.73, "field_6": null, "field_7": null }, "geometry": { "type": "Point", "coordinates": [ -61.272754129318649, -34.302439991845539 ] } },
{ "type": "Feature", "properties": { "field_1": 1, "field_2": "24-479-1-BA", "field_3": "partido_general_arenales", "field_4": 4651873.09, "field_5": 6197299.99, "field_6": null, "field_7": null }, "geometry": { "type": "Point", "coordinates": [ -61.349198233872542, -34.358528037100001 ] } },
{ "type": "Feature", "properties": { "field_1": 11, "field_2": "24-479-11-BA", "field_3": "partido_general_arenales", "field_4": 4651588.35, "field_5": 6192775.28, "field_6": null, "field_7": null }, "geometry": { "type": "Point", "coordinates": [ -61.351493159875801, -34.399341958417835 ] } },
{ "type": "Feature", "properties": { "field_1": 2, "field_2": "24-479-2-BA", "field_3": "partido_general_arenales", "field_4": 4654078.41, "field_5": 6196143.53, "field_6": null, "field_7": null }, "geometry": { "type": "Point", "coordinates": [ -61.325028792729753, -34.368623232106032 ] } },
{ "type": "Feature", "properties": { "field_1": 3, "field_2": "24-479-3-BA", "field_3": "partido_general_arenales", "field_4": 4657819.73, "field_5": 6195375.56, "field_6": null, "field_7": null }, "geometry": { "type": "Point", "coordinates": [ -61.284231980513702, -34.374979923773523 ] } },
{ "type": "Feature", "properties": { "field_1": 4, "field_2": "24-479-4-BA", "field_3": "partido_general_arenales", "field_4": 4656831.1, "field_5": 6191692.58, "field_6": null, "field_7": null }, "geometry": { "type": "Point", "coordinates": [ -61.294302629908607, -34.408316458105709 ] } },
{ "type": "Feature", "properties": { "field_1": 5, "field_2": "24-479-5-BA", "field_3": "partido_junin", "field_4": 4659251.75, "field_5": 6191784.2, "field_6": null, "field_7": null }, "geometry": { "type": "Point", "coordinates": [ -61.268003122423671, -34.407121038571688 ] } },
{ "type": "Feature", "properties": { "field_1": 6, "field_2": "24-479-6-BA", "field_3": "partido_general_arenales", "field_4": 4653421.13, "field_5": 6191614.9, "field_6": null, "field_7": null }, "geometry": { "type": "Point", "coordinates": [ -61.331361628155825, -34.409527859813402 ] } },
{ "type": "Feature", "properties": { "field_1": 7, "field_2": "24-479-7-BA", "field_3": "partido_general_arenales", "field_4": 4653450.1, "field_5": 6189122.35, "field_6": null, "field_7": null }, "geometry": { "type": "Point", "coordinates": [ -61.330600211832291, -34.431983572563141 ] } },
{ "type": "Feature", "properties": { "field_1": 8, "field_2": "24-479-8-BA", "field_3": "partido_general_arenales", "field_4": 4653033.9, "field_5": 6191039.31, "field_6": null, "field_7": null }, "geometry": { "type": "Point", "coordinates": [ -61.335468880119663, -34.414771807842023 ] } },
{ "type": "Feature", "properties": { "field_1": 1, "field_2": "24-480-1-BA", "field_3": "partido_junin", "field_4": 4657529.6, "field_5": 6188214.3, "field_6": null, "field_7": null }, "geometry": { "type": "Point", "coordinates": [ -61.286069050515941, -34.439551855773317 ] } },
{ "type": "Feature", "properties": { "field_1": 10, "field_2": "24-480-10-BA", "field_3": "partido_junin", "field_4": 4657269.77, "field_5": 6184380.42, "field_6": null, "field_7": null }, "geometry": { "type": "Point", "coordinates": [ -61.288189864198607, -34.47413702624663 ] } },
{ "type": "Feature", "properties": { "field_1": 11, "field_2": "24-480-11-BA", "field_3": "partido_leandro_n_alem", "field_4": 4652357.17, "field_5": 6180686.17, "field_6": null, "field_7": null }, "geometry": { "type": "Point", "coordinates": [ -61.340981984252444, -34.508162301740704 ] } },
{ "type": "Feature", "properties": { "field_1": 12, "field_2": "24-480-12-BA", "field_3": "partido_junin", "field_4": 4657611.47, "field_5": 6187292.34, "field_6": null, "field_7": null }, "geometry": { "type": "Point", "coordinates": [ -61.285008846964217, -34.447846790534491 ] } },
{ "type": "Feature", "properties": { "field_1": 13, "field_2": "24-480-13-BA", "field_3": "partido_leandro_n_alem", "field_4": 4651639.22, "field_5": 6178473.37, "field_6": null, "field_7": null }, "geometry": { "type": "Point", "coordinates": [ -61.348403327329123, -34.528207288075357 ] } },
{ "type": "Feature", "properties": { "field_1": 14, "field_2": "24-480-14-BA", "field_3": "partido_junin", "field_4": 4660230.03, "field_5": 6180193.29, "field_6": null, "field_7": null }, "geometry": { "type": "Point", "coordinates": [ -61.255195921705663, -34.511409268369924 ] } },
{ "type": "Feature", "properties": { "field_1": 2, "field_2": "24-480-2-BA", "field_3": "partido_general_arenales", "field_4": 4653546.86, "field_5": 6187600.9, "field_6": null, "field_7": null }, "geometry": { "type": "Point", "coordinates": [ -61.329275015366946, -34.445678717223615 ] } },
{ "type": "Feature", "properties": { "field_1": 3, "field_2": "24-480-3-BA", "field_3": "partido_leandro_n_alem", "field_4": 4652800.64, "field_5": 6186958.06, "field_6": null, "field_7": null }, "geometry": { "type": "Point", "coordinates": [ -61.337276719061904, -34.451581914007065 ] } },
{ "type": "Feature", "properties": { "field_1": 4, "field_2": "24-480-4-BA", "field_3": "partido_junin", "field_4": 4656545.43, "field_5": 6186798.82, "field_6": null, "field_7": null }, "geometry": { "type": "Point", "coordinates": [ -61.296513733177669, -34.452455864844183 ] } },
{ "type": "Feature", "properties": { "field_1": 5, "field_2": "24-480-5-BA", "field_3": "partido_junin", "field_4": 4655805.68, "field_5": 6185207.21, "field_6": null, "field_7": null }, "geometry": { "type": "Point", "coordinates": [ -61.304270379687523, -34.466909230791877 ] } },
{ "type": "Feature", "properties": { "field_1": 6, "field_2": "24-480-6-BA", "field_3": "partido_junin", "field_4": 4660869.99, "field_5": 6184145.0, "field_6": null, "field_7": null }, "geometry": { "type": "Point", "coordinates": [ -61.248974705605534, -34.475703213059163 ] } },
{ "type": "Feature", "properties": { "field_1": 7, "field_2": "24-480-7-BA", "field_3": "partido_leandro_n_alem", "field_4": 4651762.21, "field_5": 6180522.73, "field_6": null, "field_7": null }, "geometry": { "type": "Point", "coordinates": [ -61.347429051519008, -34.50972282253835 ] } },
{ "type": "Feature", "properties": { "field_1": 8, "field_2": "24-480-8-BA", "field_3": "partido_leandro_n_alem", "field_4": 4651965.39, "field_5": 6181059.56, "field_6": null, "field_7": null }, "geometry": { "type": "Point", "coordinates": [ -61.345313023637644, -34.50485561216508 ] } },
{ "type": "Feature", "properties": { "field_1": 9, "field_2": "24-480-9-BA", "field_3": "partido_leandro_n_alem", "field_4": 4652907.98, "field_5": 6181838.39, "field_6": null, "field_7": null }, "geometry": { "type": "Point", "coordinates": [ -61.335192920442729, -34.497698343586713 ] } },
{ "type": "Feature", "properties": { "field_1": 1, "field_2": "24-481-1-BA", "field_3": "partido_junin", "field_4": 4657449.36, "field_5": 6174613.84, "field_6": null, "field_7": null }, "geometry": { "type": "Point", "coordinates": [ -61.284432340569914, -34.562111414137846 ] } },
{ "type": "Feature", "properties": { "field_1": 10, "field_2": "24-481-10-BA", "field_3": "partido_junin", "field_4": 4654881.11, "field_5": 6170783.74, "field_6": null, "field_7": null }, "geometry": { "type": "Point", "coordinates": [ -61.311707334581236, -34.597012659449177 ] } },
{ "type": "Feature", "properties": { "field_1": 11, "field_2": "24-481-11-BA", "field_3": "partido_junin", "field_4": 4654491.6, "field_5": 6169896.78, "field_6": null, "field_7": null }, "geometry": { "type": "Point", "coordinates": [ -61.315790225731497, -34.605063295104685 ] } },
{ "type": "Feature", "properties": { "field_1": 12, "field_2": "24-481-12-BA", "field_3": "partido_lincoln", "field_4": 4653942.64, "field_5": 6169320.27, "field_6": null, "field_7": null }, "geometry": { "type": "Point", "coordinates": [ -61.321667964872461, -34.610340412982296 ] } },
{ "type": "Feature", "properties": { "field_1": 13, "field_2": "24-481-13-BA", "field_3": "partido_lincoln", "field_4": 4653957.91, "field_5": 6168885.29, "field_6": null, "field_7": null }, "geometry": { "type": "Point", "coordinates": [ -61.321422639415864, -34.614257523531862 ] } },
{ "type": "Feature", "properties": { "field_1": 14, "field_2": "24-481-14-BA", "field_3": "partido_lincoln", "field_4": 4653284.39, "field_5": 6168721.7, "field_6": null, "field_7": null }, "geometry": { "type": "Point", "coordinates": [ -61.328733604531479, -34.615832365655244 ] } },
{ "type": "Feature", "properties": { "field_1": 15, "field_2": "24-481-15-BA", "field_3": "partido_lincoln", "field_4": 4651807.08, "field_5": 6168639.98, "field_6": null, "field_7": null }, "geometry": { "type": "Point", "coordinates": [ -61.34482020630476, -34.616788287074264 ] } },
{ "type": "Feature", "properties": { "field_1": 16, "field_2": "24-481-16-BA", "field_3": "partido_lincoln", "field_4": 4652840.31, "field_5": 6169092.06, "field_6": null, "field_7": null }, "geometry": { "type": "Point", "coordinates": [ -61.333640326456262, -34.612561432804078 ] } },
{ "type": "Feature", "properties": { "field_1": 17, "field_2": "24-481-17-BA", "field_3": "partido_lincoln", "field_4": 4652874.24, "field_5": 6170055.11, "field_6": null, "field_7": null }, "geometry": { "type": "Point", "coordinates": [ -61.333443981891605, -34.603878730179773 ] } },
{ "type": "Feature", "properties": { "field_1": 18, "field_2": "24-481-18-BA", "field_3": "partido_junin", "field_4": 4657074.27, "field_5": 6169753.76, "field_6": null, "field_7": null }, "geometry": { "type": "Point", "coordinates": [ -61.287619452298621, -34.605960116056977 ] } },
{ "type": "Feature", "properties": { "field_1": 19, "field_2": "24-481-19-BA", "field_3": "partido_junin", "field_4": 4655355.3, "field_5": 6172874.29, "field_6": null, "field_7": null }, "geometry": { "type": "Point", "coordinates": [ -61.306922601212356, -34.578104144869414 ] } },
{ "type": "Feature", "properties": { "field_1": 2, "field_2": "24-481-2-BA", "field_3": "partido_leandro_n_alem", "field_4": 4651858.48, "field_5": 6174800.84, "field_6": null, "field_7": null }, "geometry": { "type": "Point", "coordinates": [ -61.345361136428728, -34.561267193819134 ] } },
{ "type": "Feature", "properties": { "field_1": 20, "field_2": "24-481-20-BA", "field_3": "partido_junin", "field_4": 4656837.41, "field_5": 6168877.39, "field_6": null, "field_7": null }, "geometry": { "type": "Point", "coordinates": [ -61.290038684326916, -34.613892758005484 ] } },
{ "type": "Feature", "properties": { "field_1": 21, "field_2": "24-481-21-BA", "field_3": "partido_junin", "field_4": 4654191.94, "field_5": 6172638.17, "field_6": null, "field_7": null }, "geometry": { "type": "Point", "coordinates": [ -61.319553360497046, -34.580406909625083 ] } },
{ "type": "Feature", "properties": { "field_1": 22, "field_2": "24-481-22-BA", "field_3": "partido_leandro_n_alem", "field_4": 4654110.01, "field_5": 6173690.96, "field_6": null, "field_7": null }, "geometry": { "type": "Point", "coordinates": [ -61.320636760158713, -34.570932949853649 ] } },
{ "type": "Feature", "properties": { "field_1": 24, "field_2": "24-481-24-BA", "field_3": "partido_junin", "field_4": 4661011.54, "field_5": 6171364.15, "field_6": null, "field_7": null }, "geometry": { "type": "Point", "coordinates": [ -61.245019264044132, -34.59084031928333 ] } },
{ "type": "Feature", "properties": { "field_1": 3, "field_2": "24-481-3-BA", "field_3": "partido_leandro_n_alem", "field_4": 4652621.05, "field_5": 6173990.57, "field_6": null, "field_7": null }, "geometry": { "type": "Point", "coordinates": [ -61.336909929402076, -34.568455387184812 ] } },
{ "type": "Feature", "properties": { "field_1": 4, "field_2": "24-481-4-BA", "field_3": "partido_junin", "field_4": 4657187.4, "field_5": 6170190.32, "field_6": null, "field_7": null }, "geometry": { "type": "Point", "coordinates": [ -61.286467450259707, -34.602009231655757 ] } },
{ "type": "Feature", "properties": { "field_1": 5, "field_2": "24-481-5-BA", "field_3": "partido_leandro_n_alem", "field_4": 4654258.89, "field_5": 6174542.48, "field_6": null, "field_7": null }, "geometry": { "type": "Point", "coordinates": [ -61.319169436237274, -34.563237927039403 ] } },
{ "type": "Feature", "properties": { "field_1": 6, "field_2": "24-481-6-BA", "field_3": "partido_junin", "field_4": 4657176.93, "field_5": 6170611.45, "field_6": null, "field_7": null }, "geometry": { "type": "Point", "coordinates": [ -61.286659488275369, -34.598216290510322 ] } },
{ "type": "Feature", "properties": { "field_1": 7, "field_2": "24-481-7-BA", "field_3": "partido_junin", "field_4": 4653360.23, "field_5": 6171396.3, "field_6": null, "field_7": null }, "geometry": { "type": "Point", "coordinates": [ -61.32839014294742, -34.591721355218773 ] } },
{ "type": "Feature", "properties": { "field_1": 8, "field_2": "24-481-8-BA", "field_3": "partido_junin", "field_4": 4654952.38, "field_5": 6172082.58, "field_6": null, "field_7": null }, "geometry": { "type": "Point", "coordinates": [ -61.311167646047892, -34.585298694268189 ] } },
{ "type": "Feature", "properties": { "field_1": 9, "field_2": "24-481-9-BA", "field_3": "partido_junin", "field_4": 4653790.48, "field_5": 6170730.21, "field_6": null, "field_7": null }, "geometry": { "type": "Point", "coordinates": [ -61.323581631318774, -34.597658881953556 ] } },
{ "type": "Feature", "properties": { "field_1": 1, "field_2": "24-482-1-BA", "field_3": "partido_lincoln", "field_4": 4651929.74, "field_5": 6167823.03, "field_6": null, "field_7": null }, "geometry": { "type": "Point", "coordinates": [ -61.343337004285686, -34.624131361829619 ] } },
{ "type": "Feature", "properties": { "field_1": 10, "field_2": "24-482-10-BA", "field_3": "partido_lincoln", "field_4": 4654376.74, "field_5": 6166471.7, "field_6": null, "field_7": null }, "geometry": { "type": "Point", "coordinates": [ -61.316418622571234, -34.635942242082749 ] } },
{ "type": "Feature", "properties": { "field_1": 11, "field_2": "24-482-11-BA", "field_3": "partido_lincoln", "field_4": 4655098.81, "field_5": 6165580.35, "field_6": null, "field_7": null }, "geometry": { "type": "Point", "coordinates": [ -61.308383866538456, -34.643864744864636 ] } },
{ "type": "Feature", "properties": { "field_1": 12, "field_2": "24-482-12-BA", "field_3": "partido_lincoln", "field_4": 4654890.34, "field_5": 6165225.45, "field_6": null, "field_7": null }, "geometry": { "type": "Point", "coordinates": [ -61.310591835646711, -34.647094061624564 ] } },
{ "type": "Feature", "properties": { "field_1": 13, "field_2": "24-482-13-BA", "field_3": "partido_lincoln", "field_4": 4655817.07, "field_5": 6165205.38, "field_6": null, "field_7": null }, "geometry": { "type": "Point", "coordinates": [ -61.300484095208716, -34.647134463768801 ] } },
{ "type": "Feature", "properties": { "field_1": 14, "field_2": "24-482-14-BA", "field_3": "partido_lincoln", "field_4": 4655786.65, "field_5": 6166321.12, "field_6": null, "field_7": null }, "geometry": { "type": "Point", "coordinates": [ -61.30102087262307, -34.637085833471616 ] } },
{ "type": "Feature", "properties": { "field_1": 15, "field_2": "24-482-15-BA", "field_3": "partido_lincoln", "field_4": 4653926.14, "field_5": 6164347.87, "field_6": null, "field_7": null }, "geometry": { "type": "Point", "coordinates": [ -61.320945015954081, -34.655146696952933 ] } },
{ "type": "Feature", "properties": { "field_1": 16, "field_2": "24-482-16-BA", "field_3": "partido_lincoln", "field_4": 4654499.98, "field_5": 6163950.83, "field_6": null, "field_7": null }, "geometry": { "type": "Point", "coordinates": [ -61.314615406570958, -34.658637852192726 ] } },
{ "type": "Feature", "properties": { "field_1": 17, "field_2": "24-482-17-BA", "field_3": "partido_lincoln", "field_4": 4654845.89, "field_5": 6164413.02, "field_6": null, "field_7": null }, "geometry": { "type": "Point", "coordinates": [ -61.310927957211305, -34.654421116156819 ] } },
{ "type": "Feature", "properties": { "field_1": 19, "field_2": "24-482-19-BA", "field_3": "partido_lincoln", "field_4": 4653122.86, "field_5": 6164208.93, "field_6": null, "field_7": null }, "geometry": { "type": "Point", "coordinates": [ -61.329678929037073, -34.656518948811524 ] } },
{ "type": "Feature", "properties": { "field_1": 2, "field_2": "24-482-2-BA", "field_3": "partido_lincoln", "field_4": 4652795.37, "field_5": 6167739.15, "field_6": null, "field_7": null }, "geometry": { "type": "Point", "coordinates": [ -61.333886451526105, -34.62475862551571 ] } },
{ "type": "Feature", "properties": { "field_1": 20, "field_2": "24-482-20-BA", "field_3": "partido_lincoln", "field_4": 4652786.06, "field_5": 6163298.53, "field_6": null, "field_7": null }, "geometry": { "type": "Point", "coordinates": [ -61.33318720566092, -34.664772388437498 ] } },
{ "type": "Feature", "properties": { "field_1": 22, "field_2": "24-482-22-BA", "field_3": "partido_lincoln", "field_4": 4651811.27, "field_5": 6164624.78, "field_6": null, "field_7": null }, "geometry": { "type": "Point", "coordinates": [ -61.344055491634229, -34.652967038230017 ] } },
{ "type": "Feature", "properties": { "field_1": 23, "field_2": "24-482-23-BA", "field_3": "partido_lincoln", "field_4": 4652121.41, "field_5": 6162828.04, "field_6": null, "field_7": null }, "geometry": { "type": "Point", "coordinates": [ -61.3403509254113, -34.669110662368929 ] } },
{ "type": "Feature", "properties": { "field_1": 26, "field_2": "24-482-26-BA", "field_3": "partido_lincoln", "field_4": 4652019.83, "field_5": 6161714.59, "field_6": null, "field_7": null }, "geometry": { "type": "Point", "coordinates": [ -61.341258698053828, -34.679158517978749 ] } },
{ "type": "Feature", "properties": { "field_1": 27, "field_2": "24-482-27-BA", "field_3": "partido_lincoln", "field_4": 4651854.65, "field_5": 6161518.04, "field_6": null, "field_7": null }, "geometry": { "type": "Point", "coordinates": [ -61.343025082444612, -34.680954047748251 ] } },
{ "type": "Feature", "properties": { "field_1": 28, "field_2": "24-482-28-BA", "field_3": "partido_lincoln", "field_4": 4652702.19, "field_5": 6162444.48, "field_6": null, "field_7": null }, "geometry": { "type": "Point", "coordinates": [ -61.333947742894544, -34.672480314644417 ] } },
{ "type": "Feature", "properties": { "field_1": 3, "field_2": "24-482-3-BA", "field_3": "partido_lincoln", "field_4": 4651758.95, "field_5": 6166302.24, "field_6": null, "field_7": null }, "geometry": { "type": "Point", "coordinates": [ -61.344926437844244, -34.637859884655029 ] } },
{ "type": "Feature", "properties": { "field_1": 31, "field_2": "24-482-31-BA", "field_3": "partido_lincoln", "field_4": 4656514.23, "field_5": 6164410.31, "field_6": null, "field_7": null }, "geometry": { "type": "Point", "coordinates": [ -61.292736150487052, -34.654192115499562 ] } },
{ "type": "Feature", "properties": { "field_1": 32, "field_2": "24-482-32-BA", "field_3": "partido_lincoln", "field_4": 4654372.51, "field_5": 6162684.85, "field_6": null, "field_7": null }, "geometry": { "type": "Point", "coordinates": [ -61.315774529044369, -34.670064084356319 ] } },
{ "type": "Feature", "properties": { "field_1": 33, "field_2": "24-482-33-BA", "field_3": "partido_lincoln", "field_4": 4656420.25, "field_5": 6163228.81, "field_6": null, "field_7": null }, "geometry": { "type": "Point", "coordinates": [ -61.293542616627931, -34.664852169071153 ] } },
{ "type": "Feature", "properties": { "field_1": 5, "field_2": "24-482-5-BA", "field_3": "partido_lincoln", "field_4": 4651960.34, "field_5": 6165548.51, "field_6": null, "field_7": null }, "geometry": { "type": "Point", "coordinates": [ -61.342595746992764, -34.644621610679046 ] } },
{ "type": "Feature", "properties": { "field_1": 6, "field_2": "24-482-6-BA", "field_3": "partido_lincoln", "field_4": 4652486.82, "field_5": 6165503.13, "field_6": null, "field_7": null }, "geometry": { "type": "Point", "coordinates": [ -61.336847486318057, -34.644952341021664 ] } },
{ "type": "Feature", "properties": { "field_1": 7, "field_2": "24-482-7-BA", "field_3": "partido_lincoln", "field_4": 4652366.5, "field_5": 6166435.62, "field_6": null, "field_7": null }, "geometry": { "type": "Point", "coordinates": [ -61.338326963549015, -34.636567967228878 ] } },
{ "type": "Feature", "properties": { "field_1": 9, "field_2": "24-482-9-BA", "field_3": "partido_lincoln", "field_4": 4653500.53, "field_5": 6165476.01, "field_6": null, "field_7": null }, "geometry": { "type": "Point", "coordinates": [ -61.325790327696119, -34.645045433527905 ] } },
{ "type": "Feature", "properties": { "field_1": 1, "field_2": "24-500-1-BA", "field_3": "partido_general_arenales", "field_4": 4665671.62, "field_5": 6204612.66, "field_6": null, "field_7": null }, "geometry": { "type": "Point", "coordinates": [ -61.200683254537438, -34.290523998596122 ] } },
{ "type": "Feature", "properties": { "field_1": 2, "field_2": "24-500-2-BA", "field_3": "partido_general_arenales", "field_4": 4665083.12, "field_5": 6203183.1, "field_6": null, "field_7": null }, "geometry": { "type": "Point", "coordinates": [ -61.206798264344087, -34.303498657501891 ] } },
{ "type": "Feature", "properties": { "field_1": 3, "field_2": "24-500-3-BA", "field_3": "partido_general_arenales", "field_4": 4668816.36, "field_5": 6199528.04, "field_6": null, "field_7": null }, "geometry": { "type": "Point", "coordinates": [ -61.165547688692044, -34.335831297401334 ] } },
{ "type": "Feature", "properties": { "field_1": 10, "field_2": "24-501-10-BA", "field_3": "partido_general_arenales", "field_4": 4661606.32, "field_5": 6196348.21, "field_6": null, "field_7": null }, "geometry": { "type": "Point", "coordinates": [ -61.243265156478209, -34.365631871246599 ] } },
{ "type": "Feature", "properties": { "field_1": 2, "field_2": "24-501-2-BA", "field_3": "partido_junin", "field_4": 4663153.04, "field_5": 6187218.15, "field_6": null, "field_7": null }, "geometry": { "type": "Point", "coordinates": [ -61.224721184294786, -34.447654732782034 ] } },
{ "type": "Feature", "properties": { "field_1": 1, "field_2": "24-502-1-BA", "field_3": "partido_junin", "field_4": 4668307.42, "field_5": 6186423.48, "field_6": null, "field_7": null }, "geometry": { "type": "Point", "coordinates": [ -61.168504530436053, -34.453987653826879 ] } },
{ "type": "Feature", "properties": { "field_1": 6, "field_2": "24-502-6-BA", "field_3": "partido_junin", "field_4": 4671126.93, "field_5": 6178627.11, "field_6": null, "field_7": null }, "geometry": { "type": "Point", "coordinates": [ -61.136274754859819, -34.523768082382951 ] } },
{ "type": "Feature", "properties": { "field_1": 1, "field_2": "24-503-1-BA", "field_3": "partido_junin", "field_4": 4663354.26, "field_5": 6176182.37, "field_6": null, "field_7": null }, "geometry": { "type": "Point", "coordinates": [ -61.220420476320903, -34.547057780524653 ] } },
{ "type": "Feature", "properties": { "field_1": 10, "field_2": "24-503-10-BA", "field_3": "partido_junin", "field_4": 4661637.08, "field_5": 6172886.58, "field_6": null, "field_7": null }, "geometry": { "type": "Point", "coordinates": [ -61.238493438311636, -34.577024722372663 ] } },
{ "type": "Feature", "properties": { "field_1": 3, "field_2": "24-503-3-BA", "field_3": "partido_junin", "field_4": 4667188.79, "field_5": 6173130.68, "field_6": null, "field_7": null }, "geometry": { "type": "Point", "coordinates": [ -61.178065910850535, -34.573937390122495 ] } },
{ "type": "Feature", "properties": { "field_1": 5, "field_2": "24-503-5-BA", "field_3": "partido_junin", "field_4": 4662870.83, "field_5": 6168959.52, "field_6": null, "field_7": null }, "geometry": { "type": "Point", "coordinates": [ -61.22430082911103, -34.612213156495628 ] } },
{ "type": "Feature", "properties": { "field_1": 8, "field_2": "24-503-8-BA", "field_3": "partido_junin", "field_4": 4663950.6, "field_5": 6173235.18, "field_6": null, "field_7": null }, "geometry": { "type": "Point", "coordinates": [ -61.213358851017688, -34.573517394922881 ] } },
{ "type": "Feature", "properties": { "field_1": 9, "field_2": "24-503-9-BA", "field_3": "partido_junin", "field_4": 4668991.0, "field_5": 6169581.18, "field_6": null, "field_7": null }, "geometry": { "type": "Point", "coordinates": [ -61.157729309932471, -34.605622891921442 ] } },
{ "type": "Feature", "properties": { "field_1": 1, "field_2": "24-504-1-BA", "field_3": "partido_junin", "field_4": 4669162.44, "field_5": 6165109.23, "field_6": null, "field_7": null }, "geometry": { "type": "Point", "coordinates": [ -61.154969262274015, -34.645885611946298 ] } },
{ "type": "Feature", "properties": { "field_1": 3, "field_2": "24-522-3-BA", "field_3": "partido_junin", "field_4": 4674994.15, "field_5": 6202911.44, "field_6": null, "field_7": null }, "geometry": { "type": "Point", "coordinates": [ -61.099135941236248, -34.304323379671139 ] } },
{ "type": "Feature", "properties": { "field_1": 4, "field_2": "24-522-4-BA", "field_3": "partido_junin", "field_4": 4676147.72, "field_5": 6203203.76, "field_6": null, "field_7": null }, "geometry": { "type": "Point", "coordinates": [ -61.086671224576428, -34.301494579416236 ] } },
{ "type": "Feature", "properties": { "field_1": 1, "field_2": "24-523-1-BA", "field_3": "partido_junin", "field_4": 4679667.06, "field_5": 6197408.72, "field_6": null, "field_7": null }, "geometry": { "type": "Point", "coordinates": [ -61.047253586060464, -34.353102573334837 ] } },
{ "type": "Feature", "properties": { "field_1": 11, "field_2": "24-523-11-BA", "field_3": "partido_junin", "field_4": 4679920.02, "field_5": 6194693.28, "field_6": null, "field_7": null }, "geometry": { "type": "Point", "coordinates": [ -61.043936974017655, -34.377523471958774 ] } },
{ "type": "Feature", "properties": { "field_1": 12, "field_2": "24-523-12-BA", "field_3": "partido_junin", "field_4": 4679521.72, "field_5": 6194079.93, "field_6": null, "field_7": null }, "geometry": { "type": "Point", "coordinates": [ -61.048136757745539, -34.383118577980532 ] } },
{ "type": "Feature", "properties": { "field_1": 13, "field_2": "24-523-13-BA", "field_3": "partido_junin", "field_4": 4679959.21, "field_5": 6191255.68, "field_6": null, "field_7": null }, "geometry": { "type": "Point", "coordinates": [ -61.042790072965765, -34.408487585648949 ] } },
{ "type": "Feature", "properties": { "field_1": 15, "field_2": "24-523-15-BA", "field_3": "partido_junin", "field_4": 4675001.48, "field_5": 6197637.18, "field_6": null, "field_7": null }, "geometry": { "type": "Point", "coordinates": [ -61.097983957377799, -34.351842440733698 ] } },
{ "type": "Feature", "properties": { "field_1": 19, "field_2": "24-523-19-BA", "field_3": "partido_junin", "field_4": 4680895.88, "field_5": 6196610.92, "field_6": null, "field_7": null }, "geometry": { "type": "Point", "coordinates": [ -61.033736899203276, -34.36007659311651 ] } },
{ "type": "Feature", "properties": { "field_1": 2, "field_2": "24-523-2-BA", "field_3": "partido_junin", "field_4": 4679498.72, "field_5": 6197088.47, "field_6": null, "field_7": null }, "geometry": { "type": "Point", "coordinates": [ -61.049015413523705, -34.356017047977801 ] } },
{ "type": "Feature", "properties": { "field_1": 3, "field_2": "24-523-3-BA", "field_3": "partido_junin", "field_4": 4677952.5, "field_5": 6196147.66, "field_6": null, "field_7": null }, "geometry": { "type": "Point", "coordinates": [ -61.065618103934895, -34.364760046392099 ] } },
{ "type": "Feature", "properties": { "field_1": 4, "field_2": "24-523-4-BA", "field_3": "partido_junin", "field_4": 4676678.19, "field_5": 6194363.73, "field_6": null, "field_7": null }, "geometry": { "type": "Point", "coordinates": [ -61.079096250861383, -34.381050785813741 ] } },
{ "type": "Feature", "properties": { "field_1": 9, "field_2": "24-523-9-BA", "field_3": "partido_junin", "field_4": 4679979.66, "field_5": 6195288.21, "field_6": null, "field_7": null }, "geometry": { "type": "Point", "coordinates": [ -61.043413601312565, -34.372153093018383 ] } },
{ "type": "Feature", "properties": { "field_1": 1, "field_2": "24-524-1-BA", "field_3": "partido_junin", "field_4": 4680973.75, "field_5": 6186020.53, "field_6": null, "field_7": null }, "geometry": { "type": "Point", "coordinates": [ -61.030655397222596, -34.455475820947562 ] } },
{ "type": "Feature", "properties": { "field_1": 10, "field_2": "24-524-10-BA", "field_3": "partido_junin", "field_4": 4672425.47, "field_5": 6179780.32, "field_6": null, "field_7": null }, "geometry": { "type": "Point", "coordinates": [ -61.12237236696803, -34.51316143535665 ] } },
{ "type": "Feature", "properties": { "field_1": 4, "field_2": "24-524-4-BA", "field_3": "partido_junin", "field_4": 4678514.01, "field_5": 6183316.68, "field_6": null, "field_7": null }, "geometry": { "type": "Point", "coordinates": [ -61.056843808851156, -34.480264141396084 ] } },
{ "type": "Feature", "properties": { "field_1": 5, "field_2": "24-524-5-BA", "field_3": "partido_junin", "field_4": 4678754.02, "field_5": 6182389.87, "field_6": null, "field_7": null }, "geometry": { "type": "Point", "coordinates": [ -61.054038611301863, -34.488572569307898 ] } },
{ "type": "Feature", "properties": { "field_1": 7, "field_2": "24-524-7-BA", "field_3": "partido_junin", "field_4": 4679074.84, "field_5": 6181838.3, "field_6": null, "field_7": null }, "geometry": { "type": "Point", "coordinates": [ -61.050432179850439, -34.493486201822378 ] } },
{ "type": "Feature", "properties": { "field_1": 8, "field_2": "24-524-8-BA", "field_3": "partido_junin", "field_4": 4680753.11, "field_5": 6181755.72, "field_6": null, "field_7": null }, "geometry": { "type": "Point", "coordinates": [ -61.032153007538142, -34.493937350721403 ] } },
{ "type": "Feature", "properties": { "field_1": 9, "field_2": "24-524-9-BA", "field_3": "partido_junin", "field_4": 4671451.81, "field_5": 6178890.05, "field_6": null, "field_7": null }, "geometry": { "type": "Point", "coordinates": [ -61.132791058613229, -34.521345028823703 ] } },
{ "type": "Feature", "properties": { "field_1": 10, "field_2": "24-525-10-BA", "field_3": "partido_junin", "field_4": 4676521.35, "field_5": 6173954.59, "field_6": null, "field_7": null }, "geometry": { "type": "Point", "coordinates": [ -61.076584852146546, -34.564954353281649 ] } },
{ "type": "Feature", "properties": { "field_1": 11, "field_2": "24-525-11-BA", "field_3": "partido_junin", "field_4": 4676123.33, "field_5": 6174821.05, "field_6": null, "field_7": null }, "geometry": { "type": "Point", "coordinates": [ -61.081098969017887, -34.557216300380368 ] } },
{ "type": "Feature", "properties": { "field_1": 12, "field_2": "24-525-12-BA", "field_3": "partido_junin", "field_4": 4677141.13, "field_5": 6175030.41, "field_6": null, "field_7": null }, "geometry": { "type": "Point", "coordinates": [ -61.070058928610642, -34.555155331626281 ] } },
{ "type": "Feature", "properties": { "field_1": 13, "field_2": "24-525-13-BA", "field_3": "partido_junin", "field_4": 4674640.9, "field_5": 6174580.0, "field_6": null, "field_7": null }, "geometry": { "type": "Point", "coordinates": [ -61.0971930030192, -34.559640793364331 ] } },
{ "type": "Feature", "properties": { "field_1": 2, "field_2": "24-525-2-BA", "field_3": "partido_junin", "field_4": 4674149.19, "field_5": 6176946.45, "field_6": null, "field_7": null }, "geometry": { "type": "Point", "coordinates": [ -61.103031919747806, -34.538403521730579 ] } },
{ "type": "Feature", "properties": { "field_1": 4, "field_2": "24-525-4-BA", "field_3": "partido_junin", "field_4": 4676535.74, "field_5": 6176603.0, "field_6": null, "field_7": null }, "geometry": { "type": "Point", "coordinates": [ -61.076977400864017, -34.541091287020535 ] } },
{ "type": "Feature", "properties": { "field_1": 5, "field_2": "24-525-5-BA", "field_3": "partido_junin", "field_4": 4679413.24, "field_5": 6174390.16, "field_6": null, "field_7": null }, "geometry": { "type": "Point", "coordinates": [ -61.045182080249965, -34.560529742871445 ] } },
{ "type": "Feature", "properties": { "field_1": 6, "field_2": "24-525-6-BA", "field_3": "partido_junin", "field_4": 4680739.78, "field_5": 6173792.53, "field_6": null, "field_7": null }, "geometry": { "type": "Point", "coordinates": [ -61.03060915088794, -34.565681626559396 ] } },
{ "type": "Feature", "properties": { "field_1": 7, "field_2": "24-525-7-BA", "field_3": "partido_junin", "field_4": 4675423.64, "field_5": 6168852.21, "field_6": null, "field_7": null }, "geometry": { "type": "Point", "coordinates": [ -61.087486486044568, -34.611111638216052 ] } },
{ "type": "Feature", "properties": { "field_1": 8, "field_2": "24-525-8-BA", "field_3": "partido_junin", "field_4": 4677846.74, "field_5": 6168604.95, "field_6": null, "field_7": null }, "geometry": { "type": "Point", "coordinates": [ -61.061030671589748, -34.612922348054511 ] } },
{ "type": "Feature", "properties": { "field_1": 9, "field_2": "24-525-9-BA", "field_3": "partido_junin", "field_4": 4676804.88, "field_5": 6168750.43, "field_6": null, "field_7": null }, "geometry": { "type": "Point", "coordinates": [ -61.072414140454271, -34.611791650843195 ] } },
{ "type": "Feature", "properties": { "field_1": 10, "field_2": "24-526-10-BA", "field_3": "partido_junin", "field_4": 4680801.64, "field_5": 6163653.0, "field_6": null, "field_7": null }, "geometry": { "type": "Point", "coordinates": [ -61.027775580938609, -34.657018400238265 ] } },
{ "type": "Feature", "properties": { "field_1": 11, "field_2": "24-526-11-BA", "field_3": "partido_junin", "field_4": 4678525.64, "field_5": 6162902.12, "field_6": null, "field_7": null }, "geometry": { "type": "Point", "coordinates": [ -61.052431631426657, -34.664182164538211 ] } },
{ "type": "Feature", "properties": { "field_1": 13, "field_2": "24-526-13-BA", "field_3": "partido_junin", "field_4": 4680891.55, "field_5": 6159631.23, "field_6": null, "field_7": null }, "geometry": { "type": "Point", "coordinates": [ -61.02593551393101, -34.693234473681592 ] } },
{ "type": "Feature", "properties": { "field_1": 14, "field_2": "24-526-14-BA", "field_3": "partido_junin", "field_4": 4679592.63, "field_5": 6159459.58, "field_6": null, "field_7": null }, "geometry": { "type": "Point", "coordinates": [ -61.040066772463668, -34.695009617639663 ] } },
{ "type": "Feature", "properties": { "field_1": 20, "field_2": "24-526-20-BA", "field_3": "partido_junin", "field_4": 4674454.19, "field_5": 6161528.71, "field_6": null, "field_7": null }, "geometry": { "type": "Point", "coordinates": [ -61.096542805062263, -34.677257018344939 ] } },
{ "type": "Feature", "properties": { "field_1": 22, "field_2": "24-526-22-BA", "field_3": "partido_junin", "field_4": 4677314.5, "field_5": 6159603.65, "field_6": null, "field_7": null }, "geometry": { "type": "Point", "coordinates": [ -61.064946115848088, -34.694108915566204 ] } },
{ "type": "Feature", "properties": { "field_1": 1, "field_2": "24-544-1-BA", "field_3": "partido_rojas", "field_4": 4685889.28, "field_5": 6203781.27, "field_6": null, "field_7": null }, "geometry": { "type": "Point", "coordinates": [ -60.981038497958906, -34.294593664850517 ] } },
{ "type": "Feature", "properties": { "field_1": 1, "field_2": "24-545-1-BA", "field_3": "partido_junin", "field_4": 4686528.89, "field_5": 6195068.02, "field_6": null, "field_7": null }, "geometry": { "type": "Point", "coordinates": [ -60.972206640650484, -34.372978112389411 ] } },
{ "type": "Feature", "properties": { "field_1": 2, "field_2": "24-545-2-BA", "field_3": "partido_junin", "field_4": 4688004.75, "field_5": 6193068.5, "field_6": null, "field_7": null }, "geometry": { "type": "Point", "coordinates": [ -60.955733309760703, -34.39072494562464 ] } },
{ "type": "Feature", "properties": { "field_1": 3, "field_2": "24-545-3-BA", "field_3": "partido_junin", "field_4": 4690213.98, "field_5": 6192068.78, "field_6": null, "field_7": null }, "geometry": { "type": "Point", "coordinates": [ -60.931503319774826, -34.399327638831942 ] } },
{ "type": "Feature", "properties": { "field_1": 3, "field_2": "24-546-3-BA", "field_3": "partido_junin", "field_4": 4683452.97, "field_5": 6183485.67, "field_6": null, "field_7": null }, "geometry": { "type": "Point", "coordinates": [ -61.003147030301641, -34.477875224635888 ] } },
{ "type": "Feature", "properties": { "field_1": 4, "field_2": "24-546-4-BA", "field_3": "partido_junin", "field_4": 4688378.02, "field_5": 6183754.34, "field_6": null, "field_7": null }, "geometry": { "type": "Point", "coordinates": [ -60.949627815895965, -34.4745673449709 ] } },
{ "type": "Feature", "properties": { "field_1": 5, "field_2": "24-546-5-BA", "field_3": "partido_junin", "field_4": 4684495.94, "field_5": 6179666.99, "field_6": null, "field_7": null }, "geometry": { "type": "Point", "coordinates": [ -60.990975313023384, -34.512091838656907 ] } },
{ "type": "Feature", "properties": { "field_1": 6, "field_2": "24-546-6-BA", "field_3": "partido_junin", "field_4": 4684988.42, "field_5": 6182465.36, "field_6": null, "field_7": null }, "geometry": { "type": "Point", "coordinates": [ -60.986222023451816, -34.486793050860236 ] } },
{ "type": "Feature", "properties": { "field_1": 8, "field_2": "24-546-8-BA", "field_3": "partido_junin", "field_4": 4681956.57, "field_5": 6184802.01, "field_6": null, "field_7": null }, "geometry": { "type": "Point", "coordinates": [ -61.019706732940904, -34.466281031055914 ] } },
{ "type": "Feature", "properties": { "field_1": 2, "field_2": "24-547-2-BA", "field_3": "partido_junin", "field_4": 4685287.62, "field_5": 6177347.52, "field_6": null, "field_7": null }, "geometry": { "type": "Point", "coordinates": [ -60.981855082095642, -34.532845739684944 ] } },
{ "type": "Feature", "properties": { "field_1": 1, "field_2": "24-548-1-BA", "field_3": "partido_junin", "field_4": 4688433.73, "field_5": 6161838.38, "field_6": null, "field_7": null }, "geometry": { "type": "Point", "coordinates": [ -60.944165498714518, -34.671990643871439 ] } },
{ "type": "Feature", "properties": { "field_1": 2, "field_2": "24-548-2-BA", "field_3": "partido_junin", "field_4": 4689839.8, "field_5": 6160381.77, "field_6": null, "field_7": null }, "geometry": { "type": "Point", "coordinates": [ -60.928507067927605, -34.684852751403184 ] } },
{ "type": "Feature", "properties": { "field_1": 3, "field_2": "24-548-3-BA", "field_3": "partido_junin", "field_4": 4690001.41, "field_5": 6160145.54, "field_6": null, "field_7": null }, "geometry": { "type": "Point", "coordinates": [ -60.926691557983673, -34.68695082294051 ] } },
{ "type": "Feature", "properties": { "field_1": 4, "field_2": "24-548-4-BA", "field_3": "partido_junin", "field_4": 4690345.83, "field_5": 6158951.64, "field_6": null, "field_7": null }, "geometry": { "type": "Point", "coordinates": [ -60.922666596933418, -34.697641912758414 ] } },
{ "type": "Feature", "properties": { "field_1": 5, "field_2": "24-548-5-BA", "field_3": "partido_junin", "field_4": 4687681.86, "field_5": 6159869.29, "field_6": null, "field_7": null }, "geometry": { "type": "Point", "coordinates": [ -60.95192695865962, -34.689867296829 ] } },
{ "type": "Feature", "properties": { "field_1": 6, "field_2": "24-548-6-BA", "field_3": "partido_junin", "field_4": 4683163.04, "field_5": 6160946.74, "field_6": null, "field_7": null }, "geometry": { "type": "Point", "coordinates": [ -61.001444988146503, -34.680979327563577 ] } },
{ "type": "Feature", "properties": { "field_1": 7, "field_2": "24-548-7-BA", "field_3": "partido_junin", "field_4": 4682921.57, "field_5": 6161878.31, "field_6": null, "field_7": null }, "geometry": { "type": "Point", "coordinates": [ -61.004279750634922, -34.672630137210788 ] } },
{ "type": "Feature", "properties": { "field_1": 1, "field_2": "25-461-1-BA", "field_3": "partido_lincoln", "field_4": 4642367.92, "field_5": 6156547.37, "field_6": null, "field_7": null }, "geometry": { "type": "Point", "coordinates": [ -61.445667992620315, -34.727107615294507 ] } },
{ "type": "Feature", "properties": { "field_1": 2, "field_2": "25-461-2-BA", "field_3": "partido_lincoln", "field_4": 4646313.66, "field_5": 6155297.02, "field_6": null, "field_7": null }, "geometry": { "type": "Point", "coordinates": [ -61.402387263307034, -34.737816957717499 ] } },
{ "type": "Feature", "properties": { "field_1": 3, "field_2": "25-461-3-BA", "field_3": "partido_lincoln", "field_4": 4644629.05, "field_5": 6153163.18, "field_6": null, "field_7": null }, "geometry": { "type": "Point", "coordinates": [ -61.420409391448302, -34.757284368029069 ] } },
{ "type": "Feature", "properties": { "field_1": 4, "field_2": "25-461-4-BA", "field_3": "partido_lincoln", "field_4": 4648237.86, "field_5": 6148730.78, "field_6": null, "field_7": null }, "geometry": { "type": "Point", "coordinates": [ -61.380228364039773, -34.796705160937137 ] } },
{ "type": "Feature", "properties": { "field_1": 5, "field_2": "25-461-5-BA", "field_3": "partido_lincoln", "field_4": 4641828.85, "field_5": 6149147.72, "field_6": null, "field_7": null }, "geometry": { "type": "Point", "coordinates": [ -61.450305783656489, -34.793859965851468 ] } },
{ "type": "Feature", "properties": { "field_1": 8, "field_2": "25-461-8-BA", "field_3": "partido_lincoln", "field_4": 4648187.32, "field_5": 6142824.82, "field_6": null, "field_7": null }, "geometry": { "type": "Point", "coordinates": [ -61.379738373960734, -34.849928072068906 ] } },
{ "type": "Feature", "properties": { "field_1": 9, "field_2": "25-461-9-BA", "field_3": "partido_lincoln", "field_4": 4648989.38, "field_5": 6142943.68, "field_6": null, "field_7": null }, "geometry": { "type": "Point", "coordinates": [ -61.370992986282261, -34.848739965680167 ] } },
{ "type": "Feature", "properties": { "field_1": 1, "field_2": "25-462-1-BA", "field_3": "partido_lincoln", "field_4": 4645864.43, "field_5": 6140256.72, "field_6": null, "field_7": null }, "geometry": { "type": "Point", "coordinates": [ -61.404680940312076, -34.873403694437606 ] } },
{ "type": "Feature", "properties": { "field_1": 2, "field_2": "25-462-2-BA", "field_3": "partido_lincoln", "field_4": 4646551.37, "field_5": 6140346.57, "field_6": null, "field_7": null }, "geometry": { "type": "Point", "coordinates": [ -61.397186187285804, -34.872495305020671 ] } },
{ "type": "Feature", "properties": { "field_1": 4, "field_2": "25-462-4-BA", "field_3": "partido_lincoln", "field_4": 4647880.34, "field_5": 6146325.06, "field_6": null, "field_7": null }, "geometry": { "type": "Point", "coordinates": [ -61.383710300586905, -34.818433882801585 ] } },
{ "type": "Feature", "properties": { "field_1": 5, "field_2": "25-462-5-BA", "field_3": "partido_lincoln", "field_4": 4644037.56, "field_5": 6146871.63, "field_6": null, "field_7": null }, "geometry": { "type": "Point", "coordinates": [ -61.425790297656498, -34.814059529042673 ] } },
{ "type": "Feature", "properties": { "field_1": 6, "field_2": "25-462-6-BA", "field_3": "partido_lincoln", "field_4": 4645759.61, "field_5": 6146564.65, "field_6": null, "field_7": null }, "geometry": { "type": "Point", "coordinates": [ -61.406922867758126, -34.816580694863255 ] } },
{ "type": "Feature", "properties": { "field_1": 7, "field_2": "25-462-7-BA", "field_3": "partido_lincoln", "field_4": 4641634.18, "field_5": 6144715.32, "field_6": null, "field_7": null }, "geometry": { "type": "Point", "coordinates": [ -61.451685036987847, -34.833826550823638 ] } },
{ "type": "Feature", "properties": { "field_1": 1, "field_2": "25-483-1-BA", "field_3": "partido_lincoln", "field_4": 4660518.03, "field_5": 6156222.4, "field_6": null, "field_7": null }, "geometry": { "type": "Point", "coordinates": [ -61.247525679605651, -34.727346514226362 ] } },
{ "type": "Feature", "properties": { "field_1": 2, "field_2": "25-483-2-BA", "field_3": "partido_lincoln", "field_4": 4658606.04, "field_5": 6151085.38, "field_6": null, "field_7": null }, "geometry": { "type": "Point", "coordinates": [ -61.267424978756544, -34.773929921030927 ] } },
{ "type": "Feature", "properties": { "field_1": 3, "field_2": "25-483-3-BA", "field_3": "partido_lincoln", "field_4": 4659089.21, "field_5": 6150783.57, "field_6": null, "field_7": null }, "geometry": { "type": "Point", "coordinates": [ -61.26209205350569, -34.776574013893104 ] } },
{ "type": "Feature", "properties": { "field_1": 4, "field_2": "25-483-4-BA", "field_3": "partido_lincoln", "field_4": 4656203.01, "field_5": 6149805.27, "field_6": null, "field_7": null }, "geometry": { "type": "Point", "coordinates": [ -61.293427184079469, -34.7858346080803 ] } },
{ "type": "Feature", "properties": { "field_1": 5, "field_2": "25-483-5-BA", "field_3": "partido_lincoln", "field_4": 4655385.96, "field_5": 6157118.18, "field_6": null, "field_7": null }, "geometry": { "type": "Point", "coordinates": [ -61.303698527259947, -34.7200683671999 ] } },
{ "type": "Feature", "properties": { "field_1": 6, "field_2": "25-483-6-BA", "field_3": "partido_lincoln", "field_4": 4657343.14, "field_5": 6156371.7, "field_6": null, "field_7": null }, "geometry": { "type": "Point", "coordinates": [ -61.28220185478628, -34.726494961564732 ] } },
{ "type": "Feature", "properties": { "field_1": 1, "field_2": "25-484-1-BA", "field_3": "partido_lincoln", "field_4": 4652477.46, "field_5": 6142654.48, "field_6": null, "field_7": null }, "geometry": { "type": "Point", "coordinates": [ -61.332816858927792, -34.850829014845615 ] } },
{ "type": "Feature", "properties": { "field_1": 2, "field_2": "25-484-2-BA", "field_3": "partido_lincoln", "field_4": 4660680.58, "field_5": 6139471.51, "field_6": null, "field_7": null }, "geometry": { "type": "Point", "coordinates": [ -61.242550420192408, -34.878244529111292 ] } },
{ "type": "Feature", "properties": { "field_1": 3, "field_2": "25-484-3-BA", "field_3": "partido_lincoln", "field_4": 4651504.13, "field_5": 6141733.56, "field_6": null, "field_7": null }, "geometry": { "type": "Point", "coordinates": [ -61.343288888606281, -34.859272154342221 ] } },
{ "type": "Feature", "properties": { "field_1": 4, "field_2": "25-484-4-BA", "field_3": "partido_lincoln", "field_4": 4654211.67, "field_5": 6147752.3, "field_6": null, "field_7": null }, "geometry": { "type": "Point", "coordinates": [ -61.314798486487383, -34.804635377881368 ] } },
{ "type": "Feature", "properties": { "field_1": 1, "field_2": "25-505-1-BA", "field_3": "partido_lincoln", "field_4": 4664169.59, "field_5": 6152899.72, "field_6": null, "field_7": null }, "geometry": { "type": "Point", "coordinates": [ -61.2070295357777, -34.756703212957433 ] } },
{ "type": "Feature", "properties": { "field_1": 1, "field_2": "25-506-1-BA", "field_3": "partido_lincoln", "field_4": 4662192.98, "field_5": 6140429.86, "field_6": null, "field_7": null }, "geometry": { "type": "Point", "coordinates": [ -61.226200996905028, -34.869369886547851 ] } },
{ "type": "Feature", "properties": { "field_1": 2, "field_2": "25-506-2-BA", "field_3": "partido_lincoln", "field_4": 4665217.8, "field_5": 6141680.22, "field_6": null, "field_7": null }, "geometry": { "type": "Point", "coordinates": [ -61.19338136781252, -34.857617712080689 ] } },
{ "type": "Feature", "properties": { "field_1": 3, "field_2": "25-506-3-BA", "field_3": "partido_lincoln", "field_4": 4666086.31, "field_5": 6139059.71, "field_6": null, "field_7": null }, "geometry": { "type": "Point", "coordinates": [ -61.183369264180598, -34.88108572821006 ] } },
{ "type": "Feature", "properties": { "field_1": 4, "field_2": "25-506-4-BA", "field_3": "partido_lincoln", "field_4": 4668871.53, "field_5": 6140953.96, "field_6": null, "field_7": null }, "geometry": { "type": "Point", "coordinates": [ -61.153300543002715, -34.863560851352212 ] } },
{ "type": "Feature", "properties": { "field_1": 5, "field_2": "25-506-5-BA", "field_3": "partido_gral_viamonte", "field_4": 4670264.14, "field_5": 6145730.77, "field_6": null, "field_7": null }, "geometry": { "type": "Point", "coordinates": [ -61.13904790300424, -34.820292952192972 ] } },
{ "type": "Feature", "properties": { "field_1": 1, "field_2": "25-527-1-BA", "field_3": "partido_gral_viamonte", "field_4": 4671673.6, "field_5": 6149064.43, "field_6": null, "field_7": null }, "geometry": { "type": "Point", "coordinates": [ -61.124330822214148, -34.790022520022355 ] } },
{ "type": "Feature", "properties": { "field_1": 2, "field_2": "25-527-2-BA", "field_3": "partido_gral_viamonte", "field_4": 4674526.21, "field_5": 6155510.87, "field_6": null, "field_7": null }, "geometry": { "type": "Point", "coordinates": [ -61.094514277670534, -34.731461137414577 ] } },
{ "type": "Feature", "properties": { "field_1": 3, "field_2": "25-527-3-BA", "field_3": "partido_gral_viamonte", "field_4": 4677101.79, "field_5": 6154103.29, "field_6": null, "field_7": null }, "geometry": { "type": "Point", "coordinates": [ -61.066112481299029, -34.743699070146072 ] } },
{ "type": "Feature", "properties": { "field_1": 4, "field_2": "25-527-4-BA", "field_3": "partido_gral_viamonte", "field_4": 4672856.57, "field_5": 6152486.06, "field_6": null, "field_7": null }, "geometry": { "type": "Point", "coordinates": [ -61.112114598042972, -34.758996336042337 ] } },
{ "type": "Feature", "properties": { "field_1": 1, "field_2": "25-528-1-BA", "field_3": "partido_gral_viamonte", "field_4": 4678318.45, "field_5": 6139042.87, "field_6": null, "field_7": null }, "geometry": { "type": "Point", "coordinates": [ -61.049638354512055, -34.879165029907853 ] } },
{ "type": "Feature", "properties": { "field_1": 2, "field_2": "25-528-2-BA", "field_3": "partido_gral_viamonte", "field_4": 4676454.15, "field_5": 6145365.77, "field_6": null, "field_7": null }, "geometry": { "type": "Point", "coordinates": [ -61.071348997514342, -34.822527810051 ] } },
{ "type": "Feature", "properties": { "field_1": 3, "field_2": "25-528-3-BA", "field_3": "partido_gral_viamonte", "field_4": 4673390.03, "field_5": 6145247.85, "field_6": null, "field_7": null }, "geometry": { "type": "Point", "coordinates": [ -61.104799262333167, -34.824116380842554 ] } },
{ "type": "Feature", "properties": { "field_1": 1, "field_2": "25-549-1-ba", "field_3": "partido_junin", "field_4": 4689376.98, "field_5": 6150011.55, "field_6": null, "field_7": null }, "geometry": { "type": "Point", "coordinates": [ -60.931226874175799, -34.778357002793186 ] } },
{ "type": "Feature", "properties": { "field_1": 2, "field_2": "25-549-2-BA", "field_3": "partido_junin", "field_4": 4687392.89, "field_5": 6153912.36, "field_6": null, "field_7": null }, "geometry": { "type": "Point", "coordinates": [ -60.953756561173762, -34.743583204797275 ] } },
{ "type": "Feature", "properties": { "field_1": 1, "field_2": "25-550-1-BA", "field_3": "partido_gral_viamonte", "field_4": 4690552.47, "field_5": 6141283.4, "field_6": null, "field_7": null }, "geometry": { "type": "Point", "coordinates": [ -60.916413733548659, -34.856762488800484 ] } },
{ "type": "Feature", "properties": { "field_1": 2, "field_2": "25-550-2-BA", "field_3": "partido_gral_viamonte", "field_4": 4688596.45, "field_5": 6145425.67, "field_6": null, "field_7": null }, "geometry": { "type": "Point", "coordinates": [ -60.938720150980423, -34.819812497589901 ] } },
{ "type": "Feature", "properties": { "field_1": 3, "field_2": "25-550-3-BA", "field_3": "partido_gral_viamonte", "field_4": 4689876.75, "field_5": 6147203.87, "field_6": null, "field_7": null }, "geometry": { "type": "Point", "coordinates": [ -60.925136833574328, -34.803556315591024 ] } },
{ "type": "Feature", "properties": { "field_1": 4, "field_2": "25-550-4-BA", "field_3": "partido_gral_viamonte", "field_4": 4686649.79, "field_5": 6147870.23, "field_6": null, "field_7": null }, "geometry": { "type": "Point", "coordinates": [ -60.960527158838275, -34.798149478384225 ] } },
{ "type": "Feature", "properties": { "field_1": 5, "field_2": "25-550-5-BA", "field_3": "partido_gral_viamonte", "field_4": 4681549.16, "field_5": 6141698.94, "field_6": null, "field_7": null }, "geometry": { "type": "Point", "coordinates": [ -61.014896328834183, -34.854665648448837 ] } },
{ "type": "Feature", "properties": { "field_1": 1, "field_2": "26-551-1-SF", "field_3": "municipio_zavalla", "field_4": 4697816.11, "field_5": 6348639.64, "field_6": null, "field_7": null }, "geometry": { "type": "Point", "coordinates": [ -60.883763229047162, -32.987278424863781 ] } },
{ "type": "Feature", "properties": { "field_1": 2, "field_2": "26-551-2-SF", "field_3": "municipio_zavalla", "field_4": 4697214.04, "field_5": 6349510.56, "field_6": null, "field_7": null }, "geometry": { "type": "Point", "coordinates": [ -60.890387122371848, -32.979539837867286 ] } },
{ "type": "Feature", "properties": { "field_1": 3, "field_2": "26-551-3-SF", "field_3": "municipio_funes", "field_4": 4700041.29, "field_5": 6352183.3, "field_6": null, "field_7": null }, "geometry": { "type": "Point", "coordinates": [ -60.860742741550538, -32.954942607606974 ] } },
{ "type": "Feature", "properties": { "field_1": 1, "field_2": "26-552-1-SF", "field_3": "municipio_zavalla", "field_4": 4698694.04, "field_5": 6347519.24, "field_6": null, "field_7": null }, "geometry": { "type": "Point", "coordinates": [ -60.874134585224581, -32.9972143461356 ] } },
{ "type": "Feature", "properties": { "field_1": 2, "field_2": "26-552-2-SF", "field_3": "municipio_zavalla", "field_4": 4698933.77, "field_5": 6347963.85, "field_6": null, "field_7": null }, "geometry": { "type": "Point", "coordinates": [ -60.871667413723827, -32.993164477176855 ] } },
{ "type": "Feature", "properties": { "field_1": 3, "field_2": "26-552-3-SF", "field_3": "municipio_zavalla", "field_4": 4699313.79, "field_5": 6348329.69, "field_6": null, "field_7": null }, "geometry": { "type": "Point", "coordinates": [ -60.867683433807436, -32.989798707603001 ] } },
{ "type": "Feature", "properties": { "field_1": 4, "field_2": "26-552-4-SF", "field_3": "municipio_zavalla", "field_4": 4700463.55, "field_5": 6347473.48, "field_6": null, "field_7": null }, "geometry": { "type": "Point", "coordinates": [ -60.855203710579651, -32.997302905703528 ] } },
{ "type": "Feature", "properties": { "field_1": 1, "field_2": "26-554-1-SF", "field_3": "municipio_acebal", "field_4": 4697346.81, "field_5": 6323475.92, "field_6": null, "field_7": null }, "geometry": { "type": "Point", "coordinates": [ -60.883350480980305, -33.214100297689704 ] } },
{ "type": "Feature", "properties": { "field_1": 2, "field_2": "26-554-2-SF", "field_3": "municipio_acebal", "field_4": 4699047.96, "field_5": 6323102.61, "field_6": null, "field_7": null }, "geometry": { "type": "Point", "coordinates": [ -60.865033969863923, -33.217152236509108 ] } },
{ "type": "Feature", "properties": { "field_1": 3, "field_2": "26-554-3-SF", "field_3": "municipio_acebal", "field_4": 4699821.69, "field_5": 6323625.17, "field_6": null, "field_7": null }, "geometry": { "type": "Point", "coordinates": [ -60.856854884431137, -33.212301253233676 ] } },
{ "type": "Feature", "properties": { "field_1": 1, "field_2": "26-574-1-SF", "field_3": "municipio_perez", "field_4": 4704308.18, "field_5": 6348087.75, "field_6": null, "field_7": null }, "geometry": { "type": "Point", "coordinates": [ -60.814231485334425, -32.991054895857417 ] } },
{ "type": "Feature", "properties": { "field_1": 1, "field_2": "26-575-1-SF", "field_3": "municipio_piñero", "field_4": 4708075.86, "field_5": 6337849.32, "field_6": null, "field_7": null }, "geometry": { "type": "Point", "coordinates": [ -60.771627360463555, -33.082589951641651 ] } },
{ "type": "Feature", "properties": { "field_1": 1, "field_2": "26-595-1-SF", "field_3": "municipio_rosario", "field_4": 4712224.59, "field_5": 6358110.72, "field_6": null, "field_7": null }, "geometry": { "type": "Point", "coordinates": [ -60.731903131746186, -32.899239337003863 ] } },
{ "type": "Feature", "properties": { "field_1": 1, "field_2": "26-597-1-SF", "field_3": "municipio_villa_amelia", "field_4": 4717268.15, "field_5": 6332681.13, "field_6": null, "field_7": null }, "geometry": { "type": "Point", "coordinates": [ -60.672024081746315, -33.127353096786706 ] } },
{ "type": "Feature", "properties": { "field_1": 2, "field_2": "26-597-2-SF", "field_3": "municipio_villa_amelia", "field_4": 4717633.6, "field_5": 6331819.04, "field_6": null, "field_7": null }, "geometry": { "type": "Point", "coordinates": [ -60.667905724270483, -33.135046533231012 ] } },
{ "type": "Feature", "properties": { "field_1": 1, "field_2": "26-599-1-SF", "field_3": "municipio_coronel_bogado", "field_4": 4717794.49, "field_5": 6309692.55, "field_6": null, "field_7": null }, "geometry": { "type": "Point", "coordinates": [ -60.660878622402507, -33.334349810596528 ] } },
{ "type": "Feature", "properties": { "field_1": 2, "field_2": "26-599-2-SF", "field_3": "municipio_coronel_bogado", "field_4": 4718367.51, "field_5": 6309478.46, "field_6": null, "field_7": null }, "geometry": { "type": "Point", "coordinates": [ -60.654677127390059, -33.336162456381864 ] } },
{ "type": "Feature", "properties": { "field_1": 3, "field_2": "26-599-3-SF", "field_3": "municipio_coronel_bogado", "field_4": 4718685.54, "field_5": 6309460.62, "field_6": null, "field_7": null }, "geometry": { "type": "Point", "coordinates": [ -60.651259581318705, -33.336258638833485 ] } },
{ "type": "Feature", "properties": { "field_1": 1, "field_2": "27-538-1-SF", "field_3": "partido_colon", "field_4": 4691990.19, "field_5": 6260456.93, "field_6": null, "field_7": null }, "geometry": { "type": "Point", "coordinates": [ -60.927276579264777, -33.782875767815419 ] } },
{ "type": "Feature", "properties": { "field_1": 2, "field_2": "27-538-2-SF", "field_3": "partido_colon", "field_4": 4693474.17, "field_5": 6260651.89, "field_6": null, "field_7": null }, "geometry": { "type": "Point", "coordinates": [ -60.911307475389933, -33.780849146507052 ] } },
{ "type": "Feature", "properties": { "field_1": 1, "field_2": "27-582-1-SF", "field_3": "partido_pergamino", "field_4": 4705305.38, "field_5": 6263073.76, "field_6": null, "field_7": null }, "geometry": { "type": "Point", "coordinates": [ -60.784224074426923, -33.75680325488517 ] } },
{ "type": "Feature", "properties": { "field_1": 1, "field_2": "28-561-1-BA", "field_3": "partido_pergamino", "field_4": 4692053.42, "field_5": 6250744.69, "field_6": null, "field_7": null }, "geometry": { "type": "Point", "coordinates": [ -60.924480191485706, -33.870368086106375 ] } },
{ "type": "Feature", "properties": { "field_1": 2, "field_2": "28-561-2-BA", "field_3": "partido_pergamino", "field_4": 4696164.9, "field_5": 6248778.49, "field_6": null, "field_7": null }, "geometry": { "type": "Point", "coordinates": [ -60.879635506446576, -33.887326010346683 ] } },
{ "type": "Feature", "properties": { "field_1": 3, "field_2": "28-561-3-BA", "field_3": "partido_pergamino", "field_4": 4691673.12, "field_5": 6253182.78, "field_6": null, "field_7": null }, "geometry": { "type": "Point", "coordinates": [ -60.92911826742796, -33.848470979272037 ] } },
{ "type": "Feature", "properties": { "field_1": 4, "field_2": "28-561-4-BA", "field_3": "partido_rojas", "field_4": 4694340.4, "field_5": 6249139.58, "field_6": null, "field_7": null }, "geometry": { "type": "Point", "coordinates": [ -60.89942481507655, -33.884410554679576 ] } },
{ "type": "Feature", "properties": { "field_1": 5, "field_2": "28-561-5-BA", "field_3": "partido_colon", "field_4": 4691594.98, "field_5": 6257797.26, "field_6": null, "field_7": null }, "geometry": { "type": "Point", "coordinates": [ -60.930964159304324, -33.806910230376538 ] } },
{ "type": "Feature", "properties": { "field_1": 6, "field_2": "28-561-6-BA", "field_3": "partido_colon", "field_4": 4691748.24, "field_5": 6257207.17, "field_6": null, "field_7": null }, "geometry": { "type": "Point", "coordinates": [ -60.929181909500649, -33.812198988781716 ] } },
{ "type": "Feature", "properties": { "field_1": 7, "field_2": "28-561-7-BA", "field_3": "partido_pergamino", "field_4": 4701239.98, "field_5": 6257755.54, "field_6": null, "field_7": null }, "geometry": { "type": "Point", "coordinates": [ -60.826862126824786, -33.805495454540427 ] } },
{ "type": "Feature", "properties": { "field_1": 1, "field_2": "28-562-1-BA", "field_3": "partido_pergamino", "field_4": 4697043.34, "field_5": 6247176.45, "field_6": null, "field_7": null }, "geometry": { "type": "Point", "coordinates": [ -60.869787111651313, -33.90159540023582 ] } },
{ "type": "Feature", "properties": { "field_1": 10, "field_2": "28-562-10-BA", "field_3": "partido_rojas", "field_4": 4700185.68, "field_5": 6240897.43, "field_6": null, "field_7": null }, "geometry": { "type": "Point", "coordinates": [ -60.834404795273528, -33.95757082857169 ] } },
{ "type": "Feature", "properties": { "field_1": 11, "field_2": "28-562-11-BA", "field_3": "partido_pergamino", "field_4": 4700264.32, "field_5": 6245093.47, "field_6": null, "field_7": null }, "geometry": { "type": "Point", "coordinates": [ -60.834512296604494, -33.919753982193654 ] } },
{ "type": "Feature", "properties": { "field_1": 12, "field_2": "28-562-12-BA", "field_3": "partido_rojas", "field_4": 4699045.56, "field_5": 6244450.02, "field_6": null, "field_7": null }, "geometry": { "type": "Point", "coordinates": [ -60.847536912578896, -33.925781831704427 ] } },
{ "type": "Feature", "properties": { "field_1": 13, "field_2": "28-562-13-BA", "field_3": "partido_rojas", "field_4": 4692164.92, "field_5": 6243754.15, "field_6": null, "field_7": null }, "geometry": { "type": "Point", "coordinates": [ -60.921747670025027, -33.933329147929641 ] } },
{ "type": "Feature", "properties": { "field_1": 14, "field_2": "28-562-14-BA", "field_3": "partido_pergamino", "field_4": 4701028.6, "field_5": 6244281.99, "field_6": null, "field_7": null }, "geometry": { "type": "Point", "coordinates": [ -60.826067445211315, -33.926918974036191 ] } },
{ "type": "Feature", "properties": { "field_1": 15, "field_2": "28-562-15-BA", "field_3": "partido_pergamino", "field_4": 4701238.94, "field_5": 6245712.86, "field_6": null, "field_7": null }, "geometry": { "type": "Point", "coordinates": [ -60.824122125079825, -33.913988228663996 ] } },
{ "type": "Feature", "properties": { "field_1": 16, "field_2": "28-562-16-BA", "field_3": "partido_pergamino", "field_4": 4699270.54, "field_5": 6245036.15, "field_6": null, "field_7": null }, "geometry": { "type": "Point", "coordinates": [ -60.84523851282529, -33.920458827088019 ] } },
{ "type": "Feature", "properties": { "field_1": 17, "field_2": "28-562-17-BA", "field_3": "partido_rojas", "field_4": 4693662.36, "field_5": 6240789.97, "field_6": null, "field_7": null }, "geometry": { "type": "Point", "coordinates": [ -60.904907882477822, -33.95976012165319 ] } },
{ "type": "Feature", "properties": { "field_1": 2, "field_2": "28-562-2-BA", "field_3": "partido_rojas", "field_4": 4695173.98, "field_5": 6246370.67, "field_6": null, "field_7": null }, "geometry": { "type": "Point", "coordinates": [ -60.889805553739109, -33.909202685396941 ] } },
{ "type": "Feature", "properties": { "field_1": 3, "field_2": "28-562-3-BA", "field_3": "partido_rojas", "field_4": 4693377.72, "field_5": 6246208.8, "field_6": null, "field_7": null }, "geometry": { "type": "Point", "coordinates": [ -60.909179478840151, -33.910992171447845 ] } },
{ "type": "Feature", "properties": { "field_1": 4, "field_2": "28-562-4-BA", "field_3": "partido_rojas", "field_4": 4695839.84, "field_5": 6246594.8, "field_6": null, "field_7": null }, "geometry": { "type": "Point", "coordinates": [ -60.88266061083975, -33.90705991314222 ] } },
{ "type": "Feature", "properties": { "field_1": 5, "field_2": "28-562-5-BA", "field_3": "partido_rojas", "field_4": 4692450.4, "field_5": 6246701.85, "field_6": null, "field_7": null }, "geometry": { "type": "Point", "coordinates": [ -60.919307947359137, -33.906719805312683 ] } },
{ "type": "Feature", "properties": { "field_1": 6, "field_2": "28-562-6-BA", "field_3": "partido_rojas", "field_4": 4694092.62, "field_5": 6245989.73, "field_6": null, "field_7": null }, "geometry": { "type": "Point", "coordinates": [ -60.901406036648581, -33.912834426573802 ] } },
{ "type": "Feature", "properties": { "field_1": 7, "field_2": "28-562-7-BA", "field_3": "partido_rojas", "field_4": 4692499.91, "field_5": 6242537.17, "field_6": null, "field_7": null }, "geometry": { "type": "Point", "coordinates": [ -60.917859865827815, -33.944232256120308 ] } },
{ "type": "Feature", "properties": { "field_1": 8, "field_2": "28-562-8-BA", "field_3": "partido_rojas", "field_4": 4699904.57, "field_5": 6238771.16, "field_6": null, "field_7": null }, "geometry": { "type": "Point", "coordinates": [ -60.836958821656545, -33.976779677334513 ] } },
{ "type": "Feature", "properties": { "field_1": 9, "field_2": "28-562-9-BA", "field_3": "partido_rojas", "field_4": 4700683.43, "field_5": 6241570.03, "field_6": null, "field_7": null }, "geometry": { "type": "Point", "coordinates": [ -60.829177503071051, -33.951416614558809 ] } },
{ "type": "Feature", "properties": { "field_1": 1, "field_2": "28-563-1-BA", "field_3": "partido_rojas", "field_4": 4695350.53, "field_5": 6228761.4, "field_6": null, "field_7": null }, "geometry": { "type": "Point", "coordinates": [ -60.88396766451099, -34.067814958500648 ] } },
{ "type": "Feature", "properties": { "field_1": 1, "field_2": "28-578-1-BA", "field_3": "partido_rojas", "field_4": 4704265.12, "field_5": 6215455.05, "field_6": null, "field_7": null }, "geometry": { "type": "Point", "coordinates": [ -60.7843404008009, -34.18598344618492 ] } },
{ "type": "Feature", "properties": { "field_1": 1, "field_2": "28-584-1-BA", "field_3": "partido_pergamino", "field_4": 4710791.81, "field_5": 6248217.38, "field_6": null, "field_7": null }, "geometry": { "type": "Point", "coordinates": [ -60.721503019461998, -33.889559127025379 ] } },
{ "type": "Feature", "properties": { "field_1": 2, "field_2": "28-584-2-BA", "field_3": "partido_pergamino", "field_4": 4705197.17, "field_5": 6248045.13, "field_6": null, "field_7": null }, "geometry": { "type": "Point", "coordinates": [ -60.781896381955754, -33.892214197016251 ] } },
{ "type": "Feature", "properties": { "field_1": 3, "field_2": "28-584-3-BA", "field_3": "partido_pergamino", "field_4": 4702185.11, "field_5": 6247610.1, "field_6": null, "field_7": null }, "geometry": { "type": "Point", "coordinates": [ -60.814334701040579, -33.896715114336843 ] } },
{ "type": "Feature", "properties": { "field_1": 4, "field_2": "28-584-4-BA", "field_3": "partido_pergamino", "field_4": 4707226.41, "field_5": 6247288.5, "field_6": null, "field_7": null }, "geometry": { "type": "Point", "coordinates": [ -60.759797357254669, -33.898633551777777 ] } },
{ "type": "Feature", "properties": { "field_1": 1, "field_2": "28-585-1-BA", "field_3": "partido_rojas", "field_4": 4703779.52, "field_5": 6236825.86, "field_6": null, "field_7": null }, "geometry": { "type": "Point", "coordinates": [ -60.794604564422933, -33.993560187070159 ] } },
{ "type": "Feature", "properties": { "field_1": 2, "field_2": "28-585-2-BA", "field_3": "partido_rojas", "field_4": 4706360.88, "field_5": 6236251.67, "field_6": null, "field_7": null }, "geometry": { "type": "Point", "coordinates": [ -60.766550962699114, -33.998228885405062 ] } },
{ "type": "Feature", "properties": { "field_1": 3, "field_2": "28-585-3-BA", "field_3": "partido_rojas", "field_4": 4703133.89, "field_5": 6230570.86, "field_6": null, "field_7": null }, "geometry": { "type": "Point", "coordinates": [ -60.800133336443068, -34.050034139050751 ] } },
{ "type": "Feature", "properties": { "field_1": 1, "field_2": "28-605-1-BA", "field_3": "partido_pergamino", "field_4": 4714407.73, "field_5": 6254089.68, "field_6": null, "field_7": null }, "geometry": { "type": "Point", "coordinates": [ -60.68387493305292, -33.835931883762107 ] } },
{ "type": "Feature", "properties": { "field_1": 2, "field_2": "28-605-2-BA", "field_3": "partido_pergamino", "field_4": 4711736.02, "field_5": 6256434.68, "field_6": null, "field_7": null }, "geometry": { "type": "Point", "coordinates": [ -60.713278374593202, -33.815345921513881 ] } },
{ "type": "Feature", "properties": { "field_1": 3, "field_2": "28-605-3-BA", "field_3": "partido_pergamino", "field_4": 4711950.7, "field_5": 6258239.32, "field_6": null, "field_7": null }, "geometry": { "type": "Point", "coordinates": [ -60.711394561417031, -33.799046039094691 ] } },
{ "type": "Feature", "properties": { "field_1": 4, "field_2": "28-605-4-BA", "field_3": "partido_pergamino", "field_4": 4712496.74, "field_5": 6255712.96, "field_6": null, "field_7": null }, "geometry": { "type": "Point", "coordinates": [ -60.704894704831595, -33.821694845509448 ] } },
{ "type": "Feature", "properties": { "field_1": 5, "field_2": "28-605-5-BA", "field_3": "partido_pergamino", "field_4": 4711785.91, "field_5": 6257533.44, "field_6": null, "field_7": null }, "geometry": { "type": "Point", "coordinates": [ -60.713003466899927, -33.805437878338999 ] } },
{ "type": "Feature", "properties": { "field_1": 6, "field_2": "28-605-6-BA", "field_3": "partido_pergamino", "field_4": 4713175.0, "field_5": 6257705.52, "field_6": null, "field_7": null }, "geometry": { "type": "Point", "coordinates": [ -60.698055284768444, -33.803608771536261 ] } },
{ "type": "Feature", "properties": { "field_1": 1, "field_2": "28-606-1-BA", "field_3": "partido_pergamino", "field_4": 4717374.58, "field_5": 6241138.65, "field_6": null, "field_7": null }, "geometry": { "type": "Point", "coordinates": [ -60.648647960206979, -33.951986954842901 ] } },
{ "type": "Feature", "properties": { "field_1": 2, "field_2": "28-606-2-BA", "field_3": "partido_pergamino", "field_4": 4715891.85, "field_5": 6247105.38, "field_6": null, "field_7": null }, "geometry": { "type": "Point", "coordinates": [ -60.666142079992326, -33.89854440816223 ] } },
{ "type": "Feature", "properties": { "field_1": 3, "field_2": "28-606-3-BA", "field_3": "partido_pergamino", "field_4": 4713763.57, "field_5": 6246791.36, "field_6": null, "field_7": null }, "geometry": { "type": "Point", "coordinates": [ -60.689056632375923, -33.901806771691398 ] } },
{ "type": "Feature", "properties": { "field_1": 4, "field_2": "28-606-4-BA", "field_3": "partido_pergamino", "field_4": 4719751.47, "field_5": 6245740.52, "field_6": null, "field_7": null }, "geometry": { "type": "Point", "coordinates": [ -60.624108289596428, -33.910041297408 ] } },
{ "type": "Feature", "properties": { "field_1": 5, "field_2": "28-606-5-BA", "field_3": "partido_pergamino", "field_4": 4715418.93, "field_5": 6245641.9, "field_6": null, "field_7": null }, "geometry": { "type": "Point", "coordinates": [ -60.67089210550219, -33.91182413735654 ] } },
{ "type": "Feature", "properties": { "field_1": 6, "field_2": "28-606-6-BA", "field_3": "partido_pergamino", "field_4": 4714829.42, "field_5": 6246715.63, "field_6": null, "field_7": null }, "geometry": { "type": "Point", "coordinates": [ -60.677523758521588, -33.902272294608139 ] } },
{ "type": "Feature", "properties": { "field_1": 1, "field_2": "29-566-1-BA", "field_3": "partido_rojas", "field_4": 4697295.94, "field_5": 6199600.6, "field_6": null, "field_7": null }, "geometry": { "type": "Point", "coordinates": [ -60.856266145776935, -34.330151629730246 ] } },
{ "type": "Feature", "properties": { "field_1": 2, "field_2": "29-566-2-BA", "field_3": "partido_rojas", "field_4": 4698856.08, "field_5": 6199212.81, "field_6": null, "field_7": null }, "geometry": { "type": "Point", "coordinates": [ -60.839235284008097, -34.333347124712979 ] } },
{ "type": "Feature", "properties": { "field_1": 1, "field_2": "29-567-1-BA", "field_3": "partido_junin", "field_4": 4692813.07, "field_5": 6194640.7, "field_6": null, "field_7": null }, "geometry": { "type": "Point", "coordinates": [ -60.903833680117991, -34.375676969879216 ] } },
{ "type": "Feature", "properties": { "field_1": 2, "field_2": "29-567-2-BA", "field_3": "partido_junin", "field_4": 4693110.82, "field_5": 6196621.74, "field_6": null, "field_7": null }, "geometry": { "type": "Point", "coordinates": [ -60.901043907422768, -34.35777488962799 ] } },
{ "type": "Feature", "properties": { "field_1": 3, "field_2": "29-567-3-BA", "field_3": "partido_junin", "field_4": 4694655.37, "field_5": 6197690.65, "field_6": null, "field_7": null }, "geometry": { "type": "Point", "coordinates": [ -60.884507973940032, -34.347856521828405 ] } },
{ "type": "Feature", "properties": { "field_1": 4, "field_2": "29-567-4-BA", "field_3": "partido_junin", "field_4": 4701343.83, "field_5": 6189290.08, "field_6": null, "field_7": null }, "geometry": { "type": "Point", "coordinates": [ -60.809893951453653, -34.422252771859149 ] } },
{ "type": "Feature", "properties": { "field_1": 1, "field_2": "29-568-1-BA", "field_3": "partido_junin", "field_4": 4700156.81, "field_5": 6184139.37, "field_6": null, "field_7": null }, "geometry": { "type": "Point", "coordinates": [ -60.821592770472776, -34.468881495134724 ] } },
{ "type": "Feature", "properties": { "field_1": 2, "field_2": "29-568-2-BA", "field_3": "partido_junin", "field_4": 4699554.43, "field_5": 6182865.51, "field_6": null, "field_7": null }, "geometry": { "type": "Point", "coordinates": [ -60.827847148231967, -34.480473219510451 ] } },
{ "type": "Feature", "properties": { "field_1": 3, "field_2": "29-568-3-BA", "field_3": "partido_junin", "field_4": 4697348.14, "field_5": 6181912.14, "field_6": null, "field_7": null }, "geometry": { "type": "Point", "coordinates": [ -60.851627404893058, -34.489485816693005 ] } },
{ "type": "Feature", "properties": { "field_1": 1, "field_2": "29-569-1-BA", "field_3": "partido_junin", "field_4": 4693561.36, "field_5": 6174494.37, "field_6": null, "field_7": null }, "geometry": { "type": "Point", "coordinates": [ -60.891142012413162, -34.557025909156316 ] } },
{ "type": "Feature", "properties": { "field_1": 2, "field_2": "29-569-2-BA", "field_3": "partido_junin", "field_4": 4693111.66, "field_5": 6172151.08, "field_6": null, "field_7": null }, "geometry": { "type": "Point", "coordinates": [ -60.895506616836059, -34.578219670901085 ] } },
{ "type": "Feature", "properties": { "field_1": 1, "field_2": "29-570-1-BA", "field_3": "partido_junin", "field_4": 4694188.28, "field_5": 6161618.36, "field_6": null, "field_7": null }, "geometry": { "type": "Point", "coordinates": [ -60.881369531452506, -34.672897870890765 ] } },
{ "type": "Feature", "properties": { "field_1": 2, "field_2": "29-570-2-BA", "field_3": "partido_junin", "field_4": 4694534.53, "field_5": 6161942.27, "field_6": null, "field_7": null }, "geometry": { "type": "Point", "coordinates": [ -60.877668621845103, -34.669914349632073 ] } },
{ "type": "Feature", "properties": { "field_1": 3, "field_2": "29-570-3-BA", "field_3": "partido_junin", "field_4": 4693516.13, "field_5": 6159539.98, "field_6": null, "field_7": null }, "geometry": { "type": "Point", "coordinates": [ -60.888222904498463, -34.691747472307526 ] } },
{ "type": "Feature", "properties": { "field_1": 1, "field_2": "29-588-1-BA", "field_3": "partido_rojas", "field_4": 4704453.89, "field_5": 6199341.56, "field_6": null, "field_7": null }, "geometry": { "type": "Point", "coordinates": [ -60.778479894800284, -34.33109916349899 ] } },
{ "type": "Feature", "properties": { "field_1": 2, "field_2": "29-588-2-BA", "field_3": "partido_rojas", "field_4": 4702352.04, "field_5": 6204854.27, "field_6": null, "field_7": null }, "geometry": { "type": "Point", "coordinates": [ -60.802597535750898, -34.281851626052955 ] } },
{ "type": "Feature", "properties": { "field_1": 3, "field_2": "29-588-3-BA", "field_3": "partido_rojas", "field_4": 4703308.43, "field_5": 6206796.26, "field_6": null, "field_7": null }, "geometry": { "type": "Point", "coordinates": [ -60.792676012098134, -34.264171147839377 ] } },
{ "type": "Feature", "properties": { "field_1": 4, "field_2": "29-588-4-BA", "field_3": "partido_rojas", "field_4": 4708399.42, "field_5": 6206484.18, "field_6": null, "field_7": null }, "geometry": { "type": "Point", "coordinates": [ -60.737365126777519, -34.265974677103848 ] } },
{ "type": "Feature", "properties": { "field_1": 5, "field_2": "29-588-5-BA", "field_3": "partido_rojas", "field_4": 4709202.75, "field_5": 6207265.11, "field_6": null, "field_7": null }, "geometry": { "type": "Point", "coordinates": [ -60.728838404718239, -34.258778908419977 ] } },
{ "type": "Feature", "properties": { "field_1": 6, "field_2": "29-588-6-BA", "field_3": "partido_rojas", "field_4": 4710298.33, "field_5": 6207847.5, "field_6": null, "field_7": null }, "geometry": { "type": "Point", "coordinates": [ -60.71709454986447, -34.253311973490142 ] } },
{ "type": "Feature", "properties": { "field_1": 1, "field_2": "29-589-1-BA", "field_3": "partido_junin", "field_4": 4704505.07, "field_5": 6188681.17, "field_6": null, "field_7": null }, "geometry": { "type": "Point", "coordinates": [ -60.775385036202621, -34.427117309932605 ] } },
{ "type": "Feature", "properties": { "field_1": 2, "field_2": "29-589-2-BA", "field_3": "partido_rojas", "field_4": 4705866.77, "field_5": 6190175.79, "field_6": null, "field_7": null }, "geometry": { "type": "Point", "coordinates": [ -60.760941424492238, -34.413383804209346 ] } },
{ "type": "Feature", "properties": { "field_1": 3, "field_2": "29-589-3-BA", "field_3": "partido_rojas", "field_4": 4706367.29, "field_5": 6192939.56, "field_6": null, "field_7": null }, "geometry": { "type": "Point", "coordinates": [ -60.756166302250698, -34.388388603561403 ] } },
{ "type": "Feature", "properties": { "field_1": 4, "field_2": "29-589-4-BA", "field_3": "partido_rojas", "field_4": 4706676.16, "field_5": 6192371.61, "field_6": null, "field_7": null }, "geometry": { "type": "Point", "coordinates": [ -60.752673437557732, -34.393442956186682 ] } },
{ "type": "Feature", "properties": { "field_1": 5, "field_2": "29-589-5-BA", "field_3": "partido_rojas", "field_4": 4708575.41, "field_5": 6192470.49, "field_6": null, "field_7": null }, "geometry": { "type": "Point", "coordinates": [ -60.732059853216043, -34.392171296971391 ] } },
{ "type": "Feature", "properties": { "field_1": 6, "field_2": "29-589-6-BA", "field_3": "partido_rojas", "field_4": 4707731.84, "field_5": 6195231.64, "field_6": null, "field_7": null }, "geometry": { "type": "Point", "coordinates": [ -60.741894158706955, -34.367469244480041 ] } },
{ "type": "Feature", "properties": { "field_1": 1, "field_2": "29-590-1-BA", "field_3": "partido_junin", "field_4": 4710996.42, "field_5": 6178574.55, "field_6": null, "field_7": null }, "geometry": { "type": "Point", "coordinates": [ -60.702326096520103, -34.51684670629394 ] } },
{ "type": "Feature", "properties": { "field_1": 2, "field_2": "29-590-2-BA", "field_3": "partido_junin", "field_4": 4706997.54, "field_5": 6182238.96, "field_6": null, "field_7": null }, "geometry": { "type": "Point", "coordinates": [ -60.746731190886841, -34.484650425924357 ] } },
{ "type": "Feature", "properties": { "field_1": 3, "field_2": "29-590-3-BA", "field_3": "partido_junin", "field_4": 4705008.18, "field_5": 6183584.78, "field_6": null, "field_7": null }, "geometry": { "type": "Point", "coordinates": [ -60.768694716905088, -34.472924907938641 ] } },
{ "type": "Feature", "properties": { "field_1": 4, "field_2": "29-590-4-BA", "field_3": "partido_junin", "field_4": 4707212.68, "field_5": 6183099.39, "field_6": null, "field_7": null }, "geometry": { "type": "Point", "coordinates": [ -60.744599579965474, -34.47685682246135 ] } },
{ "type": "Feature", "properties": { "field_1": 5, "field_2": "29-590-5-BA", "field_3": "partido_junin", "field_4": 4702011.66, "field_5": 6186231.91, "field_6": null, "field_7": null }, "geometry": { "type": "Point", "coordinates": [ -60.801912820830182, -34.449670558515443 ] } },
{ "type": "Feature", "properties": { "field_1": 6, "field_2": "29-590-6-BA", "field_3": "partido_rojas", "field_4": 4707676.0, "field_5": 6185785.39, "field_6": null, "field_7": null }, "geometry": { "type": "Point", "coordinates": [ -60.740212459116144, -34.452569275598279 ] } },
{ "type": "Feature", "properties": { "field_1": 7, "field_2": "29-590-7-BA", "field_3": "partido_rojas", "field_4": 4710541.36, "field_5": 6187490.33, "field_6": null, "field_7": null }, "geometry": { "type": "Point", "coordinates": [ -60.70947480358371, -34.436631987654813 ] } },
{ "type": "Feature", "properties": { "field_1": 1, "field_2": "29-591-1-BA", "field_3": "partido_junin", "field_4": 4702810.82, "field_5": 6170637.47, "field_6": null, "field_7": null }, "geometry": { "type": "Point", "coordinates": [ -60.78951363648504, -34.589986008204946 ] } },
{ "type": "Feature", "properties": { "field_1": 2, "field_2": "29-591-2-BA", "field_3": "partido_junin", "field_4": 4708528.57, "field_5": 6174295.13, "field_6": null, "field_7": null }, "geometry": { "type": "Point", "coordinates": [ -60.728133934800987, -34.555895673396257 ] } },
{ "type": "Feature", "properties": { "field_1": 3, "field_2": "29-591-3-BA", "field_3": "partido_junin", "field_4": 4710817.62, "field_5": 6174041.75, "field_6": null, "field_7": null }, "geometry": { "type": "Point", "coordinates": [ -60.703150137452788, -34.557711416566228 ] } },
{ "type": "Feature", "properties": { "field_1": 1, "field_2": "29-592-1-BA", "field_3": "partido_junin", "field_4": 4707093.28, "field_5": 6163783.54, "field_6": null, "field_7": null }, "geometry": { "type": "Point", "coordinates": [ -60.741196782800287, -34.650867747078316 ] } },
{ "type": "Feature", "properties": { "field_1": 1, "field_2": "29-610-1-BA", "field_3": "partido_rojas", "field_4": 4711486.58, "field_5": 6205362.34, "field_6": null, "field_7": null }, "geometry": { "type": "Point", "coordinates": [ -60.703595851069522, -34.275456613582371 ] } },
{ "type": "Feature", "properties": { "field_1": 2, "field_2": "29-610-2-BA", "field_3": "partido_rojas", "field_4": 4711723.87, "field_5": 6202882.69, "field_6": null, "field_7": null }, "geometry": { "type": "Point", "coordinates": [ -60.700412425149089, -34.297744037291068 ] } },
{ "type": "Feature", "properties": { "field_1": 3, "field_2": "29-610-3-BA", "field_3": "partido_rojas", "field_4": 4713488.59, "field_5": 6200552.5, "field_6": null, "field_7": null }, "geometry": { "type": "Point", "coordinates": [ -60.680681750267382, -34.318371924493768 ] } },
{ "type": "Feature", "properties": { "field_1": 4, "field_2": "29-610-4-BA", "field_3": "partido_rojas", "field_4": 4715545.98, "field_5": 6204270.23, "field_6": null, "field_7": null }, "geometry": { "type": "Point", "coordinates": [ -60.659276514485754, -34.284459932270416 ] } },
{ "type": "Feature", "properties": { "field_1": 5, "field_2": "29-610-5-BA", "field_3": "partido_rojas", "field_4": 4716278.36, "field_5": 6204651.66, "field_6": null, "field_7": null }, "geometry": { "type": "Point", "coordinates": [ -60.651424714428536, -34.280872124085406 ] } },
{ "type": "Feature", "properties": { "field_1": 1, "field_2": "29-611-1-BA", "field_3": "partido_rojas", "field_4": 4715263.62, "field_5": 6196007.07, "field_6": null, "field_7": null }, "geometry": { "type": "Point", "coordinates": [ -60.660274801678099, -34.358947278487712 ] } },
{ "type": "Feature", "properties": { "field_1": 2, "field_2": "29-611-2-BA", "field_3": "partido_rojas", "field_4": 4714144.95, "field_5": 6195189.51, "field_6": null, "field_7": null }, "geometry": { "type": "Point", "coordinates": [ -60.672221163133749, -34.366543051822035 ] } },
{ "type": "Feature", "properties": { "field_1": 3, "field_2": "29-611-3-BA", "field_3": "partido_rojas", "field_4": 4720076.43, "field_5": 6194109.31, "field_6": null, "field_7": null }, "geometry": { "type": "Point", "coordinates": [ -60.607517400098487, -34.375029408998877 ] } },
{ "type": "Feature", "properties": { "field_1": 4, "field_2": "29-611-4-BA", "field_3": "partido_rojas", "field_4": 4720545.45, "field_5": 6193448.84, "field_6": null, "field_7": null }, "geometry": { "type": "Point", "coordinates": [ -60.602252910401447, -34.380878397164814 ] } },
{ "type": "Feature", "properties": { "field_1": 5, "field_2": "29-611-5-BA", "field_3": "partido_rojas", "field_4": 4712832.78, "field_5": 6189381.53, "field_6": null, "field_7": null }, "geometry": { "type": "Point", "coordinates": [ -60.685033688969654, -34.419127990081613 ] } },
{ "type": "Feature", "properties": { "field_1": 6, "field_2": "29-611-6-BA", "field_3": "partido_rojas", "field_4": 4714136.98, "field_5": 6189208.44, "field_6": null, "field_7": null }, "geometry": { "type": "Point", "coordinates": [ -60.670815042079766, -34.420417797653911 ] } },
{ "type": "Feature", "properties": { "field_1": 7, "field_2": "29-611-7-BA", "field_3": "partido_rojas", "field_4": 4720910.81, "field_5": 6189161.5, "field_6": null, "field_7": null }, "geometry": { "type": "Point", "coordinates": [ -60.597179654378564, -34.419415637209177 ] } },
{ "type": "Feature", "properties": { "field_1": 1, "field_2": "29-612-1-BA", "field_3": "partido_rojas", "field_4": 4712162.16, "field_5": 6186623.9, "field_6": null, "field_7": null }, "geometry": { "type": "Point", "coordinates": [ -60.691639590100721, -34.44410471696299 ] } },
{ "type": "Feature", "properties": { "field_1": 2, "field_2": "29-612-2-BA", "field_3": "partido_rojas", "field_4": 4712606.74, "field_5": 6181273.1, "field_6": null, "field_7": null }, "geometry": { "type": "Point", "coordinates": [ -60.685475207918635, -34.492209318540034 ] } },
{ "type": "Feature", "properties": { "field_1": 3, "field_2": "29-612-3-BA", "field_3": "partido_chacabuco", "field_4": 4716233.88, "field_5": 6181524.95, "field_6": null, "field_7": null }, "geometry": { "type": "Point", "coordinates": [ -60.646081571878128, -34.48918677120065 ] } },
{ "type": "Feature", "properties": { "field_1": 4, "field_2": "29-612-4-BA", "field_3": "partido_chacabuco", "field_4": 4717038.3, "field_5": 6181519.57, "field_6": null, "field_7": null }, "geometry": { "type": "Point", "coordinates": [ -60.637329853808716, -34.489066265793156 ] } },
{ "type": "Feature", "properties": { "field_1": 5, "field_2": "29-612-5-BA", "field_3": "partido_junin", "field_4": 4712779.69, "field_5": 6179569.87, "field_6": null, "field_7": null }, "geometry": { "type": "Point", "coordinates": [ -60.683169157202329, -34.507514958381591 ] } },
{ "type": "Feature", "properties": { "field_1": 6, "field_2": "29-612-6-BA", "field_3": "partido_chacabuco", "field_4": 4715383.05, "field_5": 6178414.86, "field_6": null, "field_7": null }, "geometry": { "type": "Point", "coordinates": [ -60.65455190632759, -34.517377377368817 ] } },
{ "type": "Feature", "properties": { "field_1": 1, "field_2": "29-613-1-BA", "field_3": "partido_chacabuco", "field_4": 4719689.7, "field_5": 6177145.97, "field_6": null, "field_7": null }, "geometry": { "type": "Point", "coordinates": [ -60.607362707100314, -34.527896563721185 ] } },
{ "type": "Feature", "properties": { "field_1": 2, "field_2": "29-613-2-BA", "field_3": "partido_chacabuco", "field_4": 4717478.51, "field_5": 6177533.52, "field_6": null, "field_7": null }, "geometry": { "type": "Point", "coordinates": [ -60.631525376787891, -34.524875271415802 ] } },
{ "type": "Feature", "properties": { "field_1": 3, "field_2": "29-613-3-BA", "field_3": "partido_chacabuco", "field_4": 4716500.4, "field_5": 6178231.42, "field_6": null, "field_7": null }, "geometry": { "type": "Point", "coordinates": [ -60.642346835782895, -34.518795417785796 ] } },
{ "type": "Feature", "properties": { "field_1": 4, "field_2": "29-613-4-BA", "field_3": "partido_chacabuco", "field_4": 4716017.01, "field_5": 6178248.86, "field_6": null, "field_7": null }, "geometry": { "type": "Point", "coordinates": [ -60.647611372525148, -34.518739804880617 ] } },
{ "type": "Feature", "properties": { "field_1": 5, "field_2": "29-613-5-BA", "field_3": "partido_chacabuco", "field_4": 4715609.19, "field_5": 6178048.42, "field_6": null, "field_7": null }, "geometry": { "type": "Point", "coordinates": [ -60.651998489578233, -34.520630587721307 ] } },
{ "type": "Feature", "properties": { "field_1": 1, "field_2": "29-614-1-BA", "field_3": "partido_chacabuco", "field_4": 4720645.97, "field_5": 6166248.57, "field_6": null, "field_7": null }, "geometry": { "type": "Point", "coordinates": [ -60.594128359023543, -34.625839594054476 ] } },
{ "type": "Feature", "properties": { "field_1": 2, "field_2": "29-614-2-BA", "field_3": "partido_chacabuco", "field_4": 4720676.6, "field_5": 6165693.89, "field_6": null, "field_7": null }, "geometry": { "type": "Point", "coordinates": [ -60.593650320863873, -34.630828685149787 ] } },
{ "type": "Feature", "properties": { "field_1": 3, "field_2": "29-614-3-BA", "field_3": "partido_chacabuco", "field_4": 4718137.06, "field_5": 6164889.94, "field_6": null, "field_7": null }, "geometry": { "type": "Point", "coordinates": [ -60.62111449065582, -34.638612614601278 ] } },
{ "type": "Feature", "properties": { "field_1": 4, "field_2": "29-614-4-BA", "field_3": "partido_chacabuco", "field_4": 4719512.65, "field_5": 6162070.92, "field_6": null, "field_7": null }, "geometry": { "type": "Point", "coordinates": [ -60.60539417539399, -34.663708531427943 ] } },
{ "type": "Feature", "properties": { "field_1": 1, "field_2": "3-100-1-CBA", "field_3": "pedalnia_san_martin", "field_4": 4490632.29, "field_5": 6242090.47, "field_6": null, "field_7": null }, "geometry": { "type": "Point", "coordinates": [ -63.101359949810089, -33.965830165088803 ] } },
{ "type": "Feature", "properties": { "field_1": 2, "field_2": "3-100-2-CBA", "field_3": "pedalnia_san_martin", "field_4": 4491109.83, "field_5": 6247706.2, "field_6": null, "field_7": null }, "geometry": { "type": "Point", "coordinates": [ -63.096136069173589, -33.915206328555357 ] } },
{ "type": "Feature", "properties": { "field_1": 1, "field_2": "3-101-1-CBA", "field_3": "pedalnia_san_martin", "field_4": 4483260.93, "field_5": 6232379.01, "field_6": null, "field_7": null }, "geometry": { "type": "Point", "coordinates": [ -63.181303482725561, -34.053289918572709 ] } },
{ "type": "Feature", "properties": { "field_1": 2, "field_2": "3-101-2-CBA", "field_3": "pedalnia_san_martin", "field_4": 4489773.18, "field_5": 6230489.14, "field_6": null, "field_7": null }, "geometry": { "type": "Point", "coordinates": [ -63.110791266121964, -34.070411277424746 ] } },
{ "type": "Feature", "properties": { "field_1": 1, "field_2": "3-102-1-CBA", "field_3": "pedalnia_san_martin", "field_4": 4489974.21, "field_5": 6225026.79, "field_6": null, "field_7": null }, "geometry": { "type": "Point", "coordinates": [ -63.10867638225924, -34.119657165821131 ] } },
{ "type": "Feature", "properties": { "field_1": 2, "field_2": "3-102-2-CBA", "field_3": "pedalnia_san_martin", "field_4": 4489849.24, "field_5": 6220216.69, "field_6": null, "field_7": null }, "geometry": { "type": "Point", "coordinates": [ -63.110087218328594, -34.163019438263198 ] } },
{ "type": "Feature", "properties": { "field_1": 1, "field_2": "3-103-1-CBA", "field_3": "pedalnia_san_martin", "field_4": 4481758.76, "field_5": 6217722.52, "field_6": null, "field_7": null }, "geometry": { "type": "Point", "coordinates": [ -63.197881012602721, -34.185394333987468 ] } },
{ "type": "Feature", "properties": { "field_1": 2, "field_2": "3-103-2-CBA", "field_3": "pedalnia_san_martin", "field_4": 4489749.42, "field_5": 6215900.59, "field_6": null, "field_7": null }, "geometry": { "type": "Point", "coordinates": [ -63.111220819155953, -34.201928224537113 ] } },
{ "type": "Feature", "properties": { "field_1": 1, "field_2": "3-11-1-CBA", "field_3": "pedania_la_carlota_cordoba", "field_4": 4441996.14, "field_5": 6257226.4, "field_6": null, "field_7": null }, "geometry": { "type": "Point", "coordinates": [ -63.626586343755037, -33.827822600736262 ] } },
{ "type": "Feature", "properties": { "field_1": 10, "field_2": "3-11-10-CBA", "field_3": "pedalnia_la_amarga", "field_4": 4443158.1, "field_5": 6248730.18, "field_6": null, "field_7": null }, "geometry": { "type": "Point", "coordinates": [ -63.614583549854096, -33.90447907241078 ] } },
{ "type": "Feature", "properties": { "field_1": 11, "field_2": "3-11-11-CBA", "field_3": "pedalnia_la_amarga", "field_4": 4446486.9, "field_5": 6249341.29, "field_6": null, "field_7": null }, "geometry": { "type": "Point", "coordinates": [ -63.578556584465701, -33.899144222120164 ] } },
{ "type": "Feature", "properties": { "field_1": 12, "field_2": "3-11-12-CBA", "field_3": "pedalnia_la_amarga", "field_4": 4450529.16, "field_5": 6249515.75, "field_6": null, "field_7": null }, "geometry": { "type": "Point", "coordinates": [ -63.534845757379571, -33.897768939196212 ] } },
{ "type": "Feature", "properties": { "field_1": 13, "field_2": "3-11-13-CBA", "field_3": "pedalnia_la_amarga", "field_4": 4447279.53, "field_5": 6253146.44, "field_6": null, "field_7": null }, "geometry": { "type": "Point", "coordinates": [ -63.569759406434677, -33.864880592985514 ] } },
{ "type": "Feature", "properties": { "field_1": 14, "field_2": "3-11-14-CBA", "field_3": "pedalnia_la_amarga", "field_4": 4446736.72, "field_5": 6256162.84, "field_6": null, "field_7": null }, "geometry": { "type": "Point", "coordinates": [ -63.57544300145674, -33.83766026430856 ] } },
{ "type": "Feature", "properties": { "field_1": 15, "field_2": "3-11-15-CBA", "field_3": "pedalnia_la_amarga", "field_4": 4443849.36, "field_5": 6251154.38, "field_6": null, "field_7": null }, "geometry": { "type": "Point", "coordinates": [ -63.606955092557989, -33.882662063316836 ] } },
{ "type": "Feature", "properties": { "field_1": 16, "field_2": "3-11-16-CBA", "field_3": "pedalnia_la_amarga", "field_4": 4448095.11, "field_5": 6249089.85, "field_6": null, "field_7": null }, "geometry": { "type": "Point", "coordinates": [ -63.561185074210691, -33.901491386471754 ] } },
{ "type": "Feature", "properties": { "field_1": 18, "field_2": "3-11-18-CBA", "field_3": "pedalnia_la_amarga", "field_4": 4448734.73, "field_5": 6251696.12, "field_6": null, "field_7": null }, "geometry": { "type": "Point", "coordinates": [ -63.554117985542767, -33.878027035461557 ] } },
{ "type": "Feature", "properties": { "field_1": 2, "field_2": "3-11-2-CBA", "field_3": "pedalnia_la_amarga", "field_4": 4442570.79, "field_5": 6256640.5, "field_6": null, "field_7": null }, "geometry": { "type": "Point", "coordinates": [ -63.620417182687063, -33.833135891837685 ] } },
{ "type": "Feature", "properties": { "field_1": 20, "field_2": "3-11-20-CBA", "field_3": "pedalnia_la_amarga", "field_4": 4450526.94, "field_5": 6249513.4, "field_6": null, "field_7": null }, "geometry": { "type": "Point", "coordinates": [ -63.534869889823192, -33.897790020410056 ] } },
{ "type": "Feature", "properties": { "field_1": 22, "field_2": "3-11-22-CBA", "field_3": "pedalnia_la_amarga", "field_4": 4450072.57, "field_5": 6254290.03, "field_6": null, "field_7": null }, "geometry": { "type": "Point", "coordinates": [ -63.539510986443133, -33.854706829352608 ] } },
{ "type": "Feature", "properties": { "field_1": 23, "field_2": "3-11-23-CBA", "field_3": "pedania_la_carlota_cordoba", "field_4": 4450812.91, "field_5": 6257256.6, "field_6": null, "field_7": null }, "geometry": { "type": "Point", "coordinates": [ -63.531345718960573, -33.82799748834519 ] } },
{ "type": "Feature", "properties": { "field_1": 25, "field_2": "3-11-25-CBA", "field_3": "pedalnia_la_amarga", "field_4": 4442460.85, "field_5": 6251835.1, "field_6": null, "field_7": null }, "geometry": { "type": "Point", "coordinates": [ -63.621918731985872, -33.876450560694131 ] } },
{ "type": "Feature", "properties": { "field_1": 26, "field_2": "3-11-26-CBA", "field_3": "pedalnia_la_amarga", "field_4": 4446969.36, "field_5": 6249039.32, "field_6": null, "field_7": null }, "geometry": { "type": "Point", "coordinates": [ -63.573358937687871, -33.901890868930437 ] } },
{ "type": "Feature", "properties": { "field_1": 27, "field_2": "3-11-27-CBA", "field_3": "pedalnia_la_amarga", "field_4": 4444275.51, "field_5": 6251902.49, "field_6": null, "field_7": null }, "geometry": { "type": "Point", "coordinates": [ -63.602301514125138, -33.875940461854867 ] } },
{ "type": "Feature", "properties": { "field_1": 28, "field_2": "3-11-28-CBA", "field_3": "pedalnia_la_amarga", "field_4": 4445981.22, "field_5": 6250388.83, "field_6": null, "field_7": null }, "geometry": { "type": "Point", "coordinates": [ -63.583959107448905, -33.889674854807303 ] } },
{ "type": "Feature", "properties": { "field_1": 29, "field_2": "3-11-29-CBA", "field_3": "pedalnia_la_amarga", "field_4": 4446471.2, "field_5": 6251242.38, "field_6": null, "field_7": null }, "geometry": { "type": "Point", "coordinates": [ -63.578610578910009, -33.882005074922695 ] } },
{ "type": "Feature", "properties": { "field_1": 3, "field_2": "3-11-3-CBA", "field_3": "pedalnia_la_amarga", "field_4": 4442915.3, "field_5": 6252807.09, "field_6": null, "field_7": null }, "geometry": { "type": "Point", "coordinates": [ -63.616943971281181, -33.867712784287171 ] } },
{ "type": "Feature", "properties": { "field_1": 30, "field_2": "3-11-30-CBA", "field_3": "pedalnia_la_amarga", "field_4": 4448389.46, "field_5": 6255375.66, "field_6": null, "field_7": null }, "geometry": { "type": "Point", "coordinates": [ -63.557634115085925, -33.844838821824148 ] } },
{ "type": "Feature", "properties": { "field_1": 32, "field_2": "3-11-32-CBA", "field_3": "pedania_la_carlota_cordoba", "field_4": 4447566.04, "field_5": 6257826.21, "field_6": null, "field_7": null }, "geometry": { "type": "Point", "coordinates": [ -63.566384751214848, -33.822706272116328 ] } },
{ "type": "Feature", "properties": { "field_1": 34, "field_2": "3-11-34-CBA", "field_3": "pedania_la_carlota_cordoba", "field_4": 4449376.58, "field_5": 6257560.83, "field_6": null, "field_7": null }, "geometry": { "type": "Point", "coordinates": [ -63.546843617158473, -33.825186979062828 ] } },
{ "type": "Feature", "properties": { "field_1": 4, "field_2": "3-11-4-CBA", "field_3": "pedalnia_la_amarga", "field_4": 4444619.09, "field_5": 6255212.08, "field_6": null, "field_7": null }, "geometry": { "type": "Point", "coordinates": [ -63.598379942633905, -33.846122523610511 ] } },
{ "type": "Feature", "properties": { "field_1": 5, "field_2": "3-11-5-CBA", "field_3": "pedalnia_la_amarga", "field_4": 4450789.3, "field_5": 6255825.63, "field_6": null, "field_7": null }, "geometry": { "type": "Point", "coordinates": [ -63.531680625008036, -33.840896822087245 ] } },
{ "type": "Feature", "properties": { "field_1": 6, "field_2": "3-11-6-CBA", "field_3": "pedalnia_la_amarga", "field_4": 4446475.75, "field_5": 6251944.6, "field_6": null, "field_7": null }, "geometry": { "type": "Point", "coordinates": [ -63.578518676159575, -33.875674771610818 ] } },
{ "type": "Feature", "properties": { "field_1": 7, "field_2": "3-11-7-CBA", "field_3": "pedalnia_la_amarga", "field_4": 4450718.05, "field_5": 6250223.51, "field_6": null, "field_7": null }, "geometry": { "type": "Point", "coordinates": [ -63.532764010783914, -33.891397277110855 ] } },
{ "type": "Feature", "properties": { "field_1": 9, "field_2": "3-11-9-CBA", "field_3": "pedalnia_la_amarga", "field_4": 4447874.51, "field_5": 6250297.97, "field_6": null, "field_7": null }, "geometry": { "type": "Point", "coordinates": [ -63.563498407031119, -33.89058926267375 ] } },
{ "type": "Feature", "properties": { "field_1": 1, "field_2": "3-12-1-CBA", "field_3": "pedalnia_la_amarga", "field_4": 4442852.49, "field_5": 6247006.7, "field_6": null, "field_7": null }, "geometry": { "type": "Point", "coordinates": [ -63.617999813825406, -33.919999570315262 ] } },
{ "type": "Feature", "properties": { "field_1": 10, "field_2": "3-12-10-CBA", "field_3": "pedalnia_la_amarga", "field_4": 4450282.53, "field_5": 6245639.05, "field_6": null, "field_7": null }, "geometry": { "type": "Point", "coordinates": [ -63.537731521319259, -33.932705937911606 ] } },
{ "type": "Feature", "properties": { "field_1": 2, "field_2": "3-12-2-CBA", "field_3": "pedalnia_la_amarga", "field_4": 4443150.6, "field_5": 6245323.54, "field_6": null, "field_7": null }, "geometry": { "type": "Point", "coordinates": [ -63.614885215164669, -33.935189221378998 ] } },
{ "type": "Feature", "properties": { "field_1": 3, "field_2": "3-12-3-CBA", "field_3": "pedalnia_la_amarga", "field_4": 4445618.4, "field_5": 6247206.38, "field_6": null, "field_7": null }, "geometry": { "type": "Point", "coordinates": [ -63.588078071919668, -33.918345919589918 ] } },
{ "type": "Feature", "properties": { "field_1": 4, "field_2": "3-12-4-CBA", "field_3": "pedalnia_la_amarga", "field_4": 4441795.06, "field_5": 6245680.7, "field_6": null, "field_7": null }, "geometry": { "type": "Point", "coordinates": [ -63.629522285570687, -33.931895385686595 ] } },
{ "type": "Feature", "properties": { "field_1": 5, "field_2": "3-12-5-CBA", "field_3": "pedalnia_la_amarga", "field_4": 4441958.18, "field_5": 6240790.09, "field_6": null, "field_7": null }, "geometry": { "type": "Point", "coordinates": [ -63.628081990938291, -33.975992447304449 ] } },
{ "type": "Feature", "properties": { "field_1": 6, "field_2": "3-12-6-CBA", "field_3": "pedalnia_la_amarga", "field_4": 4445690.11, "field_5": 6241279.44, "field_6": null, "field_7": null }, "geometry": { "type": "Point", "coordinates": [ -63.587669724971022, -33.971780499989002 ] } },
{ "type": "Feature", "properties": { "field_1": 7, "field_2": "3-12-7-CBA", "field_3": "pedalnia_la_amarga", "field_4": 4448884.89, "field_5": 6241169.76, "field_6": null, "field_7": null }, "geometry": { "type": "Point", "coordinates": [ -63.553108003910786, -33.972929474476146 ] } },
{ "type": "Feature", "properties": { "field_1": 8, "field_2": "3-12-8-CBA", "field_3": "pedalnia_la_amarga", "field_4": 4448350.91, "field_5": 6246049.46, "field_6": null, "field_7": null }, "geometry": { "type": "Point", "coordinates": [ -63.558598356370865, -33.928913093703791 ] } },
{ "type": "Feature", "properties": { "field_1": 9, "field_2": "3-12-9-CBA", "field_3": "pedalnia_la_amarga", "field_4": 4447431.28, "field_5": 6242607.2, "field_6": null, "field_7": null }, "geometry": { "type": "Point", "coordinates": [ -63.568750291126449, -33.959899375651972 ] } },
{ "type": "Feature", "properties": { "field_1": 1, "field_2": "3-13-1-CBA", "field_3": "pedalnia_la_amarga", "field_4": 4446524.31, "field_5": 6234349.56, "field_6": null, "field_7": null }, "geometry": { "type": "Point", "coordinates": [ -63.579067365566459, -34.034295080069086 ] } },
{ "type": "Feature", "properties": { "field_1": 2, "field_2": "3-13-2-CBA", "field_3": "pedalnia_la_amarga", "field_4": 4449635.43, "field_5": 6231278.52, "field_6": null, "field_7": null }, "geometry": { "type": "Point", "coordinates": [ -63.54555702763615, -34.062134026994748 ] } },
{ "type": "Feature", "properties": { "field_1": 3, "field_2": "3-13-3-CBA", "field_3": "pedalnia_la_amarga", "field_4": 4449536.29, "field_5": 6234458.71, "field_6": null, "field_7": null }, "geometry": { "type": "Point", "coordinates": [ -63.546446937418004, -34.03346037877747 ] } },
{ "type": "Feature", "properties": { "field_1": 1, "field_2": "3-14-1-CBA", "field_3": "pedalnia_la_amarga", "field_4": 4447535.82, "field_5": 6227930.64, "field_6": null, "field_7": null }, "geometry": { "type": "Point", "coordinates": [ -63.568500914589798, -34.092211295640013 ] } },
{ "type": "Feature", "properties": { "field_1": 2, "field_2": "3-14-2-CBA", "field_3": "pedalnia_la_amarga", "field_4": 4446953.67, "field_5": 6222022.68, "field_6": null, "field_7": null }, "geometry": { "type": "Point", "coordinates": [ -63.57516925338502, -34.145440333369748 ] } },
{ "type": "Feature", "properties": { "field_1": 3, "field_2": "3-14-3-CBA", "field_3": "pedalnia_la_amarga", "field_4": 4443884.18, "field_5": 6220180.63, "field_6": null, "field_7": null }, "geometry": { "type": "Point", "coordinates": [ -63.6085684286138, -34.16188520819599 ] } },
{ "type": "Feature", "properties": { "field_1": 4, "field_2": "3-14-4-CBA", "field_3": "pedalnia_la_amarga", "field_4": 4442598.6, "field_5": 6220906.21, "field_6": null, "field_7": null }, "geometry": { "type": "Point", "coordinates": [ -63.622461615828499, -34.155274518972831 ] } },
{ "type": "Feature", "properties": { "field_1": 5, "field_2": "3-14-5-CBA", "field_3": "pedalnia_la_amarga", "field_4": 4450689.52, "field_5": 6220564.97, "field_6": null, "field_7": null }, "geometry": { "type": "Point", "coordinates": [ -63.53474682562527, -34.158764229632482 ] } },
{ "type": "Feature", "properties": { "field_1": 6, "field_2": "3-14-6-CBA", "field_3": "pedalnia_la_amarga", "field_4": 4446608.25, "field_5": 6225342.08, "field_6": null, "field_7": null }, "geometry": { "type": "Point", "coordinates": [ -63.578710419638327, -34.115499467954095 ] } },
{ "type": "Feature", "properties": { "field_1": 1, "field_2": "3-15-1-CBA", "field_3": "pedalnia_la_amarga", "field_4": 4445728.7, "field_5": 6215512.9, "field_6": null, "field_7": null }, "geometry": { "type": "Point", "coordinates": [ -63.588858156237272, -34.204060318227818 ] } },
{ "type": "Feature", "properties": { "field_1": 1, "field_2": "3-33-1-CBA", "field_3": "pedania_la_carlota_cordoba", "field_4": 4452495.9, "field_5": 6257571.14, "field_6": null, "field_7": null }, "geometry": { "type": "Point", "coordinates": [ -63.513148911943588, -33.825238839034292 ] } },
{ "type": "Feature", "properties": { "field_1": 2, "field_2": "3-33-2-CBA", "field_3": "pedalnia_la_amarga", "field_4": 4454659.97, "field_5": 6250541.77, "field_6": null, "field_7": null }, "geometry": { "type": "Point", "coordinates": [ -63.490134914923068, -33.888705013289872 ] } },
{ "type": "Feature", "properties": { "field_1": 3, "field_2": "3-33-3-CBA", "field_3": "pedalnia_la_amarga", "field_4": 4460083.83, "field_5": 6255958.94, "field_6": null, "field_7": null }, "geometry": { "type": "Point", "coordinates": [ -63.431258032696967, -33.840087126993232 ] } },
{ "type": "Feature", "properties": { "field_1": 4, "field_2": "3-33-4-CBA", "field_3": "pedalnia_la_amarga", "field_4": 4460558.72, "field_5": 6249865.17, "field_6": null, "field_7": null }, "geometry": { "type": "Point", "coordinates": [ -63.426400467395027, -33.895041868933177 ] } },
{ "type": "Feature", "properties": { "field_1": 1, "field_2": "3-35-1-CBA", "field_3": "pedalnia_la_amarga", "field_4": 4456108.66, "field_5": 6234511.44, "field_6": null, "field_7": null }, "geometry": { "type": "Point", "coordinates": [ -63.475277823343191, -34.033280696425422 ] } },
{ "type": "Feature", "properties": { "field_1": 2, "field_2": "3-35-2-CBA", "field_3": "pedalnia_la_amarga", "field_4": 4452859.92, "field_5": 6234897.96, "field_6": null, "field_7": null }, "geometry": { "type": "Point", "coordinates": [ -63.510434661855982, -34.029655250746544 ] } },
{ "type": "Feature", "properties": { "field_1": 3, "field_2": "3-35-3-CBA", "field_3": "pedalnia_la_amarga", "field_4": 4457452.31, "field_5": 6236826.34, "field_6": null, "field_7": null }, "geometry": { "type": "Point", "coordinates": [ -63.46061581281409, -34.012467278530323 ] } },
{ "type": "Feature", "properties": { "field_1": 4, "field_2": "3-35-4-CBA", "field_3": "pedalnia_la_amarga", "field_4": 4460138.55, "field_5": 6232133.52, "field_6": null, "field_7": null }, "geometry": { "type": "Point", "coordinates": [ -63.431750040699242, -34.054878548762439 ] } },
{ "type": "Feature", "properties": { "field_1": 1, "field_2": "3-36-1-CBA", "field_3": "pedalnia_la_amarga", "field_4": 4458627.87, "field_5": 6220684.67, "field_6": null, "field_7": null }, "geometry": { "type": "Point", "coordinates": [ -63.448656606000867, -34.158029998444562 ] } },
{ "type": "Feature", "properties": { "field_1": 2, "field_2": "3-36-2-CBA", "field_3": "pedalnia_la_amarga", "field_4": 4459631.87, "field_5": 6222603.02, "field_6": null, "field_7": null }, "geometry": { "type": "Point", "coordinates": [ -63.437679928656877, -34.14077571160513 ] } },
{ "type": "Feature", "properties": { "field_1": 1, "field_2": "3-37-1-CBA", "field_3": "pedalnia_la_amarga", "field_4": 4452103.86, "field_5": 6214005.86, "field_6": null, "field_7": null }, "geometry": { "type": "Point", "coordinates": [ -63.519772231570848, -34.217958263139259 ] } },
{ "type": "Feature", "properties": { "field_1": 2, "field_2": "3-37-2-CBA", "field_3": "pedalnia_la_amarga", "field_4": 4460701.08, "field_5": 6214010.08, "field_6": null, "field_7": null }, "geometry": { "type": "Point", "coordinates": [ -63.426477239262823, -34.218280114941848 ] } },
{ "type": "Feature", "properties": { "field_1": 3, "field_2": "3-37-3-CBA", "field_3": "pedalnia_la_amarga", "field_4": 4457777.69, "field_5": 6214225.22, "field_6": null, "field_7": null }, "geometry": { "type": "Point", "coordinates": [ -63.45819077949897, -34.216226275960153 ] } },
{ "type": "Feature", "properties": { "field_1": 4, "field_2": "3-37-4-CBA", "field_3": "pedalnia_la_amarga", "field_4": 4457619.5, "field_5": 6212383.86, "field_6": null, "field_7": null }, "geometry": { "type": "Point", "coordinates": [ -63.459997609865241, -34.232819143804868 ] } },
{ "type": "Feature", "properties": { "field_1": 1, "field_2": "3-55-1-CBA", "field_3": "pedalnia_la_amarga", "field_4": 4469636.54, "field_5": 6250623.88, "field_6": null, "field_7": null }, "geometry": { "type": "Point", "coordinates": [ -63.328235782292381, -33.88850242488752 ] } },
{ "type": "Feature", "properties": { "field_1": 2, "field_2": "3-55-2-CBA", "field_3": "pedalnia_la_amarga", "field_4": 4463710.41, "field_5": 6250401.98, "field_6": null, "field_7": null }, "geometry": { "type": "Point", "coordinates": [ -63.392306190635942, -33.890315600923643 ] } },
{ "type": "Feature", "properties": { "field_1": 3, "field_2": "3-55-3-CBA", "field_3": "pedalnia_la_amarga", "field_4": 4464839.75, "field_5": 6255674.62, "field_6": null, "field_7": null }, "geometry": { "type": "Point", "coordinates": [ -63.379887227753187, -33.842819384540405 ] } },
{ "type": "Feature", "properties": { "field_1": 1, "field_2": "3-56-1-CBA", "field_3": "pedalnia_la_amarga", "field_4": 4470531.06, "field_5": 6238891.79, "field_6": null, "field_7": null }, "geometry": { "type": "Point", "coordinates": [ -63.318960209832646, -33.994295637336982 ] } },
{ "type": "Feature", "properties": { "field_1": 1, "field_2": "3-57-1-CBA", "field_3": "pedalnia_la_amarga", "field_4": 4469765.01, "field_5": 6231716.71, "field_6": null, "field_7": null }, "geometry": { "type": "Point", "coordinates": [ -63.327499867984571, -34.058958115976566 ] } },
{ "type": "Feature", "properties": { "field_1": 2, "field_2": "3-57-2-CBA", "field_3": "pedalnia_la_amarga", "field_4": 4467126.36, "field_5": 6237126.89, "field_6": null, "field_7": null }, "geometry": { "type": "Point", "coordinates": [ -63.35587690752191, -34.010105395058204 ] } },
{ "type": "Feature", "properties": { "field_1": 1, "field_2": "3-59-1-CBA", "field_3": "pedalnia_la_amarga", "field_4": 4465262.99, "field_5": 6216323.84, "field_6": null, "field_7": null }, "geometry": { "type": "Point", "coordinates": [ -63.376879117341502, -34.19758415536274 ] } },
{ "type": "Feature", "properties": { "field_1": 1, "field_2": "3-77-1-CBA", "field_3": "pedalnia_san_martin", "field_4": 4480750.54, "field_5": 6252642.95, "field_6": null, "field_7": null }, "geometry": { "type": "Point", "coordinates": [ -63.208048293726215, -33.870561123370621 ] } },
{ "type": "Feature", "properties": { "field_1": 2, "field_2": "3-77-2-CBA", "field_3": "pedalnia_la_amarga", "field_4": 4475622.58, "field_5": 6253837.22, "field_6": null, "field_7": null }, "geometry": { "type": "Point", "coordinates": [ -63.263437339900726, -33.859688264443037 ] } },
{ "type": "Feature", "properties": { "field_1": 3, "field_2": "3-77-3-CBA", "field_3": "pedalnia_san_martin", "field_4": 4479273.38, "field_5": 6254973.59, "field_6": null, "field_7": null }, "geometry": { "type": "Point", "coordinates": [ -63.223958357439386, -33.849521372331381 ] } },
{ "type": "Feature", "properties": { "field_1": 1, "field_2": "3-78-1-CBA", "field_3": "pedalnia_san_martin", "field_4": 4478453.33, "field_5": 6244763.89, "field_6": null, "field_7": null }, "geometry": { "type": "Point", "coordinates": [ -63.233069416287506, -33.941549401374111 ] } },
{ "type": "Feature", "properties": { "field_1": 2, "field_2": "3-78-2-CBA", "field_3": "pedalnia_san_martin", "field_4": 4475956.0, "field_5": 6240123.58, "field_6": null, "field_7": null }, "geometry": { "type": "Point", "coordinates": [ -63.260209848272872, -33.983328973346296 ] } },
{ "type": "Feature", "properties": { "field_1": 1, "field_2": "3-80-1-CBA", "field_3": "pedalnia_san_martin", "field_4": 4477910.73, "field_5": 6226341.89, "field_6": null, "field_7": null }, "geometry": { "type": "Point", "coordinates": [ -63.239404502494402, -34.107616133438164 ] } },
{ "type": "Feature", "properties": { "field_1": 2, "field_2": "3-80-2-CBA", "field_3": "pedalnia_san_martin", "field_4": 4480373.26, "field_5": 6228073.05, "field_6": null, "field_7": null }, "geometry": { "type": "Point", "coordinates": [ -63.2126768074043, -34.092058661835821 ] } },
{ "type": "Feature", "properties": { "field_1": 3, "field_2": "3-80-3-CBA", "field_3": "pedalnia_san_martin", "field_4": 4477840.6, "field_5": 6222043.41, "field_6": null, "field_7": null }, "geometry": { "type": "Point", "coordinates": [ -63.240274168683008, -34.146365649355495 ] } },
{ "type": "Feature", "properties": { "field_1": 4, "field_2": "3-80-4-CBA", "field_3": "pedalnia_san_martin", "field_4": 4477930.5, "field_5": 6219367.72, "field_6": null, "field_7": null }, "geometry": { "type": "Point", "coordinates": [ -63.239367453206157, -34.170488902384719 ] } },
{ "type": "Feature", "properties": { "field_1": 1, "field_2": "3-81-1-CBA", "field_3": "pedalnia_san_martin", "field_4": 4475281.31, "field_5": 6208853.2, "field_6": null, "field_7": null }, "geometry": { "type": "Point", "coordinates": [ -63.268400713798854, -34.265216780524213 ] } },
{ "type": "Feature", "properties": { "field_1": 1, "field_2": "3-99-1-CBA", "field_3": "pedalnia_san_martin", "field_4": 4483837.29, "field_5": 6249614.28, "field_6": null, "field_7": null }, "geometry": { "type": "Point", "coordinates": [ -63.174742756983974, -33.897917719973805 ] } },
{ "type": "Feature", "properties": { "field_1": 2, "field_2": "3-99-2-CBA", "field_3": "pedalnia_san_martin", "field_4": 4488632.48, "field_5": 6250952.37, "field_6": null, "field_7": null }, "geometry": { "type": "Point", "coordinates": [ -63.122883000761547, -33.885916860518243 ] } },
{ "type": "Feature", "properties": { "field_1": 3, "field_2": "3-99-3-CBA", "field_3": "pedalnia_san_martin", "field_4": 4487381.18, "field_5": 6251030.21, "field_6": null, "field_7": null }, "geometry": { "type": "Point", "coordinates": [ -63.136408230812485, -33.88520086554005 ] } },
{ "type": "Feature", "properties": { "field_1": 1, "field_2": "30-571-1-BA", "field_3": "partido_gral_viamonte", "field_4": 4694358.24, "field_5": 6148820.51, "field_6": null, "field_7": null }, "geometry": { "type": "Point", "coordinates": [ -60.876568673583236, -34.78814911740929 ] } },
{ "type": "Feature", "properties": { "field_1": 2, "field_2": "30-571-2-BA", "field_3": "partido_gral_viamonte", "field_4": 4697256.2, "field_5": 6150167.36, "field_6": null, "field_7": null }, "geometry": { "type": "Point", "coordinates": [ -60.845242748797972, -34.775460665830025 ] } },
{ "type": "Feature", "properties": { "field_1": 3, "field_2": "30-571-3-BA", "field_3": "partido_junin", "field_4": 4698916.54, "field_5": 6151480.93, "field_6": null, "field_7": null }, "geometry": { "type": "Point", "coordinates": [ -60.827427499093226, -34.763306145443202 ] } },
{ "type": "Feature", "properties": { "field_1": 4, "field_2": "30-571-4-BA", "field_3": "partido_junin", "field_4": 4692687.49, "field_5": 6153224.82, "field_6": null, "field_7": null }, "geometry": { "type": "Point", "coordinates": [ -60.895818855786381, -34.748791755971261 ] } },
{ "type": "Feature", "properties": { "field_1": 5, "field_2": "30-571-5-BA", "field_3": "partido_junin", "field_4": 4693293.09, "field_5": 6152953.75, "field_6": null, "field_7": null }, "geometry": { "type": "Point", "coordinates": [ -60.889147407233693, -34.751119149897477 ] } },
{ "type": "Feature", "properties": { "field_1": 6, "field_2": "30-571-6-BA", "field_3": "partido_junin", "field_4": 4698555.4, "field_5": 6153891.37, "field_6": null, "field_7": null }, "geometry": { "type": "Point", "coordinates": [ -60.831937164741191, -34.741663859570792 ] } },
{ "type": "Feature", "properties": { "field_1": 7, "field_2": "30-571-7-BA", "field_3": "partido_junin", "field_4": 4698832.25, "field_5": 6155679.92, "field_6": null, "field_7": null }, "geometry": { "type": "Point", "coordinates": [ -60.829337596227269, -34.725499223900115 ] } },
{ "type": "Feature", "properties": { "field_1": 8, "field_2": "30-571-8-BA", "field_3": "partido_junin", "field_4": 4696749.87, "field_5": 6157426.8, "field_6": null, "field_7": null }, "geometry": { "type": "Point", "coordinates": [ -60.852463905571852, -34.710166388668576 ] } },
{ "type": "Feature", "properties": { "field_1": 9, "field_2": "30-571-9-BA", "field_3": "partido_junin", "field_4": 4694760.25, "field_5": 6155799.13, "field_6": null, "field_7": null }, "geometry": { "type": "Point", "coordinates": [ -60.873792008058643, -34.725209254174729 ] } },
{ "type": "Feature", "properties": { "field_1": 1, "field_2": "30-572-1-BA", "field_3": "partido_gral_viamonte", "field_4": 4698617.03, "field_5": 6142847.46, "field_6": null, "field_7": null }, "geometry": { "type": "Point", "coordinates": [ -60.82865742670748, -34.841131675646011 ] } },
{ "type": "Feature", "properties": { "field_1": 2, "field_2": "30-572-2-BA", "field_3": "partido_gral_viamonte", "field_4": 4697687.45, "field_5": 6140634.14, "field_6": null, "field_7": null }, "geometry": { "type": "Point", "coordinates": [ -60.838291860679028, -34.861249379506965 ] } },
{ "type": "Feature", "properties": { "field_1": 3, "field_2": "30-572-3-BA", "field_3": "partido_gral_viamonte", "field_4": 4693465.67, "field_5": 6139520.8, "field_6": null, "field_7": null }, "geometry": { "type": "Point", "coordinates": [ -60.884171793052907, -34.872089946279438 ] } },
{ "type": "Feature", "properties": { "field_1": 4, "field_2": "30-572-4-BA", "field_3": "partido_gral_viamonte", "field_4": 4695255.05, "field_5": 6143322.09, "field_6": null, "field_7": null }, "geometry": { "type": "Point", "coordinates": [ -60.865499270895, -34.83750673511863 ] } },
{ "type": "Feature", "properties": { "field_1": 5, "field_2": "30-572-5-BA", "field_3": "partido_bragado", "field_4": 4701287.16, "field_5": 6147623.89, "field_6": null, "field_7": null }, "geometry": { "type": "Point", "coordinates": [ -60.800629989051458, -34.797583793643803 ] } },
{ "type": "Feature", "properties": { "field_1": 6, "field_2": "30-572-6-BA", "field_3": "partido_gral_viamonte", "field_4": 4694082.77, "field_5": 6140360.67, "field_6": null, "field_7": null }, "geometry": { "type": "Point", "coordinates": [ -60.877621486685541, -34.864406936081494 ] } },
{ "type": "Feature", "properties": { "field_1": 1, "field_2": "30-593-1-BA", "field_3": "partido_junin", "field_4": 4701613.65, "field_5": 6155903.41, "field_6": null, "field_7": null }, "geometry": { "type": "Point", "coordinates": [ -60.799045949536115, -34.722941386931673 ] } },
{ "type": "Feature", "properties": { "field_1": 2, "field_2": "30-593-2-BA", "field_3": "partido_junin", "field_4": 4701566.08, "field_5": 6153429.44, "field_6": null, "field_7": null }, "geometry": { "type": "Point", "coordinates": [ -60.798973875259406, -34.745235201809791 ] } },
{ "type": "Feature", "properties": { "field_1": 3, "field_2": "30-593-3-BA", "field_3": "partido_bragado", "field_4": 4703239.93, "field_5": 6150264.71, "field_6": null, "field_7": null }, "geometry": { "type": "Point", "coordinates": [ -60.779944849184631, -34.773409585428624 ] } },
{ "type": "Feature", "properties": { "field_1": 4, "field_2": "30-593-4-BA", "field_3": "partido_bragado", "field_4": 4710319.42, "field_5": 6158101.65, "field_6": null, "field_7": null }, "geometry": { "type": "Point", "coordinates": [ -60.704621145748234, -34.701388137179173 ] } },
{ "type": "Feature", "properties": { "field_1": 5, "field_2": "30-593-5-BA", "field_3": "partido_bragado", "field_4": 4705568.12, "field_5": 6149103.27, "field_6": null, "field_7": null }, "geometry": { "type": "Point", "coordinates": [ -60.754246864812991, -34.783404615704136 ] } },
{ "type": "Feature", "properties": { "field_1": 1, "field_2": "30-594-1-BA", "field_3": "partido_bragado", "field_4": 4709166.28, "field_5": 6145498.42, "field_6": null, "field_7": null }, "geometry": { "type": "Point", "coordinates": [ -60.714069237560118, -34.81514190095811 ] } },
{ "type": "Feature", "properties": { "field_1": 2, "field_2": "30-594-2-BA", "field_3": "partido_bragado", "field_4": 4709687.94, "field_5": 6138616.33, "field_6": null, "field_7": null }, "geometry": { "type": "Point", "coordinates": [ -60.706652341060668, -34.877020482243772 ] } },
{ "type": "Feature", "properties": { "field_1": 3, "field_2": "30-594-3-BA", "field_3": "partido_bragado", "field_4": 4708333.96, "field_5": 6139059.71, "field_6": null, "field_7": null }, "geometry": { "type": "Point", "coordinates": [ -60.721560598236614, -34.873305382929708 ] } },
{ "type": "Feature", "properties": { "field_1": 4, "field_2": "30-594-4-BA", "field_3": "partido_gral_viamonte", "field_4": 4703003.51, "field_5": 6141354.87, "field_6": null, "field_7": null }, "geometry": { "type": "Point", "coordinates": [ -60.78037344531532, -34.85371055356832 ] } },
{ "type": "Feature", "properties": { "field_1": 5, "field_2": "30-594-5-BA", "field_3": "partido_gral_viamonte", "field_4": 4705367.55, "field_5": 6141212.21, "field_6": null, "field_7": null }, "geometry": { "type": "Point", "coordinates": [ -60.75450773772566, -34.854521108811959 ] } },
{ "type": "Feature", "properties": { "field_1": 6, "field_2": "30-594-6-BA", "field_3": "partido_gral_viamonte", "field_4": 4703279.97, "field_5": 6143824.44, "field_6": null, "field_7": null }, "geometry": { "type": "Point", "coordinates": [ -60.777950854857906, -34.831411278074917 ] } },
{ "type": "Feature", "properties": { "field_1": 7, "field_2": "30-594-7-BA", "field_3": "partido_bragado", "field_4": 4706612.03, "field_5": 6143913.02, "field_6": null, "field_7": null }, "geometry": { "type": "Point", "coordinates": [ -60.741574815690285, -34.82994284519625 ] } },
{ "type": "Feature", "properties": { "field_1": 8, "field_2": "30-594-8-BA", "field_3": "partido_bragado", "field_4": 4707006.42, "field_5": 6143019.35, "field_6": null, "field_7": null }, "geometry": { "type": "Point", "coordinates": [ -60.737046467863763, -34.8379120691461 ] } },
{ "type": "Feature", "properties": { "field_1": 1, "field_2": "30-615-1-BA", "field_3": "partido_bragado", "field_4": 4713442.16, "field_5": 6150809.35, "field_6": null, "field_7": null }, "geometry": { "type": "Point", "coordinates": [ -60.668720286957679, -34.766421492662666 ] } },
{ "type": "Feature", "properties": { "field_1": 2, "field_2": "30-615-2-BA", "field_3": "partido_chacabuco", "field_4": 4719740.45, "field_5": 6154789.79, "field_6": null, "field_7": null }, "geometry": { "type": "Point", "coordinates": [ -60.601018378229973, -34.72923624023511 ] } },
{ "type": "Feature", "properties": { "field_1": 3, "field_2": "30-615-3-BA", "field_3": "partido_chacabuco", "field_4": 4721104.53, "field_5": 6158029.55, "field_6": null, "field_7": null }, "geometry": { "type": "Point", "coordinates": [ -60.5869860383252, -34.69976406049436 ] } },
{ "type": "Feature", "properties": { "field_1": 4, "field_2": "30-615-4-BA", "field_3": "partido_bragado", "field_4": 4711888.95, "field_5": 6158178.82, "field_6": null, "field_7": null }, "geometry": { "type": "Point", "coordinates": [ -60.687523282210904, -34.700369277365716 ] } },
{ "type": "Feature", "properties": { "field_1": 5, "field_2": "30-615-5-BA", "field_3": "partido_bragado", "field_4": 4715134.77, "field_5": 6154265.16, "field_6": null, "field_7": null }, "geometry": { "type": "Point", "coordinates": [ -60.651128646335337, -34.73494106815366 ] } },
{ "type": "Feature", "properties": { "field_1": 1, "field_2": "30-616-1-BA", "field_3": "partido_bragado", "field_4": 4717525.63, "field_5": 6139098.08, "field_6": null, "field_7": null }, "geometry": { "type": "Point", "coordinates": [ -60.621121202346316, -34.871035016153272 ] } },
{ "type": "Feature", "properties": { "field_1": 2, "field_2": "30-616-2-BA", "field_3": "partido_bragado", "field_4": 4711823.53, "field_5": 6139074.72, "field_6": null, "field_7": null }, "geometry": { "type": "Point", "coordinates": [ -60.683428194360879, -34.87244921499402 ] } },
{ "type": "Feature", "properties": { "field_1": 3, "field_2": "30-616-3-BA", "field_3": "partido_bragado", "field_4": 4714760.93, "field_5": 6140607.66, "field_6": null, "field_7": null }, "geometry": { "type": "Point", "coordinates": [ -60.651720270500569, -34.858026727162432 ] } },
{ "type": "Feature", "properties": { "field_1": 4, "field_2": "30-616-4-BA", "field_3": "partido_bragado", "field_4": 4714811.42, "field_5": 6143745.47, "field_6": null, "field_7": null }, "geometry": { "type": "Point", "coordinates": [ -60.651971798126802, -34.829755466001039 ] } },
{ "type": "Feature", "properties": { "field_1": 1, "field_2": "4-104-1-CBA", "field_3": "pedalnia_san_martin", "field_4": 4481968.77, "field_5": 6199212.45, "field_6": null, "field_7": null }, "geometry": { "type": "Point", "coordinates": [ -63.195989605759571, -34.35226376789074 ] } },
{ "type": "Feature", "properties": { "field_1": 2, "field_2": "4-104-2-CBA", "field_3": "pedalnia_san_martin", "field_4": 4485956.39, "field_5": 6201801.93, "field_6": null, "field_7": null }, "geometry": { "type": "Point", "coordinates": [ -63.152604599811212, -34.328981889880183 ] } },
{ "type": "Feature", "properties": { "field_1": 3, "field_2": "4-104-3-CBA", "field_3": "pedalnia_san_martin", "field_4": 4489806.31, "field_5": 6198886.73, "field_6": null, "field_7": null }, "geometry": { "type": "Point", "coordinates": [ -63.110804630844008, -34.355306798549854 ] } },
{ "type": "Feature", "properties": { "field_1": 4, "field_2": "4-104-4-CBA", "field_3": "pedalnia_san_martin", "field_4": 4482647.9, "field_5": 6201552.78, "field_6": null, "field_7": null }, "geometry": { "type": "Point", "coordinates": [ -63.188560707606875, -34.331177846136818 ] } },
{ "type": "Feature", "properties": { "field_1": 5, "field_2": "4-104-5-CBA", "field_3": "pedalnia_san_martin", "field_4": 4482104.27, "field_5": 6205020.26, "field_6": null, "field_7": null }, "geometry": { "type": "Point", "coordinates": [ -63.194396038171128, -34.299909979898558 ] } },
{ "type": "Feature", "properties": { "field_1": 6, "field_2": "4-104-6-CBA", "field_3": "pedalnia_san_martin", "field_4": 4490712.43, "field_5": 6206003.8, "field_6": null, "field_7": null }, "geometry": { "type": "Point", "coordinates": [ -63.10087853965122, -34.291156186795703 ] } },
{ "type": "Feature", "properties": { "field_1": 7, "field_2": "4-104-7-CBA", "field_3": "pedalnia_san_martin", "field_4": 4485571.19, "field_5": 6206226.16, "field_6": null, "field_7": null }, "geometry": { "type": "Point", "coordinates": [ -63.156716188903673, -34.289092944769564 ] } },
{ "type": "Feature", "properties": { "field_1": 1, "field_2": "4-105-1-CBA", "field_3": "pedalnia_san_martin", "field_4": 4481832.8, "field_5": 6196864.67, "field_6": null, "field_7": null }, "geometry": { "type": "Point", "coordinates": [ -63.197517158759439, -34.37342598510989 ] } },
{ "type": "Feature", "properties": { "field_1": 2, "field_2": "4-105-2-CBA", "field_3": "pedalnia_san_martin", "field_4": 4490561.3, "field_5": 6196877.57, "field_6": null, "field_7": null }, "geometry": { "type": "Point", "coordinates": [ -63.102620163960673, -34.37342605129917 ] } },
{ "type": "Feature", "properties": { "field_1": 6, "field_2": "4-105-6-BA", "field_3": "partido_gral_villegas", "field_4": 4484014.25, "field_5": 6190303.31, "field_6": null, "field_7": null }, "geometry": { "type": "Point", "coordinates": [ -63.17392268589532, -34.432610510693515 ] } },
{ "type": "Feature", "properties": { "field_1": 7, "field_2": "4-105-7-BA", "field_3": "partido_gral_villegas", "field_4": 4484847.74, "field_5": 6189909.28, "field_6": null, "field_7": null }, "geometry": { "type": "Point", "coordinates": [ -63.164861531107874, -34.436175107919667 ] } },
{ "type": "Feature", "properties": { "field_1": 8, "field_2": "4-105-8-BA", "field_3": "partido_gral_villegas", "field_4": 4486980.19, "field_5": 6192575.58, "field_6": null, "field_7": null }, "geometry": { "type": "Point", "coordinates": [ -63.141619551125657, -34.412168395058437 ] } },
{ "type": "Feature", "properties": { "field_1": 11, "field_2": "4-106-11-BA", "field_3": "partido_gral_villegas", "field_4": 4490677.96, "field_5": 6187490.03, "field_6": null, "field_7": null }, "geometry": { "type": "Point", "coordinates": [ -63.101453969866974, -34.45805284214439 ] } },
{ "type": "Feature", "properties": { "field_1": 2, "field_2": "4-106-2-BA", "field_3": "partido_gral_villegas", "field_4": 4482784.91, "field_5": 6186527.8, "field_6": null, "field_7": null }, "geometry": { "type": "Point", "coordinates": [ -63.187373527607683, -34.466625480822884 ] } },
{ "type": "Feature", "properties": { "field_1": 3, "field_2": "4-106-3-BA", "field_3": "partido_gral_villegas", "field_4": 4483465.24, "field_5": 6184415.48, "field_6": null, "field_7": null }, "geometry": { "type": "Point", "coordinates": [ -63.180009626385591, -34.485678257596348 ] } },
{ "type": "Feature", "properties": { "field_1": 4, "field_2": "4-106-4-BA", "field_3": "partido_gral_villegas", "field_4": 4483339.39, "field_5": 6179418.88, "field_6": null, "field_7": null }, "geometry": { "type": "Point", "coordinates": [ -63.181477311668814, -34.53071817820085 ] } },
{ "type": "Feature", "properties": { "field_1": 5, "field_2": "4-106-5-BA", "field_3": "partido_gral_villegas", "field_4": 4488844.28, "field_5": 6180359.38, "field_6": null, "field_7": null }, "geometry": { "type": "Point", "coordinates": [ -63.121503161363016, -34.52231440182959 ] } },
{ "type": "Feature", "properties": { "field_1": 6, "field_2": "4-106-6-BA", "field_3": "partido_gral_villegas", "field_4": 4490142.73, "field_5": 6180509.19, "field_6": null, "field_7": null }, "geometry": { "type": "Point", "coordinates": [ -63.107359508130408, -34.520977183832194 ] } },
{ "type": "Feature", "properties": { "field_1": 1, "field_2": "4-107-1-BA", "field_3": "partido_gral_villegas", "field_4": 4483125.22, "field_5": 6175132.24, "field_6": null, "field_7": null }, "geometry": { "type": "Point", "coordinates": [ -63.183895137314856, -34.569356417554559 ] } },
{ "type": "Feature", "properties": { "field_1": 14, "field_2": "4-107-14-BA", "field_3": "partido_gral_villegas", "field_4": 4489757.49, "field_5": 6170608.85, "field_6": null, "field_7": null }, "geometry": { "type": "Point", "coordinates": [ -63.111674475388334, -34.610219667131396 ] } },
{ "type": "Feature", "properties": { "field_1": 15, "field_2": "4-107-15-BA", "field_3": "partido_gral_villegas", "field_4": 4490123.27, "field_5": 6172204.73, "field_6": null, "field_7": null }, "geometry": { "type": "Point", "coordinates": [ -63.107667861369016, -34.595837338443282 ] } },
{ "type": "Feature", "properties": { "field_1": 2, "field_2": "4-107-2-BA", "field_3": "partido_gral_villegas", "field_4": 4489757.49, "field_5": 6170608.85, "field_6": null, "field_7": null }, "geometry": { "type": "Point", "coordinates": [ -63.111674475388334, -34.610219667131396 ] } },
{ "type": "Feature", "properties": { "field_1": 3, "field_2": "4-107-3-BA", "field_3": "partido_gral_villegas", "field_4": 4490123.27, "field_5": 6172204.73, "field_6": null, "field_7": null }, "geometry": { "type": "Point", "coordinates": [ -63.107667861369016, -34.595837338443282 ] } },
{ "type": "Feature", "properties": { "field_1": 4, "field_2": "4-107-4-BA", "field_3": "partido_gral_villegas", "field_4": 4489251.75, "field_5": 6176134.34, "field_6": null, "field_7": null }, "geometry": { "type": "Point", "coordinates": [ -63.117118582847624, -34.560405344232898 ] } },
{ "type": "Feature", "properties": { "field_1": 5, "field_2": "4-107-5-BA", "field_3": "partido_gral_villegas", "field_4": 4485612.33, "field_5": 6172043.55, "field_6": null, "field_7": null }, "geometry": { "type": "Point", "coordinates": [ -63.156844176294108, -34.597236985681938 ] } },
{ "type": "Feature", "properties": { "field_1": 1, "field_2": "4-108-1-BA", "field_3": "partido_gral_villegas", "field_4": 4483778.99, "field_5": 6159785.69, "field_6": null, "field_7": null }, "geometry": { "type": "Point", "coordinates": [ -63.177064453585309, -34.707705785528788 ] } },
{ "type": "Feature", "properties": { "field_1": 18, "field_2": "4-108-18-BA", "field_3": "partido_gral_villegas", "field_4": 4490039.81, "field_5": 6159272.94, "field_6": null, "field_7": null }, "geometry": { "type": "Point", "coordinates": [ -63.108729772112518, -34.712407984443054 ] } },
{ "type": "Feature", "properties": { "field_1": 2, "field_2": "4-108-2-BA", "field_3": "partido_gral_villegas", "field_4": 4490039.81, "field_5": 6159272.94, "field_6": null, "field_7": null }, "geometry": { "type": "Point", "coordinates": [ -63.108729772112518, -34.712407984443054 ] } },
{ "type": "Feature", "properties": { "field_1": 20, "field_2": "4-108-20-BA", "field_3": "partido_gral_villegas", "field_4": 4490776.4, "field_5": 6161415.62, "field_6": null, "field_7": null }, "geometry": { "type": "Point", "coordinates": [ -63.100665576408126, -34.693100214421492 ] } },
{ "type": "Feature", "properties": { "field_1": 3, "field_2": "4-108-3-BA", "field_3": "partido_gral_villegas", "field_4": 4490776.4, "field_5": 6161415.62, "field_6": null, "field_7": null }, "geometry": { "type": "Point", "coordinates": [ -63.100665576408126, -34.693100214421492 ] } },
{ "type": "Feature", "properties": { "field_1": 1, "field_2": "4-16-1-CBA", "field_3": "pedalnia_la_amarga", "field_4": 4448863.43, "field_5": 6202092.25, "field_6": null, "field_7": null }, "geometry": { "type": "Point", "coordinates": [ -63.555642105699661, -34.325199307413094 ] } },
{ "type": "Feature", "properties": { "field_1": 2, "field_2": "4-16-2-CBA", "field_3": "pedalnia_la_amarga", "field_4": 4451283.27, "field_5": 6204841.69, "field_6": null, "field_7": null }, "geometry": { "type": "Point", "coordinates": [ -63.529194045728602, -34.300531039304964 ] } },
{ "type": "Feature", "properties": { "field_1": 3, "field_2": "4-16-3-CBA", "field_3": "pedalnia_la_amarga", "field_4": 4441827.54, "field_5": 6203346.99, "field_6": null, "field_7": null }, "geometry": { "type": "Point", "coordinates": [ -63.632004133345156, -34.313518009730615 ] } },
{ "type": "Feature", "properties": { "field_1": 1, "field_2": "4-17-1-CBA", "field_3": "pedalnia_la_amarga", "field_4": 4443478.35, "field_5": 6192258.81, "field_6": null, "field_7": null }, "geometry": { "type": "Point", "coordinates": [ -63.614799781095272, -34.41356094855167 ] } },
{ "type": "Feature", "properties": { "field_1": 2, "field_2": "4-17-2-CBA", "field_3": "pedalnia_la_amarga", "field_4": 4447373.41, "field_5": 6193547.49, "field_6": null, "field_7": null }, "geometry": { "type": "Point", "coordinates": [ -63.572355188486938, -34.402150046874773 ] } },
{ "type": "Feature", "properties": { "field_1": 1, "field_2": "4-18-1-CBA", "field_3": "pedania_independencia", "field_4": 4446673.33, "field_5": 6178508.31, "field_6": null, "field_7": null }, "geometry": { "type": "Point", "coordinates": [ -63.580907291670719, -34.537679721526032 ] } },
{ "type": "Feature", "properties": { "field_1": 2, "field_2": "4-18-2-CBA", "field_3": "pedania_independencia", "field_4": 4449359.37, "field_5": 6179796.47, "field_6": null, "field_7": null }, "geometry": { "type": "Point", "coordinates": [ -63.551571996834504, -34.52620378008136 ] } },
{ "type": "Feature", "properties": { "field_1": 3, "field_2": "4-18-3-CBA", "field_3": "pedania_independencia", "field_4": 4443962.41, "field_5": 6183156.77, "field_6": null, "field_7": null }, "geometry": { "type": "Point", "coordinates": [ -63.610131277588835, -34.495634282659452 ] } },
{ "type": "Feature", "properties": { "field_1": 4, "field_2": "4-18-4-CBA", "field_3": "pedalnia_la_amarga", "field_4": 4447373.41, "field_5": 6185656.2, "field_6": null, "field_7": null }, "geometry": { "type": "Point", "coordinates": [ -63.572840425398574, -34.47328384778519 ] } },
{ "type": "Feature", "properties": { "field_1": 11, "field_2": "4-19-11-CBA", "field_3": "pedania_italo", "field_4": 4441769.5, "field_5": 6171359.87, "field_6": null, "field_7": null }, "geometry": { "type": "Point", "coordinates": [ -63.634813147961005, -34.601849403668396 ] } },
{ "type": "Feature", "properties": { "field_1": 13, "field_2": "4-19-13-CBA", "field_3": "pedania_italo", "field_4": 4444038.69, "field_5": 6175419.62, "field_6": null, "field_7": null }, "geometry": { "type": "Point", "coordinates": [ -63.609809015488104, -34.56538124983512 ] } },
{ "type": "Feature", "properties": { "field_1": 2, "field_2": "4-19-2-CBA", "field_3": "pedania_italo", "field_4": 4448887.58, "field_5": 6176713.12, "field_6": null, "field_7": null }, "geometry": { "type": "Point", "coordinates": [ -63.556895522990771, -34.553974062499023 ] } },
{ "type": "Feature", "properties": { "field_1": 4, "field_2": "4-19-4-CBA", "field_3": "pedania_italo", "field_4": 4449672.45, "field_5": 6176006.48, "field_6": null, "field_7": null }, "geometry": { "type": "Point", "coordinates": [ -63.548386142997877, -34.56038247480344 ] } },
{ "type": "Feature", "properties": { "field_1": 5, "field_2": "4-19-5-CBA", "field_3": "pedania_italo", "field_4": 4449346.77, "field_5": 6173922.22, "field_6": null, "field_7": null }, "geometry": { "type": "Point", "coordinates": [ -63.55205886853016, -34.579154115215722 ] } },
{ "type": "Feature", "properties": { "field_1": 9, "field_2": "4-19-9-CBA", "field_3": "pedania_italo", "field_4": 4449596.31, "field_5": 6170207.66, "field_6": null, "field_7": null }, "geometry": { "type": "Point", "coordinates": [ -63.549559777263333, -34.612649500097326 ] } },
{ "type": "Feature", "properties": { "field_1": 1, "field_2": "4-20-1-CBA", "field_3": "pedania_italo", "field_4": 4441852.53, "field_5": 6166681.07, "field_6": null, "field_7": null }, "geometry": { "type": "Point", "coordinates": [ -63.634228823518228, -34.644028068836583 ] } },
{ "type": "Feature", "properties": { "field_1": 11, "field_2": "4-20-11-CBA", "field_3": "pedania_italo", "field_4": 4448673.27, "field_5": 6168119.97, "field_6": null, "field_7": null }, "geometry": { "type": "Point", "coordinates": [ -63.559749727425526, -34.63142211635752 ] } },
{ "type": "Feature", "properties": { "field_1": 2, "field_2": "4-20-2-CBA", "field_3": "pedania_italo", "field_4": 4443537.69, "field_5": 6165885.69, "field_6": null, "field_7": null }, "geometry": { "type": "Point", "coordinates": [ -63.615902387544729, -34.65129169649849 ] } },
{ "type": "Feature", "properties": { "field_1": 3, "field_2": "4-20-3-CBA", "field_3": "pedania_italo", "field_4": 4445126.17, "field_5": 6163283.59, "field_6": null, "field_7": null }, "geometry": { "type": "Point", "coordinates": [ -63.598744518891969, -34.67483289938329 ] } },
{ "type": "Feature", "properties": { "field_1": 4, "field_2": "4-20-4-CBA", "field_3": "pedania_italo", "field_4": 4450358.42, "field_5": 6162751.37, "field_6": null, "field_7": null }, "geometry": { "type": "Point", "coordinates": [ -63.541687673516059, -34.679897318939439 ] } },
{ "type": "Feature", "properties": { "field_1": 5, "field_2": "4-20-5-CBA", "field_3": "pedania_italo", "field_4": 4448315.79, "field_5": 6161213.39, "field_6": null, "field_7": null }, "geometry": { "type": "Point", "coordinates": [ -63.564069818055671, -34.693659372712929 ] } },
{ "type": "Feature", "properties": { "field_1": 1, "field_2": "4-38-1-CBA", "field_3": "pedalnia_la_amarga", "field_4": 4452788.68, "field_5": 6206008.54, "field_6": null, "field_7": null }, "geometry": { "type": "Point", "coordinates": [ -63.512777986403805, -34.29008199457617 ] } },
{ "type": "Feature", "properties": { "field_1": 6, "field_2": "4-38-6-CBA", "field_3": "pedalnia_la_amarga", "field_4": 4451648.85, "field_5": 6201185.55, "field_6": null, "field_7": null }, "geometry": { "type": "Point", "coordinates": [ -63.525428357075903, -34.333506280284396 ] } },
{ "type": "Feature", "properties": { "field_1": 7, "field_2": "4-38-7-CBA", "field_3": "pedalnia_la_amarga", "field_4": 4459599.09, "field_5": 6203982.3, "field_6": null, "field_7": null }, "geometry": { "type": "Point", "coordinates": [ -63.438905155467793, -34.308634982800797 ] } },
{ "type": "Feature", "properties": { "field_1": 1, "field_2": "4-39-1-CBA", "field_3": "pedalnia_la_amarga", "field_4": 4457910.6, "field_5": 6188922.82, "field_6": null, "field_7": null }, "geometry": { "type": "Point", "coordinates": [ -63.457986277896651, -34.444321127815492 ] } },
{ "type": "Feature", "properties": { "field_1": 1, "field_2": "4-40-1-CBA", "field_3": "pedalnia_la_amarga", "field_4": 4452317.51, "field_5": 6185620.58, "field_6": null, "field_7": null }, "geometry": { "type": "Point", "coordinates": [ -63.519028094856488, -34.473845304703083 ] } },
{ "type": "Feature", "properties": { "field_1": 2, "field_2": "4-40-2-CBA", "field_3": "pedania_italo", "field_4": 4456307.97, "field_5": 6178754.52, "field_6": null, "field_7": null }, "geometry": { "type": "Point", "coordinates": [ -63.475944794412719, -34.535914467554875 ] } },
{ "type": "Feature", "properties": { "field_1": 1, "field_2": "4-41-1-CBA", "field_3": "pedania_italo", "field_4": 4457532.6, "field_5": 6174322.13, "field_6": null, "field_7": null }, "geometry": { "type": "Point", "coordinates": [ -63.462826348320213, -34.575920172265988 ] } },
{ "type": "Feature", "properties": { "field_1": 2, "field_2": "4-41-2-CBA", "field_3": "pedania_italo", "field_4": 4458534.17, "field_5": 6171870.24, "field_6": null, "field_7": null }, "geometry": { "type": "Point", "coordinates": [ -63.452030861700663, -34.598062817297425 ] } },
{ "type": "Feature", "properties": { "field_1": 7, "field_2": "4-41-7-CBA", "field_3": "pedania_italo", "field_4": 4459937.89, "field_5": 6170714.51, "field_6": null, "field_7": null }, "geometry": { "type": "Point", "coordinates": [ -63.436783509333871, -34.608536479169274 ] } },
{ "type": "Feature", "properties": { "field_1": 1, "field_2": "4-42-1-CBA", "field_3": "pedania_italo", "field_4": 4452632.26, "field_5": 6166241.94, "field_6": null, "field_7": null }, "geometry": { "type": "Point", "coordinates": [ -63.516681224028268, -34.648541175597884 ] } },
{ "type": "Feature", "properties": { "field_1": 2, "field_2": "4-42-2-CBA", "field_3": "pedania_italo", "field_4": 4453014.59, "field_5": 6164922.7, "field_6": null, "field_7": null }, "geometry": { "type": "Point", "coordinates": [ -63.512584182326655, -34.660450385135256 ] } },
{ "type": "Feature", "properties": { "field_1": 4, "field_2": "4-46-4-CBA", "field_3": "pedalnia_la_amarga", "field_4": 4444326.57, "field_5": 6205571.55, "field_6": null, "field_7": null }, "geometry": { "type": "Point", "coordinates": [ -63.604711556218398, -34.2936020927865 ] } },
{ "type": "Feature", "properties": { "field_1": 1, "field_2": "4-60-1-CBA", "field_3": "pedalnia_la_amarga", "field_4": 4462694.47, "field_5": 6205861.02, "field_6": null, "field_7": null }, "geometry": { "type": "Point", "coordinates": [ -63.405197301278974, -34.291814856623525 ] } },
{ "type": "Feature", "properties": { "field_1": 2, "field_2": "4-60-2-CBA", "field_3": "pedalnia_la_amarga", "field_4": 4464109.43, "field_5": 6199491.77, "field_6": null, "field_7": null }, "geometry": { "type": "Point", "coordinates": [ -63.390094535466055, -34.349281161859672 ] } },
{ "type": "Feature", "properties": { "field_1": 3, "field_2": "4-60-3-CBA", "field_3": "pedalnia_san_martin", "field_4": 4469488.26, "field_5": 6204553.49, "field_6": null, "field_7": null }, "geometry": { "type": "Point", "coordinates": [ -63.331453764834485, -34.303823685251693 ] } },
{ "type": "Feature", "properties": { "field_1": 1, "field_2": "4-61-1-CBA", "field_3": "pedalnia_la_amarga", "field_4": 4462391.43, "field_5": 6194212.48, "field_6": null, "field_7": null }, "geometry": { "type": "Point", "coordinates": [ -63.408998234462366, -34.396810581045486 ] } },
{ "type": "Feature", "properties": { "field_1": 13, "field_2": "4-61-13-BA", "field_3": "partido_gral_villegas", "field_4": 4467860.29, "field_5": 6189010.0, "field_6": null, "field_7": null }, "geometry": { "type": "Point", "coordinates": [ -63.349720160298595, -34.443892824590954 ] } },
{ "type": "Feature", "properties": { "field_1": 2, "field_2": "4-61-2-CBA", "field_3": "pedalnia_san_martin", "field_4": 4468098.48, "field_5": 6197747.32, "field_6": null, "field_7": null }, "geometry": { "type": "Point", "coordinates": [ -63.346803258269404, -34.365137185796094 ] } },
{ "type": "Feature", "properties": { "field_1": 1, "field_2": "4-62-1-BA", "field_3": "partido_gral_villegas", "field_4": 4466328.56, "field_5": 6180982.48, "field_6": null, "field_7": null }, "geometry": { "type": "Point", "coordinates": [ -63.366703406511824, -34.51620746528279 ] } },
{ "type": "Feature", "properties": { "field_1": 6, "field_2": "4-62-6-BA", "field_3": "partido_gral_villegas", "field_4": 4469989.53, "field_5": 6186042.15, "field_6": null, "field_7": null }, "geometry": { "type": "Point", "coordinates": [ -63.326655997914393, -34.470710556026333 ] } },
{ "type": "Feature", "properties": { "field_1": 1, "field_2": "4-63-1-CBA", "field_3": "pedania_italo", "field_4": 4461821.06, "field_5": 6172013.11, "field_6": null, "field_7": null }, "geometry": { "type": "Point", "coordinates": [ -63.416194117350265, -34.596902430163134 ] } },
{ "type": "Feature", "properties": { "field_1": 13, "field_2": "4-63-13-BA", "field_3": "partido_gral_villegas", "field_4": 4471035.44, "field_5": 6176575.32, "field_6": null, "field_7": null }, "geometry": { "type": "Point", "coordinates": [ -63.31559334753085, -34.556078428832194 ] } },
{ "type": "Feature", "properties": { "field_1": 15, "field_2": "4-63-15-BA", "field_3": "partido_gral_villegas", "field_4": 4469493.91, "field_5": 6177602.49, "field_6": null, "field_7": null }, "geometry": { "type": "Point", "coordinates": [ -63.332352466144947, -34.546774590054561 ] } },
{ "type": "Feature", "properties": { "field_1": 2, "field_2": "4-63-2-CBA", "field_3": "pedania_italo", "field_4": 4463665.62, "field_5": 6177262.58, "field_6": null, "field_7": null }, "geometry": { "type": "Point", "coordinates": [ -63.395862463437552, -34.549649306590965 ] } },
{ "type": "Feature", "properties": { "field_1": 4, "field_2": "4-63-4-BA", "field_3": "partido_gral_villegas", "field_4": 4469087.91, "field_5": 6176814.76, "field_6": null, "field_7": null }, "geometry": { "type": "Point", "coordinates": [ -63.336804205251511, -34.553863341857621 ] } },
{ "type": "Feature", "properties": { "field_1": 5, "field_2": "4-63-5-BA", "field_3": "partido_gral_villegas", "field_4": 4468742.95, "field_5": 6174102.43, "field_6": null, "field_7": null }, "geometry": { "type": "Point", "coordinates": [ -63.340662345156481, -34.578302724410392 ] } },
{ "type": "Feature", "properties": { "field_1": 6, "field_2": "4-63-6-BA", "field_3": "partido_gral_villegas", "field_4": 4466785.55, "field_5": 6171574.23, "field_6": null, "field_7": null }, "geometry": { "type": "Point", "coordinates": [ -63.362093914238407, -34.601031181277534 ] } },
{ "type": "Feature", "properties": { "field_1": 1, "field_2": "4-64-1-CBA", "field_3": "pedania_italo", "field_4": 4463923.86, "field_5": 6164529.1, "field_6": null, "field_7": null }, "geometry": { "type": "Point", "coordinates": [ -63.393590263343576, -34.664440597018043 ] } },
{ "type": "Feature", "properties": { "field_1": 2, "field_2": "4-64-2-CBA", "field_3": "pedania_italo", "field_4": 4462489.35, "field_5": 6163949.8, "field_6": null, "field_7": null }, "geometry": { "type": "Point", "coordinates": [ -63.409266014927127, -34.66961093677385 ] } },
{ "type": "Feature", "properties": { "field_1": 4, "field_2": "4-64-4-CBA", "field_3": "partido_gral_villegas", "field_4": 4469093.62, "field_5": 6195219.95, "field_6": null, "field_7": null }, "geometry": { "type": "Point", "coordinates": [ -63.336076248335786, -34.387950596182328 ] } },
{ "type": "Feature", "properties": { "field_1": 1, "field_2": "4-82-1-CBA", "field_3": "pedalnia_san_martin", "field_4": 4474373.63, "field_5": 6206387.11, "field_6": null, "field_7": null }, "geometry": { "type": "Point", "coordinates": [ -63.278329587731648, -34.287426111129328 ] } },
{ "type": "Feature", "properties": { "field_1": 2, "field_2": "4-82-2-CBA", "field_3": "pedalnia_san_martin", "field_4": 4479242.21, "field_5": 6207446.5, "field_6": null, "field_7": null }, "geometry": { "type": "Point", "coordinates": [ -63.225426865631256, -34.277984592449627 ] } },
{ "type": "Feature", "properties": { "field_1": 3, "field_2": "4-82-3-CBA", "field_3": "pedalnia_san_martin", "field_4": 4474891.13, "field_5": 6207041.83, "field_6": null, "field_7": null }, "geometry": { "type": "Point", "coordinates": [ -63.272690015275465, -34.281536584173658 ] } },
{ "type": "Feature", "properties": { "field_1": 4, "field_2": "4-82-4-CBA", "field_3": "pedalnia_san_martin", "field_4": 4473073.15, "field_5": 6204839.61, "field_6": null, "field_7": null }, "geometry": { "type": "Point", "coordinates": [ -63.292502282629371, -34.301343558891659 ] } },
{ "type": "Feature", "properties": { "field_1": 5, "field_2": "4-82-5-CBA", "field_3": "pedalnia_san_martin", "field_4": 4475808.72, "field_5": 6204598.74, "field_6": null, "field_7": null }, "geometry": { "type": "Point", "coordinates": [ -63.262793427836762, -34.303582291636054 ] } },
{ "type": "Feature", "properties": { "field_1": 6, "field_2": "4-82-6-CBA", "field_3": "pedalnia_san_martin", "field_4": 4474025.16, "field_5": 6201083.21, "field_6": null, "field_7": null }, "geometry": { "type": "Point", "coordinates": [ -63.282274253718803, -34.335230764325139 ] } },
{ "type": "Feature", "properties": { "field_1": 7, "field_2": "4-82-7-CBA", "field_3": "pedalnia_san_martin", "field_4": 4477266.12, "field_5": 6202671.08, "field_6": null, "field_7": null }, "geometry": { "type": "Point", "coordinates": [ -63.247012603310765, -34.320992640717527 ] } },
{ "type": "Feature", "properties": { "field_1": 8, "field_2": "4-82-8-CBA", "field_3": "pedalnia_san_martin", "field_4": 4477942.84, "field_5": 6199482.45, "field_6": null, "field_7": null }, "geometry": { "type": "Point", "coordinates": [ -63.239741646989316, -34.349751921020868 ] } },
{ "type": "Feature", "properties": { "field_1": 9, "field_2": "4-82-9-CBA", "field_3": "pedalnia_san_martin", "field_4": 4476443.32, "field_5": 6198569.16, "field_6": null, "field_7": null }, "geometry": { "type": "Point", "coordinates": [ -63.256064871301383, -34.357951958586149 ] } },
{ "type": "Feature", "properties": { "field_1": 1, "field_2": "4-83-1-BA", "field_3": "partido_gral_villegas", "field_4": 4473369.64, "field_5": 6193320.33, "field_6": null, "field_7": null }, "geometry": { "type": "Point", "coordinates": [ -63.289638559388386, -34.405193804538769 ] } },
{ "type": "Feature", "properties": { "field_1": 10, "field_2": "4-83-10-BA", "field_3": "partido_gral_villegas", "field_4": 4476363.34, "field_5": 6188391.94, "field_6": null, "field_7": null }, "geometry": { "type": "Point", "coordinates": [ -63.257214861159767, -34.449693985738044 ] } },
{ "type": "Feature", "properties": { "field_1": 12, "field_2": "4-83-12-CBA", "field_3": "partido_gral_villegas", "field_4": 4477754.75, "field_5": 6195337.86, "field_6": null, "field_7": null }, "geometry": { "type": "Point", "coordinates": [ -63.241893347882431, -34.387110096249422 ] } },
{ "type": "Feature", "properties": { "field_1": 2, "field_2": "4-83-2-CBA", "field_3": "pedalnia_san_martin", "field_4": 4478858.29, "field_5": 6197986.34, "field_6": null, "field_7": null }, "geometry": { "type": "Point", "coordinates": [ -63.229828475864153, -34.363258007014238 ] } },
{ "type": "Feature", "properties": { "field_1": 3, "field_2": "4-83-3-BA", "field_3": "partido_gral_villegas", "field_4": 4477710.7, "field_5": 6194568.08, "field_6": null, "field_7": null }, "geometry": { "type": "Point", "coordinates": [ -63.242392339050134, -34.394048451367574 ] } },
{ "type": "Feature", "properties": { "field_1": 4, "field_2": "4-83-4-BA", "field_3": "partido_gral_villegas", "field_4": 4481175.34, "field_5": 6192622.96, "field_6": null, "field_7": null }, "geometry": { "type": "Point", "coordinates": [ -63.20475817643711, -34.411651889160289 ] } },
{ "type": "Feature", "properties": { "field_1": 5, "field_2": "4-83-5-BA", "field_3": "pedalnia_san_martin", "field_4": 4475050.28, "field_5": 6197768.41, "field_6": null, "field_7": null }, "geometry": { "type": "Point", "coordinates": [ -63.271230448895636, -34.365137852978513 ] } },
{ "type": "Feature", "properties": { "field_1": 6, "field_2": "4-83-6-BA", "field_3": "pedalnia_san_martin", "field_4": 4472618.66, "field_5": 6196552.6, "field_6": null, "field_7": null }, "geometry": { "type": "Point", "coordinates": [ -63.297703092469455, -34.376036521629082 ] } },
{ "type": "Feature", "properties": { "field_1": 7, "field_2": "4-83-7-BA", "field_3": "partido_gral_villegas", "field_4": 4479328.55, "field_5": 6191482.91, "field_6": null, "field_7": null }, "geometry": { "type": "Point", "coordinates": [ -63.224873152384525, -34.421893745592349 ] } },
{ "type": "Feature", "properties": { "field_1": 1, "field_2": "4-84-1-BA", "field_3": "partido_gral_villegas", "field_4": 4477825.28, "field_5": 6184260.06, "field_6": null, "field_7": null }, "geometry": { "type": "Point", "coordinates": [ -63.241413437970763, -34.486973428783898 ] } },
{ "type": "Feature", "properties": { "field_1": 12, "field_2": "4-84-12-BA", "field_3": "partido_gral_villegas", "field_4": 4475936.17, "field_5": 6181050.78, "field_6": null, "field_7": null }, "geometry": { "type": "Point", "coordinates": [ -63.26207013788725, -34.515861060574757 ] } },
{ "type": "Feature", "properties": { "field_1": 14, "field_2": "4-84-14-BA", "field_3": "partido_gral_villegas", "field_4": 4473836.97, "field_5": 6178980.8, "field_6": null, "field_7": null }, "geometry": { "type": "Point", "coordinates": [ -63.284994901475919, -34.534469561341574 ] } },
{ "type": "Feature", "properties": { "field_1": 2, "field_2": "4-84-2-BA", "field_3": "partido_gral_villegas", "field_4": 4475899.05, "field_5": 6180936.33, "field_6": null, "field_7": null }, "geometry": { "type": "Point", "coordinates": [ -63.262477627011911, -34.516891897309655 ] } },
{ "type": "Feature", "properties": { "field_1": 3, "field_2": "4-84-3-BA", "field_3": "partido_gral_villegas", "field_4": 4474769.65, "field_5": 6181369.41, "field_6": null, "field_7": null }, "geometry": { "type": "Point", "coordinates": [ -63.274764631765983, -34.512960871232963 ] } },
{ "type": "Feature", "properties": { "field_1": 4, "field_2": "4-84-4-BA", "field_3": "partido_gral_villegas", "field_4": 4472230.57, "field_5": 6178611.69, "field_6": null, "field_7": null }, "geometry": { "type": "Point", "coordinates": [ -63.302505200016228, -34.53775477842138 ] } },
{ "type": "Feature", "properties": { "field_1": 5, "field_2": "4-84-5-BA", "field_3": "partido_gral_villegas", "field_4": 4471426.87, "field_5": 6178607.55, "field_6": null, "field_7": null }, "geometry": { "type": "Point", "coordinates": [ -63.311260251639141, -34.537770097705035 ] } },
{ "type": "Feature", "properties": { "field_1": 6, "field_2": "4-84-6-BA", "field_3": "partido_gral_villegas", "field_4": 4477730.78, "field_5": 6182263.51, "field_6": null, "field_7": null }, "geometry": { "type": "Point", "coordinates": [ -63.242494332950784, -34.504969295242198 ] } },
{ "type": "Feature", "properties": { "field_1": 7, "field_2": "4-84-7-BA", "field_3": "partido_gral_villegas", "field_4": 4477895.41, "field_5": 6178583.27, "field_6": null, "field_7": null }, "geometry": { "type": "Point", "coordinates": [ -63.240797115234642, -34.538148234469205 ] } },
{ "type": "Feature", "properties": { "field_1": 8, "field_2": "4-84-8-BA", "field_3": "partido_gral_villegas", "field_4": 4481298.52, "field_5": 6178742.46, "field_6": null, "field_7": null }, "geometry": { "type": "Point", "coordinates": [ -63.203722211272847, -34.536780691482619 ] } },
{ "type": "Feature", "properties": { "field_1": 9, "field_2": "4-84-9-BA", "field_3": "partido_gral_villegas", "field_4": 4478114.78, "field_5": 6179625.72, "field_6": null, "field_7": null }, "geometry": { "type": "Point", "coordinates": [ -63.238380652458609, -34.528755810760018 ] } },
{ "type": "Feature", "properties": { "field_1": 1, "field_2": "4-85-1-BA", "field_3": "partido_gral_villegas", "field_4": 4474276.65, "field_5": 6168442.27, "field_6": null, "field_7": null }, "geometry": { "type": "Point", "coordinates": [ -63.280524539868722, -34.629478611084053 ] } },
{ "type": "Feature", "properties": { "field_1": 10, "field_2": "4-85-10-BA", "field_3": "partido_gral_villegas", "field_4": 4478315.93, "field_5": 6168545.6, "field_6": null, "field_7": null }, "geometry": { "type": "Point", "coordinates": [ -63.23647238773593, -34.62864051577386 ] } },
{ "type": "Feature", "properties": { "field_1": 11, "field_2": "4-85-11-BA", "field_3": "partido_gral_villegas", "field_4": 4479161.33, "field_5": 6170793.01, "field_6": null, "field_7": null }, "geometry": { "type": "Point", "coordinates": [ -63.227197924354897, -34.608399144675879 ] } },
{ "type": "Feature", "properties": { "field_1": 12, "field_2": "4-85-12-BA", "field_3": "partido_gral_villegas", "field_4": 4476237.04, "field_5": 6172654.22, "field_6": null, "field_7": null }, "geometry": { "type": "Point", "coordinates": [ -63.259028000457221, -34.591558037246152 ] } },
{ "type": "Feature", "properties": { "field_1": 13, "field_2": "4-85-13-BA", "field_3": "partido_gral_villegas", "field_4": 4477736.9, "field_5": 6171667.03, "field_6": null, "field_7": null }, "geometry": { "type": "Point", "coordinates": [ -63.242704908500528, -34.600490523204897 ] } },
{ "type": "Feature", "properties": { "field_1": 16, "field_2": "4-85-16-BA", "field_3": "partido_gral_villegas", "field_4": 4475041.88, "field_5": 6177288.59, "field_6": null, "field_7": null }, "geometry": { "type": "Point", "coordinates": [ -63.271919585415418, -34.549753763037259 ] } },
{ "type": "Feature", "properties": { "field_1": 18, "field_2": "4-85-18-BA", "field_3": "partido_gral_villegas", "field_4": 4471653.85, "field_5": 6173930.52, "field_6": null, "field_7": null }, "geometry": { "type": "Point", "coordinates": [ -63.308943534502852, -34.579936798256298 ] } },
{ "type": "Feature", "properties": { "field_1": 2, "field_2": "4-85-2-BA", "field_3": "partido_gral_villegas", "field_4": 4474741.19, "field_5": 6170553.51, "field_6": null, "field_7": null }, "geometry": { "type": "Point", "coordinates": [ -63.275395735792451, -34.610458817323178 ] } },
{ "type": "Feature", "properties": { "field_1": 20, "field_2": "4-85-20-BA", "field_3": "partido_gral_villegas", "field_4": 4472690.56, "field_5": 6173276.3, "field_6": null, "field_7": null }, "geometry": { "type": "Point", "coordinates": [ -63.297665699858676, -34.585862231118575 ] } },
{ "type": "Feature", "properties": { "field_1": 21, "field_2": "4-85-21-BA", "field_3": "partido_gral_villegas", "field_4": 4472993.08, "field_5": 6172248.94, "field_6": null, "field_7": null }, "geometry": { "type": "Point", "coordinates": [ -63.294401033639296, -34.595131183988549 ] } },
{ "type": "Feature", "properties": { "field_1": 25, "field_2": "4-85-25-BA", "field_3": "partido_gral_villegas", "field_4": 4475320.21, "field_5": 6171869.24, "field_6": null, "field_7": null }, "geometry": { "type": "Point", "coordinates": [ -63.269044551651888, -34.598612489534545 ] } },
{ "type": "Feature", "properties": { "field_1": 26, "field_2": "4-85-26-BA", "field_3": "partido_gral_villegas", "field_4": 4476237.04, "field_5": 6172654.22, "field_6": null, "field_7": null }, "geometry": { "type": "Point", "coordinates": [ -63.259028000457221, -34.591558037246152 ] } },
{ "type": "Feature", "properties": { "field_1": 28, "field_2": "4-85-28-BA", "field_3": "partido_gral_villegas", "field_4": 4476928.64, "field_5": 6173457.39, "field_6": null, "field_7": null }, "geometry": { "type": "Point", "coordinates": [ -63.251467521137478, -34.584333742543002 ] } },
{ "type": "Feature", "properties": { "field_1": 3, "field_2": "4-85-3-BA", "field_3": "partido_gral_villegas", "field_4": 4476443.87, "field_5": 6169443.49, "field_6": null, "field_7": null }, "geometry": { "type": "Point", "coordinates": [ -63.256862594823026, -34.620505378045372 ] } },
{ "type": "Feature", "properties": { "field_1": 30, "field_2": "4-85-30-BA", "field_3": "partido_gral_villegas", "field_4": 4474313.65, "field_5": 6172821.86, "field_6": null, "field_7": null }, "geometry": { "type": "Point", "coordinates": [ -63.279988480946173, -34.590000572856646 ] } },
{ "type": "Feature", "properties": { "field_1": 4, "field_2": "4-85-4-BA", "field_3": "partido_gral_villegas", "field_4": 4474276.65, "field_5": 6168442.27, "field_6": null, "field_7": null }, "geometry": { "type": "Point", "coordinates": [ -63.280524539868722, -34.629478611084053 ] } },
{ "type": "Feature", "properties": { "field_1": 5, "field_2": "4-85-5-BA", "field_3": "partido_gral_villegas", "field_4": 4479161.33, "field_5": 6170793.01, "field_6": null, "field_7": null }, "geometry": { "type": "Point", "coordinates": [ -63.227197924354897, -34.608399144675879 ] } },
{ "type": "Feature", "properties": { "field_1": 6, "field_2": "4-85-6-BA", "field_3": "partido_gral_villegas", "field_4": 4474741.19, "field_5": 6170553.51, "field_6": null, "field_7": null }, "geometry": { "type": "Point", "coordinates": [ -63.275395735792451, -34.610458817323178 ] } },
{ "type": "Feature", "properties": { "field_1": 7, "field_2": "4-85-7-BA", "field_3": "partido_gral_villegas", "field_4": 4475041.88, "field_5": 6177288.59, "field_6": null, "field_7": null }, "geometry": { "type": "Point", "coordinates": [ -63.271919585415418, -34.549753763037259 ] } },
{ "type": "Feature", "properties": { "field_1": 8, "field_2": "4-85-8-BA", "field_3": "partido_gral_villegas", "field_4": 4471653.85, "field_5": 6173930.52, "field_6": null, "field_7": null }, "geometry": { "type": "Point", "coordinates": [ -63.308943534502852, -34.579936798256298 ] } },
{ "type": "Feature", "properties": { "field_1": 9, "field_2": "4-85-9-BA", "field_3": "partido_gral_villegas", "field_4": 4477914.64, "field_5": 6168490.47, "field_6": null, "field_7": null }, "geometry": { "type": "Point", "coordinates": [ -63.240849966595476, -34.629128912088945 ] } },
{ "type": "Feature", "properties": { "field_1": 1, "field_2": "4-86-1-BA", "field_3": "partido_gral_villegas", "field_4": 4479322.21, "field_5": 6168161.8, "field_6": null, "field_7": null }, "geometry": { "type": "Point", "coordinates": [ -63.225508069037119, -34.632120990023772 ] } },
{ "type": "Feature", "properties": { "field_1": 11, "field_2": "4-86-11-BA", "field_3": "partido_gral_villegas", "field_4": 4473005.33, "field_5": 6162292.44, "field_6": null, "field_7": null }, "geometry": { "type": "Point", "coordinates": [ -63.294584691760292, -34.684881886884718 ] } },
{ "type": "Feature", "properties": { "field_1": 17, "field_2": "4-86-17-BA", "field_3": "partido_gral_villegas", "field_4": 4475265.86, "field_5": 6164268.57, "field_6": null, "field_7": null }, "geometry": { "type": "Point", "coordinates": [ -63.269858820024581, -34.667125747944382 ] } },
{ "type": "Feature", "properties": { "field_1": 2, "field_2": "4-86-2-BA", "field_3": "partido_gral_villegas", "field_4": 4473005.33, "field_5": 6162292.44, "field_6": null, "field_7": null }, "geometry": { "type": "Point", "coordinates": [ -63.294584691760292, -34.684881886884718 ] } },
{ "type": "Feature", "properties": { "field_1": 3, "field_2": "4-86-3-BA", "field_3": "partido_gral_villegas", "field_4": 4475265.86, "field_5": 6164268.57, "field_6": null, "field_7": null }, "geometry": { "type": "Point", "coordinates": [ -63.269858820024581, -34.667125747944382 ] } },
{ "type": "Feature", "properties": { "field_1": 4, "field_2": "4-86-4-BA", "field_3": "partido_gral_villegas", "field_4": 4478456.84, "field_5": 6164213.22, "field_6": null, "field_7": null }, "geometry": { "type": "Point", "coordinates": [ -63.235045929292404, -34.667696777251052 ] } },
{ "type": "Feature", "properties": { "field_1": 1, "field_2": "5-109-1-BSAS", "field_3": "partido_gral_villegas", "field_4": 4490991.18, "field_5": 6151687.05, "field_6": null, "field_7": null }, "geometry": { "type": "Point", "coordinates": [ -63.098425457777068, -34.7807975250645 ] } },
{ "type": "Feature", "properties": { "field_1": 2, "field_2": "5-109-2-BSAS", "field_3": "partido_gral_villegas", "field_4": 4486358.54, "field_5": 6156930.48, "field_6": null, "field_7": null }, "geometry": { "type": "Point", "coordinates": [ -63.148953249533839, -34.733480937805737 ] } },
{ "type": "Feature", "properties": { "field_1": 3, "field_2": "5-109-3-BSAS", "field_3": "partido_gral_villegas", "field_4": 4487461.07, "field_5": 6156647.52, "field_6": null, "field_7": null }, "geometry": { "type": "Point", "coordinates": [ -63.136918927564238, -34.736045722885727 ] } },
{ "type": "Feature", "properties": { "field_1": 4, "field_2": "5-109-4-BSAS", "field_3": "partido_gral_villegas", "field_4": 4488094.75, "field_5": 6155732.71, "field_6": null, "field_7": null }, "geometry": { "type": "Point", "coordinates": [ -63.130012474044818, -34.744299582433065 ] } },
{ "type": "Feature", "properties": { "field_1": 6, "field_2": "5-109-6-BSAS", "field_3": "partido_gral_villegas", "field_4": 4487471.14, "field_5": 6156435.07, "field_6": null, "field_7": null }, "geometry": { "type": "Point", "coordinates": [ -63.136812126142026, -34.737960913216 ] } },
{ "type": "Feature", "properties": { "field_1": 1, "field_2": "5-110-1-BSAS", "field_3": "partido_gral_villegas", "field_4": 4486904.33, "field_5": 6147643.25, "field_6": null, "field_7": null }, "geometry": { "type": "Point", "coordinates": [ -63.143138262554984, -34.817204477074242 ] } },
{ "type": "Feature", "properties": { "field_1": 2, "field_2": "5-110-2-BSAS", "field_3": "partido_gral_villegas", "field_4": 4490041.6, "field_5": 6145143.33, "field_6": null, "field_7": null }, "geometry": { "type": "Point", "coordinates": [ -63.108877408969654, -34.839774446254431 ] } },
{ "type": "Feature", "properties": { "field_1": 3, "field_2": "5-110-3-BSAS", "field_3": "partido_gral_villegas", "field_4": 4482600.89, "field_5": 6145535.49, "field_6": null, "field_7": null }, "geometry": { "type": "Point", "coordinates": [ -63.190218629406722, -34.836139492867396 ] } },
{ "type": "Feature", "properties": { "field_1": 4, "field_2": "5-110-4-BSAS", "field_3": "partido_gral_villegas", "field_4": 4487111.23, "field_5": 6143623.8, "field_6": null, "field_7": null }, "geometry": { "type": "Point", "coordinates": [ -63.14093856823267, -34.853438649659132 ] } },
{ "type": "Feature", "properties": { "field_1": 5, "field_2": "5-110-5-BSAS", "field_3": "partido_gral_villegas", "field_4": 4483682.25, "field_5": 6143546.88, "field_6": null, "field_7": null }, "geometry": { "type": "Point", "coordinates": [ -63.178435327003449, -34.854082777260047 ] } },
{ "type": "Feature", "properties": { "field_1": 6, "field_2": "5-110-6-BSAS", "field_3": "partido_gral_villegas", "field_4": 4486432.59, "field_5": 6142305.51, "field_6": null, "field_7": null }, "geometry": { "type": "Point", "coordinates": [ -63.148380715599124, -34.865312908187576 ] } },
{ "type": "Feature", "properties": { "field_1": 7, "field_2": "5-110-7-BSAS", "field_3": "partido_gral_villegas", "field_4": 4486332.83, "field_5": 6139984.32, "field_6": null, "field_7": null }, "geometry": { "type": "Point", "coordinates": [ -63.149509607399352, -34.886234753186407 ] } },
{ "type": "Feature", "properties": { "field_1": 8, "field_2": "5-110-8-BSAS", "field_3": "partido_gral_villegas", "field_4": 4484972.99, "field_5": 6139672.52, "field_6": null, "field_7": null }, "geometry": { "type": "Point", "coordinates": [ -63.164390713677271, -34.889026103387209 ] } },
{ "type": "Feature", "properties": { "field_1": 9, "field_2": "5-110-9-BSAS", "field_3": "partido_gral_villegas", "field_4": 4483113.15, "field_5": 6141741.48, "field_6": null, "field_7": null }, "geometry": { "type": "Point", "coordinates": [ -63.184694749321672, -34.870347350884714 ] } },
{ "type": "Feature", "properties": { "field_1": 1, "field_2": "5-21-1-CBA", "field_3": "pedania_italo", "field_4": 4443911.82, "field_5": 6156103.29, "field_6": null, "field_7": null }, "geometry": { "type": "Point", "coordinates": [ -63.612470796262571, -34.739488557406098 ] } },
{ "type": "Feature", "properties": { "field_1": 2, "field_2": "5-21-2-CBA", "field_3": "pedania_italo", "field_4": 4444422.79, "field_5": 6154569.17, "field_6": null, "field_7": null }, "geometry": { "type": "Point", "coordinates": [ -63.606992557193045, -34.753344590521166 ] } },
{ "type": "Feature", "properties": { "field_1": 3, "field_2": "5-21-3-CBA", "field_3": "pedania_italo", "field_4": 4450657.03, "field_5": 6158030.6, "field_6": null, "field_7": null }, "geometry": { "type": "Point", "coordinates": [ -63.538705112689783, -34.722464206477568 ] } },
{ "type": "Feature", "properties": { "field_1": 4, "field_2": "5-21-4-CBA", "field_3": "pedania_italo", "field_4": 4449444.61, "field_5": 6156100.26, "field_6": null, "field_7": null }, "geometry": { "type": "Point", "coordinates": [ -63.552056894518451, -34.739804685200802 ] } },
{ "type": "Feature", "properties": { "field_1": 5, "field_2": "5-21-5-CBA", "field_3": "pedania_italo", "field_4": 4441671.96, "field_5": 6151957.53, "field_6": null, "field_7": null }, "geometry": { "type": "Point", "coordinates": [ -63.637215237289411, -34.776731484457621 ] } },
{ "type": "Feature", "properties": { "field_1": 6, "field_2": "5-21-6-CBA", "field_3": "pedania_italo", "field_4": 4443953.94, "field_5": 6151235.94, "field_6": null, "field_7": null }, "geometry": { "type": "Point", "coordinates": [ -63.612334744154055, -34.783363572589458 ] } },
{ "type": "Feature", "properties": { "field_1": 7, "field_2": "5-21-7-CBA", "field_3": "pedania_italo", "field_4": 4443592.92, "field_5": 6150411.33, "field_6": null, "field_7": null }, "geometry": { "type": "Point", "coordinates": [ -63.616334169599028, -34.790776396385652 ] } },
{ "type": "Feature", "properties": { "field_1": 8, "field_2": "5-21-8-CBA", "field_3": "pedania_italo", "field_4": 4450019.46, "field_5": 6152968.03, "field_6": null, "field_7": null }, "geometry": { "type": "Point", "coordinates": [ -63.545965686287971, -34.768066238718568 ] } },
{ "type": "Feature", "properties": { "field_1": 1, "field_2": "5-22-1-CBA", "field_3": "pedania_italo", "field_4": 4442901.54, "field_5": 6147482.05, "field_6": null, "field_7": null }, "geometry": { "type": "Point", "coordinates": [ -63.624087129966014, -34.817141240490194 ] } },
{ "type": "Feature", "properties": { "field_1": 2, "field_2": "5-22-2-CBA", "field_3": "pedania_italo", "field_4": 4446615.72, "field_5": 6140771.64, "field_6": null, "field_7": null }, "geometry": { "type": "Point", "coordinates": [ -63.583920224539625, -34.877827582046869 ] } },
{ "type": "Feature", "properties": { "field_1": 3, "field_2": "5-22-3-CBA", "field_3": "pedania_italo", "field_4": 4450813.39, "field_5": 6138859.61, "field_6": null, "field_7": null }, "geometry": { "type": "Point", "coordinates": [ -63.538120226407344, -34.895273700723124 ] } },
{ "type": "Feature", "properties": { "field_1": 4, "field_2": "5-22-4-CBA", "field_3": "pedania_italo", "field_4": 4448488.37, "field_5": 6145766.9, "field_6": null, "field_7": null }, "geometry": { "type": "Point", "coordinates": [ -63.563131125320055, -34.832898886393146 ] } },
{ "type": "Feature", "properties": { "field_1": 1, "field_2": "5-43-1-CBA", "field_3": "pedania_italo", "field_4": 4454944.9, "field_5": 6151458.35, "field_6": null, "field_7": null }, "geometry": { "type": "Point", "coordinates": [ -63.492245151098039, -34.781903615403372 ] } },
{ "type": "Feature", "properties": { "field_1": 1, "field_2": "5-44-1-CBA", "field_3": "pedania_italo", "field_4": 4460601.55, "field_5": 6147323.63, "field_6": null, "field_7": null }, "geometry": { "type": "Point", "coordinates": [ -63.430639612625278, -34.819407678257797 ] } },
{ "type": "Feature", "properties": { "field_1": 2, "field_2": "5-44-2-CBA", "field_3": "pedania_italo", "field_4": 4456359.92, "field_5": 6140104.07, "field_6": null, "field_7": null }, "geometry": { "type": "Point", "coordinates": [ -63.477376373018394, -34.884310010112848 ] } },
{ "type": "Feature", "properties": { "field_1": 3, "field_2": "5-44-3-CBA", "field_3": "pedania_italo", "field_4": 4456524.75, "field_5": 6140774.38, "field_6": null, "field_7": null }, "geometry": { "type": "Point", "coordinates": [ -63.475538565898702, -34.878275103244171 ] } },
{ "type": "Feature", "properties": { "field_1": 1, "field_2": "5-65-1-BA", "field_3": "partido_gral_villegas", "field_4": 4465431.76, "field_5": 6156828.15, "field_6": null, "field_7": null }, "geometry": { "type": "Point", "coordinates": [ -63.377454567677269, -34.733909618672399 ] } },
{ "type": "Feature", "properties": { "field_1": 2, "field_2": "5-65-2-BA", "field_3": "partido_gral_villegas", "field_4": 4466486.9, "field_5": 6156334.34, "field_6": null, "field_7": null }, "geometry": { "type": "Point", "coordinates": [ -63.365953259817886, -34.738395998693235 ] } },
{ "type": "Feature", "properties": { "field_1": 3, "field_2": "5-65-3-BA", "field_3": "partido_gral_villegas", "field_4": 4467690.16, "field_5": 6149568.53, "field_6": null, "field_7": null }, "geometry": { "type": "Point", "coordinates": [ -63.353073924871921, -34.799421823625742 ] } },
{ "type": "Feature", "properties": { "field_1": 4, "field_2": "5-65-4-BA", "field_3": "partido_gral_villegas", "field_4": 4466455.76, "field_5": 6152202.14, "field_6": null, "field_7": null }, "geometry": { "type": "Point", "coordinates": [ -63.366457819393325, -34.775642673629712 ] } },
{ "type": "Feature", "properties": { "field_1": 1, "field_2": "5-66-1-BSAS", "field_3": "pedania_italo", "field_4": 4464656.37, "field_5": 6143113.6, "field_6": null, "field_7": null }, "geometry": { "type": "Point", "coordinates": [ -63.386497380814163, -34.857505127513463 ] } },
{ "type": "Feature", "properties": { "field_1": 2, "field_2": "5-66-2-BSAS", "field_3": "partido_gral_villegas", "field_4": 4469314.65, "field_5": 6146549.39, "field_6": null, "field_7": null }, "geometry": { "type": "Point", "coordinates": [ -63.335432532281089, -34.826686428476883 ] } },
{ "type": "Feature", "properties": { "field_1": 1, "field_2": "5-87-1-BA", "field_3": "partido_gral_villegas", "field_4": 4472584.7, "field_5": 6157442.82, "field_6": null, "field_7": null }, "geometry": { "type": "Point", "coordinates": [ -63.299332240756065, -34.72858589564872 ] } },
{ "type": "Feature", "properties": { "field_1": 1, "field_2": "5-87-1-BA", "field_3": "partido_gral_villegas", "field_4": 4472584.7, "field_5": 6157442.82, "field_6": null, "field_7": null }, "geometry": { "type": "Point", "coordinates": [ -63.299332240756065, -34.72858589564872 ] } },
{ "type": "Feature", "properties": { "field_1": 2, "field_2": "5-87-2-BA", "field_3": "partido_gral_villegas", "field_4": 4472256.87, "field_5": 6156926.36, "field_6": null, "field_7": null }, "geometry": { "type": "Point", "coordinates": [ -63.302928553045376, -34.733232474307414 ] } },
{ "type": "Feature", "properties": { "field_1": 2, "field_2": "5-87-2-BA", "field_3": "partido_gral_villegas", "field_4": 4472256.87, "field_5": 6156926.36, "field_6": null, "field_7": null }, "geometry": { "type": "Point", "coordinates": [ -63.302928553045376, -34.733232474307414 ] } },
{ "type": "Feature", "properties": { "field_1": 3, "field_2": "5-87-3-BA", "field_3": "partido_gral_villegas", "field_4": 4478212.73, "field_5": 6155887.93, "field_6": null, "field_7": null }, "geometry": { "type": "Point", "coordinates": [ -63.237923995638845, -34.742737400580104 ] } },
{ "type": "Feature", "properties": { "field_1": 3, "field_2": "5-87-3-BA", "field_3": "partido_gral_villegas", "field_4": 4478212.73, "field_5": 6155887.93, "field_6": null, "field_7": null }, "geometry": { "type": "Point", "coordinates": [ -63.237923995638845, -34.742737400580104 ] } },
{ "type": "Feature", "properties": { "field_1": 4, "field_2": "5-87-4-BA", "field_3": "partido_gral_villegas", "field_4": 4479093.65, "field_5": 6154270.76, "field_6": null, "field_7": null }, "geometry": { "type": "Point", "coordinates": [ -63.228344320974479, -34.757333200681487 ] } },
{ "type": "Feature", "properties": { "field_1": 4, "field_2": "5-87-4-BA", "field_3": "partido_gral_villegas", "field_4": 4479093.65, "field_5": 6154270.76, "field_6": null, "field_7": null }, "geometry": { "type": "Point", "coordinates": [ -63.228344320974479, -34.757333200681487 ] } },
{ "type": "Feature", "properties": { "field_1": 5, "field_2": "5-87-5-BSAS", "field_3": "partido_gral_villegas", "field_4": 4479555.63, "field_5": 6148793.37, "field_6": null, "field_7": null }, "geometry": { "type": "Point", "coordinates": [ -63.223431617329432, -34.80671624556264 ] } },
{ "type": "Feature", "properties": { "field_1": 1, "field_2": "5-88-1-BSAS", "field_3": "partido_gral_villegas", "field_4": 4472398.8, "field_5": 6146227.05, "field_6": null, "field_7": null }, "geometry": { "type": "Point", "coordinates": [ -63.301729792779625, -34.829680268481809 ] } },
{ "type": "Feature", "properties": { "field_1": 2, "field_2": "5-88-2-BSAS", "field_3": "partido_gral_villegas", "field_4": 4477116.61, "field_5": 6147201.38, "field_6": null, "field_7": null }, "geometry": { "type": "Point", "coordinates": [ -63.250130028032288, -34.821014626526818 ] } },
{ "type": "Feature", "properties": { "field_1": 3, "field_2": "5-88-3-BSAS", "field_3": "partido_gral_villegas", "field_4": 4471959.94, "field_5": 6143634.64, "field_6": null, "field_7": null }, "geometry": { "type": "Point", "coordinates": [ -63.306613860879409, -34.853036107655413 ] } },
{ "type": "Feature", "properties": { "field_1": 4, "field_2": "5-88-4-BSAS", "field_3": "partido_gral_villegas", "field_4": 4478421.97, "field_5": 6144478.02, "field_6": null, "field_7": null }, "geometry": { "type": "Point", "coordinates": [ -63.235931834898416, -34.845591505868576 ] } },
{ "type": "Feature", "properties": { "field_1": 5, "field_2": "5-88-5-BSAS", "field_3": "partido_gral_villegas", "field_4": 4475297.89, "field_5": 6139855.42, "field_6": null, "field_7": null }, "geometry": { "type": "Point", "coordinates": [ -63.270225893695113, -34.887188262425447 ] } },
{ "type": "Feature", "properties": { "field_1": 6, "field_2": "5-88-6-BSAS", "field_3": "partido_gral_villegas", "field_4": 4478523.06, "field_5": 6138602.71, "field_6": null, "field_7": null }, "geometry": { "type": "Point", "coordinates": [ -63.234977172801351, -34.898553391148404 ] } },
{ "type": "Feature", "properties": { "field_1": 7, "field_2": "5-88-7-BSAS", "field_3": "partido_gral_villegas", "field_4": 4479034.98, "field_5": 6142069.38, "field_6": null, "field_7": null }, "geometry": { "type": "Point", "coordinates": [ -63.229289580480696, -34.867315745238351 ] } },
{ "type": "Feature", "properties": { "field_1": 8, "field_2": "5-88-8-BSAS", "field_3": "partido_gral_villegas", "field_4": 4472369.45, "field_5": 6141654.81, "field_6": null, "field_7": null }, "geometry": { "type": "Point", "coordinates": [ -63.30220127943695, -34.870893332457847 ] } },
{ "type": "Feature", "properties": { "field_1": 9, "field_2": "5-88-9-BSAS", "field_3": "partido_gral_villegas", "field_4": 4471840.23, "field_5": 6140105.03, "field_6": null, "field_7": null }, "geometry": { "type": "Point", "coordinates": [ -63.30804147693086, -34.884848349748694 ] } },
{ "type": "Feature", "properties": { "field_1": 7, "field_2": "6-100-7-CBA", "field_3": "pedania_ascasubi_cordoba", "field_4": 4539173.69, "field_5": 6344435.98, "field_6": null, "field_7": null }, "geometry": { "type": "Point", "coordinates": [ -62.580622707080451, -33.042416114533239 ] } },
{ "type": "Feature", "properties": { "field_1": 1, "field_2": "6-111-1-CBA", "field_3": "pedania_ascasubi_cordoba", "field_4": 4491703.07, "field_5": 6356238.91, "field_6": null, "field_7": null }, "geometry": { "type": "Point", "coordinates": [ -63.088719974045816, -32.936664993997844 ] } },
{ "type": "Feature", "properties": { "field_1": 10, "field_2": "6-111-10-CBA", "field_3": "pedania_ascasubi_cordoba", "field_4": 4495169.31, "field_5": 6349778.81, "field_6": null, "field_7": null }, "geometry": { "type": "Point", "coordinates": [ -63.051689719684802, -32.994935346600641 ] } },
{ "type": "Feature", "properties": { "field_1": 2, "field_2": "6-111-2-CBA", "field_3": "pedania_ascasubi_cordoba", "field_4": 4494590.82, "field_5": 6357027.86, "field_6": null, "field_7": null }, "geometry": { "type": "Point", "coordinates": [ -63.057836919404778, -32.929569247370083 ] } },
{ "type": "Feature", "properties": { "field_1": 3, "field_2": "6-111-3-CBA", "field_3": "pedania_ascasubi_cordoba", "field_4": 4493587.24, "field_5": 6354589.75, "field_6": null, "field_7": null }, "geometry": { "type": "Point", "coordinates": [ -63.068584213111293, -32.951547893424205 ] } },
{ "type": "Feature", "properties": { "field_1": 4, "field_2": "6-111-4-CBA", "field_3": "pedania_ascasubi_cordoba", "field_4": 4495770.1, "field_5": 6355154.26, "field_6": null, "field_7": null }, "geometry": { "type": "Point", "coordinates": [ -63.045236597299542, -32.946468430350585 ] } },
{ "type": "Feature", "properties": { "field_1": 5, "field_2": "6-111-5-CBA", "field_3": "pedania_ascasubi_cordoba", "field_4": 4498172.37, "field_5": 6357523.65, "field_6": null, "field_7": null }, "geometry": { "type": "Point", "coordinates": [ -63.019541813312067, -32.925110625459098 ] } },
{ "type": "Feature", "properties": { "field_1": 6, "field_2": "6-111-6-CBA", "field_3": "pedania_ascasubi_cordoba", "field_4": 4500850.12, "field_5": 6358187.9, "field_6": null, "field_7": null }, "geometry": { "type": "Point", "coordinates": [ -62.990913211063464, -32.91912235818063 ] } },
{ "type": "Feature", "properties": { "field_1": 7, "field_2": "6-111-7-CBA", "field_3": "pedania_ascasubi_cordoba", "field_4": 4498248.84, "field_5": 6349827.63, "field_6": null, "field_7": null }, "geometry": { "type": "Point", "coordinates": [ -63.018738873742706, -32.994504441076813 ] } },
{ "type": "Feature", "properties": { "field_1": 8, "field_2": "6-111-8-CBA", "field_3": "pedania_ascasubi_cordoba", "field_4": 4496586.63, "field_5": 6348953.94, "field_6": null, "field_7": null }, "geometry": { "type": "Point", "coordinates": [ -63.036527562449081, -33.002378367662324 ] } },
{ "type": "Feature", "properties": { "field_1": 9, "field_2": "6-111-9-CBA", "field_3": "pedania_ascasubi_cordoba", "field_4": 4496112.68, "field_5": 6351989.24, "field_6": null, "field_7": null }, "geometry": { "type": "Point", "coordinates": [ -63.041586383335392, -32.975008134473121 ] } },
{ "type": "Feature", "properties": { "field_1": 1, "field_2": "6-112-1-CBA", "field_3": "pedania_ascasubi_cordoba", "field_4": 4491517.17, "field_5": 6343140.2, "field_6": null, "field_7": null }, "geometry": { "type": "Point", "coordinates": [ -63.090828699191434, -33.054771562508051 ] } },
{ "type": "Feature", "properties": { "field_1": 10, "field_2": "6-112-10-CBA", "field_3": "pedania_ascasubi_cordoba", "field_4": 4497703.15, "field_5": 6345596.02, "field_6": null, "field_7": null }, "geometry": { "type": "Point", "coordinates": [ -63.024588276715228, -33.032658798223366 ] } },
{ "type": "Feature", "properties": { "field_1": 2, "field_2": "6-112-2-CBA", "field_3": "pedania_ascasubi_cordoba", "field_4": 4493094.12, "field_5": 6340150.57, "field_6": null, "field_7": null }, "geometry": { "type": "Point", "coordinates": [ -63.07396660381734, -33.081739204329089 ] } },
{ "type": "Feature", "properties": { "field_1": 3, "field_2": "6-112-3-CBA", "field_3": "pedania_ascasubi_cordoba", "field_4": 4494904.47, "field_5": 6341058.6, "field_6": null, "field_7": null }, "geometry": { "type": "Point", "coordinates": [ -63.0545719346255, -33.073561806538329 ] } },
{ "type": "Feature", "properties": { "field_1": 4, "field_2": "6-112-4-CBA", "field_3": "pedania_ascasubi_cordoba", "field_4": 4494052.44, "field_5": 6338486.81, "field_6": null, "field_7": null }, "geometry": { "type": "Point", "coordinates": [ -63.063713410951195, -33.096746388674973 ] } },
{ "type": "Feature", "properties": { "field_1": 5, "field_2": "6-112-5-CBA", "field_3": "pedania_ascasubi_cordoba", "field_4": 4500121.11, "field_5": 6339794.27, "field_6": null, "field_7": null }, "geometry": { "type": "Point", "coordinates": [ -62.998704488479028, -33.084973769062472 ] } },
{ "type": "Feature", "properties": { "field_1": 6, "field_2": "6-112-6-CBA", "field_3": "pedania_ascasubi_cordoba", "field_4": 4497954.98, "field_5": 6343321.64, "field_6": null, "field_7": null }, "geometry": { "type": "Point", "coordinates": [ -63.021897639412877, -33.053166720294548 ] } },
{ "type": "Feature", "properties": { "field_1": 7, "field_2": "6-112-7-CBA", "field_3": "pedania_ascasubi_cordoba", "field_4": 4500181.8, "field_5": 6347020.14, "field_6": null, "field_7": null }, "geometry": { "type": "Point", "coordinates": [ -62.998055881055073, -33.019820296363307 ] } },
{ "type": "Feature", "properties": { "field_1": 8, "field_2": "6-112-8-CBA", "field_3": "pedania_ascasubi_cordoba", "field_4": 4498704.37, "field_5": 6347502.54, "field_6": null, "field_7": null }, "geometry": { "type": "Point", "coordinates": [ -63.013868038207747, -33.015469863246601 ] } },
{ "type": "Feature", "properties": { "field_1": 9, "field_2": "6-112-9-CBA", "field_3": "pedania_ascasubi_cordoba", "field_4": 4496150.15, "field_5": 6339451.3, "field_6": null, "field_7": null }, "geometry": { "type": "Point", "coordinates": [ -63.041238168543806, -33.088059394599114 ] } },
{ "type": "Feature", "properties": { "field_1": 1, "field_2": "6-113-1-CBA", "field_3": "pedania_ascasubi_cordoba", "field_4": 4501156.53, "field_5": 6331580.19, "field_6": null, "field_7": null }, "geometry": { "type": "Point", "coordinates": [ -62.987603889461369, -33.159036182901758 ] } },
{ "type": "Feature", "properties": { "field_1": 2, "field_2": "6-113-2-CBA", "field_3": "pedania_ascasubi_cordoba", "field_4": 4497353.06, "field_5": 6333908.5, "field_6": null, "field_7": null }, "geometry": { "type": "Point", "coordinates": [ -63.028369626325421, -33.138040233320162 ] } },
{ "type": "Feature", "properties": { "field_1": 3, "field_2": "6-113-3-CBA", "field_3": "pedania_ascasubi_cordoba", "field_4": 4493307.77, "field_5": 6328960.39, "field_6": null, "field_7": null }, "geometry": { "type": "Point", "coordinates": [ -63.071760367798561, -33.182637605537678 ] } },
{ "type": "Feature", "properties": { "field_1": 4, "field_2": "6-113-4-CBA", "field_3": "pedania_ascasubi_cordoba", "field_4": 4494706.5, "field_5": 6336190.67, "field_6": null, "field_7": null }, "geometry": { "type": "Point", "coordinates": [ -63.056720261487193, -33.117453174245149 ] } },
{ "type": "Feature", "properties": { "field_1": 5, "field_2": "6-113-5-CBA", "field_3": "pedania_ascasubi_cordoba", "field_4": 4491727.26, "field_5": 6330947.89, "field_6": null, "field_7": null }, "geometry": { "type": "Point", "coordinates": [ -63.08868961589836, -33.164706373408315 ] } },
{ "type": "Feature", "properties": { "field_1": 6, "field_2": "6-113-6-CBA", "field_3": "pedania_ascasubi_cordoba", "field_4": 4491901.0, "field_5": 6336450.81, "field_6": null, "field_7": null }, "geometry": { "type": "Point", "coordinates": [ -63.086778190987893, -33.115090290660973 ] } },
{ "type": "Feature", "properties": { "field_1": 1, "field_2": "6-114-1-CBA", "field_3": "pedania_ascasubi_cordoba", "field_4": 4495098.44, "field_5": 6326249.99, "field_6": null, "field_7": null }, "geometry": { "type": "Point", "coordinates": [ -63.052574181842587, -33.207085471941006 ] } },
{ "type": "Feature", "properties": { "field_1": 10, "field_2": "6-114-10-CBA", "field_3": "pedania_ascasubi_cordoba", "field_4": 4497828.72, "field_5": 6325818.84, "field_6": null, "field_7": null }, "geometry": { "type": "Point", "coordinates": [ -63.023291138976461, -33.210981847436514 ] } },
{ "type": "Feature", "properties": { "field_1": 11, "field_2": "6-114-11-CBA", "field_3": "pedania_ascasubi_cordoba", "field_4": 4496529.97, "field_5": 6326946.08, "field_6": null, "field_7": null }, "geometry": { "type": "Point", "coordinates": [ -63.037217414440853, -33.200814734332162 ] } },
{ "type": "Feature", "properties": { "field_1": 12, "field_2": "6-114-12-CBA", "field_3": "pedania_ascasubi_cordoba", "field_4": 4491276.24, "field_5": 6322604.1, "field_6": null, "field_7": null }, "geometry": { "type": "Point", "coordinates": [ -63.093604794966417, -33.239934329981978 ] } },
{ "type": "Feature", "properties": { "field_1": 13, "field_2": "6-114-13-CBA", "field_3": "pedania_ascasubi_cordoba", "field_4": 4492066.34, "field_5": 6321167.41, "field_6": null, "field_7": null }, "geometry": { "type": "Point", "coordinates": [ -63.085139845014318, -33.252894197350756 ] } },
{ "type": "Feature", "properties": { "field_1": 2, "field_2": "6-114-2-CBA", "field_3": "pedania_ascasubi_cordoba", "field_4": 4495445.19, "field_5": 6323613.93, "field_6": null, "field_7": null }, "geometry": { "type": "Point", "coordinates": [ -63.048868268868738, -33.230854890798732 ] } },
{ "type": "Feature", "properties": { "field_1": 3, "field_2": "6-114-3-CBA", "field_3": "pedania_ascasubi_cordoba", "field_4": 4493167.19, "field_5": 6321000.0, "field_6": null, "field_7": null }, "geometry": { "type": "Point", "coordinates": [ -63.073327607621849, -33.254411158607525 ] } },
{ "type": "Feature", "properties": { "field_1": 4, "field_2": "6-114-4-CBA", "field_3": "pedania_ascasubi_cordoba", "field_4": 4497955.35, "field_5": 6323454.34, "field_6": null, "field_7": null }, "geometry": { "type": "Point", "coordinates": [ -63.021938207953994, -33.232301487387794 ] } },
{ "type": "Feature", "properties": { "field_1": 5, "field_2": "6-114-5-CBA", "field_3": "pedania_ascasubi_cordoba", "field_4": 4500880.18, "field_5": 6326021.92, "field_6": null, "field_7": null }, "geometry": { "type": "Point", "coordinates": [ -62.990560937786306, -33.209152605132175 ] } },
{ "type": "Feature", "properties": { "field_1": 6, "field_2": "6-114-6-CBA", "field_3": "pedania_ascasubi_cordoba", "field_4": 4500718.7, "field_5": 6322858.62, "field_6": null, "field_7": null }, "geometry": { "type": "Point", "coordinates": [ -62.992290457971841, -33.237674450588855 ] } },
{ "type": "Feature", "properties": { "field_1": 7, "field_2": "6-114-7-CBA", "field_3": "pedania_ascasubi_cordoba", "field_4": 4499728.63, "field_5": 6319925.47, "field_6": null, "field_7": null }, "geometry": { "type": "Point", "coordinates": [ -63.002914194293453, -33.264121129460683 ] } },
{ "type": "Feature", "properties": { "field_1": 8, "field_2": "6-114-8-CBA", "field_3": "pedania_ascasubi_cordoba", "field_4": 4496774.36, "field_5": 6319372.11, "field_6": null, "field_7": null }, "geometry": { "type": "Point", "coordinates": [ -63.034623258777479, -33.269105649152309 ] } },
{ "type": "Feature", "properties": { "field_1": 9, "field_2": "6-114-9-CBA", "field_3": "pedania_ascasubi_cordoba", "field_4": 4499699.9, "field_5": 6324311.58, "field_6": null, "field_7": null }, "geometry": { "type": "Point", "coordinates": [ -63.00322109204636, -33.224574127413959 ] } },
{ "type": "Feature", "properties": { "field_1": 1, "field_2": "6-115-1-CBA", "field_3": "pedalnia_loboy_cordoba", "field_4": 4495767.22, "field_5": 6311249.04, "field_6": null, "field_7": null }, "geometry": { "type": "Point", "coordinates": [ -63.045471129425984, -33.342342403876785 ] } },
{ "type": "Feature", "properties": { "field_1": 2, "field_2": "6-115-2-CBA", "field_3": "pedalnia_loboy_cordoba", "field_4": 4496087.3, "field_5": 6315988.91, "field_6": null, "field_7": null }, "geometry": { "type": "Point", "coordinates": [ -63.042012251827558, -33.29960751234276 ] } },
{ "type": "Feature", "properties": { "field_1": 3, "field_2": "6-115-3-CBA", "field_3": "pedalnia_loboy_cordoba", "field_4": 4497428.41, "field_5": 6313212.78, "field_6": null, "field_7": null }, "geometry": { "type": "Point", "coordinates": [ -63.027620677386572, -33.324642013976856 ] } },
{ "type": "Feature", "properties": { "field_1": 4, "field_2": "6-115-4-CBA", "field_3": "pedalnia_loboy_cordoba", "field_4": 4493389.91, "field_5": 6311226.57, "field_6": null, "field_7": null }, "geometry": { "type": "Point", "coordinates": [ -63.07100886381555, -33.342533024013512 ] } },
{ "type": "Feature", "properties": { "field_1": 5, "field_2": "6-115-5-CBA", "field_3": "pedalnia_loboy_cordoba", "field_4": 4499922.73, "field_5": 6310571.03, "field_6": null, "field_7": null }, "geometry": { "type": "Point", "coordinates": [ -63.000831790385668, -33.348463846039884 ] } },
{ "type": "Feature", "properties": { "field_1": 6, "field_2": "6-115-6-CBA", "field_3": "pedania_ascasubi_cordoba", "field_4": 4499388.49, "field_5": 6317986.37, "field_6": null, "field_7": null }, "geometry": { "type": "Point", "coordinates": [ -63.006566100883816, -33.281604643101147 ] } },
{ "type": "Feature", "properties": { "field_1": 1, "field_2": "6-133-1-CBA", "field_3": "pedania_ascasubi_cordoba", "field_4": 4501594.6, "field_5": 6353151.91, "field_6": null, "field_7": null }, "geometry": { "type": "Point", "coordinates": [ -62.982945410970444, -32.964530314383687 ] } },
{ "type": "Feature", "properties": { "field_1": 10, "field_2": "6-133-10-CBA", "field_3": "pedania_ascasubi_cordoba", "field_4": 4505297.57, "field_5": 6355704.8, "field_6": null, "field_7": null }, "geometry": { "type": "Point", "coordinates": [ -62.943352162131994, -32.94149964141134 ] } },
{ "type": "Feature", "properties": { "field_1": 11, "field_2": "6-133-11-CBA", "field_3": "pedania_ascasubi_cordoba", "field_4": 4501511.07, "field_5": 6349951.33, "field_6": null, "field_7": null }, "geometry": { "type": "Point", "coordinates": [ -62.983833611957301, -32.993389425078682 ] } },
{ "type": "Feature", "properties": { "field_1": 12, "field_2": "6-133-12-CBA", "field_3": "pedania_ascasubi_cordoba", "field_4": 4506046.37, "field_5": 6353572.93, "field_6": null, "field_7": null }, "geometry": { "type": "Point", "coordinates": [ -62.935330885444642, -32.960718476044754 ] } },
{ "type": "Feature", "properties": { "field_1": 2, "field_2": "6-133-2-CBA", "field_3": "pedania_ascasubi_cordoba", "field_4": 4507021.44, "field_5": 6351524.26, "field_6": null, "field_7": null }, "geometry": { "type": "Point", "coordinates": [ -62.924886102153778, -32.979185102241914 ] } },
{ "type": "Feature", "properties": { "field_1": 3, "field_2": "6-133-3-CBA", "field_3": "pedania_ascasubi_cordoba", "field_4": 4508467.72, "field_5": 6354879.56, "field_6": null, "field_7": null }, "geometry": { "type": "Point", "coordinates": [ -62.909444639938592, -32.948920730746089 ] } },
{ "type": "Feature", "properties": { "field_1": 4, "field_2": "6-133-4-CBA", "field_3": "pedania_ascasubi_cordoba", "field_4": 4509608.41, "field_5": 6348975.33, "field_6": null, "field_7": null }, "geometry": { "type": "Point", "coordinates": [ -62.897184010343587, -33.002148504224515 ] } },
{ "type": "Feature", "properties": { "field_1": 5, "field_2": "6-133-5-CBA", "field_3": "pedania_ascasubi_cordoba", "field_4": 4509887.56, "field_5": 6356808.42, "field_6": null, "field_7": null }, "geometry": { "type": "Point", "coordinates": [ -62.894281045675768, -32.931516577716167 ] } },
{ "type": "Feature", "properties": { "field_1": 6, "field_2": "6-133-6-CBA", "field_3": "pedania_ascasubi_cordoba", "field_4": 4511253.47, "field_5": 6354030.37, "field_6": null, "field_7": null }, "geometry": { "type": "Point", "coordinates": [ -62.879642437889331, -32.956552579100823 ] } },
{ "type": "Feature", "properties": { "field_1": 7, "field_2": "6-133-7-CBA", "field_3": "pedania_ascasubi_cordoba", "field_4": 4511120.55, "field_5": 6350433.76, "field_6": null, "field_7": null }, "geometry": { "type": "Point", "coordinates": [ -62.881020580829166, -32.988983819456891 ] } },
{ "type": "Feature", "properties": { "field_1": 8, "field_2": "6-133-8-CBA", "field_3": "pedania_ascasubi_cordoba", "field_4": 4505944.93, "field_5": 6349428.96, "field_6": null, "field_7": null }, "geometry": { "type": "Point", "coordinates": [ -62.936389081255918, -32.998084360251141 ] } },
{ "type": "Feature", "properties": { "field_1": 9, "field_2": "6-133-9-CBA", "field_3": "pedania_ascasubi_cordoba", "field_4": 4504658.47, "field_5": 6354193.06, "field_6": null, "field_7": null }, "geometry": { "type": "Point", "coordinates": [ -62.950178723836011, -32.95513367332083 ] } },
{ "type": "Feature", "properties": { "field_1": 10, "field_2": "6-134-10-CBA", "field_3": "pedania_ascasubi_cordoba", "field_4": 4504215.34, "field_5": 6340445.95, "field_6": null, "field_7": null }, "geometry": { "type": "Point", "coordinates": [ -62.954854932312607, -33.079089631696505 ] } },
{ "type": "Feature", "properties": { "field_1": 6, "field_2": "6-134-6-CBA", "field_3": "pedania_ascasubi_cordoba", "field_4": 4502827.97, "field_5": 6347909.72, "field_6": null, "field_7": null }, "geometry": { "type": "Point", "coordinates": [ -62.969736835679335, -33.011795524383068 ] } },
{ "type": "Feature", "properties": { "field_1": 7, "field_2": "6-134-7-CBA", "field_3": "pedania_ascasubi_cordoba", "field_4": 4503848.26, "field_5": 6347096.77, "field_6": null, "field_7": null }, "geometry": { "type": "Point", "coordinates": [ -62.95881432132542, -33.019122563025242 ] } },
{ "type": "Feature", "properties": { "field_1": 8, "field_2": "6-134-8-CBA", "field_3": "pedania_ascasubi_cordoba", "field_4": 4503770.51, "field_5": 6343948.6, "field_6": null, "field_7": null }, "geometry": { "type": "Point", "coordinates": [ -62.959633527249267, -33.047509002746004 ] } },
{ "type": "Feature", "properties": { "field_1": 9, "field_2": "6-134-9-CBA", "field_3": "pedania_ascasubi_cordoba", "field_4": 4507364.45, "field_5": 6340951.62, "field_6": null, "field_7": null }, "geometry": { "type": "Point", "coordinates": [ -62.921131716799721, -33.074513409503126 ] } },
{ "type": "Feature", "properties": { "field_1": 1, "field_2": "6-135-1-CBA", "field_3": "pedania_ascasubi_cordoba", "field_4": 4506058.04, "field_5": 6337923.1, "field_6": null, "field_7": null }, "geometry": { "type": "Point", "coordinates": [ -62.935102717909245, -33.101828539382296 ] } },
{ "type": "Feature", "properties": { "field_1": 2, "field_2": "6-135-2-CBA", "field_3": "pedania_ascasubi_cordoba", "field_4": 4509547.47, "field_5": 6337505.4, "field_6": null, "field_7": null }, "geometry": { "type": "Point", "coordinates": [ -62.897716608409851, -33.105569708004865 ] } },
{ "type": "Feature", "properties": { "field_1": 3, "field_2": "6-135-3-CBA", "field_3": "pedania_ascasubi_cordoba", "field_4": 4504957.44, "field_5": 6333222.51, "field_6": null, "field_7": null }, "geometry": { "type": "Point", "coordinates": [ -62.946867773811007, -33.144217406530359 ] } },
{ "type": "Feature", "properties": { "field_1": 4, "field_2": "6-135-4-CBA", "field_3": "pedania_ascasubi_cordoba", "field_4": 4503503.57, "field_5": 6328533.18, "field_6": null, "field_7": null }, "geometry": { "type": "Point", "coordinates": [ -62.962432338893457, -33.186504558985654 ] } },
{ "type": "Feature", "properties": { "field_1": 5, "field_2": "6-135-5-CBA", "field_3": "pedania_ascasubi_cordoba", "field_4": 4505490.97, "field_5": 6330585.43, "field_6": null, "field_7": null }, "geometry": { "type": "Point", "coordinates": [ -62.941133513041912, -33.167992172865254 ] } },
{ "type": "Feature", "properties": { "field_1": 6, "field_2": "6-135-6-CBA", "field_3": "pedania_ascasubi_cordoba", "field_4": 4507224.33, "field_5": 6332473.09, "field_6": null, "field_7": null }, "geometry": { "type": "Point", "coordinates": [ -62.922565299163516, -33.150961855726798 ] } },
{ "type": "Feature", "properties": { "field_1": 7, "field_2": "6-135-7-CBA", "field_3": "pedania_ascasubi_cordoba", "field_4": 4510431.51, "field_5": 6329960.34, "field_6": null, "field_7": null }, "geometry": { "type": "Point", "coordinates": [ -62.888159365550209, -33.173591996366802 ] } },
{ "type": "Feature", "properties": { "field_1": 1, "field_2": "6-136-1-CBA", "field_3": "pedania_ascasubi_cordoba", "field_4": 4502290.85, "field_5": 6325259.42, "field_6": null, "field_7": null }, "geometry": { "type": "Point", "coordinates": [ -62.975428283385781, -33.21602558973963 ] } },
{ "type": "Feature", "properties": { "field_1": 2, "field_2": "6-136-2-CBA", "field_3": "pedania_ascasubi_cordoba", "field_4": 4504455.81, "field_5": 6325029.43, "field_6": null, "field_7": null }, "geometry": { "type": "Point", "coordinates": [ -62.95220415784825, -33.218092530858797 ] } },
{ "type": "Feature", "properties": { "field_1": 3, "field_2": "6-136-3-CBA", "field_3": "pedania_ascasubi_cordoba", "field_4": 4502474.29, "field_5": 6322027.56, "field_6": null, "field_7": null }, "geometry": { "type": "Point", "coordinates": [ -62.973451764118501, -33.245165042784095 ] } },
{ "type": "Feature", "properties": { "field_1": 4, "field_2": "6-136-4-CBA", "field_3": "pedania_ascasubi_cordoba", "field_4": 4506872.44, "field_5": 6322575.47, "field_6": null, "field_7": null }, "geometry": { "type": "Point", "coordinates": [ -62.926262393283572, -33.240205834006424 ] } },
{ "type": "Feature", "properties": { "field_1": 5, "field_2": "6-136-5-CBA", "field_3": "pedania_ascasubi_cordoba", "field_4": 4506388.0, "field_5": 6321223.72, "field_6": null, "field_7": null }, "geometry": { "type": "Point", "coordinates": [ -62.931450777095336, -33.252396735140195 ] } },
{ "type": "Feature", "properties": { "field_1": 6, "field_2": "6-136-6-CBA", "field_3": "pedania_ascasubi_cordoba", "field_4": 4505122.8, "field_5": 6323252.66, "field_6": null, "field_7": null }, "geometry": { "type": "Point", "coordinates": [ -62.945039333909492, -33.2341097148336 ] } },
{ "type": "Feature", "properties": { "field_1": 7, "field_2": "6-136-7-CBA", "field_3": "pedania_ascasubi_cordoba", "field_4": 4503417.39, "field_5": 6319403.64, "field_6": null, "field_7": null }, "geometry": { "type": "Point", "coordinates": [ -62.963322120008584, -33.268820773561863 ] } },
{ "type": "Feature", "properties": { "field_1": 8, "field_2": "6-136-8-CBA", "field_3": "pedania_ascasubi_cordoba", "field_4": 4510990.87, "field_5": 6324777.82, "field_6": null, "field_7": null }, "geometry": { "type": "Point", "coordinates": [ -62.882099548518397, -33.220314481152393 ] } },
{ "type": "Feature", "properties": { "field_1": 9, "field_2": "6-136-9-CBA", "field_3": "pedania_ascasubi_cordoba", "field_4": 4509657.92, "field_5": 6327679.47, "field_6": null, "field_7": null }, "geometry": { "type": "Point", "coordinates": [ -62.896429268831049, -33.19416461041159 ] } },
{ "type": "Feature", "properties": { "field_1": 1, "field_2": "6-137-1-CBA", "field_3": "pedania_ascasubi_cordoba", "field_4": 4508520.49, "field_5": 6317915.72, "field_6": null, "field_7": null }, "geometry": { "type": "Point", "coordinates": [ -62.908535538371908, -33.282208173429261 ] } },
{ "type": "Feature", "properties": { "field_1": 10, "field_2": "6-137-10-CBA", "field_3": "pedalnia_loboy_cordoba", "field_4": 4503320.92, "field_5": 6315653.68, "field_6": null, "field_7": null }, "geometry": { "type": "Point", "coordinates": [ -62.964343805895929, -33.30263204391872 ] } },
{ "type": "Feature", "properties": { "field_1": 11, "field_2": "6-137-11-CBA", "field_3": "pedalnia_loboy_cordoba", "field_4": 4505304.14, "field_5": 6314918.78, "field_6": null, "field_7": null }, "geometry": { "type": "Point", "coordinates": [ -62.943044982533422, -33.309250204995585 ] } },
{ "type": "Feature", "properties": { "field_1": 12, "field_2": "6-137-12-CBA", "field_3": "pedalnia_loboy_cordoba", "field_4": 4506982.0, "field_5": 6314259.68, "field_6": null, "field_7": null }, "geometry": { "type": "Point", "coordinates": [ -62.925022780677139, -33.315183290488349 ] } },
{ "type": "Feature", "properties": { "field_1": 2, "field_2": "6-137-2-CBA", "field_3": "pedania_ascasubi_cordoba", "field_4": 4509900.52, "field_5": 6317043.97, "field_6": null, "field_7": null }, "geometry": { "type": "Point", "coordinates": [ -62.893711622994047, -33.290056385093315 ] } },
{ "type": "Feature", "properties": { "field_1": 3, "field_2": "6-137-3-CBA", "field_3": "pedania_ascasubi_cordoba", "field_4": 4504469.38, "field_5": 6316956.36, "field_6": null, "field_7": null }, "geometry": { "type": "Point", "coordinates": [ -62.952018824674887, -33.290882491795394 ] } },
{ "type": "Feature", "properties": { "field_1": 4, "field_2": "6-137-4-CBA", "field_3": "pedania_ascasubi_cordoba", "field_4": 4505527.79, "field_5": 6316635.15, "field_6": null, "field_7": null }, "geometry": { "type": "Point", "coordinates": [ -62.940653875784079, -33.293773725084733 ] } },
{ "type": "Feature", "properties": { "field_1": 5, "field_2": "6-137-5-CBA", "field_3": "pedalnia_loboy_cordoba", "field_4": 4503545.3, "field_5": 6315101.61, "field_6": null, "field_7": null }, "geometry": { "type": "Point", "coordinates": [ -62.961932397577215, -33.307608972505648 ] } },
{ "type": "Feature", "properties": { "field_1": 6, "field_2": "6-137-6-CBA", "field_3": "pedalnia_loboy_cordoba", "field_4": 4507147.8, "field_5": 6313442.32, "field_6": null, "field_7": null }, "geometry": { "type": "Point", "coordinates": [ -62.923235815046233, -33.322551766337511 ] } },
{ "type": "Feature", "properties": { "field_1": 7, "field_2": "6-137-7-CBA", "field_3": "pedalnia_loboy_cordoba", "field_4": 4505398.21, "field_5": 6311222.71, "field_6": null, "field_7": null }, "geometry": { "type": "Point", "coordinates": [ -62.942012776081008, -33.342574589251477 ] } },
{ "type": "Feature", "properties": { "field_1": 8, "field_2": "6-137-8-CBA", "field_3": "pedalnia_loboy_cordoba", "field_4": 4508273.21, "field_5": 6311312.25, "field_6": null, "field_7": null }, "geometry": { "type": "Point", "coordinates": [ -62.911129662869364, -33.341749013385588 ] } },
{ "type": "Feature", "properties": { "field_1": 9, "field_2": "6-137-9-CBA", "field_3": "pedalnia_loboy_cordoba", "field_4": 4509952.23, "field_5": 6311356.46, "field_6": null, "field_7": null }, "geometry": { "type": "Point", "coordinates": [ -62.893093899315851, -33.341336189014029 ] } },
{ "type": "Feature", "properties": { "field_1": 1, "field_2": "6-155-1-CBA", "field_3": "pedania_ascasubi_cordoba", "field_4": 4512011.79, "field_5": 6358162.3, "field_6": null, "field_7": null }, "geometry": { "type": "Point", "coordinates": [ -62.871585849370199, -32.919287560176258 ] } },
{ "type": "Feature", "properties": { "field_1": 10, "field_2": "6-155-10-CBA", "field_3": "pedania_ascasubi_cordoba", "field_4": 4518541.59, "field_5": 6349289.46, "field_6": null, "field_7": null }, "geometry": { "type": "Point", "coordinates": [ -62.801598563437217, -32.999200757651884 ] } },
{ "type": "Feature", "properties": { "field_1": 11, "field_2": "6-155-11-CBA", "field_3": "pedania_ascasubi_cordoba", "field_4": 4517506.88, "field_5": 6348618.31, "field_6": null, "field_7": null }, "geometry": { "type": "Point", "coordinates": [ -62.812657569580253, -33.00526943271668 ] } },
{ "type": "Feature", "properties": { "field_1": 2, "field_2": "6-155-2-CBA", "field_3": "pedania_ascasubi_cordoba", "field_4": 4512587.37, "field_5": 6356459.66, "field_6": null, "field_7": null }, "geometry": { "type": "Point", "coordinates": [ -62.865409202083995, -32.934633538867814 ] } },
{ "type": "Feature", "properties": { "field_1": 3, "field_2": "6-155-3-CBA", "field_3": "pedania_ascasubi_cordoba", "field_4": 4519027.19, "field_5": 6355187.46, "field_6": null, "field_7": null }, "geometry": { "type": "Point", "coordinates": [ -62.796524438131769, -32.946011581946578 ] } },
{ "type": "Feature", "properties": { "field_1": 4, "field_2": "6-155-4-CBA", "field_3": "pedania_ascasubi_cordoba", "field_4": 4517014.38, "field_5": 6353547.2, "field_6": null, "field_7": null }, "geometry": { "type": "Point", "coordinates": [ -62.818019072424782, -32.9608346645756 ] } },
{ "type": "Feature", "properties": { "field_1": 5, "field_2": "6-155-5-CBA", "field_3": "pedania_ascasubi_cordoba", "field_4": 4520128.76, "field_5": 6351575.85, "field_6": null, "field_7": null }, "geometry": { "type": "Point", "coordinates": [ -62.784665314630445, -32.978556868130283 ] } },
{ "type": "Feature", "properties": { "field_1": 6, "field_2": "6-155-6-CBA", "field_3": "pedania_ascasubi_cordoba", "field_4": 4512714.58, "field_5": 6350961.89, "field_6": null, "field_7": null }, "geometry": { "type": "Point", "coordinates": [ -62.863973062835413, -32.984204380004016 ] } },
{ "type": "Feature", "properties": { "field_1": 7, "field_2": "6-155-7-CBA", "field_3": "pedania_ascasubi_cordoba", "field_4": 4514159.56, "field_5": 6354307.86, "field_6": null, "field_7": null }, "geometry": { "type": "Point", "coordinates": [ -62.848565285481179, -32.954016695481414 ] } },
{ "type": "Feature", "properties": { "field_1": 8, "field_2": "6-155-8-CBA", "field_3": "pedania_ascasubi_cordoba", "field_4": 4511694.2, "field_5": 6353021.56, "field_6": null, "field_7": null }, "geometry": { "type": "Point", "coordinates": [ -62.874915892433826, -32.96564419225556 ] } },
{ "type": "Feature", "properties": { "field_1": 9, "field_2": "6-155-9-CBA", "field_3": "pedania_ascasubi_cordoba", "field_4": 4516781.96, "field_5": 6349978.4, "field_6": null, "field_7": null }, "geometry": { "type": "Point", "coordinates": [ -62.820439870130251, -32.993017272806348 ] } },
{ "type": "Feature", "properties": { "field_1": 1, "field_2": "6-156-1-CBA", "field_3": "pedania_ascasubi_cordoba", "field_4": 4513022.61, "field_5": 6346792.53, "field_6": null, "field_7": null }, "geometry": { "type": "Point", "coordinates": [ -62.860618466669195, -33.021794779755517 ] } },
{ "type": "Feature", "properties": { "field_1": 10, "field_2": "6-156-10-CBA", "field_3": "pedania_ascasubi_cordoba", "field_4": 4518516.2, "field_5": 6340533.72, "field_6": null, "field_7": null }, "geometry": { "type": "Point", "coordinates": [ -62.801693451911049, -33.078148724118549 ] } },
{ "type": "Feature", "properties": { "field_1": 11, "field_2": "6-156-11-CBA", "field_3": "pedania_ascasubi_cordoba", "field_4": 4511842.99, "field_5": 6344088.14, "field_6": null, "field_7": null }, "geometry": { "type": "Point", "coordinates": [ -62.873209193680971, -33.046192913018302 ] } },
{ "type": "Feature", "properties": { "field_1": 12, "field_2": "6-156-12-CBA", "field_3": "pedania_ascasubi_cordoba", "field_4": 4519911.14, "field_5": 6338828.08, "field_6": null, "field_7": null }, "geometry": { "type": "Point", "coordinates": [ -62.786716631173306, -33.093503115692087 ] } },
{ "type": "Feature", "properties": { "field_1": 2, "field_2": "6-156-2-CBA", "field_3": "pedania_ascasubi_cordoba", "field_4": 4516277.98, "field_5": 6347161.02, "field_6": null, "field_7": null }, "geometry": { "type": "Point", "coordinates": [ -62.825782349025822, -33.018428439337612 ] } },
{ "type": "Feature", "properties": { "field_1": 3, "field_2": "6-156-3-CBA", "field_3": "pedania_ascasubi_cordoba", "field_4": 4519265.55, "field_5": 6346213.66, "field_6": null, "field_7": null }, "geometry": { "type": "Point", "coordinates": [ -62.793787380320524, -33.026921751284107 ] } },
{ "type": "Feature", "properties": { "field_1": 4, "field_2": "6-156-4-CBA", "field_3": "pedania_ascasubi_cordoba", "field_4": 4518015.76, "field_5": 6344389.83, "field_6": null, "field_7": null }, "geometry": { "type": "Point", "coordinates": [ -62.807128970260628, -33.043388010261459 ] } },
{ "type": "Feature", "properties": { "field_1": 5, "field_2": "6-156-5-CBA", "field_3": "pedania_ascasubi_cordoba", "field_4": 4517366.25, "field_5": 6342507.72, "field_6": null, "field_7": null }, "geometry": { "type": "Point", "coordinates": [ -62.814046780736206, -33.060368889239413 ] } },
{ "type": "Feature", "properties": { "field_1": 6, "field_2": "6-156-6-CBA", "field_3": "pedania_ascasubi_cordoba", "field_4": 4515013.04, "field_5": 6342683.84, "field_6": null, "field_7": null }, "geometry": { "type": "Point", "coordinates": [ -62.839247352664557, -33.05881589832272 ] } },
{ "type": "Feature", "properties": { "field_1": 7, "field_2": "6-156-7-CBA", "field_3": "pedania_ascasubi_cordoba", "field_4": 4511526.66, "field_5": 6340774.03, "field_6": null, "field_7": null }, "geometry": { "type": "Point", "coordinates": [ -62.876554150305665, -33.076078515803061 ] } },
{ "type": "Feature", "properties": { "field_1": 8, "field_2": "6-156-8-CBA", "field_3": "pedania_ascasubi_cordoba", "field_4": 4513797.44, "field_5": 6339680.53, "field_6": null, "field_7": null }, "geometry": { "type": "Point", "coordinates": [ -62.852218265267801, -33.085911746745381 ] } },
{ "type": "Feature", "properties": { "field_1": 9, "field_2": "6-156-9-CBA", "field_3": "pedania_ascasubi_cordoba", "field_4": 4516485.5, "field_5": 6340147.03, "field_6": null, "field_7": null }, "geometry": { "type": "Point", "coordinates": [ -62.823435157487182, -33.081668049074828 ] } },
{ "type": "Feature", "properties": { "field_1": 1, "field_2": "6-157-1-CBA", "field_3": "pedania_ascasubi_cordoba", "field_4": 4512186.62, "field_5": 6333069.56, "field_6": null, "field_7": null }, "geometry": { "type": "Point", "coordinates": [ -62.869383412684897, -33.145539340157299 ] } },
{ "type": "Feature", "properties": { "field_1": 2, "field_2": "6-157-2-CBA", "field_3": "pedania_ascasubi_cordoba", "field_4": 4518288.04, "field_5": 6329263.75, "field_6": null, "field_7": null }, "geometry": { "type": "Point", "coordinates": [ -62.803911267368782, -33.1797686195792 ] } },
{ "type": "Feature", "properties": { "field_1": 3, "field_2": "6-157-3-CBA", "field_3": "pedania_ascasubi_cordoba", "field_4": 4517832.14, "field_5": 6331971.17, "field_6": null, "field_7": null }, "geometry": { "type": "Point", "coordinates": [ -62.808852538411038, -33.15536483104394 ] } },
{ "type": "Feature", "properties": { "field_1": 4, "field_2": "6-157-4-CBA", "field_3": "pedania_ascasubi_cordoba", "field_4": 4519636.42, "field_5": 6335208.55, "field_6": null, "field_7": null }, "geometry": { "type": "Point", "coordinates": [ -62.789581592440619, -33.126143791039716 ] } },
{ "type": "Feature", "properties": { "field_1": 5, "field_2": "6-157-5-CBA", "field_3": "pedania_ascasubi_cordoba", "field_4": 4518156.82, "field_5": 6337880.1, "field_6": null, "field_7": null }, "geometry": { "type": "Point", "coordinates": [ -62.805489711737351, -33.102081384211893 ] } },
{ "type": "Feature", "properties": { "field_1": 6, "field_2": "6-157-6-CBA", "field_3": "pedania_ascasubi_cordoba", "field_4": 4513925.44, "field_5": 6337760.18, "field_6": null, "field_7": null }, "geometry": { "type": "Point", "coordinates": [ -62.850818027973489, -33.103225147843503 ] } },
{ "type": "Feature", "properties": { "field_1": 7, "field_2": "6-157-7-CBA", "field_3": "pedania_ascasubi_cordoba", "field_4": 4511962.73, "field_5": 6337712.04, "field_6": null, "field_7": null }, "geometry": { "type": "Point", "coordinates": [ -62.871843918544236, -33.10368259884482 ] } },
{ "type": "Feature", "properties": { "field_1": 1, "field_2": "6-158-1-CBA", "field_3": "pedania_ascasubi_cordoba", "field_4": 4514726.72, "field_5": 6327925.37, "field_6": null, "field_7": null }, "geometry": { "type": "Point", "coordinates": [ -62.842075126059243, -33.191890364928277 ] } },
{ "type": "Feature", "properties": { "field_1": 10, "field_2": "6-158-10-CBA", "field_3": "pedania_ascasubi_cordoba", "field_4": 4514508.56, "field_5": 6318529.42, "field_6": null, "field_7": null }, "geometry": { "type": "Point", "coordinates": [ -62.844264523442625, -33.276610933498304 ] } },
{ "type": "Feature", "properties": { "field_1": 11, "field_2": "6-158-11-CBA", "field_3": "pedania_ascasubi_cordoba", "field_4": 4511449.74, "field_5": 6318691.75, "field_6": null, "field_7": null }, "geometry": { "type": "Point", "coordinates": [ -62.877100352836059, -33.27518410471604 ] } },
{ "type": "Feature", "properties": { "field_1": 12, "field_2": "6-158-12-CBA", "field_3": "pedania_ascasubi_cordoba", "field_4": 4512293.93, "field_5": 6322413.44, "field_6": null, "field_7": null }, "geometry": { "type": "Point", "coordinates": [ -62.868089290198483, -33.241618674760545 ] } },
{ "type": "Feature", "properties": { "field_1": 13, "field_2": "6-158-13-CBA", "field_3": "pedania_ascasubi_cordoba", "field_4": 4520165.46, "field_5": 6323115.91, "field_6": null, "field_7": null }, "geometry": { "type": "Point", "coordinates": [ -62.783644742981501, -33.235166706027215 ] } },
{ "type": "Feature", "properties": { "field_1": 14, "field_2": "6-158-14-CBA", "field_3": "pedania_ascasubi_cordoba", "field_4": 4514979.8, "field_5": 6323074.6, "field_6": null, "field_7": null }, "geometry": { "type": "Point", "coordinates": [ -62.83928122570444, -33.235623497581081 ] } },
{ "type": "Feature", "properties": { "field_1": 2, "field_2": "6-158-2-CBA", "field_3": "pedania_ascasubi_cordoba", "field_4": 4515900.96, "field_5": 6327464.92, "field_6": null, "field_7": null }, "geometry": { "type": "Point", "coordinates": [ -62.829474800027455, -33.196025376433958 ] } },
{ "type": "Feature", "properties": { "field_1": 3, "field_2": "6-158-3-CBA", "field_3": "pedania_ascasubi_cordoba", "field_4": 4513733.4, "field_5": 6326046.68, "field_6": null, "field_7": null }, "geometry": { "type": "Point", "coordinates": [ -62.852698908370989, -33.208842538727396 ] } },
{ "type": "Feature", "properties": { "field_1": 4, "field_2": "6-158-4-CBA", "field_3": "pedania_ascasubi_cordoba", "field_4": 4513225.09, "field_5": 6324901.13, "field_6": null, "field_7": null }, "geometry": { "type": "Point", "coordinates": [ -62.858134299795431, -33.219177647224491 ] } },
{ "type": "Feature", "properties": { "field_1": 5, "field_2": "6-158-5-CBA", "field_3": "pedania_ascasubi_cordoba", "field_4": 4518160.57, "field_5": 6326936.47, "field_6": null, "field_7": null }, "geometry": { "type": "Point", "coordinates": [ -62.805231599987735, -33.200754551563506 ] } },
{ "type": "Feature", "properties": { "field_1": 6, "field_2": "6-158-6-CBA", "field_3": "pedania_ascasubi_cordoba", "field_4": 4511963.1, "field_5": 6327601.42, "field_6": null, "field_7": null }, "geometry": { "type": "Point", "coordinates": [ -62.871707332188102, -33.194845321310979 ] } },
{ "type": "Feature", "properties": { "field_1": 7, "field_2": "6-158-7-CBA", "field_3": "pedania_ascasubi_cordoba", "field_4": 4513371.05, "field_5": 6328442.28, "field_6": null, "field_7": null }, "geometry": { "type": "Point", "coordinates": [ -62.856620625940188, -33.18724725787029 ] } },
{ "type": "Feature", "properties": { "field_1": 8, "field_2": "6-158-8-CBA", "field_3": "pedania_ascasubi_cordoba", "field_4": 4513194.68, "field_5": 6320430.43, "field_6": null, "field_7": null }, "geometry": { "type": "Point", "coordinates": [ -62.85839554271309, -33.259487620991891 ] } },
{ "type": "Feature", "properties": { "field_1": 9, "field_2": "6-158-9-CBA", "field_3": "pedania_ascasubi_cordoba", "field_4": 4516357.53, "field_5": 6321305.69, "field_6": null, "field_7": null }, "geometry": { "type": "Point", "coordinates": [ -62.824467543338329, -33.251552677480142 ] } },
{ "type": "Feature", "properties": { "field_1": 1, "field_2": "6-159-1-CBA", "field_3": "pedania_ascasubi_cordoba", "field_4": 4518839.52, "field_5": 6317677.86, "field_6": null, "field_7": null }, "geometry": { "type": "Point", "coordinates": [ -62.797757838122784, -33.284221931168993 ] } },
{ "type": "Feature", "properties": { "field_1": 2, "field_2": "6-159-2-CBA", "field_3": "pedalnia_loboy_cordoba", "field_4": 4519793.26, "field_5": 6311355.68, "field_6": null, "field_7": null }, "geometry": { "type": "Point", "coordinates": [ -62.787381097371323, -33.341207238341575 ] } },
{ "type": "Feature", "properties": { "field_1": 3, "field_2": "6-159-3-CBA", "field_3": "pedalnia_loboy_cordoba", "field_4": 4520550.75, "field_5": 6310644.47, "field_6": null, "field_7": null }, "geometry": { "type": "Point", "coordinates": [ -62.779227957267011, -33.347605456318369 ] } },
{ "type": "Feature", "properties": { "field_1": 4, "field_2": "6-159-4-CBA", "field_3": "pedalnia_loboy_cordoba", "field_4": 4516895.57, "field_5": 6311521.41, "field_6": null, "field_7": null }, "geometry": { "type": "Point", "coordinates": [ -62.81851123786965, -33.339762364977666 ] } },
{ "type": "Feature", "properties": { "field_1": 5, "field_2": "6-159-5-CBA", "field_3": "pedalnia_loboy_cordoba", "field_4": 4513512.12, "field_5": 6309787.03, "field_6": null, "field_7": null }, "geometry": { "type": "Point", "coordinates": [ -62.85482984020878, -33.355447737412845 ] } },
{ "type": "Feature", "properties": { "field_1": 6, "field_2": "6-159-6-CBA", "field_3": "pedalnia_loboy_cordoba", "field_4": 4513165.72, "field_5": 6308711.81, "field_6": null, "field_7": null }, "geometry": { "type": "Point", "coordinates": [ -62.858535806584229, -33.365146453139964 ] } },
{ "type": "Feature", "properties": { "field_1": 7, "field_2": "6-159-7-CBA", "field_3": "pedalnia_loboy_cordoba", "field_4": 4518753.8, "field_5": 6309045.91, "field_6": null, "field_7": null }, "geometry": { "type": "Point", "coordinates": [ -62.798499014721536, -33.362051210627122 ] } },
{ "type": "Feature", "properties": { "field_1": 8, "field_2": "6-159-8-CBA", "field_3": "pedalnia_loboy_cordoba", "field_4": 4514193.61, "field_5": 6313872.49, "field_6": null, "field_7": null }, "geometry": { "type": "Point", "coordinates": [ -62.84757222739151, -33.318603433701647 ] } },
{ "type": "Feature", "properties": { "field_1": 9, "field_2": "6-159-9-CBA", "field_3": "pedania_ascasubi_cordoba", "field_4": 4516593.7, "field_5": 6318266.09, "field_6": null, "field_7": null }, "geometry": { "type": "Point", "coordinates": [ -62.821877570457431, -33.278955149061971 ] } },
{ "type": "Feature", "properties": { "field_1": 1, "field_2": "6-177-1-CBA", "field_3": "pedania_ascasubi_cordoba", "field_4": 4523227.29, "field_5": 6356259.95, "field_6": null, "field_7": null }, "geometry": { "type": "Point", "coordinates": [ -62.751635833095875, -32.936259968172926 ] } },
{ "type": "Feature", "properties": { "field_1": 2, "field_2": "6-177-2-CBA", "field_3": "pedania_ascasubi_cordoba", "field_4": 4523937.92, "field_5": 6353935.86, "field_6": null, "field_7": null }, "geometry": { "type": "Point", "coordinates": [ -62.743976847261131, -32.957200390964744 ] } },
{ "type": "Feature", "properties": { "field_1": 3, "field_2": "6-177-3-CBA", "field_3": "pedania_ascasubi_cordoba", "field_4": 4522248.54, "field_5": 6353862.23, "field_6": null, "field_7": null }, "geometry": { "type": "Point", "coordinates": [ -62.762043466071844, -32.957900017223416 ] } },
{ "type": "Feature", "properties": { "field_1": 4, "field_2": "6-177-4-CBA", "field_3": "pedania_ascasubi_cordoba", "field_4": 4521573.4, "field_5": 6351472.95, "field_6": null, "field_7": null }, "geometry": { "type": "Point", "coordinates": [ -62.769208327276267, -32.979457085392973 ] } },
{ "type": "Feature", "properties": { "field_1": 5, "field_2": "6-177-5-CBA", "field_3": "pedania_ascasubi_cordoba", "field_4": 4527554.15, "field_5": 6355331.85, "field_6": null, "field_7": null }, "geometry": { "type": "Point", "coordinates": [ -62.70534212069407, -32.944527886604959 ] } },
{ "type": "Feature", "properties": { "field_1": 6, "field_2": "6-177-6-CBA", "field_3": "pedania_ascasubi_cordoba", "field_4": 4527513.17, "field_5": 6353067.26, "field_6": null, "field_7": null }, "geometry": { "type": "Point", "coordinates": [ -62.705712686134618, -32.964948085843027 ] } },
{ "type": "Feature", "properties": { "field_1": 7, "field_2": "6-177-7-CBA", "field_3": "pedania_ascasubi_cordoba", "field_4": 4521845.5, "field_5": 6349208.53, "field_6": null, "field_7": null }, "geometry": { "type": "Point", "coordinates": [ -62.766243594958404, -32.999869291020779 ] } },
{ "type": "Feature", "properties": { "field_1": 8, "field_2": "6-177-8-CBA", "field_3": "pedania_ascasubi_cordoba", "field_4": 4530796.96, "field_5": 6348750.82, "field_6": null, "field_7": null }, "geometry": { "type": "Point", "coordinates": [ -62.670444201456249, -33.003780197858596 ] } },
{ "type": "Feature", "properties": { "field_1": 1, "field_2": "6-178-1-CBA", "field_3": "pedania_ascasubi_cordoba", "field_4": 4521710.18, "field_5": 6346906.4, "field_6": null, "field_7": null }, "geometry": { "type": "Point", "coordinates": [ -62.767637152199256, -33.020629566557645 ] } },
{ "type": "Feature", "properties": { "field_1": 2, "field_2": "6-178-2-CBA", "field_3": "pedania_ascasubi_cordoba", "field_4": 4524434.53, "field_5": 6347089.55, "field_6": null, "field_7": null }, "geometry": { "type": "Point", "coordinates": [ -62.738483499887572, -33.018920473234829 ] } },
{ "type": "Feature", "properties": { "field_1": 3, "field_2": "6-178-3-CBA", "field_3": "pedania_ascasubi_cordoba", "field_4": 4528183.69, "field_5": 6346378.78, "field_6": null, "field_7": null }, "geometry": { "type": "Point", "coordinates": [ -62.698335569236349, -33.0252386821575 ] } },
{ "type": "Feature", "properties": { "field_1": 4, "field_2": "6-178-4-CBA", "field_3": "pedania_ascasubi_cordoba", "field_4": 4521876.66, "field_5": 6342953.69, "field_6": null, "field_7": null }, "geometry": { "type": "Point", "coordinates": [ -62.765761029821945, -33.056266397124269 ] } },
{ "type": "Feature", "properties": { "field_1": 5, "field_2": "6-178-5-CBA", "field_3": "pedania_ascasubi_cordoba", "field_4": 4522577.93, "field_5": 6341867.03, "field_6": null, "field_7": null }, "geometry": { "type": "Point", "coordinates": [ -62.758225572195343, -33.06605005096138 ] } },
{ "type": "Feature", "properties": { "field_1": 6, "field_2": "6-178-6-CBA", "field_3": "pedania_ascasubi_cordoba", "field_4": 4522712.6, "field_5": 6340242.2, "field_6": null, "field_7": null }, "geometry": { "type": "Point", "coordinates": [ -62.756743154928927, -33.08069766135177 ] } },
{ "type": "Feature", "properties": { "field_1": 7, "field_2": "6-178-7-CBA", "field_3": "pedania_ascasubi_cordoba", "field_4": 4527347.97, "field_5": 6343381.35, "field_6": null, "field_7": null }, "geometry": { "type": "Point", "coordinates": [ -62.707191262121675, -33.05228660096995 ] } },
{ "type": "Feature", "properties": { "field_1": 8, "field_2": "6-178-8-CBA", "field_3": "pedania_ascasubi_cordoba", "field_4": 4529490.3, "field_5": 6342146.49, "field_6": null, "field_7": null }, "geometry": { "type": "Point", "coordinates": [ -62.684214213500766, -33.063364827799099 ] } },
{ "type": "Feature", "properties": { "field_1": 9, "field_2": "6-178-9-CBA", "field_3": "pedania_ascasubi_cordoba", "field_4": 4522425.48, "field_5": 6338920.97, "field_6": null, "field_7": null }, "geometry": { "type": "Point", "coordinates": [ -62.759785882461031, -33.092616579771125 ] } },
{ "type": "Feature", "properties": { "field_1": 1, "field_2": "6-179-1-CBA", "field_3": "pedania_ascasubi_cordoba", "field_4": 4526139.52, "field_5": 6337821.22, "field_6": null, "field_7": null }, "geometry": { "type": "Point", "coordinates": [ -62.719971014364098, -33.102449494184476 ] } },
{ "type": "Feature", "properties": { "field_1": 2, "field_2": "6-179-2-CBA", "field_3": "pedania_ascasubi_cordoba", "field_4": 4521568.43, "field_5": 6337527.53, "field_6": null, "field_7": null }, "geometry": { "type": "Point", "coordinates": [ -62.768933436930297, -33.105197957959199 ] } },
{ "type": "Feature", "properties": { "field_1": 3, "field_2": "6-179-3-CBA", "field_3": "pedania_ascasubi_cordoba", "field_4": 4522018.4, "field_5": 6333607.87, "field_6": null, "field_7": null }, "geometry": { "type": "Point", "coordinates": [ -62.764018318480019, -33.140530605263393 ] } },
{ "type": "Feature", "properties": { "field_1": 4, "field_2": "6-179-4-CBA", "field_3": "pedania_ascasubi_cordoba", "field_4": 4522470.85, "field_5": 6330931.89, "field_6": null, "field_7": null }, "geometry": { "type": "Point", "coordinates": [ -62.759103255385227, -33.164649217778837 ] } },
{ "type": "Feature", "properties": { "field_1": 5, "field_2": "6-179-5-CBA", "field_3": "pedania_ascasubi_cordoba", "field_4": 4524813.56, "field_5": 6330672.71, "field_6": null, "field_7": null }, "geometry": { "type": "Point", "coordinates": [ -62.733981433357144, -33.166934980804079 ] } },
{ "type": "Feature", "properties": { "field_1": 6, "field_2": "6-179-6-CBA", "field_3": "pedania_ascasubi_cordoba", "field_4": 4529930.84, "field_5": 6329910.54, "field_6": null, "field_7": null }, "geometry": { "type": "Point", "coordinates": [ -62.679095942196085, -33.173677715213422 ] } },
{ "type": "Feature", "properties": { "field_1": 1, "field_2": "6-180-1-CBA", "field_3": "pedania_ascasubi_cordoba", "field_4": 4529620.8, "field_5": 6319167.28, "field_6": null, "field_7": null }, "geometry": { "type": "Point", "coordinates": [ -62.682069833466095, -33.270550796590918 ] } },
{ "type": "Feature", "properties": { "field_1": 2, "field_2": "6-180-2-CBA", "field_3": "pedania_ascasubi_cordoba", "field_4": 4525268.29, "field_5": 6319409.47, "field_6": null, "field_7": null }, "geometry": { "type": "Point", "coordinates": [ -62.728793312967611, -33.268477829290859 ] } },
{ "type": "Feature", "properties": { "field_1": 3, "field_2": "6-180-3-CBA", "field_3": "pedania_ascasubi_cordoba", "field_4": 4529982.51, "field_5": 6321865.31, "field_6": null, "field_7": null }, "geometry": { "type": "Point", "coordinates": [ -62.678276685730268, -33.246214685924485 ] } },
{ "type": "Feature", "properties": { "field_1": 4, "field_2": "6-180-4-CBA", "field_3": "pedania_ascasubi_cordoba", "field_4": 4522328.86, "field_5": 6318986.2, "field_6": null, "field_7": null }, "geometry": { "type": "Point", "coordinates": [ -62.760331977480789, -33.272358973072514 ] } },
{ "type": "Feature", "properties": { "field_1": 5, "field_2": "6-180-5-CBA", "field_3": "pedania_ascasubi_cordoba", "field_4": 4524642.79, "field_5": 6326088.85, "field_6": null, "field_7": null }, "geometry": { "type": "Point", "coordinates": [ -62.735688109612923, -33.208268805703661 ] } },
{ "type": "Feature", "properties": { "field_1": 6, "field_2": "6-180-6-CBA", "field_3": "pedania_ascasubi_cordoba", "field_4": 4528227.54, "field_5": 6322187.16, "field_6": null, "field_7": null }, "geometry": { "type": "Point", "coordinates": [ -62.697118027672069, -33.243360078974725 ] } },
{ "type": "Feature", "properties": { "field_1": 1, "field_2": "6-181-1-CBA", "field_3": "pedania_ascasubi_cordoba", "field_4": 4528995.69, "field_5": 6316026.61, "field_6": null, "field_7": null }, "geometry": { "type": "Point", "coordinates": [ -62.688678779719339, -33.298884758046107 ] } },
{ "type": "Feature", "properties": { "field_1": 2, "field_2": "6-181-2-CBA", "field_3": "pedalnia_loboy_cordoba", "field_4": 4529228.13, "field_5": 6309157.32, "field_6": null, "field_7": null }, "geometry": { "type": "Point", "coordinates": [ -62.685961016604281, -33.360813074784083 ] } },
{ "type": "Feature", "properties": { "field_1": 3, "field_2": "6-181-3-CBA", "field_3": "pedania_ascasubi_cordoba", "field_4": 4524877.03, "field_5": 6316152.54, "field_6": null, "field_7": null }, "geometry": { "type": "Point", "coordinates": [ -62.732903296918245, -33.297852252149916 ] } },
{ "type": "Feature", "properties": { "field_1": 4, "field_2": "6-181-4-CBA", "field_3": "pedania_ascasubi_cordoba", "field_4": 4523904.07, "field_5": 6312970.6, "field_6": null, "field_7": null }, "geometry": { "type": "Point", "coordinates": [ -62.743265556447419, -33.326563357764833 ] } },
{ "type": "Feature", "properties": { "field_1": 5, "field_2": "6-181-5-CBA", "field_3": "pedania_ascasubi_cordoba", "field_4": 4528277.93, "field_5": 6313262.51, "field_6": null, "field_7": null }, "geometry": { "type": "Point", "coordinates": [ -62.696298786473555, -33.323825480709473 ] } },
{ "type": "Feature", "properties": { "field_1": 6, "field_2": "6-181-6-CBA", "field_3": "pedania_ascasubi_cordoba", "field_4": 4524112.96, "field_5": 6315184.55, "field_6": null, "field_7": null }, "geometry": { "type": "Point", "coordinates": [ -62.7410810624242, -33.306597242451332 ] } },
{ "type": "Feature", "properties": { "field_1": 7, "field_2": "6-181-7-CBA", "field_3": "pedania_ascasubi_cordoba", "field_4": 4522069.83, "field_5": 6316948.68, "field_6": null, "field_7": null }, "geometry": { "type": "Point", "coordinates": [ -62.763062659595207, -33.290735162933224 ] } },
{ "type": "Feature", "properties": { "field_1": 1, "field_2": "6-199-1-CBA", "field_3": "pedania_ascasubi_cordoba", "field_4": 4534618.6, "field_5": 6350176.27, "field_6": null, "field_7": null }, "geometry": { "type": "Point", "coordinates": [ -62.629603332920077, -32.990812849358633 ] } },
{ "type": "Feature", "properties": { "field_1": 2, "field_2": "6-199-2-CBA", "field_3": "pedania_ascasubi_cordoba", "field_4": 4538526.08, "field_5": 6349221.93, "field_6": null, "field_7": null }, "geometry": { "type": "Point", "coordinates": [ -62.587756513532455, -32.999286679049185 ] } },
{ "type": "Feature", "properties": { "field_1": 3, "field_2": "6-199-3-CBA", "field_3": "pedania_ascasubi_cordoba", "field_4": 4540775.98, "field_5": 6348692.19, "field_6": null, "field_7": null }, "geometry": { "type": "Point", "coordinates": [ -62.563658719194414, -33.003981266434629 ] } },
{ "type": "Feature", "properties": { "field_1": 4, "field_2": "6-199-4-CBA", "field_3": "pedania_ascasubi_cordoba", "field_4": 4535707.23, "field_5": 6351264.7, "field_6": null, "field_7": null }, "geometry": { "type": "Point", "coordinates": [ -62.617998134343864, -32.980963826992536 ] } },
{ "type": "Feature", "properties": { "field_1": 5, "field_2": "6-199-5-CBA", "field_3": "pedania_ascasubi_cordoba", "field_4": 4538947.88, "field_5": 6351017.41, "field_6": null, "field_7": null }, "geometry": { "type": "Point", "coordinates": [ -62.583319259245222, -32.983082669489413 ] } },
{ "type": "Feature", "properties": { "field_1": 6, "field_2": "6-199-6-CBA", "field_3": "pedania_ascasubi_cordoba", "field_4": 4536345.41, "field_5": 6353874.57, "field_6": null, "field_7": null }, "geometry": { "type": "Point", "coordinates": [ -62.611273969552506, -32.957410584112552 ] } },
{ "type": "Feature", "properties": { "field_1": 7, "field_2": "6-199-7-CBA", "field_3": "pedania_ascasubi_cordoba", "field_4": 4535647.8, "field_5": 6356000.74, "field_6": null, "field_7": null }, "geometry": { "type": "Point", "coordinates": [ -62.61881730546606, -32.938262656046021 ] } },
{ "type": "Feature", "properties": { "field_1": 1, "field_2": "6-200-1-CBA", "field_3": "pedania_ascasubi_cordoba", "field_4": 4531672.05, "field_5": 6346872.87, "field_6": null, "field_7": null }, "geometry": { "type": "Point", "coordinates": [ -62.661015249950417, -33.020687839852641 ] } },
{ "type": "Feature", "properties": { "field_1": 2, "field_2": "6-200-2-CBA", "field_3": "pedania_ascasubi_cordoba", "field_4": 4534839.15, "field_5": 6342474.85, "field_6": null, "field_7": null }, "geometry": { "type": "Point", "coordinates": [ -62.626951222396748, -33.060246004391985 ] } },
{ "type": "Feature", "properties": { "field_1": 3, "field_2": "6-200-3-CBA", "field_3": "pedania_ascasubi_cordoba", "field_4": 4535088.11, "field_5": 6346755.54, "field_6": null, "field_7": null }, "geometry": { "type": "Point", "coordinates": [ -62.624449270832329, -33.021641088879697 ] } },
{ "type": "Feature", "properties": { "field_1": 4, "field_2": "6-200-4-CBA", "field_3": "pedania_ascasubi_cordoba", "field_4": 4533271.95, "field_5": 6345352.68, "field_6": null, "field_7": null }, "geometry": { "type": "Point", "coordinates": [ -62.64383664993472, -33.034347033428986 ] } },
{ "type": "Feature", "properties": { "field_1": 5, "field_2": "6-200-5-CBA", "field_3": "pedania_ascasubi_cordoba", "field_4": 4535976.63, "field_5": 6345546.25, "field_6": null, "field_7": null }, "geometry": { "type": "Point", "coordinates": [ -62.614892098865816, -33.032515705875653 ] } },
{ "type": "Feature", "properties": { "field_1": 6, "field_2": "6-200-6-CBA", "field_3": "pedania_ascasubi_cordoba", "field_4": 4535425.67, "field_5": 6341321.81, "field_6": null, "field_7": null }, "geometry": { "type": "Point", "coordinates": [ -62.620626402839747, -33.070623421976677 ] } },
{ "type": "Feature", "properties": { "field_1": 8, "field_2": "6-200-8-CBA", "field_3": "pedania_ascasubi_cordoba", "field_4": 4539712.53, "field_5": 6346801.42, "field_6": null, "field_7": null }, "geometry": { "type": "Point", "coordinates": [ -62.5749566256737, -33.021068658373991 ] } },
{ "type": "Feature", "properties": { "field_1": 1, "field_2": "6-201-1-CBA", "field_3": "pedania_saladillo_cordoba", "field_4": 4539820.25, "field_5": 6337159.7, "field_6": null, "field_7": null }, "geometry": { "type": "Point", "coordinates": [ -62.573384508374502, -33.107998587951727 ] } },
{ "type": "Feature", "properties": { "field_1": 2, "field_2": "6-201-2-CBA", "field_3": "pedania_ascasubi_cordoba", "field_4": 4538397.36, "field_5": 6335983.39, "field_6": null, "field_7": null }, "geometry": { "type": "Point", "coordinates": [ -62.588578961007805, -33.118655884338409 ] } },
{ "type": "Feature", "properties": { "field_1": 3, "field_2": "6-201-3-CBA", "field_3": "pedania_ascasubi_cordoba", "field_4": 4540474.1, "field_5": 6330766.7, "field_6": null, "field_7": null }, "geometry": { "type": "Point", "coordinates": [ -62.566096074891739, -33.165615704684598 ] } },
{ "type": "Feature", "properties": { "field_1": 4, "field_2": "6-201-4-CBA", "field_3": "pedania_ascasubi_cordoba", "field_4": 4538943.73, "field_5": 6333130.08, "field_6": null, "field_7": null }, "geometry": { "type": "Point", "coordinates": [ -62.582603080749323, -33.144362832830872 ] } },
{ "type": "Feature", "properties": { "field_1": 5, "field_2": "6-201-5-CBA", "field_3": "pedania_ascasubi_cordoba", "field_4": 4533225.14, "field_5": 6329228.65, "field_6": null, "field_7": null }, "geometry": { "type": "Point", "coordinates": [ -62.643751547194832, -33.17972982854954 ] } },
{ "type": "Feature", "properties": { "field_1": 1, "field_2": "6-202-1-CBA", "field_3": "pedalnia_caldera_cordoba", "field_4": 4539791.08, "field_5": 6319940.08, "field_6": null, "field_7": null }, "geometry": { "type": "Point", "coordinates": [ -62.572944379898082, -33.263256070578144 ] } },
{ "type": "Feature", "properties": { "field_1": 2, "field_2": "6-202-2-CBA", "field_3": "pedalnia_caldera_cordoba", "field_4": 4537005.17, "field_5": 6319096.54, "field_6": null, "field_7": null }, "geometry": { "type": "Point", "coordinates": [ -62.602809051798246, -33.270960661636572 ] } },
{ "type": "Feature", "properties": { "field_1": 3, "field_2": "6-202-3-CBA", "field_3": "pedalnia_caldera_cordoba", "field_4": 4533870.71, "field_5": 6319418.15, "field_6": null, "field_7": null }, "geometry": { "type": "Point", "coordinates": [ -62.63646397702918, -33.268163889545917 ] } },
{ "type": "Feature", "properties": { "field_1": 4, "field_2": "6-202-4-CBA", "field_3": "pedania_ascasubi_cordoba", "field_4": 4533609.08, "field_5": 6321014.49, "field_6": null, "field_7": null }, "geometry": { "type": "Point", "coordinates": [ -62.639331181987622, -33.253779126649178 ] } },
{ "type": "Feature", "properties": { "field_1": 5, "field_2": "6-202-5-CBA", "field_3": "pedania_ascasubi_cordoba", "field_4": 4531629.42, "field_5": 6322585.15, "field_6": null, "field_7": null }, "geometry": { "type": "Point", "coordinates": [ -62.660629988760967, -33.239677454006944 ] } },
{ "type": "Feature", "properties": { "field_1": 6, "field_2": "6-202-6-CBA", "field_3": "pedania_ascasubi_cordoba", "field_4": 4531969.62, "field_5": 6321558.21, "field_6": null, "field_7": null }, "geometry": { "type": "Point", "coordinates": [ -62.656943660817973, -33.248926593893358 ] } },
{ "type": "Feature", "properties": { "field_1": 7, "field_2": "6-202-7-CBA", "field_3": "pedalnia_caldera_cordoba", "field_4": 4540837.38, "field_5": 6325964.8, "field_6": null, "field_7": null }, "geometry": { "type": "Point", "coordinates": [ -62.561986185761697, -33.20889713317878 ] } },
{ "type": "Feature", "properties": { "field_1": 1, "field_2": "6-203-1-CBA", "field_3": "pedalnia_caldera_cordoba", "field_4": 4541031.15, "field_5": 6316258.22, "field_6": null, "field_7": null }, "geometry": { "type": "Point", "coordinates": [ -62.559468964275247, -33.29640565876209 ] } },
{ "type": "Feature", "properties": { "field_1": 2, "field_2": "6-203-2-CBA", "field_3": "pedalnia_caldera_cordoba", "field_4": 4538551.32, "field_5": 6311722.82, "field_6": null, "field_7": null }, "geometry": { "type": "Point", "coordinates": [ -62.58589983582474, -33.337388686736503 ] } },
{ "type": "Feature", "properties": { "field_1": 3, "field_2": "6-203-3-CBA", "field_3": "pedalnia_caldera_cordoba", "field_4": 4535694.49, "field_5": 6310451.79, "field_6": null, "field_7": null }, "geometry": { "type": "Point", "coordinates": [ -62.616535839753546, -33.348946900645103 ] } },
{ "type": "Feature", "properties": { "field_1": 4, "field_2": "6-203-4-CBA", "field_3": "pedania_ascasubi_cordoba", "field_4": 4532038.81, "field_5": 6310762.13, "field_6": null, "field_7": null }, "geometry": { "type": "Point", "coordinates": [ -62.655819160901963, -33.346263902224877 ] } },
{ "type": "Feature", "properties": { "field_1": 5, "field_2": "6-203-5-CBA", "field_3": "pedania_ascasubi_cordoba", "field_4": 4532426.05, "field_5": 6316531.11, "field_6": null, "field_7": null }, "geometry": { "type": "Point", "coordinates": [ -62.65186608485245, -33.294238377176313 ] } },
{ "type": "Feature", "properties": { "field_1": 6, "field_2": "6-203-6-CBA", "field_3": "pedania_ascasubi_cordoba", "field_4": 4535323.34, "field_5": 6315902.61, "field_6": null, "field_7": null }, "geometry": { "type": "Point", "coordinates": [ -62.620735976291222, -33.299814000065375 ] } },
{ "type": "Feature", "properties": { "field_1": 7, "field_2": "6-203-7-CBA", "field_3": "pedalnia_caldera_cordoba", "field_4": 4533940.0, "field_5": 6308558.36, "field_6": null, "field_7": null }, "geometry": { "type": "Point", "coordinates": [ -62.635312790920409, -33.366074966572903 ] } },
{ "type": "Feature", "properties": { "field_1": 8, "field_2": "6-203-8-CBA", "field_3": "pedalnia_caldera_cordoba", "field_4": 4537127.28, "field_5": 6314431.68, "field_6": null, "field_7": null }, "geometry": { "type": "Point", "coordinates": [ -62.601307174952431, -33.313015444316569 ] } },
{ "type": "Feature", "properties": { "field_1": 9, "field_2": "6-203-9-CBA", "field_3": "pedalnia_caldera_cordoba", "field_4": 4536371.31, "field_5": 6312878.13, "field_6": null, "field_7": null }, "geometry": { "type": "Point", "coordinates": [ -62.609362578017439, -33.327048184275547 ] } },
{ "type": "Feature", "properties": { "field_1": 1, "field_2": "7-117-1-CBA", "field_3": "pedalnia_loboy_cordoba", "field_4": 4498239.7, "field_5": 6291328.3, "field_6": null, "field_7": null }, "geometry": { "type": "Point", "coordinates": [ -63.018950205035011, -33.521957526382394 ] } },
{ "type": "Feature", "properties": { "field_1": 2, "field_2": "7-117-2-CBA", "field_3": "pedalnia_loboy_cordoba", "field_4": 4493272.69, "field_5": 6291111.74, "field_6": null, "field_7": null }, "geometry": { "type": "Point", "coordinates": [ -63.07241854260463, -33.523890313078482 ] } },
{ "type": "Feature", "properties": { "field_1": 3, "field_2": "7-117-3-CBA", "field_3": "pedalnia_loboy_cordoba", "field_4": 4499144.16, "field_5": 6292759.48, "field_6": null, "field_7": null }, "geometry": { "type": "Point", "coordinates": [ -63.009212895234647, -33.509055083086324 ] } },
{ "type": "Feature", "properties": { "field_1": 1, "field_2": "7-118-1-CBA", "field_3": "pedalnia_loboy_cordoba", "field_4": 4493055.72, "field_5": 6282321.67, "field_6": null, "field_7": null }, "geometry": { "type": "Point", "coordinates": [ -63.074822452935955, -33.603139706579299 ] } },
{ "type": "Feature", "properties": { "field_1": 2, "field_2": "7-118-2-CBA", "field_3": "pedalnia_loboy_cordoba", "field_4": 4492674.48, "field_5": 6287944.67, "field_6": null, "field_7": null }, "geometry": { "type": "Point", "coordinates": [ -63.078883966652896, -33.552440621686685 ] } },
{ "type": "Feature", "properties": { "field_1": 1, "field_2": "7-120-1-CBA", "field_3": "pedalnia_loboy_cordoba", "field_4": 4501100.58, "field_5": 6263380.53, "field_6": null, "field_7": null }, "geometry": { "type": "Point", "coordinates": [ -62.988120071242669, -33.773930709713483 ] } },
{ "type": "Feature", "properties": { "field_1": 2, "field_2": "7-120-2-CBA", "field_3": "pedalnia_loboy_cordoba", "field_4": 4492386.03, "field_5": 6266208.33, "field_6": null, "field_7": null }, "geometry": { "type": "Point", "coordinates": [ -63.082176054996104, -33.74840944075855 ] } },
{ "type": "Feature", "properties": { "field_1": 1, "field_2": "7-138-1-CBA", "field_3": "pedalnia_loboy_cordoba", "field_4": 4509684.48, "field_5": 6302454.25, "field_6": null, "field_7": null }, "geometry": { "type": "Point", "coordinates": [ -62.895874470255876, -33.421602757293961 ] } },
{ "type": "Feature", "properties": { "field_1": 1, "field_2": "7-139-1-CBA", "field_3": "pedalnia_loboy_cordoba", "field_4": 4505491.19, "field_5": 6291266.61, "field_6": null, "field_7": null }, "geometry": { "type": "Point", "coordinates": [ -62.940892116994114, -33.522501070851114 ] } },
{ "type": "Feature", "properties": { "field_1": 2, "field_2": "7-139-2-CBA", "field_3": "pedalnia_loboy_cordoba", "field_4": 4507971.31, "field_5": 6291983.05, "field_6": null, "field_7": null }, "geometry": { "type": "Point", "coordinates": [ -62.914201421510747, -33.516026026589721 ] } },
{ "type": "Feature", "properties": { "field_1": 3, "field_2": "7-139-3-CBA", "field_3": "pedalnia_loboy_cordoba", "field_4": 4508168.88, "field_5": 6293199.62, "field_6": null, "field_7": null }, "geometry": { "type": "Point", "coordinates": [ -62.912085945326531, -33.505055917757836 ] } },
{ "type": "Feature", "properties": { "field_1": 4, "field_2": "7-139-4-CBA", "field_3": "pedalnia_loboy_cordoba", "field_4": 4505861.64, "field_5": 6293938.38, "field_6": null, "field_7": null }, "geometry": { "type": "Point", "coordinates": [ -62.936921914004415, -33.498410361721454 ] } },
{ "type": "Feature", "properties": { "field_1": 5, "field_2": "7-139-5-CBA", "field_3": "pedalnia_loboy_cordoba", "field_4": 4508523.09, "field_5": 6288759.24, "field_6": null, "field_7": null }, "geometry": { "type": "Point", "coordinates": [ -62.908231570032314, -33.545087604392656 ] } },
{ "type": "Feature", "properties": { "field_1": 1, "field_2": "7-140-1-CBA", "field_3": "pedalnia_loboy_cordoba", "field_4": 4509642.9, "field_5": 6283252.43, "field_6": null, "field_7": null }, "geometry": { "type": "Point", "coordinates": [ -62.896114882492476, -33.594727082823418 ] } },
{ "type": "Feature", "properties": { "field_1": 2, "field_2": "7-140-2-CBA", "field_3": "pedalnia_loboy_cordoba", "field_4": 4503941.64, "field_5": 6281793.68, "field_6": null, "field_7": null }, "geometry": { "type": "Point", "coordinates": [ -62.957530355699006, -33.607915342107198 ] } },
{ "type": "Feature", "properties": { "field_1": 3, "field_2": "7-140-3-CBA", "field_3": "pedalnia_loboy_cordoba", "field_4": 4506370.82, "field_5": 6285802.92, "field_6": null, "field_7": null }, "geometry": { "type": "Point", "coordinates": [ -62.931384478070299, -33.571756652289423 ] } },
{ "type": "Feature", "properties": { "field_1": 1, "field_2": "7-141-1-CBA", "field_3": "pedalnia_loboy_cordoba", "field_4": 4507226.46, "field_5": 6274209.1, "field_6": null, "field_7": null }, "geometry": { "type": "Point", "coordinates": [ -62.922074732509245, -33.676279403900772 ] } },
{ "type": "Feature", "properties": { "field_1": 2, "field_2": "7-141-2-CBA", "field_3": "pedalnia_loboy_cordoba", "field_4": 4510736.48, "field_5": 6275281.4, "field_6": null, "field_7": null }, "geometry": { "type": "Point", "coordinates": [ -62.884237235642274, -33.666582125813022 ] } },
{ "type": "Feature", "properties": { "field_1": 1, "field_2": "7-142-1-CBA", "field_3": "pedalnia_loboy_cordoba", "field_4": 4508740.05, "field_5": 6260215.1, "field_6": null, "field_7": null }, "geometry": { "type": "Point", "coordinates": [ -62.905614792485267, -33.802433500493684 ] } },
{ "type": "Feature", "properties": { "field_1": 2, "field_2": "7-142-2-CBA", "field_3": "pedalnia_loboy_cordoba", "field_4": 4509524.52, "field_5": 6265468.84, "field_6": null, "field_7": null }, "geometry": { "type": "Point", "coordinates": [ -62.897199632648928, -33.755060989275606 ] } },
{ "type": "Feature", "properties": { "field_1": 3, "field_2": "7-142-3-CBA", "field_3": "pedalnia_loboy_cordoba", "field_4": 4506737.65, "field_5": 6267798.49, "field_6": null, "field_7": null }, "geometry": { "type": "Point", "coordinates": [ -62.927297163358951, -33.734078993881319 ] } },
{ "type": "Feature", "properties": { "field_1": 1, "field_2": "7-160-1-CBA", "field_3": "pedalnia_loboy_cordoba", "field_4": 4520615.09, "field_5": 6299281.63, "field_6": null, "field_7": null }, "geometry": { "type": "Point", "coordinates": [ -62.77827673667602, -33.450053003051153 ] } },
{ "type": "Feature", "properties": { "field_1": 2, "field_2": "7-160-2-CBA", "field_3": "pedalnia_loboy_cordoba", "field_4": 4520092.52, "field_5": 6301302.74, "field_6": null, "field_7": null }, "geometry": { "type": "Point", "coordinates": [ -62.783942359360672, -33.431840464020695 ] } },
{ "type": "Feature", "properties": { "field_1": 3, "field_2": "7-160-3-CBA", "field_3": "pedalnia_loboy_cordoba", "field_4": 4517601.61, "field_5": 6303137.19, "field_6": null, "field_7": null }, "geometry": { "type": "Point", "coordinates": [ -62.81076341788949, -33.415344634004768 ] } },
{ "type": "Feature", "properties": { "field_1": 4, "field_2": "7-160-4-CBA", "field_3": "pedalnia_loboy_cordoba", "field_4": 4516085.54, "field_5": 6305674.19, "field_6": null, "field_7": null }, "geometry": { "type": "Point", "coordinates": [ -62.827108220007467, -33.392494470025611 ] } },
{ "type": "Feature", "properties": { "field_1": 1, "field_2": "7-161-1-CBA", "field_3": "pedalnia_loboy_cordoba", "field_4": 4511777.77, "field_5": 6291478.03, "field_6": null, "field_7": null }, "geometry": { "type": "Point", "coordinates": [ -62.873223511105131, -33.520544132406478 ] } },
{ "type": "Feature", "properties": { "field_1": 2, "field_2": "7-161-2-CBA", "field_3": "pedalnia_loboy_cordoba", "field_4": 4512840.33, "field_5": 6288791.96, "field_6": null, "field_7": null }, "geometry": { "type": "Point", "coordinates": [ -62.86174739943754, -33.544749426686764 ] } },
{ "type": "Feature", "properties": { "field_1": 3, "field_2": "7-161-3-CBA", "field_3": "pedalnia_loboy_cordoba", "field_4": 4518971.37, "field_5": 6292750.23, "field_6": null, "field_7": null }, "geometry": { "type": "Point", "coordinates": [ -62.795817515497049, -33.508970568283395 ] } },
{ "type": "Feature", "properties": { "field_1": 4, "field_2": "7-161-4-CBA", "field_3": "pedalnia_loboy_cordoba", "field_4": 4516280.56, "field_5": 6295438.29, "field_6": null, "field_7": null }, "geometry": { "type": "Point", "coordinates": [ -62.82482672683949, -33.484779345541206 ] } },
{ "type": "Feature", "properties": { "field_1": 2, "field_2": "7-162-2-CBA", "field_3": "pedalnia_loboy_cordoba", "field_4": 4517903.66, "field_5": 6284747.47, "field_6": null, "field_7": null }, "geometry": { "type": "Point", "coordinates": [ -62.807148754197598, -33.58114127962142 ] } },
{ "type": "Feature", "properties": { "field_1": 3, "field_2": "7-162-3-CBA", "field_3": "pedalnia_loboy_cordoba", "field_4": 4512397.89, "field_5": 6279194.99, "field_6": null, "field_7": null }, "geometry": { "type": "Point", "coordinates": [ -62.866377906276547, -33.631279895378384 ] } },
{ "type": "Feature", "properties": { "field_1": 4, "field_2": "7-162-4-CBA", "field_3": "pedalnia_loboy_cordoba", "field_4": 4514419.62, "field_5": 6280171.64, "field_6": null, "field_7": null }, "geometry": { "type": "Point", "coordinates": [ -62.844603686001413, -33.622449125350791 ] } },
{ "type": "Feature", "properties": { "field_1": 5, "field_2": "7-162-5-CBA", "field_3": "pedalnia_loboy_cordoba", "field_4": 4520742.95, "field_5": 6287026.06, "field_6": null, "field_7": null }, "geometry": { "type": "Point", "coordinates": [ -62.776617865491616, -33.560546365610065 ] } },
{ "type": "Feature", "properties": { "field_1": 1, "field_2": "7-163-1-CBA", "field_3": "pedalnia_loboy_cordoba", "field_4": 4516384.87, "field_5": 6275826.48, "field_6": null, "field_7": null }, "geometry": { "type": "Point", "coordinates": [ -62.823344589491349, -33.661595772131861 ] } },
{ "type": "Feature", "properties": { "field_1": 2, "field_2": "7-163-2-CBA", "field_3": "pedalnia_loboy_cordoba", "field_4": 4514764.38, "field_5": 6272150.06, "field_6": null, "field_7": null }, "geometry": { "type": "Point", "coordinates": [ -62.840755107208452, -33.694765187866366 ] } },
{ "type": "Feature", "properties": { "field_1": 1, "field_2": "7-164-1-CBA", "field_3": "pedalnia_loboy_cordoba", "field_4": 4515122.16, "field_5": 6264150.06, "field_6": null, "field_7": null }, "geometry": { "type": "Point", "coordinates": [ -62.836759642690012, -33.766885521154443 ] } },
{ "type": "Feature", "properties": { "field_1": 2, "field_2": "7-164-2-CBA", "field_3": "pedalnia_loboy_cordoba", "field_4": 4512722.53, "field_5": 6266032.2, "field_6": null, "field_7": null }, "geometry": { "type": "Point", "coordinates": [ -62.862690369397846, -33.749948363151269 ] } },
{ "type": "Feature", "properties": { "field_1": 1, "field_2": "7-182-1--CBA", "field_3": "pedalnia_loboy_cordoba", "field_4": 4530877.61, "field_5": 6302744.24, "field_6": null, "field_7": null }, "geometry": { "type": "Point", "coordinates": [ -62.668018768478021, -33.418587657071569 ] } },
{ "type": "Feature", "properties": { "field_1": 2, "field_2": "7-182-2-CBA", "field_3": "pedalnia_loboy_cordoba", "field_4": 4523911.36, "field_5": 6304446.26, "field_6": null, "field_7": null }, "geometry": { "type": "Point", "coordinates": [ -62.742961374160217, -33.403419925755287 ] } },
{ "type": "Feature", "properties": { "field_1": 3, "field_2": "7-182-3-CBA", "field_3": "pedalnia_loboy_cordoba", "field_4": 4529050.5, "field_5": 6305220.98, "field_6": null, "field_7": null }, "geometry": { "type": "Point", "coordinates": [ -62.687742719076184, -33.396308271693172 ] } },
{ "type": "Feature", "properties": { "field_1": 4, "field_2": "7-182-4-CBA", "field_3": "pedalnia_loboy_cordoba", "field_4": 4529572.97, "field_5": 6306249.71, "field_6": null, "field_7": null }, "geometry": { "type": "Point", "coordinates": [ -62.68216061030931, -33.387018918991977 ] } },
{ "type": "Feature", "properties": { "field_1": 5, "field_2": "7-182-5-CBA", "field_3": "pedalnia_loboy_cordoba", "field_4": 4524441.47, "field_5": 6308064.44, "field_6": null, "field_7": null }, "geometry": { "type": "Point", "coordinates": [ -62.737361005004146, -33.370786067414393 ] } },
{ "type": "Feature", "properties": { "field_1": 6, "field_2": "7-182-6-CBA", "field_3": "pedalnia_loboy_cordoba", "field_4": 4524100.37, "field_5": 6300890.89, "field_6": null, "field_7": null }, "geometry": { "type": "Point", "coordinates": [ -62.740834374460853, -33.435471162983738 ] } },
{ "type": "Feature", "properties": { "field_1": 7, "field_2": "7-182-7-CBA", "field_3": "pedalnia_loboy_cordoba", "field_4": 4524822.29, "field_5": 6299714.26, "field_6": null, "field_7": null }, "geometry": { "type": "Point", "coordinates": [ -62.733038672245492, -33.446063232283514 ] } },
{ "type": "Feature", "properties": { "field_1": 1, "field_2": "7-183-1-CBA", "field_3": "pedalnia_loboy_cordoba", "field_4": 4528426.39, "field_5": 6293120.98, "field_6": null, "field_7": null }, "geometry": { "type": "Point", "coordinates": [ -62.69406828751233, -33.505418417407718 ] } },
{ "type": "Feature", "properties": { "field_1": 2, "field_2": "7-183-2-CBA", "field_3": "pedalnia_loboy_cordoba", "field_4": 4528332.78, "field_5": 6289672.42, "field_6": null, "field_7": null }, "geometry": { "type": "Point", "coordinates": [ -62.694966616264352, -33.536512724336511 ] } },
{ "type": "Feature", "properties": { "field_1": 3, "field_2": "7-183-3-CBA", "field_3": "pedalnia_loboy_cordoba", "field_4": 4525823.94, "field_5": 6295680.2, "field_6": null, "field_7": null }, "geometry": { "type": "Point", "coordinates": [ -62.722150047708887, -33.482410618934473 ] } },
{ "type": "Feature", "properties": { "field_1": 4, "field_2": "7-183-4-CBA", "field_3": "pedalnia_loboy_cordoba", "field_4": 4530267.88, "field_5": 6298155.51, "field_6": null, "field_7": null }, "geometry": { "type": "Point", "coordinates": [ -62.674419745698515, -33.459976957095876 ] } },
{ "type": "Feature", "properties": { "field_1": 1, "field_2": "7-184-1-CBA", "field_3": "pedalnia_loboy_cordoba", "field_4": 4526456.26, "field_5": 6281362.7, "field_6": null, "field_7": null }, "geometry": { "type": "Point", "coordinates": [ -62.71492313152789, -33.611479817703767 ] } },
{ "type": "Feature", "properties": { "field_1": 2, "field_2": "7-184-2-CBA", "field_3": "pedalnia_tunas_cordoba", "field_4": 4530835.63, "field_5": 6281931.9, "field_6": "Del Santo", "field_7": null }, "geometry": { "type": "Point", "coordinates": [ -62.667753705076166, -33.606230313816326 ] } },
{ "type": "Feature", "properties": { "field_1": 1, "field_2": "7-185-1-CBA", "field_3": "pedalnia_loboy_cordoba", "field_4": 4523952.43, "field_5": 6269226.14, "field_6": null, "field_7": null }, "geometry": { "type": "Point", "coordinates": [ -62.741575831506694, -33.720958756665198 ] } },
{ "type": "Feature", "properties": { "field_1": 2, "field_2": "7-185-2-CBA", "field_3": "pedalnia_tunas_cordoba", "field_4": 4526409.61, "field_5": 6272722.17, "field_6": null, "field_7": null }, "geometry": { "type": "Point", "coordinates": [ -62.715169325619847, -33.689381517264735 ] } },
{ "type": "Feature", "properties": { "field_1": 1, "field_2": "7-186-1-CBA", "field_3": "pedalnia_tunas_cordoba", "field_4": 4522132.88, "field_5": 6261356.97, "field_6": null, "field_7": null }, "geometry": { "type": "Point", "coordinates": [ -62.761010254696849, -33.791943493747972 ] } },
{ "type": "Feature", "properties": { "field_1": 2, "field_2": "7-186-2-CBA", "field_3": "pedalnia_tunas_cordoba", "field_4": 4530123.36, "field_5": 6260013.3, "field_6": null, "field_7": null }, "geometry": { "type": "Point", "coordinates": [ -62.67468406700565, -33.803860011375711 ] } },
{ "type": "Feature", "properties": { "field_1": 1, "field_2": "7-204-1-CBA", "field_3": "pedalnia_caldera_cordoba", "field_4": 4536744.52, "field_5": 6308034.12, "field_6": null, "field_7": null }, "geometry": { "type": "Point", "coordinates": [ -62.605157174920059, -33.370709350869632 ] } },
{ "type": "Feature", "properties": { "field_1": 2, "field_2": "7-204-2-CBA", "field_3": "pedalnia_caldera_cordoba", "field_4": 4537103.33, "field_5": 6303840.7, "field_6": null, "field_7": null }, "geometry": { "type": "Point", "coordinates": [ -62.601128965459594, -33.40850484516676 ] } },
{ "type": "Feature", "properties": { "field_1": 1, "field_2": "7-205-1-CBA", "field_3": "pedalnia_caldera_cordoba", "field_4": 4538798.57, "field_5": 6290324.56, "field_6": null, "field_7": null }, "geometry": { "type": "Point", "coordinates": [ -62.58232084469239, -33.530304399734831 ] } },
{ "type": "Feature", "properties": { "field_1": 2, "field_2": "7-205-2-CBA", "field_3": "pedalnia_caldera_cordoba", "field_4": 4538014.3, "field_5": 6296077.73, "field_6": null, "field_7": null }, "geometry": { "type": "Point", "coordinates": [ -62.591007652184622, -33.478463111254399 ] } },
{ "type": "Feature", "properties": { "field_1": 3, "field_2": "7-205-3-CBA", "field_3": "pedalnia_caldera_cordoba", "field_4": 4540058.69, "field_5": 6297353.79, "field_6": null, "field_7": null }, "geometry": { "type": "Point", "coordinates": [ -62.569069637402592, -33.466883842225386 ] } },
{ "type": "Feature", "properties": { "field_1": 4, "field_2": "7-205-4-CBA", "field_3": "pedalnia_caldera_cordoba", "field_4": 4532167.23, "field_5": 6291673.57, "field_6": null, "field_7": null }, "geometry": { "type": "Point", "coordinates": [ -62.653756867907596, -33.518362114242052 ] } },
{ "type": "Feature", "properties": { "field_1": 1, "field_2": "7-206-1-CBA", "field_3": "pedalnia_tunas_cordoba", "field_4": 4537238.07, "field_5": 6285361.14, "field_6": "Estancia La Blanca", "field_7": null }, "geometry": { "type": "Point", "coordinates": [ -62.598913097215586, -33.575108849316592 ] } },
{ "type": "Feature", "properties": { "field_1": 2, "field_2": "7-206-2-CBA", "field_3": "pedalnia_tunas_cordoba", "field_4": 4534620.81, "field_5": 6286313.65, "field_6": null, "field_7": null }, "geometry": { "type": "Point", "coordinates": [ -62.627139795304196, -33.56660939957392 ] } },
{ "type": "Feature", "properties": { "field_1": 3, "field_2": "7-206-3-CBA", "field_3": "pedalnia_tunas_cordoba", "field_4": 4537056.21, "field_5": 6282421.38, "field_6": null, "field_7": null }, "geometry": { "type": "Point", "coordinates": [ -62.600749793364209, -33.60161916435829 ] } },
{ "type": "Feature", "properties": { "field_1": 4, "field_2": "7-206-4-CBA", "field_3": "pedalnia_tunas_cordoba", "field_4": 4536344.93, "field_5": 6280334.68, "field_6": null, "field_7": null }, "geometry": { "type": "Point", "coordinates": [ -62.608328050247358, -33.620456658056149 ] } },
{ "type": "Feature", "properties": { "field_1": 5, "field_2": "7-206-5-CBA", "field_3": "pedalnia_tunas_cordoba", "field_4": 4538299.89, "field_5": 6279631.16, "field_6": null, "field_7": null }, "geometry": { "type": "Point", "coordinates": [ -62.587230510515589, -33.626730827149508 ] } },
{ "type": "Feature", "properties": { "field_1": 6, "field_2": "7-206-6-CBA", "field_3": "pedalnia_tunas_cordoba", "field_4": 4540744.24, "field_5": 6279630.46, "field_6": null, "field_7": null }, "geometry": { "type": "Point", "coordinates": [ -62.5608875275435, -33.626646412410537 ] } },
{ "type": "Feature", "properties": { "field_1": 1, "field_2": "7-207-1-CBA", "field_3": "pedalnia_tunas_cordoba", "field_4": 4533578.95, "field_5": 6273086.08, "field_6": null, "field_7": null }, "geometry": { "type": "Point", "coordinates": [ -62.637861678069996, -33.685898226545099 ] } },
{ "type": "Feature", "properties": { "field_1": 2, "field_2": "7-207-2-CBA", "field_3": "pedalnia_tunas_cordoba", "field_4": 4537781.03, "field_5": 6276467.02, "field_6": null, "field_7": null }, "geometry": { "type": "Point", "coordinates": [ -62.592688022091288, -33.655276016856163 ] } },
{ "type": "Feature", "properties": { "field_1": 1, "field_2": "7-208-1-CBA", "field_3": "pedalnia_tunas_cordoba", "field_4": 4536331.61, "field_5": 6266134.46, "field_6": null, "field_7": null }, "geometry": { "type": "Point", "coordinates": [ -62.6078907565999, -33.748480102441768 ] } },
{ "type": "Feature", "properties": { "field_1": 2, "field_2": "7-208-2-CBA", "field_3": "pedalnia_tunas_cordoba", "field_4": 4534092.16, "field_5": 6265866.97, "field_6": null, "field_7": null }, "geometry": { "type": "Point", "coordinates": [ -62.632049395846856, -33.750966052520219 ] } },
{ "type": "Feature", "properties": { "field_1": 1, "field_2": "8-121-1-CBA", "field_3": "pedalnia_loboy_cordoba", "field_4": 4496804.11, "field_5": 6256873.16, "field_6": null, "field_7": null }, "geometry": { "type": "Point", "coordinates": [ -63.034527360662864, -33.832594302914373 ] } },
{ "type": "Feature", "properties": { "field_1": 2, "field_2": "8-121-2-CBA", "field_3": "pedalnia_san_martin", "field_4": 4491858.23, "field_5": 6253259.58, "field_6": null, "field_7": null }, "geometry": { "type": "Point", "coordinates": [ -63.087991785900932, -33.865146084201662 ] } },
{ "type": "Feature", "properties": { "field_1": 3, "field_2": "8-121-3-CBA", "field_3": "pedalnia_san_martin", "field_4": 4492099.39, "field_5": 6249724.9, "field_6": null, "field_7": null }, "geometry": { "type": "Point", "coordinates": [ -63.085417261065423, -33.897014745456289 ] } },
{ "type": "Feature", "properties": { "field_1": 4, "field_2": "8-121-4-CBA", "field_3": "pedalnia_san_martin", "field_4": 4496974.55, "field_5": 6252184.07, "field_6": null, "field_7": null }, "geometry": { "type": "Point", "coordinates": [ -63.032702179206005, -33.874869418476564 ] } },
{ "type": "Feature", "properties": { "field_1": 5, "field_2": "8-121-5-CBA", "field_3": "pedalnia_loboy_cordoba", "field_4": 4500363.35, "field_5": 6255645.81, "field_6": null, "field_7": null }, "geometry": { "type": "Point", "coordinates": [ -62.996075860906693, -33.843664310229094 ] } },
{ "type": "Feature", "properties": { "field_1": 6, "field_2": "8-121-6-CBA", "field_3": "pedalnia_loboy_cordoba", "field_4": 4507967.87, "field_5": 6252367.91, "field_6": null, "field_7": null }, "geometry": { "type": "Point", "coordinates": [ -62.913882902258386, -33.873186260212272 ] } },
{ "type": "Feature", "properties": { "field_1": 7, "field_2": "8-121-7-CBA", "field_3": "pedalnia_san_martin", "field_4": 4491956.74, "field_5": 6255552.21, "field_6": null, "field_7": null }, "geometry": { "type": "Point", "coordinates": [ -63.086906228944962, -33.844477597912558 ] } },
{ "type": "Feature", "properties": { "field_1": 8, "field_2": "8-121-8-CBA", "field_3": "pedalnia_loboy_cordoba", "field_4": 4496302.72, "field_5": 6256502.35, "field_6": null, "field_7": null }, "geometry": { "type": "Point", "coordinates": [ -63.039945504616355, -33.835935724883157 ] } },
{ "type": "Feature", "properties": { "field_1": 1, "field_2": "8-122-1-CBA", "field_3": "pedalnia_san_martin", "field_4": 4492426.51, "field_5": 6246656.9, "field_6": null, "field_7": null }, "geometry": { "type": "Point", "coordinates": [ -63.081907137926194, -33.924676500436227 ] } },
{ "type": "Feature", "properties": { "field_1": 2, "field_2": "8-122-2-CBA", "field_3": "pedalnia_san_martin", "field_4": 4493542.96, "field_5": 6244965.85, "field_6": null, "field_7": null }, "geometry": { "type": "Point", "coordinates": [ -63.069845457059927, -33.93992944090752 ] } },
{ "type": "Feature", "properties": { "field_1": 3, "field_2": "8-122-3-CBA", "field_3": "pedalnia_san_martin", "field_4": 4495781.07, "field_5": 6247647.56, "field_6": null, "field_7": null }, "geometry": { "type": "Point", "coordinates": [ -63.045623643743852, -33.915764062319859 ] } },
{ "type": "Feature", "properties": { "field_1": 4, "field_2": "8-122-4-CBA", "field_3": "pedalnia_san_martin", "field_4": 4500044.42, "field_5": 6246066.67, "field_6": null, "field_7": null }, "geometry": { "type": "Point", "coordinates": [ -62.999521270821596, -33.930024908650822 ] } },
{ "type": "Feature", "properties": { "field_1": 5, "field_2": "8-122-5-CBA", "field_3": "pedalnia_san_martin", "field_4": 4494444.31, "field_5": 6241752.7, "field_6": null, "field_7": null }, "geometry": { "type": "Point", "coordinates": [ -63.060116211315666, -33.968902338045439 ] } },
{ "type": "Feature", "properties": { "field_1": 6, "field_2": "8-122-6-CBA", "field_3": "pedalnia_san_martin", "field_4": 4497510.82, "field_5": 6239180.4, "field_6": null, "field_7": null }, "geometry": { "type": "Point", "coordinates": [ -63.026942815873831, -33.992104233610682 ] } },
{ "type": "Feature", "properties": { "field_1": 7, "field_2": "8-122-7-CBA", "field_3": "pedalnia_san_martin", "field_4": 4500330.23, "field_5": 6239222.08, "field_6": null, "field_7": null }, "geometry": { "type": "Point", "coordinates": [ -62.99642753339554, -33.991731373040224 ] } },
{ "type": "Feature", "properties": { "field_1": 8, "field_2": "8-122-8-CBA", "field_3": "pedalnia_san_martin", "field_4": 4500074.46, "field_5": 6244175.78, "field_6": null, "field_7": null }, "geometry": { "type": "Point", "coordinates": [ -62.999196215030381, -33.947072042982484 ] } },
{ "type": "Feature", "properties": { "field_1": 1, "field_2": "8-123-1-CBA", "field_3": "pedalnia_san_martin", "field_4": 4491862.7, "field_5": 6237205.4, "field_6": null, "field_7": null }, "geometry": { "type": "Point", "coordinates": [ -63.088092405882563, -34.009880879453554 ] } },
{ "type": "Feature", "properties": { "field_1": 2, "field_2": "8-123-2-CBA", "field_3": "pedalnia_san_martin", "field_4": 4496956.06, "field_5": 6237284.48, "field_6": null, "field_7": null }, "geometry": { "type": "Point", "coordinates": [ -63.032953744412367, -34.009195080136827 ] } },
{ "type": "Feature", "properties": { "field_1": 1, "field_2": "8-124-1-CBA", "field_3": "pedalnia_san_martin", "field_4": 4493826.23, "field_5": 6223787.39, "field_6": null, "field_7": null }, "geometry": { "type": "Point", "coordinates": [ -63.066931196539521, -34.130860358397683 ] } },
{ "type": "Feature", "properties": { "field_1": 1, "field_2": "8-125-1-CBA", "field_3": "pedalnia_san_martin", "field_4": 4500797.06, "field_5": 6216637.79, "field_6": null, "field_7": null }, "geometry": { "type": "Point", "coordinates": [ -62.991354242522817, -34.195332463397882 ] } },
{ "type": "Feature", "properties": { "field_1": 1, "field_2": "8-143-1-CBA", "field_3": "pedalnia_san_martin", "field_4": 4509874.76, "field_5": 6250651.93, "field_6": null, "field_7": null }, "geometry": { "type": "Point", "coordinates": [ -62.893253510042001, -33.88864050503323 ] } },
{ "type": "Feature", "properties": { "field_1": 2, "field_2": "8-143-2-CBA", "field_3": "pedalnia_loboy_cordoba", "field_4": 4508600.52, "field_5": 6254624.63, "field_6": null, "field_7": null }, "geometry": { "type": "Point", "coordinates": [ -62.907067110271988, -33.852835828358472 ] } },
{ "type": "Feature", "properties": { "field_1": 3, "field_2": "8-143-3-CBA", "field_3": "pedalnia_san_martin", "field_4": 4505926.25, "field_5": 6251191.92, "field_6": null, "field_7": null }, "geometry": { "type": "Point", "coordinates": [ -62.935941320835852, -33.883801825076326 ] } },
{ "type": "Feature", "properties": { "field_1": 4, "field_2": "8-143-4-CBA", "field_3": "pedalnia_san_martin", "field_4": 4510037.39, "field_5": 6248963.48, "field_6": null, "field_7": null }, "geometry": { "type": "Point", "coordinates": [ -62.891476168635407, -33.903861104502397 ] } },
{ "type": "Feature", "properties": { "field_1": 5, "field_2": "8-143-5-CBA", "field_3": "pedalnia_san_martin", "field_4": 4506916.62, "field_5": 6249306.65, "field_6": null, "field_7": null }, "geometry": { "type": "Point", "coordinates": [ -62.925220996644995, -33.900792377458288 ] } },
{ "type": "Feature", "properties": { "field_1": 1, "field_2": "8-144-1-CBA", "field_3": "pedalnia_san_martin", "field_4": 4509380.92, "field_5": 6239305.45, "field_6": null, "field_7": null }, "geometry": { "type": "Point", "coordinates": [ -62.898470661924485, -33.990937926396036 ] } },
{ "type": "Feature", "properties": { "field_1": 2, "field_2": "8-144-2-CBA", "field_3": "pedalnia_san_martin", "field_4": 4504307.77, "field_5": 6245091.64, "field_6": null, "field_7": null }, "geometry": { "type": "Point", "coordinates": [ -62.953406512907861, -33.938806388285975 ] } },
{ "type": "Feature", "properties": { "field_1": 3, "field_2": "8-144-3-CBA", "field_3": "pedalnia_san_martin", "field_4": 4510261.8, "field_5": 6247286.2, "field_6": null, "field_7": null }, "geometry": { "type": "Point", "coordinates": [ -62.889030227629434, -33.918980337081649 ] } },
{ "type": "Feature", "properties": { "field_1": 4, "field_2": "8-144-4-CBA", "field_3": "pedalnia_san_martin", "field_4": 4507863.66, "field_5": 6241946.59, "field_6": null, "field_7": null }, "geometry": { "type": "Point", "coordinates": [ -62.914915889794457, -33.967139622368755 ] } },
{ "type": "Feature", "properties": { "field_1": 5, "field_2": "8-144-5-CBA", "field_3": "pedalnia_san_martin", "field_4": 4509827.13, "field_5": 6245358.47, "field_6": null, "field_7": null }, "geometry": { "type": "Point", "coordinates": [ -62.893709171854447, -33.936363746854497 ] } },
{ "type": "Feature", "properties": { "field_1": 1, "field_2": "8-145-1-CBA", "field_3": "pedalnia_san_martin", "field_4": 4505257.99, "field_5": 6238123.59, "field_6": null, "field_7": null }, "geometry": { "type": "Point", "coordinates": [ -62.943086588483027, -34.001621496356044 ] } },
{ "type": "Feature", "properties": { "field_1": 2, "field_2": "8-145-2-CBA", "field_3": "pedalnia_san_martin", "field_4": 4507876.06, "field_5": 6238088.42, "field_6": null, "field_7": null }, "geometry": { "type": "Point", "coordinates": [ -62.914746999652372, -34.0019221893386 ] } },
{ "type": "Feature", "properties": { "field_1": 3, "field_2": "8-145-3-CBA", "field_3": "pedalnia_san_martin", "field_4": 4501711.85, "field_5": 6229915.25, "field_6": null, "field_7": null }, "geometry": { "type": "Point", "coordinates": [ -62.981455675226549, -34.075633552405648 ] } },
{ "type": "Feature", "properties": { "field_1": 4, "field_2": "8-145-4-CBA", "field_3": "pedalnia_san_martin", "field_4": 4502607.72, "field_5": 6232292.8, "field_6": null, "field_7": null }, "geometry": { "type": "Point", "coordinates": [ -62.971757017755998, -34.054197576003851 ] } },
{ "type": "Feature", "properties": { "field_1": 1, "field_2": "8-146-1-CBA", "field_3": "pedalnia_san_martin", "field_4": 4510281.26, "field_5": 6226927.06, "field_6": null, "field_7": null }, "geometry": { "type": "Point", "coordinates": [ -62.888580307233099, -34.10252350082704 ] } },
{ "type": "Feature", "properties": { "field_1": 2, "field_2": "8-146-2-CBA", "field_3": "pedalnia_lapaz", "field_4": 4511058.1, "field_5": 6219037.25, "field_6": null, "field_7": null }, "geometry": { "type": "Point", "coordinates": [ -62.880061006167637, -34.173642927405098 ] } },
{ "type": "Feature", "properties": { "field_1": 1, "field_2": "8-147-1-CBA", "field_3": "pedalnia_san_martin", "field_4": 4505892.49, "field_5": 6216881.03, "field_6": null, "field_7": null }, "geometry": { "type": "Point", "coordinates": [ -62.936074627825285, -34.193123299449283 ] } },
{ "type": "Feature", "properties": { "field_1": 1, "field_2": "8-165-1-CBA", "field_3": "pedalnia_loboy_cordoba", "field_4": 4516494.57, "field_5": 6256348.43, "field_6": null, "field_7": null }, "geometry": { "type": "Point", "coordinates": [ -62.821798968354614, -33.83720109917418 ] } },
{ "type": "Feature", "properties": { "field_1": 2, "field_2": "8-165-2-CBA", "field_3": "pedalnia_loboy_cordoba", "field_4": 4512314.58, "field_5": 6253299.78, "field_6": null, "field_7": null }, "geometry": { "type": "Point", "coordinates": [ -62.866915671330297, -33.864743220944241 ] } },
{ "type": "Feature", "properties": { "field_1": 3, "field_2": "8-165-3-CBA", "field_3": "pedalnia_san_martin", "field_4": 4513541.19, "field_5": 6250507.16, "field_6": null, "field_7": null }, "geometry": { "type": "Point", "coordinates": [ -62.853616518075626, -33.889904958814931 ] } },
{ "type": "Feature", "properties": { "field_1": 4, "field_2": "8-165-4-CBA", "field_3": "pedalnia_loboy_cordoba", "field_4": 4516804.2, "field_5": 6252674.56, "field_6": null, "field_7": null }, "geometry": { "type": "Point", "coordinates": [ -62.818383739188, -33.87031792898118 ] } },
{ "type": "Feature", "properties": { "field_1": 5, "field_2": "8-165-5-CBA", "field_3": "pedalnia_lapaz", "field_4": 4520960.37, "field_5": 6248941.16, "field_6": null, "field_7": null }, "geometry": { "type": "Point", "coordinates": [ -62.773375601071145, -33.90390167434802 ] } },
{ "type": "Feature", "properties": { "field_1": 6, "field_2": "8-165-6-CBA", "field_3": "pedalnia_san_martin", "field_4": 4516506.48, "field_5": 6249749.47, "field_6": null, "field_7": null }, "geometry": { "type": "Point", "coordinates": [ -62.821546555674651, -33.896693602570657 ] } },
{ "type": "Feature", "properties": { "field_1": 1, "field_2": "8-166-1-CBA", "field_3": "pedalnia_lapaz", "field_4": 4520485.51, "field_5": 6247180.51, "field_6": null, "field_7": null }, "geometry": { "type": "Point", "coordinates": [ -62.778468747255637, -33.919783932490873 ] } },
{ "type": "Feature", "properties": { "field_1": 2, "field_2": "8-166-2-CBA", "field_3": "pedalnia_san_martin", "field_4": 4513816.58, "field_5": 6246674.39, "field_6": null, "field_7": null }, "geometry": { "type": "Point", "coordinates": [ -62.850579183241216, -33.924455411860876 ] } },
{ "type": "Feature", "properties": { "field_1": 3, "field_2": "8-166-3-CBA", "field_3": "pedalnia_san_martin", "field_4": 4513177.97, "field_5": 6243850.51, "field_6": null, "field_7": null }, "geometry": { "type": "Point", "coordinates": [ -62.857443134302557, -33.949921941542193 ] } },
{ "type": "Feature", "properties": { "field_1": 4, "field_2": "8-166-4-CBA", "field_3": "pedalnia_lapaz", "field_4": 4517855.15, "field_5": 6244221.18, "field_6": null, "field_7": null }, "geometry": { "type": "Point", "coordinates": [ -62.806853424756056, -33.946511237456164 ] } },
{ "type": "Feature", "properties": { "field_1": 5, "field_2": "8-166-5-CBA", "field_3": "pedalnia_lapaz", "field_4": 4520766.85, "field_5": 6241535.74, "field_6": null, "field_7": null }, "geometry": { "type": "Point", "coordinates": [ -62.775292637296658, -33.970667853040347 ] } },
{ "type": "Feature", "properties": { "field_1": 6, "field_2": "8-166-6-CBA", "field_3": "pedalnia_lapaz", "field_4": 4517789.65, "field_5": 6241916.82, "field_6": null, "field_7": null }, "geometry": { "type": "Point", "coordinates": [ -62.807515191655611, -33.967286902250407 ] } },
{ "type": "Feature", "properties": { "field_1": 7, "field_2": "8-166-7-CBA", "field_3": "pedalnia_san_martin", "field_4": 4511632.8, "field_5": 6241762.01, "field_6": null, "field_7": null }, "geometry": { "type": "Point", "coordinates": [ -62.874130935586749, -33.968768723669406 ] } },
{ "type": "Feature", "properties": { "field_1": 8, "field_2": "8-166-8-CBA", "field_3": "pedalnia_lapaz", "field_4": 4520987.16, "field_5": 6238796.72, "field_6": null, "field_7": null }, "geometry": { "type": "Point", "coordinates": [ -62.772843097136807, -33.995356474165661 ] } },
{ "type": "Feature", "properties": { "field_1": 1, "field_2": "8-167-1-CBA", "field_3": "pedalnia_lapaz", "field_4": 4519768.49, "field_5": 6236277.54, "field_6": null, "field_7": null }, "geometry": { "type": "Point", "coordinates": [ -62.785976559783087, -34.018091134356453 ] } },
{ "type": "Feature", "properties": { "field_1": 2, "field_2": "8-167-2-CBA", "field_3": "pedalnia_lapaz", "field_4": 4517004.16, "field_5": 6235991.17, "field_6": null, "field_7": null }, "geometry": { "type": "Point", "coordinates": [ -62.815899078973978, -34.020721266885609 ] } },
{ "type": "Feature", "properties": { "field_1": 3, "field_2": "8-167-3-CBA", "field_3": "pedalnia_lapaz", "field_4": 4519593.77, "field_5": 6231785.5, "field_6": null, "field_7": null }, "geometry": { "type": "Point", "coordinates": [ -62.7877673322728, -34.058591027401967 ] } },
{ "type": "Feature", "properties": { "field_1": 4, "field_2": "8-167-4-CBA", "field_3": "pedalnia_lapaz", "field_4": 4518988.09, "field_5": 6230013.14, "field_6": null, "field_7": null }, "geometry": { "type": "Point", "coordinates": [ -62.794289245482943, -34.074580283474965 ] } },
{ "type": "Feature", "properties": { "field_1": 5, "field_2": "8-167-5-CBA", "field_3": "pedalnia_lapaz", "field_4": 4515823.37, "field_5": 6232326.28, "field_6": null, "field_7": null }, "geometry": { "type": "Point", "coordinates": [ -62.828616907264035, -34.053779521988808 ] } },
{ "type": "Feature", "properties": { "field_1": 1, "field_2": "8-168-1-CBA", "field_3": "pedalnia_lapaz", "field_4": 4515542.25, "field_5": 6224809.43, "field_6": null, "field_7": null }, "geometry": { "type": "Point", "coordinates": [ -62.831527568058696, -34.121549224395835 ] } },
{ "type": "Feature", "properties": { "field_1": 2, "field_2": "8-168-2-CBA", "field_3": "pedalnia_lapaz", "field_4": 4519102.61, "field_5": 6226715.21, "field_6": null, "field_7": null }, "geometry": { "type": "Point", "coordinates": [ -62.792976212761729, -34.104309444248898 ] } },
{ "type": "Feature", "properties": { "field_1": 3, "field_2": "8-168-3-CBA", "field_3": "pedalnia_lapaz", "field_4": 4513141.72, "field_5": 6224274.83, "field_6": null, "field_7": null }, "geometry": { "type": "Point", "coordinates": [ -62.85754055674775, -34.126401637045362 ] } },
{ "type": "Feature", "properties": { "field_1": 1, "field_2": "8-169-1-CBA", "field_3": "pedalnia_lapaz", "field_4": 4520758.84, "field_5": 6215253.93, "field_6": null, "field_7": null }, "geometry": { "type": "Point", "coordinates": [ -62.774752691558668, -34.207601484868192 ] } },
{ "type": "Feature", "properties": { "field_1": 10, "field_2": "8-169-10-CBA", "field_3": "pedalnia_lapaz", "field_4": 4512283.48, "field_5": 6211577.08, "field_6": null, "field_7": null }, "geometry": { "type": "Point", "coordinates": [ -62.866664199773766, -34.240882531620791 ] } },
{ "type": "Feature", "properties": { "field_1": 11, "field_2": "8-169-11-CBA", "field_3": "pedalnia_lapaz", "field_4": 4521109.86, "field_5": 6211899.03, "field_6": null, "field_7": null }, "geometry": { "type": "Point", "coordinates": [ -62.770862009486855, -34.23783856482909 ] } },
{ "type": "Feature", "properties": { "field_1": 12, "field_2": "8-169-12-CBA", "field_3": "pedalnia_lapaz", "field_4": 4516978.57, "field_5": 6215061.15, "field_6": null, "field_7": null }, "geometry": { "type": "Point", "coordinates": [ -62.815767471763984, -34.20940785084936 ] } },
{ "type": "Feature", "properties": { "field_1": 2, "field_2": "8-169-2-CBA", "field_3": "pedalnia_lapaz", "field_4": 4515434.03, "field_5": 6216011.11, "field_6": null, "field_7": null }, "geometry": { "type": "Point", "coordinates": [ -62.832544123609118, -34.200868013990544 ] } },
{ "type": "Feature", "properties": { "field_1": 3, "field_2": "8-169-3-CBA", "field_3": "pedalnia_lapaz", "field_4": 4519526.94, "field_5": 6217149.89, "field_6": null, "field_7": null }, "geometry": { "type": "Point", "coordinates": [ -62.788162401228888, -34.190533300520471 ] } },
{ "type": "Feature", "properties": { "field_1": 4, "field_2": "8-169-4-CBA", "field_3": "pedalnia_lapaz", "field_4": 4519118.31, "field_5": 6210364.1, "field_6": null, "field_7": null }, "geometry": { "type": "Point", "coordinates": [ -62.792445450203012, -34.2517142874702 ] } },
{ "type": "Feature", "properties": { "field_1": 5, "field_2": "8-169-5-CBA", "field_3": "pedalnia_lapaz", "field_4": 4517433.59, "field_5": 6216597.24, "field_6": null, "field_7": null }, "geometry": { "type": "Point", "coordinates": [ -62.810861008892189, -34.195552536444708 ] } },
{ "type": "Feature", "properties": { "field_1": 6, "field_2": "8-169-6-CBA", "field_3": "pedalnia_lapaz", "field_4": 4517457.04, "field_5": 6208769.81, "field_6": null, "field_7": null }, "geometry": { "type": "Point", "coordinates": [ -62.810448556621509, -34.266115832838182 ] } },
{ "type": "Feature", "properties": { "field_1": 7, "field_2": "8-169-7-CBA", "field_3": "pedalnia_lapaz", "field_4": 4512008.65, "field_5": 6215205.7, "field_6": null, "field_7": null }, "geometry": { "type": "Point", "coordinates": [ -62.869697861766284, -34.20817387670273 ] } },
{ "type": "Feature", "properties": { "field_1": 8, "field_2": "8-169-8-CBA", "field_3": "pedalnia_lapaz", "field_4": 4518039.82, "field_5": 6212025.38, "field_6": null, "field_7": null }, "geometry": { "type": "Point", "coordinates": [ -62.804188604599531, -34.236757276128976 ] } },
{ "type": "Feature", "properties": { "field_1": 9, "field_2": "8-169-9-CBA", "field_3": "pedalnia_lapaz", "field_4": 4520253.74, "field_5": 6213125.64, "field_6": null, "field_7": null }, "geometry": { "type": "Point", "coordinates": [ -62.7801835481716, -34.226797805874241 ] } },
{ "type": "Feature", "properties": { "field_1": 1, "field_2": "8-187-1-CBA", "field_3": "pedalnia_tunas_cordoba", "field_4": 4522585.92, "field_5": 6257355.47, "field_6": null, "field_7": null }, "geometry": { "type": "Point", "coordinates": [ -62.756015972959219, -33.82800948371694 ] } },
{ "type": "Feature", "properties": { "field_1": 2, "field_2": "8-187-2-CBA", "field_3": "pedalnia_tunas_cordoba", "field_4": 4530630.32, "field_5": 6255962.14, "field_6": null, "field_7": null }, "geometry": { "type": "Point", "coordinates": [ -62.669068570657878, -33.840368374017885 ] } },
{ "type": "Feature", "properties": { "field_1": 3, "field_2": "8-187-3-CBA", "field_3": "pedalnia_tunas_cordoba", "field_4": 4536164.93, "field_5": 6251992.79, "field_6": null, "field_7": null }, "geometry": { "type": "Point", "coordinates": [ -62.609110196307988, -33.875978307000878 ] } },
{ "type": "Feature", "properties": { "field_1": 4, "field_2": "8-187-4-CBA", "field_3": "pedalnia_tunas_cordoba", "field_4": 4529683.57, "field_5": 6249120.53, "field_6": null, "field_7": null }, "geometry": { "type": "Point", "coordinates": [ -62.679066458206997, -33.902074982362883 ] } },
{ "type": "Feature", "properties": { "field_1": 5, "field_2": "8-187-5-CBA", "field_3": "pedalnia_tunas_cordoba", "field_4": 4521624.29, "field_5": 6251965.99, "field_6": null, "field_7": null }, "geometry": { "type": "Point", "coordinates": [ -62.766271660068782, -33.876618210374708 ] } },
{ "type": "Feature", "properties": { "field_1": 6, "field_2": "8-187-6-CBA", "field_3": "pedalnia_tunas_cordoba", "field_4": 4524262.09, "field_5": 6254511.5, "field_6": null, "field_7": null }, "geometry": { "type": "Point", "coordinates": [ -62.737830924331632, -33.853612005653439 ] } },
{ "type": "Feature", "properties": { "field_1": 7, "field_2": "8-187-7-CBA", "field_3": "pedalnia_tunas_cordoba", "field_4": 4526396.74, "field_5": 6255497.7, "field_6": null, "field_7": null }, "geometry": { "type": "Point", "coordinates": [ -62.71479415700221, -33.844669782708067 ] } },
{ "type": "Feature", "properties": { "field_1": 1, "field_2": "8-188-1-CBA", "field_3": "pedalnia_lapaz", "field_4": 4528394.44, "field_5": 6247216.24, "field_6": null, "field_7": null }, "geometry": { "type": "Point", "coordinates": [ -62.692942641096799, -33.919278277494939 ] } },
{ "type": "Feature", "properties": { "field_1": 2, "field_2": "8-188-2-CBA", "field_3": "pedalnia_lapaz", "field_4": 4524404.99, "field_5": 6242809.98, "field_6": null, "field_7": null }, "geometry": { "type": "Point", "coordinates": [ -62.735961743819708, -33.959102064505934 ] } },
{ "type": "Feature", "properties": { "field_1": 3, "field_2": "8-188-3-CBA", "field_3": "pedalnia_lapaz", "field_4": 4529412.64, "field_5": 6244661.8, "field_6": null, "field_7": null }, "geometry": { "type": "Point", "coordinates": [ -62.681846295000341, -33.942279313721805 ] } },
{ "type": "Feature", "properties": { "field_1": 4, "field_2": "8-188-4-CBA", "field_3": "pedalnia_lapaz", "field_4": 4524239.81, "field_5": 6239287.54, "field_6": null, "field_7": null }, "geometry": { "type": "Point", "coordinates": [ -62.737651311010531, -33.990861580162132 ] } },
{ "type": "Feature", "properties": { "field_1": 5, "field_2": "8-188-5-CBA", "field_3": "pedalnia_lapaz", "field_4": 4530265.52, "field_5": 6243777.79, "field_6": null, "field_7": null }, "geometry": { "type": "Point", "coordinates": [ -62.672590341830933, -33.950224694804859 ] } },
{ "type": "Feature", "properties": { "field_1": 6, "field_2": "8-188-6-CBA", "field_3": "pedalnia_lapaz", "field_4": 4530194.68, "field_5": 6242711.03, "field_6": null, "field_7": null }, "geometry": { "type": "Point", "coordinates": [ -62.673319924777559, -33.959843819612416 ] } },
{ "type": "Feature", "properties": { "field_1": 7, "field_2": "8-188-7-CBA", "field_3": "pedalnia_lapaz", "field_4": 4528655.27, "field_5": 6231232.15, "field_6": null, "field_7": null }, "geometry": { "type": "Point", "coordinates": [ -62.689598518580745, -34.063370875565077 ] } },
{ "type": "Feature", "properties": { "field_1": 1, "field_2": "8-189-1-CBA", "field_3": "pedalnia_lapaz", "field_4": 4522263.06, "field_5": 6231272.35, "field_6": null, "field_7": null }, "geometry": { "type": "Point", "coordinates": [ -62.758841420863057, -34.063163827391094 ] } },
{ "type": "Feature", "properties": { "field_1": 2, "field_2": "8-189-2-CBA", "field_3": "pedalnia_lapaz", "field_4": 4527880.2, "field_5": 6234312.56, "field_6": null, "field_7": null }, "geometry": { "type": "Point", "coordinates": [ -62.69809267020154, -34.035621541438069 ] } },
{ "type": "Feature", "properties": { "field_1": 4, "field_2": "8-189-4-CBA", "field_3": "pedalnia_lapaz", "field_4": 4530038.6, "field_5": 6229421.6, "field_6": null, "field_7": null }, "geometry": { "type": "Point", "coordinates": [ -62.674551636768548, -34.079654341227446 ] } },
{ "type": "Feature", "properties": { "field_1": 1, "field_2": "8-190-1-CBA", "field_3": "pedalnia_lapaz", "field_4": 4524555.36, "field_5": 6220281.11, "field_6": null, "field_7": null }, "geometry": { "type": "Point", "coordinates": [ -62.733700409330176, -34.162199179432243 ] } },
{ "type": "Feature", "properties": { "field_1": 2, "field_2": "8-190-2-CBA", "field_3": "pedalnia_lapaz", "field_4": 4526310.42, "field_5": 6223818.03, "field_6": null, "field_7": null }, "geometry": { "type": "Point", "coordinates": [ -62.714774278725478, -34.130271124829171 ] } },
{ "type": "Feature", "properties": { "field_1": 3, "field_2": "8-190-3-SF", "field_3": "distrito_rufino", "field_4": 4530279.15, "field_5": 6221503.02, "field_6": null, "field_7": null }, "geometry": { "type": "Point", "coordinates": [ -62.671669724284655, -34.151033373085404 ] } },
{ "type": "Feature", "properties": { "field_1": 4, "field_2": "8-190-4-SF", "field_3": "distrito_rufino", "field_4": 4531282.45, "field_5": 6225390.96, "field_6": null, "field_7": null }, "geometry": { "type": "Point", "coordinates": [ -62.660930599823956, -34.115954176381024 ] } },
{ "type": "Feature", "properties": { "field_1": 1, "field_2": "8-191-1-SF", "field_3": "distrito_rufino", "field_4": 4522213.11, "field_5": 6211114.36, "field_6": null, "field_7": null }, "geometry": { "type": "Point", "coordinates": [ -62.758866561909315, -34.244889305877734 ] } },
{ "type": "Feature", "properties": { "field_1": 2, "field_2": "8-191-2-SF", "field_3": "distrito_rufino", "field_4": 4527023.49, "field_5": 6217561.48, "field_6": null, "field_7": null }, "geometry": { "type": "Point", "coordinates": [ -62.706849227781923, -34.186655486811269 ] } },
{ "type": "Feature", "properties": { "field_1": 3, "field_2": "8-191-3-SF", "field_3": "distrito_rufino", "field_4": 4528570.28, "field_5": 6215181.56, "field_6": null, "field_7": null }, "geometry": { "type": "Point", "coordinates": [ -62.689991253563207, -34.208068970002337 ] } },
{ "type": "Feature", "properties": { "field_1": 4, "field_2": "8-191-4-SF", "field_3": "distrito_rufino", "field_4": 4524842.72, "field_5": 6212851.42, "field_6": null, "field_7": null }, "geometry": { "type": "Point", "coordinates": [ -62.730370934092448, -34.229170480139622 ] } },
{ "type": "Feature", "properties": { "field_1": 5, "field_2": "8-191-5-SF", "field_3": "distrito_rufino", "field_4": 4525142.82, "field_5": 6217139.14, "field_6": null, "field_7": null }, "geometry": { "type": "Point", "coordinates": [ -62.727238383957911, -34.190509899259624 ] } },
{ "type": "Feature", "properties": { "field_1": 6, "field_2": "8-191-6-SF", "field_3": "distrito_rufino", "field_4": 4524041.69, "field_5": 6215204.87, "field_6": null, "field_7": null }, "geometry": { "type": "Point", "coordinates": [ -62.739130243178721, -34.207973175524785 ] } },
{ "type": "Feature", "properties": { "field_1": 7, "field_2": "8-191-7-SF", "field_3": "distrito_rufino", "field_4": 4530172.66, "field_5": 6213387.8, "field_6": null, "field_7": null }, "geometry": { "type": "Point", "coordinates": [ -62.672541837346337, -34.224194269986128 ] } },
{ "type": "Feature", "properties": { "field_1": 8, "field_2": "8-191-8-SF", "field_3": "distrito_rufino", "field_4": 4526604.65, "field_5": 6213938.4, "field_6": null, "field_7": null }, "geometry": { "type": "Point", "coordinates": [ -62.711281447845273, -34.219327961550619 ] } },
{ "type": "Feature", "properties": { "field_1": 10, "field_2": "8-201-10-CBA", "field_3": "pedalnia_tunas_cordoba", "field_4": 4531899.04, "field_5": 6258127.35, "field_6": null, "field_7": null }, "geometry": { "type": "Point", "coordinates": [ -62.655439723896585, -33.820810591890329 ] } },
{ "type": "Feature", "properties": { "field_1": 1, "field_2": "8-209-1-CBA", "field_3": "pedalnia_tunas_cordoba", "field_4": 4537108.71, "field_5": 6257554.2, "field_6": null, "field_7": null }, "geometry": { "type": "Point", "coordinates": [ -62.599143752016694, -33.825807691679913 ] } },
{ "type": "Feature", "properties": { "field_1": 2, "field_2": "8-209-2-CBA", "field_3": "pedalnia_tunas_cordoba", "field_4": 4540797.46, "field_5": 6255065.26, "field_6": null, "field_7": null }, "geometry": { "type": "Point", "coordinates": [ -62.559182718220413, -33.848110238891579 ] } },
{ "type": "Feature", "properties": { "field_1": 4, "field_2": "8-209-4-CBA", "field_3": "pedalnia_tunas_cordoba", "field_4": 4541089.22, "field_5": 6251552.16, "field_6": null, "field_7": null }, "geometry": { "type": "Point", "coordinates": [ -62.555866357966231, -33.879770370155327 ] } },
{ "type": "Feature", "properties": { "field_1": 5, "field_2": "8-209-5-CBA", "field_3": "pedalnia_tunas_cordoba", "field_4": 4533074.23, "field_5": 6249795.61, "field_6": null, "field_7": null }, "geometry": { "type": "Point", "coordinates": [ -62.642433043098222, -33.895887985307873 ] } },
{ "type": "Feature", "properties": { "field_1": 6, "field_2": "8-209-6-CBA", "field_3": "pedalnia_tunas_cordoba", "field_4": 4539710.41, "field_5": 6249676.52, "field_6": null, "field_7": null }, "geometry": { "type": "Point", "coordinates": [ -62.570684906503217, -33.896732496308616 ] } },
{ "type": "Feature", "properties": { "field_1": 7, "field_2": "8-209-7-CBA", "field_3": "pedalnia_tunas_cordoba", "field_4": 4537480.48, "field_5": 6248595.8, "field_6": null, "field_7": null }, "geometry": { "type": "Point", "coordinates": [ -62.594746465393904, -33.906557087735017 ] } },
{ "type": "Feature", "properties": { "field_1": 8, "field_2": "8-209-8-CBA", "field_3": "pedalnia_tunas_cordoba", "field_4": 4534866.5, "field_5": 6250088.12, "field_6": null, "field_7": null }, "geometry": { "type": "Point", "coordinates": [ -62.623068601179483, -33.893193168631775 ] } },
{ "type": "Feature", "properties": { "field_1": 9, "field_2": "8-209-9-CBA", "field_3": "pedalnia_tunas_cordoba", "field_4": 4538576.09, "field_5": 6253721.8, "field_6": null, "field_7": null }, "geometry": { "type": "Point", "coordinates": [ -62.58312534330485, -33.860305401952225 ] } },
{ "type": "Feature", "properties": { "field_1": 1, "field_2": "8-210-1-CBA", "field_3": "pedalnia_lapaz", "field_4": 4534271.43, "field_5": 6242905.25, "field_6": null, "field_7": null }, "geometry": { "type": "Point", "coordinates": [ -62.629221178050599, -33.957967929361715 ] } },
{ "type": "Feature", "properties": { "field_1": 2, "field_2": "8-210-2-CBA", "field_3": "pedalnia_lapaz", "field_4": 4539981.7, "field_5": 6244209.27, "field_6": null, "field_7": null }, "geometry": { "type": "Point", "coordinates": [ -62.567503024534567, -33.94601043470054 ] } },
{ "type": "Feature", "properties": { "field_1": 3, "field_2": "8-210-3-CBA", "field_3": "pedalnia_lapaz", "field_4": 4534140.44, "field_5": 6239803.01, "field_6": null, "field_7": null }, "geometry": { "type": "Point", "coordinates": [ -62.630517383362481, -33.985939399571663 ] } },
{ "type": "Feature", "properties": { "field_1": 4, "field_2": "8-210-4-SF", "field_3": "distrito_rufino", "field_4": 4540767.69, "field_5": 6240702.13, "field_6": "El Paraíso", "field_7": null }, "geometry": { "type": "Point", "coordinates": [ -62.558837677201815, -33.977597494923671 ] } },
{ "type": "Feature", "properties": { "field_1": 1, "field_2": "8-211-1-SF", "field_3": "distrito_rufino", "field_4": 4538799.94, "field_5": 6235511.86, "field_6": null, "field_7": null }, "geometry": { "type": "Point", "coordinates": [ -62.579900708813952, -34.024462629775655 ] } },
{ "type": "Feature", "properties": { "field_1": 2, "field_2": "8-211-2-SF", "field_3": "distrito_rufino", "field_4": 4538183.66, "field_5": 6230688.8, "field_6": null, "field_7": null }, "geometry": { "type": "Point", "coordinates": [ -62.586362174141023, -34.067965175489753 ] } },
{ "type": "Feature", "properties": { "field_1": 3, "field_2": "8-211-3-SF", "field_3": "distrito_rufino", "field_4": 4537634.36, "field_5": 6228786.37, "field_6": null, "field_7": null }, "geometry": { "type": "Point", "coordinates": [ -62.592230369705973, -34.085135410552247 ] } },
{ "type": "Feature", "properties": { "field_1": 4, "field_2": "8-211-4-CBA", "field_3": "pedalnia_lapaz", "field_4": 4533474.75, "field_5": 6231929.97, "field_6": null, "field_7": null }, "geometry": { "type": "Point", "coordinates": [ -62.637419990660284, -34.056937070796458 ] } },
{ "type": "Feature", "properties": { "field_1": 1, "field_2": "8-212-1-SF", "field_3": "distrito_amenabar", "field_4": 4539825.26, "field_5": 6224870.98, "field_6": null, "field_7": null }, "geometry": { "type": "Point", "coordinates": [ -62.568313155831746, -34.12035121172589 ] } },
{ "type": "Feature", "properties": { "field_1": 10, "field_2": "8-212-10-SF", "field_3": "distrito_rufino", "field_4": 4540133.4, "field_5": 6223598.22, "field_6": null, "field_7": null }, "geometry": { "type": "Point", "coordinates": [ -62.564914362492196, -34.131813188552869 ] } },
{ "type": "Feature", "properties": { "field_1": 3, "field_2": "8-212-3-SF", "field_3": "distrito_rufino", "field_4": 4536810.42, "field_5": 6221136.45, "field_6": null, "field_7": null }, "geometry": { "type": "Point", "coordinates": [ -62.600833726205948, -34.15412811455198 ] } },
{ "type": "Feature", "properties": { "field_1": 4, "field_2": "8-212-4-SF", "field_3": "distrito_rufino", "field_4": 4533531.41, "field_5": 6226327.94, "field_6": null, "field_7": null }, "geometry": { "type": "Point", "coordinates": [ -62.636590618938889, -34.10743761907375 ] } },
{ "type": "Feature", "properties": { "field_1": 5, "field_2": "8-212-5-SF", "field_3": "distrito_rufino", "field_4": 4532473.8, "field_5": 6221055.7, "field_6": null, "field_7": null }, "geometry": { "type": "Point", "coordinates": [ -62.64785568166284, -34.15499997291068 ] } },
{ "type": "Feature", "properties": { "field_1": 6, "field_2": "8-212-6-SF", "field_3": "distrito_rufino", "field_4": 4540430.11, "field_5": 6219746.77, "field_6": null, "field_7": null }, "geometry": { "type": "Point", "coordinates": [ -62.561518431636827, -34.166521913495181 ] } },
{ "type": "Feature", "properties": { "field_1": 7, "field_2": "8-212-7-SF", "field_3": "distrito_rufino", "field_4": 4536855.12, "field_5": 6223994.63, "field_6": null, "field_7": null }, "geometry": { "type": "Point", "coordinates": [ -62.600470310017442, -34.128360371522199 ] } },
{ "type": "Feature", "properties": { "field_1": 8, "field_2": "8-212-8-SF", "field_3": "distrito_rufino", "field_4": 4534316.27, "field_5": 6224583.64, "field_6": null, "field_7": null }, "geometry": { "type": "Point", "coordinates": [ -62.628015679797542, -34.123136942182875 ] } },
{ "type": "Feature", "properties": { "field_1": 9, "field_2": "8-212-9-SF", "field_3": "distrito_rufino", "field_4": 4535479.86, "field_5": 6227387.79, "field_6": null, "field_7": null }, "geometry": { "type": "Point", "coordinates": [ -62.615517077389136, -34.097818825928378 ] } },
{ "type": "Feature", "properties": { "field_1": 1, "field_2": "8-213-1-SF", "field_3": "distrito_rufino", "field_4": 4534958.23, "field_5": 6209805.6, "field_6": null, "field_7": null }, "geometry": { "type": "Point", "coordinates": [ -62.620460714616222, -34.256337276705978 ] } },
{ "type": "Feature", "properties": { "field_1": 10, "field_2": "8-213-10-CBA", "field_3": "distrito_rufino", "field_4": 4541301.3, "field_5": 6215575.69, "field_6": null, "field_7": null }, "geometry": { "type": "Point", "coordinates": [ -62.551871426625262, -34.204089098359596 ] } },
{ "type": "Feature", "properties": { "field_1": 11, "field_2": "8-213-11-CBA", "field_3": "distrito_rufino", "field_4": 4537069.22, "field_5": 6208760.43, "field_6": null, "field_7": null }, "geometry": { "type": "Point", "coordinates": [ -62.597497334348368, -34.265686075767185 ] } },
{ "type": "Feature", "properties": { "field_1": 12, "field_2": "8-213-12-CBA", "field_3": "distrito_rufino", "field_4": 4534327.57, "field_5": 6210829.12, "field_6": null, "field_7": null }, "geometry": { "type": "Point", "coordinates": [ -62.627348330414044, -34.247131505981166 ] } },
{ "type": "Feature", "properties": { "field_1": 13, "field_2": "8-213-13-CBA", "field_3": "distrito_rufino", "field_4": 4541011.08, "field_5": 6211225.11, "field_6": null, "field_7": null }, "geometry": { "type": "Point", "coordinates": [ -62.55481402266274, -34.243319784097061 ] } },
{ "type": "Feature", "properties": { "field_1": 2, "field_2": "8-213-2-SF", "field_3": "distrito_rufino", "field_4": 4532617.03, "field_5": 6210167.33, "field_6": "Las Ranas", "field_7": null }, "geometry": { "type": "Point", "coordinates": [ -62.64589230777441, -34.25315242782019 ] } },
{ "type": "Feature", "properties": { "field_1": 3, "field_2": "8-213-3-SF", "field_3": "distrito_rufino", "field_4": 4538621.58, "field_5": 6210027.49, "field_6": null, "field_7": null }, "geometry": { "type": "Point", "coordinates": [ -62.580698594323025, -34.254207413879932 ] } },
{ "type": "Feature", "properties": { "field_1": 4, "field_2": "8-213-4-SF", "field_3": "distrito_rufino", "field_4": 4541183.84, "field_5": 6210421.04, "field_6": null, "field_7": null }, "geometry": { "type": "Point", "coordinates": [ -62.552900380777871, -34.250561389920463 ] } },
{ "type": "Feature", "properties": { "field_1": 5, "field_2": "8-213-5-SF", "field_3": "distrito_rufino", "field_4": 4538905.44, "field_5": 6211400.73, "field_6": null, "field_7": null }, "geometry": { "type": "Point", "coordinates": [ -62.577678727487168, -34.241817483986779 ] } },
{ "type": "Feature", "properties": { "field_1": 6, "field_2": "8-213-6-SF", "field_3": "distrito_rufino", "field_4": 4540616.12, "field_5": 6213768.72, "field_6": null, "field_7": null }, "geometry": { "type": "Point", "coordinates": [ -62.559220814173017, -34.220405383872027 ] } },
{ "type": "Feature", "properties": { "field_1": 7, "field_2": "8-213-7-SF", "field_3": "distrito_rufino", "field_4": 4532794.12, "field_5": 6216644.62, "field_6": null, "field_7": null }, "geometry": { "type": "Point", "coordinates": [ -62.644215342118777, -34.194755324513331 ] } },
{ "type": "Feature", "properties": { "field_1": 8, "field_2": "8-213-8-SF", "field_3": "distrito_rufino", "field_4": 4534509.16, "field_5": 6214612.36, "field_6": null, "field_7": false }, "geometry": { "type": "Point", "coordinates": [ -62.625528054845624, -34.21302041582792 ] } },
{ "type": "Feature", "properties": { "field_1": 9, "field_2": "8-213-9-SF", "field_3": "distrito_rufino", "field_4": 4536452.37, "field_5": 6216831.55, "field_6": null, "field_7": null }, "geometry": { "type": "Point", "coordinates": [ -62.604535315258452, -34.192948674747015 ] } },
{ "type": "Feature", "properties": { "field_1": 5, "field_2": "8-232-5-SF", "field_3": "distrito_amenabar", "field_4": 4543257.56, "field_5": 6243475.59, "field_6": null, "field_7": null }, "geometry": { "type": "Point", "coordinates": [ -62.532031481901377, -33.952495037666829 ] } },
{ "type": "Feature", "properties": { "field_1": 1, "field_2": "9-126-1-CBA", "field_3": "pedalnia_san_martin", "field_4": 4492760.64, "field_5": 6207141.48, "field_6": null, "field_7": null }, "geometry": { "type": "Point", "coordinates": [ -63.078622398219139, -34.280916429934678 ] } },
{ "type": "Feature", "properties": { "field_1": 2, "field_2": "9-126-2-CBA", "field_3": "pedalnia_san_martin", "field_4": 4493240.44, "field_5": 6204979.47, "field_6": null, "field_7": null }, "geometry": { "type": "Point", "coordinates": [ -63.073428644355708, -34.300409918980293 ] } },
{ "type": "Feature", "properties": { "field_1": 3, "field_2": "9-126-3-CBA", "field_3": "pedalnia_san_martin", "field_4": 4493543.87, "field_5": 6201027.61, "field_6": null, "field_7": null }, "geometry": { "type": "Point", "coordinates": [ -63.070162220348919, -34.336037228582676 ] } },
{ "type": "Feature", "properties": { "field_1": 4, "field_2": "9-126-4-CBA", "field_3": "pedalnia_san_martin", "field_4": 4496419.41, "field_5": 6202018.13, "field_6": null, "field_7": null }, "geometry": { "type": "Point", "coordinates": [ -63.038908831695601, -34.32712178351526 ] } },
{ "type": "Feature", "properties": { "field_1": 5, "field_2": "9-126-5-CBA", "field_3": "pedalnia_san_martin", "field_4": 4500325.18, "field_5": 6203095.66, "field_6": null, "field_7": null }, "geometry": { "type": "Point", "coordinates": [ -62.996468660956786, -34.317414153906377 ] } },
{ "type": "Feature", "properties": { "field_1": 1, "field_2": "9-127-1-CBA", "field_3": "pedalnia_san_martin", "field_4": 4498088.05, "field_5": 6197324.57, "field_6": null, "field_7": null }, "geometry": { "type": "Point", "coordinates": [ -63.020787625909833, -34.369437706683456 ] } },
{ "type": "Feature", "properties": { "field_1": 2, "field_2": "9-127-2-BA", "field_3": "partido_gral_villegas", "field_4": 4499518.04, "field_5": 6194676.2, "field_6": null, "field_7": null }, "geometry": { "type": "Point", "coordinates": [ -63.005242857614483, -34.393313757834711 ] } },
{ "type": "Feature", "properties": { "field_1": 3, "field_2": "9-127-3-CBA", "field_3": "pedalnia_san_martin", "field_4": 4492444.38, "field_5": 6198066.63, "field_6": null, "field_7": null }, "geometry": { "type": "Point", "coordinates": [ -63.082136694568277, -34.362722411648235 ] } },
{ "type": "Feature", "properties": { "field_1": 4, "field_2": "9-127-4-CBA", "field_3": "pedalnia_san_martin", "field_4": 4495093.93, "field_5": 6196437.9, "field_6": null, "field_7": null }, "geometry": { "type": "Point", "coordinates": [ -63.053343510833209, -34.377420967008725 ] } },
{ "type": "Feature", "properties": { "field_1": 5, "field_2": "9-127-5-BA", "field_3": "partido_gral_villegas", "field_4": 4493998.56, "field_5": 6189773.89, "field_6": null, "field_7": null }, "geometry": { "type": "Point", "coordinates": [ -63.065299702799024, -34.437489297147131 ] } },
{ "type": "Feature", "properties": { "field_1": 1, "field_2": "9-128-1-BA", "field_3": "partido_gral_villegas", "field_4": 4497978.3, "field_5": 6182214.38, "field_6": null, "field_7": null }, "geometry": { "type": "Point", "coordinates": [ -63.022016478710341, -34.505650847515845 ] } },
{ "type": "Feature", "properties": { "field_1": 2, "field_2": "9-128-2-BA", "field_3": "partido_gral_villegas", "field_4": 4500389.4, "field_5": 6183390.55, "field_6": null, "field_7": null }, "geometry": { "type": "Point", "coordinates": [ -62.99576197064485, -34.495050083792322 ] } },
{ "type": "Feature", "properties": { "field_1": 1, "field_2": "9-129-1-BA", "field_3": "partido_gral_villegas", "field_4": 4500471.27, "field_5": 6172717.88, "field_6": null, "field_7": null }, "geometry": { "type": "Point", "coordinates": [ -62.994864675867106, -34.591258969436936 ] } },
{ "type": "Feature", "properties": { "field_1": 2, "field_2": "9-129-2-BA", "field_3": "partido_gral_villegas", "field_4": 4499234.18, "field_5": 6172333.34, "field_6": null, "field_7": null }, "geometry": { "type": "Point", "coordinates": [ -63.008349793989041, -34.594725204221803 ] } },
{ "type": "Feature", "properties": { "field_1": 3, "field_2": "9-129-3-BA", "field_3": "partido_gral_villegas", "field_4": 4492885.24, "field_5": 6174819.28, "field_6": null, "field_7": null }, "geometry": { "type": "Point", "coordinates": [ -63.077537784235389, -34.572291474326811 ] } },
{ "type": "Feature", "properties": { "field_1": 4, "field_2": "9-129-4-BA", "field_3": "partido_gral_villegas", "field_4": 4497523.0, "field_5": 6176270.44, "field_6": null, "field_7": null }, "geometry": { "type": "Point", "coordinates": [ -63.026991633641281, -34.559231664887854 ] } },
{ "type": "Feature", "properties": { "field_1": 5, "field_2": "9-129-5-BA", "field_3": "partido_gral_villegas", "field_4": 4497754.46, "field_5": 6172939.28, "field_6": null, "field_7": null }, "geometry": { "type": "Point", "coordinates": [ -63.024478395439097, -34.589260824895732 ] } },
{ "type": "Feature", "properties": { "field_1": 1, "field_2": "9-130-1-BA", "field_3": "partido_gral_villegas", "field_4": 4494805.56, "field_5": 6167591.8, "field_6": null, "field_7": null }, "geometry": { "type": "Point", "coordinates": [ -63.056654533715673, -34.637454492515694 ] } },
{ "type": "Feature", "properties": { "field_1": 2, "field_2": "9-130-2-BA", "field_3": "partido_gral_villegas", "field_4": 4500120.32, "field_5": 6162798.17, "field_6": null, "field_7": null }, "geometry": { "type": "Point", "coordinates": [ -62.998688763522125, -34.680679060563136 ] } },
{ "type": "Feature", "properties": { "field_1": 3, "field_2": "9-130-3-BA", "field_3": "partido_gral_villegas", "field_4": 4500130.6, "field_5": 6164055.67, "field_6": null, "field_7": null }, "geometry": { "type": "Point", "coordinates": [ -62.998576781043319, -34.669343554911904 ] } },
{ "type": "Feature", "properties": { "field_1": 4, "field_2": "9-130-4-BA", "field_3": "partido_gral_villegas", "field_4": 4492712.24, "field_5": 6160837.83, "field_6": null, "field_7": null }, "geometry": { "type": "Point", "coordinates": [ -63.07954334725266, -34.698324193565711 ] } },
{ "type": "Feature", "properties": { "field_1": 1, "field_2": "9-148-1-CBA", "field_3": "pedalnia_lapaz", "field_4": 4507688.34, "field_5": 6204093.03, "field_6": null, "field_7": null }, "geometry": { "type": "Point", "coordinates": [ -62.916477812141501, -34.30839458768893 ] } },
{ "type": "Feature", "properties": { "field_1": 2, "field_2": "9-148-2-CBA", "field_3": "pedalnia_lapaz", "field_4": 4509489.01, "field_5": 6199829.19, "field_6": null, "field_7": null }, "geometry": { "type": "Point", "coordinates": [ -62.896868864408049, -34.346817423290837 ] } },
{ "type": "Feature", "properties": { "field_1": 3, "field_2": "9-148-3-CBA", "field_3": "pedalnia_lapaz", "field_4": 4507311.38, "field_5": 6199723.11, "field_6": null, "field_7": null }, "geometry": { "type": "Point", "coordinates": [ -62.920535862207466, -34.347791361107575 ] } },
{ "type": "Feature", "properties": { "field_1": 4, "field_2": "9-148-4-CBA", "field_3": "pedalnia_san_martin", "field_4": 4501488.69, "field_5": 6207271.67, "field_6": null, "field_7": null }, "geometry": { "type": "Point", "coordinates": [ -62.983834487344609, -34.279766935004808 ] } },
{ "type": "Feature", "properties": { "field_1": 1, "field_2": "9-149-1-BA", "field_3": "partido_gral_villegas", "field_4": 4504492.4, "field_5": 6192182.91, "field_6": null, "field_7": null }, "geometry": { "type": "Point", "coordinates": [ -62.951135275863912, -34.415780415275279 ] } },
{ "type": "Feature", "properties": { "field_1": 2, "field_2": "9-149-2-BA", "field_3": "partido_gral_villegas", "field_4": 4507226.97, "field_5": 6195261.4, "field_6": null, "field_7": null }, "geometry": { "type": "Point", "coordinates": [ -62.92141574991237, -34.388013212165987 ] } },
{ "type": "Feature", "properties": { "field_1": 3, "field_2": "9-149-3-CBA", "field_3": "pedalnia_lapaz", "field_4": 4508450.52, "field_5": 6195791.02, "field_6": null, "field_7": null }, "geometry": { "type": "Point", "coordinates": [ -62.908116117494814, -34.383229561152099 ] } },
{ "type": "Feature", "properties": { "field_1": 4, "field_2": "9-149-4-CBA", "field_3": "pedalnia_san_martin", "field_4": 4504271.91, "field_5": 6197721.44, "field_6": null, "field_7": null }, "geometry": { "type": "Point", "coordinates": [ -62.953561252805294, -34.365852970190119 ] } },
{ "type": "Feature", "properties": { "field_1": 1, "field_2": "9-150-1-BA", "field_3": "partido_gral_villegas", "field_4": 4509721.3, "field_5": 6181789.0, "field_6": null, "field_7": null }, "geometry": { "type": "Point", "coordinates": [ -62.894139371245387, -34.509441582619054 ] } },
{ "type": "Feature", "properties": { "field_1": 1, "field_2": "9-151-1-BA", "field_3": "partido_gral_villegas", "field_4": 4507028.55, "field_5": 6177628.82, "field_6": null, "field_7": null }, "geometry": { "type": "Point", "coordinates": [ -62.923428346978746, -34.546965526506561 ] } },
{ "type": "Feature", "properties": { "field_1": 2, "field_2": "9-151-2-BA", "field_3": "partido_gral_villegas", "field_4": 4510163.23, "field_5": 6175881.24, "field_6": null, "field_7": null }, "geometry": { "type": "Point", "coordinates": [ -62.889256385119182, -34.562692858096391 ] } },
{ "type": "Feature", "properties": { "field_1": 3, "field_2": "9-151-3-BA", "field_3": "partido_gral_villegas", "field_4": 4509237.36, "field_5": 6168589.49, "field_6": null, "field_7": null }, "geometry": { "type": "Point", "coordinates": [ -62.899265950894673, -34.628432499398777 ] } },
{ "type": "Feature", "properties": { "field_1": 4, "field_2": "9-151-4-BA", "field_3": "partido_gral_villegas", "field_4": 4511007.62, "field_5": 6170746.84, "field_6": null, "field_7": null }, "geometry": { "type": "Point", "coordinates": [ -62.879988846247954, -34.608967853564785 ] } },
{ "type": "Feature", "properties": { "field_1": 5, "field_2": "9-151-5-BA", "field_3": "partido_gral_villegas", "field_4": 4504036.11, "field_5": 6176201.27, "field_6": null, "field_7": null }, "geometry": { "type": "Point", "coordinates": [ -62.956023051448511, -34.559850260337832 ] } },
{ "type": "Feature", "properties": { "field_1": 6, "field_2": "9-151-6-BA", "field_3": "partido_gral_villegas", "field_4": 4504536.68, "field_5": 6176360.33, "field_6": null, "field_7": null }, "geometry": { "type": "Point", "coordinates": [ -62.950569541903953, -34.558414329691246 ] } },
{ "type": "Feature", "properties": { "field_1": 7, "field_2": "9-151-7-BA", "field_3": "partido_gral_villegas", "field_4": 4503834.28, "field_5": 6173891.92, "field_6": null, "field_7": null }, "geometry": { "type": "Point", "coordinates": [ -62.958211836950269, -34.580668599674311 ] } },
{ "type": "Feature", "properties": { "field_1": 2, "field_2": "9-152-2-BA", "field_3": "partido_gral_villegas", "field_4": 4506461.96, "field_5": 6159515.98, "field_6": null, "field_7": null }, "geometry": { "type": "Point", "coordinates": [ -62.929463073923337, -34.710245254514653 ] } },
{ "type": "Feature", "properties": { "field_1": 3, "field_2": "9-152-3-BA", "field_3": "partido_gral_villegas", "field_4": 4507510.75, "field_5": 6166211.07, "field_6": null, "field_7": null }, "geometry": { "type": "Point", "coordinates": [ -62.918073971676435, -34.649886533521673 ] } },
{ "type": "Feature", "properties": { "field_1": 4, "field_2": "9-152-4-BA", "field_3": "partido_gral_villegas", "field_4": 4511158.64, "field_5": 6167900.31, "field_6": null, "field_7": null }, "geometry": { "type": "Point", "coordinates": [ -62.878304871188128, -34.634625914706831 ] } },
{ "type": "Feature", "properties": { "field_1": 5, "field_2": "9-152-5-BA", "field_3": "partido_gral_villegas", "field_4": 4510648.13, "field_5": 6163241.03, "field_6": null, "field_7": null }, "geometry": { "type": "Point", "coordinates": [ -62.883813920671905, -34.676631619763207 ] } },
{ "type": "Feature", "properties": { "field_1": 1, "field_2": "9-170-1-CBA", "field_3": "pedalnia_lapaz", "field_4": 4512046.97, "field_5": 6205317.68, "field_6": null, "field_7": null }, "geometry": { "type": "Point", "coordinates": [ -62.869144137670624, -34.297313122876375 ] } },
{ "type": "Feature", "properties": { "field_1": 3, "field_2": "9-170-3-CBA", "field_3": "pedalnia_lapaz", "field_4": 4515715.76, "field_5": 6203834.11, "field_6": null, "field_7": null }, "geometry": { "type": "Point", "coordinates": [ -62.829265787252297, -34.310638203464457 ] } },
{ "type": "Feature", "properties": { "field_1": 5, "field_2": "9-170-5-SF", "field_3": "distrito_rufino", "field_4": 4520340.55, "field_5": 6198656.97, "field_6": null, "field_7": null }, "geometry": { "type": "Point", "coordinates": [ -62.778899975932887, -34.357228516572427 ] } },
{ "type": "Feature", "properties": { "field_1": 6, "field_2": "9-170-6-SF", "field_3": "distrito_rufino", "field_4": 4520879.06, "field_5": 6201196.04, "field_6": null, "field_7": null }, "geometry": { "type": "Point", "coordinates": [ -62.773108076191178, -34.334328765312549 ] } },
{ "type": "Feature", "properties": { "field_1": 7, "field_2": "9-170-7-SF", "field_3": "distrito_rufino", "field_4": 4519438.3, "field_5": 6204010.74, "field_6": null, "field_7": null }, "geometry": { "type": "Point", "coordinates": [ -62.788828342503322, -34.308982876970994 ] } },
{ "type": "Feature", "properties": { "field_1": 1, "field_2": "9-171-1-BA", "field_3": "partido_gral_villegas", "field_4": 4520435.77, "field_5": 6193974.32, "field_6": null, "field_7": null }, "geometry": { "type": "Point", "coordinates": [ -62.777753456763726, -34.399439272976323 ] } },
{ "type": "Feature", "properties": { "field_1": 10, "field_2": "9-171-10-SF", "field_3": "distrito_rufino", "field_4": 4520214.51, "field_5": 6197340.46, "field_6": null, "field_7": null }, "geometry": { "type": "Point", "coordinates": [ -62.780239040467947, -34.369098942071119 ] } },
{ "type": "Feature", "properties": { "field_1": 11, "field_2": "9-171-11-BA", "field_3": "partido_gral_villegas", "field_4": 4515162.87, "field_5": 6192892.76, "field_6": null, "field_7": null }, "geometry": { "type": "Point", "coordinates": [ -62.835079253896723, -34.409279919036344 ] } },
{ "type": "Feature", "properties": { "field_1": 12, "field_2": "9-171-12-BA", "field_3": "partido_gral_villegas", "field_4": 4515534.45, "field_5": 6193800.41, "field_6": null, "field_7": null }, "geometry": { "type": "Point", "coordinates": [ -62.831054142071721, -34.401092231816861 ] } },
{ "type": "Feature", "properties": { "field_1": 13, "field_2": "9-171-13-BA", "field_3": "partido_gral_villegas", "field_4": 4516661.32, "field_5": 6192559.17, "field_6": null, "field_7": null }, "geometry": { "type": "Point", "coordinates": [ -62.818774600382781, -34.41226406274 ] } },
{ "type": "Feature", "properties": { "field_1": 14, "field_2": "9-171-14-BA", "field_3": "partido_gral_villegas", "field_4": 4518172.29, "field_5": 6191709.31, "field_6": null, "field_7": null }, "geometry": { "type": "Point", "coordinates": [ -62.802321661921219, -34.419899798513342 ] } },
{ "type": "Feature", "properties": { "field_1": 15, "field_2": "9-171-15-BA", "field_3": "partido_gral_villegas", "field_4": 4519519.14, "field_5": 6191591.16, "field_6": null, "field_7": null }, "geometry": { "type": "Point", "coordinates": [ -62.787667882372126, -34.420940321618922 ] } },
{ "type": "Feature", "properties": { "field_1": 2, "field_2": "9-171-2-BA", "field_3": "partido_gral_villegas", "field_4": 4518898.55, "field_5": 6192897.82, "field_6": null, "field_7": null }, "geometry": { "type": "Point", "coordinates": [ -62.794447589250034, -34.409172780072325 ] } },
{ "type": "Feature", "properties": { "field_1": 3, "field_2": "9-171-3-BA", "field_3": "partido_gral_villegas", "field_4": 4517001.37, "field_5": 6188733.06, "field_6": null, "field_7": null }, "geometry": { "type": "Point", "coordinates": [ -62.814999879290873, -34.446749507125134 ] } },
{ "type": "Feature", "properties": { "field_1": 4, "field_2": "9-171-4-BA", "field_3": "partido_gral_villegas", "field_4": 4511713.82, "field_5": 6188910.91, "field_6": null, "field_7": null }, "geometry": { "type": "Point", "coordinates": [ -62.872539076193164, -34.44521977188797 ] } },
{ "type": "Feature", "properties": { "field_1": 5, "field_2": "9-171-5-BA", "field_3": "partido_gral_villegas", "field_4": 4511632.87, "field_5": 6189610.15, "field_6": null, "field_7": null }, "geometry": { "type": "Point", "coordinates": [ -62.873429428932752, -34.438917289961275 ] } },
{ "type": "Feature", "properties": { "field_1": 6, "field_2": "9-171-6-BA", "field_3": "partido_gral_villegas", "field_4": 4513644.74, "field_5": 6189760.15, "field_6": null, "field_7": null }, "geometry": { "type": "Point", "coordinates": [ -62.851541585109644, -34.4375404774974 ] } },
{ "type": "Feature", "properties": { "field_1": 7, "field_2": "9-171-7-BA", "field_3": "partido_gral_villegas", "field_4": 4514199.26, "field_5": 6188936.29, "field_6": null, "field_7": null }, "geometry": { "type": "Point", "coordinates": [ -62.84549453827649, -34.444959797524113 ] } },
{ "type": "Feature", "properties": { "field_1": 8, "field_2": "9-171-8-BA", "field_3": "partido_gral_villegas", "field_4": 4519519.14, "field_5": 6191591.16, "field_6": null, "field_7": null }, "geometry": { "type": "Point", "coordinates": [ -62.787667882372126, -34.420940321618922 ] } },
{ "type": "Feature", "properties": { "field_1": 9, "field_2": "9-171-9-BA", "field_3": "partido_gral_villegas", "field_4": 4513395.71, "field_5": 6190851.77, "field_6": null, "field_7": null }, "geometry": { "type": "Point", "coordinates": [ -62.854268202991463, -34.427703168072028 ] } },
{ "type": "Feature", "properties": { "field_1": 1, "field_2": "9-172-1-BA", "field_3": "partido_gral_villegas", "field_4": 4514279.54, "field_5": 6179611.3, "field_6": null, "field_7": null }, "geometry": { "type": "Point", "coordinates": [ -62.844465023349358, -34.52901939614889 ] } },
{ "type": "Feature", "properties": { "field_1": 2, "field_2": "9-172-2-BA", "field_3": "partido_gral_villegas", "field_4": 4514025.29, "field_5": 6180405.07, "field_6": null, "field_7": null }, "geometry": { "type": "Point", "coordinates": [ -62.847247439913296, -34.521867446260039 ] } },
{ "type": "Feature", "properties": { "field_1": 1, "field_2": "9-173-1-BA", "field_3": "partido_gral_villegas", "field_4": 4511932.39, "field_5": 6176768.37, "field_6": null, "field_7": null }, "geometry": { "type": "Point", "coordinates": [ -62.869990923037264, -34.554676845035992 ] } },
{ "type": "Feature", "properties": { "field_1": 10, "field_2": "9-173-10-BA", "field_3": "partido_gral_villegas", "field_4": 4515187.58, "field_5": 6169322.65, "field_6": null, "field_7": null }, "geometry": { "type": "Point", "coordinates": [ -62.834390615217188, -34.621752688945357 ] } },
{ "type": "Feature", "properties": { "field_1": 11, "field_2": "9-173-11-BA", "field_3": "partido_gral_villegas", "field_4": 4517136.18, "field_5": 6171171.94, "field_6": null, "field_7": null }, "geometry": { "type": "Point", "coordinates": [ -62.813179790570416, -34.605051824945505 ] } },
{ "type": "Feature", "properties": { "field_1": 12, "field_2": "9-173-12-BA", "field_3": "partido_gral_villegas", "field_4": 4513824.11, "field_5": 6177081.54, "field_6": null, "field_7": null }, "geometry": { "type": "Point", "coordinates": [ -62.849384607566861, -34.551830097584627 ] } },
{ "type": "Feature", "properties": { "field_1": 13, "field_2": "9-173-13-BA", "field_3": "partido_gral_villegas", "field_4": 4517598.76, "field_5": 6170923.53, "field_6": null, "field_7": null }, "geometry": { "type": "Point", "coordinates": [ -62.808131528878206, -34.607283258458416 ] } },
{ "type": "Feature", "properties": { "field_1": 3, "field_2": "9-173-3-BA", "field_3": "partido_gral_villegas", "field_4": 4512020.38, "field_5": 6171761.8, "field_6": null, "field_7": null }, "geometry": { "type": "Point", "coordinates": [ -62.868961417413615, -34.599807238963102 ] } },
{ "type": "Feature", "properties": { "field_1": 6, "field_2": "9-173-6-BA", "field_3": "partido_gral_villegas", "field_4": 4513293.26, "field_5": 6172156.41, "field_6": null, "field_7": null }, "geometry": { "type": "Point", "coordinates": [ -62.855091318958031, -34.596234375072505 ] } },
{ "type": "Feature", "properties": { "field_1": 7, "field_2": "9-173-7-BA", "field_3": "partido_gral_villegas", "field_4": 4516626.4, "field_5": 6173899.25, "field_6": null, "field_7": null }, "geometry": { "type": "Point", "coordinates": [ -62.818790874132411, -34.580475160569769 ] } },
{ "type": "Feature", "properties": { "field_1": 8, "field_2": "9-173-8-BA", "field_3": "partido_gral_villegas", "field_4": 4515759.77, "field_5": 6174691.97, "field_6": null, "field_7": null }, "geometry": { "type": "Point", "coordinates": [ -62.828250918014412, -34.573342905423814 ] } },
{ "type": "Feature", "properties": { "field_1": 9, "field_2": "9-173-9-BA", "field_3": "partido_gral_villegas", "field_4": 4519310.66, "field_5": 6176514.45, "field_6": null, "field_7": null }, "geometry": { "type": "Point", "coordinates": [ -62.789594724711748, -34.556853724141504 ] } },
{ "type": "Feature", "properties": { "field_1": 1, "field_2": "9-174-1-BA", "field_3": "partido_gral_villegas", "field_4": 4511933.14, "field_5": 6166270.1, "field_6": null, "field_7": null }, "geometry": { "type": "Point", "coordinates": [ -62.869835183724987, -34.649312466861652 ] } },
{ "type": "Feature", "properties": { "field_1": 2, "field_2": "9-174-2-BA", "field_3": "partido_gral_villegas", "field_4": 4515514.78, "field_5": 6164171.82, "field_6": null, "field_7": null }, "geometry": { "type": "Point", "coordinates": [ -62.830728384275943, -34.66817903673482 ] } },
{ "type": "Feature", "properties": { "field_1": 3, "field_2": "9-174-3-BA", "field_3": "partido_gral_villegas", "field_4": 4513878.83, "field_5": 6159817.36, "field_6": null, "field_7": null }, "geometry": { "type": "Point", "coordinates": [ -62.84850579665833, -34.707454777632705 ] } },
{ "type": "Feature", "properties": { "field_1": 4, "field_2": "9-174-4-BA", "field_3": "partido_gral_villegas", "field_4": 4520793.15, "field_5": 6158989.73, "field_6": null, "field_7": null }, "geometry": { "type": "Point", "coordinates": [ -62.773011824824046, -34.714797986877045 ] } },
{ "type": "Feature", "properties": { "field_1": 5, "field_2": "9-174-5-BA", "field_3": "partido_gral_villegas", "field_4": 4520327.23, "field_5": 6164138.9999999991, "field_6": null, "field_7": null }, "geometry": { "type": "Point", "coordinates": [ -62.77822187907622, -34.668390676666078 ] } },
{ "type": "Feature", "properties": { "field_1": 6, "field_2": "9-174-6-BA", "field_3": "partido_gral_villegas", "field_4": 4519644.93, "field_5": 6159958.28, "field_6": null, "field_7": null }, "geometry": { "type": "Point", "coordinates": [ -62.785568901864337, -34.706089988906733 ] } },
{ "type": "Feature", "properties": { "field_1": 7, "field_2": "9-174-7-BA", "field_3": "partido_gral_villegas", "field_4": 4514473.08, "field_5": 6167080.53, "field_6": null, "field_7": null }, "geometry": { "type": "Point", "coordinates": [ -62.842143484947819, -34.641974265433767 ] } },
{ "type": "Feature", "properties": { "field_1": 8, "field_2": "9-174-8-BA", "field_3": "partido_gral_villegas", "field_4": 4517548.64, "field_5": 6160224.9, "field_6": null, "field_7": null }, "geometry": { "type": "Point", "coordinates": [ -62.80845622249312, -34.703724734469418 ] } },
{ "type": "Feature", "properties": { "field_1": 1, "field_2": "9-192-1-SF", "field_3": "distrito_rufino", "field_4": 4523053.27, "field_5": 6207112.01, "field_6": "Salada Norte", "field_7": null }, "geometry": { "type": "Point", "coordinates": [ -62.749639369536574, -34.280951574900676 ] } },
{ "type": "Feature", "properties": { "field_1": 10, "field_2": "9-192-10-SF", "field_3": "distrito_rufino", "field_4": 4522132.81, "field_5": 6198682.63, "field_6": null, "field_7": null }, "geometry": { "type": "Point", "coordinates": [ -62.759418920596787, -34.356960462953168 ] } },
{ "type": "Feature", "properties": { "field_1": 2, "field_2": "9-192-2-SF", "field_3": "distrito_rufino", "field_4": 4521753.23, "field_5": 6206249.2, "field_6": null, "field_7": null }, "geometry": { "type": "Point", "coordinates": [ -62.76373614478215, -34.288757680508539 ] } },
{ "type": "Feature", "properties": { "field_1": 3, "field_2": "9-192-3-SF", "field_3": "distrito_rufino", "field_4": 4528482.67, "field_5": 6198904.93, "field_6": null, "field_7": null }, "geometry": { "type": "Point", "coordinates": [ -62.690404347632835, -34.354801402090125 ] } },
{ "type": "Feature", "properties": { "field_1": 4, "field_2": "9-192-4-SF", "field_3": "distrito_rufino", "field_4": 4528188.75, "field_5": 6203827.79, "field_6": null, "field_7": null }, "geometry": { "type": "Point", "coordinates": [ -62.693760426847689, -34.310431360829043 ] } },
{ "type": "Feature", "properties": { "field_1": 5, "field_2": "9-192-5-SF", "field_3": "distrito_rufino", "field_4": 4527387.08, "field_5": 6202313.12, "field_6": null, "field_7": null }, "geometry": { "type": "Point", "coordinates": [ -62.702421445097073, -34.324107156983878 ] } },
{ "type": "Feature", "properties": { "field_1": 6, "field_2": "9-192-6-SF", "field_3": "distrito_rufino", "field_4": 4525654.32, "field_5": 6201712.17, "field_6": null, "field_7": null }, "geometry": { "type": "Point", "coordinates": [ -62.72123100611487, -34.32956885517212 ] } },
{ "type": "Feature", "properties": { "field_1": 7, "field_2": "9-192-7-SF", "field_3": "distrito_rufino", "field_4": 4523741.45, "field_5": 6201808.22, "field_6": null, "field_7": null }, "geometry": { "type": "Point", "coordinates": [ -62.742019517956699, -34.328748541418385 ] } },
{ "type": "Feature", "properties": { "field_1": 8, "field_2": "9-192-8-SF", "field_3": "distrito_rufino", "field_4": 4526520.63, "field_5": 6198854.66, "field_6": null, "field_7": null }, "geometry": { "type": "Point", "coordinates": [ -62.711729285855405, -34.355306645482813 ] } },
{ "type": "Feature", "properties": { "field_1": 9, "field_2": "9-192-9-SF", "field_3": "distrito_rufino", "field_4": 4524140.83, "field_5": 6198490.8, "field_6": null, "field_7": null }, "geometry": { "type": "Point", "coordinates": [ -62.737586625258068, -34.35864491040855 ] } },
{ "type": "Feature", "properties": { "field_1": 2, "field_2": "9-193-2-BA", "field_3": "partido_gral_villegas", "field_4": 4522650.89, "field_5": 6193411.84, "field_6": null, "field_7": null }, "geometry": { "type": "Point", "coordinates": [ -62.75364835080395, -34.404463694810012 ] } },
{ "type": "Feature", "properties": { "field_1": 3, "field_2": "9-193-3-BA", "field_3": "partido_gral_villegas", "field_4": 4524216.67, "field_5": 6192169.15, "field_6": null, "field_7": null }, "geometry": { "type": "Point", "coordinates": [ -62.736583809327577, -34.415630588696345 ] } },
{ "type": "Feature", "properties": { "field_1": 4, "field_2": "9-193-4-BA", "field_3": "partido_gral_villegas", "field_4": 4530947.49, "field_5": 6193731.43, "field_6": null, "field_7": null }, "geometry": { "type": "Point", "coordinates": [ -62.663426422384795, -34.401367753962738 ] } },
{ "type": "Feature", "properties": { "field_1": 5, "field_2": "9-193-5-BA", "field_3": "partido_gral_villegas", "field_4": 4527938.8, "field_5": 6191435.63, "field_6": null, "field_7": null }, "geometry": { "type": "Point", "coordinates": [ -62.696072722087877, -34.422149067201502 ] } },
{ "type": "Feature", "properties": { "field_1": 6, "field_2": "9-193-6-BA", "field_3": "partido_gral_villegas", "field_4": 4527758.38, "field_5": 6189257.0, "field_6": null, "field_7": null }, "geometry": { "type": "Point", "coordinates": [ -62.697964734666868, -34.44179330073122 ] } },
{ "type": "Feature", "properties": { "field_1": 7, "field_2": "9-193-7-BA", "field_3": "partido_gral_villegas", "field_4": 4526227.36, "field_5": 6188741.7, "field_6": null, "field_7": null }, "geometry": { "type": "Point", "coordinates": [ -62.714607671008238, -34.44647851004067 ] } },
{ "type": "Feature", "properties": { "field_1": 8, "field_2": "9-193-8-BA", "field_3": "partido_gral_villegas", "field_4": 4521572.38, "field_5": 6190216.95, "field_6": null, "field_7": null }, "geometry": { "type": "Point", "coordinates": [ -62.765297789467759, -34.43328747368944 ] } },
{ "type": "Feature", "properties": { "field_1": 1, "field_2": "9-194-1-BA", "field_3": "partido_gral_villegas", "field_4": 4529449.1, "field_5": 6178428.74, "field_6": null, "field_7": null }, "geometry": { "type": "Point", "coordinates": [ -62.679194812200194, -34.539357274143299 ] } },
{ "type": "Feature", "properties": { "field_1": 2, "field_2": "9-194-2-BA", "field_3": "partido_gral_villegas", "field_4": 4522917.65, "field_5": 6187485.14, "field_6": null, "field_7": null }, "geometry": { "type": "Point", "coordinates": [ -62.750588413785024, -34.45788460458084 ] } },
{ "type": "Feature", "properties": { "field_1": 3, "field_2": "9-194-3-BA", "field_3": "partido_gral_villegas", "field_4": 4527454.84, "field_5": 6188070.1, "field_6": null, "field_7": null }, "geometry": { "type": "Point", "coordinates": [ -62.701229399676457, -34.452500761883151 ] } },
{ "type": "Feature", "properties": { "field_1": 1, "field_2": "9-195-1-BA", "field_3": "partido_gral_villegas", "field_4": 4521510.67, "field_5": 6172334.06, "field_6": null, "field_7": null }, "geometry": { "type": "Point", "coordinates": [ -62.765518022756794, -34.594493722966938 ] } },
{ "type": "Feature", "properties": { "field_1": 10, "field_2": "9-195-10-BA", "field_3": "partido_gral_villegas", "field_4": 4528572.04, "field_5": 6170263.44, "field_6": null, "field_7": null }, "geometry": { "type": "Point", "coordinates": [ -62.68847457098871, -34.612986710978277 ] } },
{ "type": "Feature", "properties": { "field_1": 11, "field_2": "9-195-11-BA", "field_3": "partido_gral_villegas", "field_4": 4531183.67, "field_5": 6171327.08, "field_6": null, "field_7": null }, "geometry": { "type": "Point", "coordinates": [ -62.660038910044726, -34.603322754127632 ] } },
{ "type": "Feature", "properties": { "field_1": 12, "field_2": "9-195-12-BA", "field_3": "partido_gral_villegas", "field_4": 4530827.31, "field_5": 6173144.14, "field_6": null, "field_7": null }, "geometry": { "type": "Point", "coordinates": [ -62.663989828836499, -34.586954028231567 ] } },
{ "type": "Feature", "properties": { "field_1": 13, "field_2": "9-195-13-BA", "field_3": "partido_gral_villegas", "field_4": 4524799.29, "field_5": 6172612.15, "field_6": null, "field_7": null }, "geometry": { "type": "Point", "coordinates": [ -62.729677856839011, -34.591912778248883 ] } },
{ "type": "Feature", "properties": { "field_1": 2, "field_2": "9-195-2-BA", "field_3": "partido_gral_villegas", "field_4": 4522059.09, "field_5": 6171829.7, "field_6": null, "field_7": null }, "geometry": { "type": "Point", "coordinates": [ -62.759526745650156, -34.599028569070477 ] } },
{ "type": "Feature", "properties": { "field_1": 3, "field_2": "9-195-3-BA", "field_3": "partido_gral_villegas", "field_4": 4522923.54, "field_5": 6171338.95, "field_6": null, "field_7": null }, "geometry": { "type": "Point", "coordinates": [ -62.750089857384054, -34.603433421813008 ] } },
{ "type": "Feature", "properties": { "field_1": 4, "field_2": "9-195-4-BA", "field_3": "partido_gral_villegas", "field_4": 4523013.7, "field_5": 6173728.87, "field_6": null, "field_7": null }, "geometry": { "type": "Point", "coordinates": [ -62.749171701111798, -34.581887822449829 ] } },
{ "type": "Feature", "properties": { "field_1": 5, "field_2": "9-195-5-BA", "field_3": "partido_gral_villegas", "field_4": 4524517.4, "field_5": 6178103.31, "field_6": null, "field_7": null }, "geometry": { "type": "Point", "coordinates": [ -62.732908871518205, -34.542420148753479 ] } },
{ "type": "Feature", "properties": { "field_1": 6, "field_2": "9-195-6-BA", "field_3": "partido_gral_villegas", "field_4": 4525425.89, "field_5": 6178138.15, "field_6": null, "field_7": null }, "geometry": { "type": "Point", "coordinates": [ -62.723012911866306, -34.542084038939478 ] } },
{ "type": "Feature", "properties": { "field_1": 7, "field_2": "9-195-7-BA", "field_3": "partido_gral_villegas", "field_4": 4526639.2, "field_5": 6173741.6, "field_6": null, "field_7": null }, "geometry": { "type": "Point", "coordinates": [ -62.709657612406296, -34.581685467304155 ] } },
{ "type": "Feature", "properties": { "field_1": 8, "field_2": "9-195-8-BA", "field_3": "partido_gral_villegas", "field_4": 4527772.8, "field_5": 6174351.58, "field_6": null, "field_7": null }, "geometry": { "type": "Point", "coordinates": [ -62.697322440763813, -34.576156887796706 ] } },
{ "type": "Feature", "properties": { "field_1": 9, "field_2": "9-195-9-BA", "field_3": "partido_gral_villegas", "field_4": 4528308.46, "field_5": 6171971.49, "field_6": null, "field_7": null }, "geometry": { "type": "Point", "coordinates": [ -62.691405368547898, -34.597597157859539 ] } },
{ "type": "Feature", "properties": { "field_1": 1, "field_2": "9-196-1-BA", "field_3": "partido_gral_villegas", "field_4": 4522828.63, "field_5": 6167161.01, "field_6": null, "field_7": null }, "geometry": { "type": "Point", "coordinates": [ -62.751012095819014, -34.641096784584875 ] } },
{ "type": "Feature", "properties": { "field_1": 2, "field_2": "9-196-2-BA", "field_3": "partido_gral_villegas", "field_4": 4523581.48, "field_5": 6163467.36, "field_6": null, "field_7": null }, "geometry": { "type": "Point", "coordinates": [ -62.742698025373087, -34.674375236329652 ] } },
{ "type": "Feature", "properties": { "field_1": 3, "field_2": "9-196-3-BA", "field_3": "partido_gral_villegas", "field_4": 4526359.12, "field_5": 6165622.15, "field_6": null, "field_7": null }, "geometry": { "type": "Point", "coordinates": [ -62.712457901593602, -34.654883750227292 ] } },
{ "type": "Feature", "properties": { "field_1": 4, "field_2": "9-196-4-BA", "field_3": "partido_gral_villegas", "field_4": 4531086.8, "field_5": 6163505.35, "field_6": null, "field_7": null }, "geometry": { "type": "Point", "coordinates": [ -62.660808032426402, -34.67383243417661 ] } },
{ "type": "Feature", "properties": { "field_1": 5, "field_2": "9-196-5-BA", "field_3": "partido_gral_villegas", "field_4": 4525600.64, "field_5": 6167425.48, "field_6": null, "field_7": null }, "geometry": { "type": "Point", "coordinates": [ -62.72078634717068, -34.638647309689055 ] } },
{ "type": "Feature", "properties": { "field_1": 7, "field_2": "9-196-7-BA", "field_3": "partido_gral_villegas", "field_4": 4527153.52, "field_5": 6159175.53, "field_6": null, "field_7": null }, "geometry": { "type": "Point", "coordinates": [ -62.703585100303329, -34.712974022563991 ] } },
{ "type": "Feature", "properties": { "field_1": 1, "field_2": "9-214-1-SF", "field_3": "distrito_rufino", "field_4": 4532484.46, "field_5": 6200781.21, "field_6": null, "field_7": null }, "geometry": { "type": "Point", "coordinates": [ -62.646977771053642, -34.337769698661354 ] } },
{ "type": "Feature", "properties": { "field_1": 12, "field_2": "9-214-12-SF", "field_3": "distrito_rufino", "field_4": 4540239.78, "field_5": 6202846.71, "field_6": null, "field_7": null }, "geometry": { "type": "Point", "coordinates": [ -62.562795600550309, -34.318878130513951 ] } },
{ "type": "Feature", "properties": { "field_1": 2, "field_2": "9-214-2-SF", "field_3": "distrito_rufino", "field_4": 4539168.1, "field_5": 6199497.13, "field_6": null, "field_7": null }, "geometry": { "type": "Point", "coordinates": [ -62.574286628349434, -34.349114170463189 ] } },
{ "type": "Feature", "properties": { "field_1": 3, "field_2": "9-214-3-SF", "field_3": "distrito_rufino", "field_4": 4540989.19, "field_5": 6200685.39, "field_6": null, "field_7": null }, "geometry": { "type": "Point", "coordinates": [ -62.554550502396069, -34.338332136781915 ] } },
{ "type": "Feature", "properties": { "field_1": 4, "field_2": "9-214-4-SF", "field_3": "distrito_rufino", "field_4": 4539192.09, "field_5": 6199482.84, "field_6": null, "field_7": null }, "geometry": { "type": "Point", "coordinates": [ -62.574025237693171, -34.349242081453632 ] } },
{ "type": "Feature", "properties": { "field_1": 5, "field_2": "9-214-5-SF", "field_3": "distrito_rufino", "field_4": 4541212.43, "field_5": 6204089.96, "field_6": null, "field_7": null }, "geometry": { "type": "Point", "coordinates": [ -62.552287518555488, -34.307632580669839 ] } },
{ "type": "Feature", "properties": { "field_1": 6, "field_2": "9-214-6-SF", "field_3": "distrito_rufino", "field_4": 4541058.39, "field_5": 6203034.34, "field_6": null, "field_7": null }, "geometry": { "type": "Point", "coordinates": [ -62.553910568197857, -34.317154655598713 ] } },
{ "type": "Feature", "properties": { "field_1": 7, "field_2": "9-214-7-SF", "field_3": "distrito_rufino", "field_4": 4540622.35, "field_5": 6207045.92, "field_6": null, "field_7": null }, "geometry": { "type": "Point", "coordinates": [ -62.558837040606456, -34.281009008669749 ] } },
{ "type": "Feature", "properties": { "field_1": 8, "field_2": "9-214-8-SF", "field_3": "distrito_rufino", "field_4": 4536414.59, "field_5": 6206600.35, "field_6": null, "field_7": null }, "geometry": { "type": "Point", "coordinates": [ -62.604514101515761, -34.285181668681282 ] } },
{ "type": "Feature", "properties": { "field_1": 9, "field_2": "9-214-9-SF", "field_3": "distrito_rufino", "field_4": 4533406.55, "field_5": 6207170.77, "field_6": null, "field_7": null }, "geometry": { "type": "Point", "coordinates": [ -62.637204986815725, -34.280140578046897 ] } },
{ "type": "Feature", "properties": { "field_1": 11, "field_2": "9-215-11-BA", "field_3": "partido_gral_villegas", "field_4": 4537959.95, "field_5": 6190771.69, "field_6": null, "field_7": null }, "geometry": { "type": "Point", "coordinates": [ -62.587031547231419, -34.427814662149018 ] } },
{ "type": "Feature", "properties": { "field_1": 13, "field_2": "9-215-13-BA", "field_3": "partido_gral_villegas", "field_4": 4534136.66, "field_5": 6193657.49, "field_6": null, "field_7": null }, "geometry": { "type": "Point", "coordinates": [ -62.62873966895917, -34.401933955920271 ] } },
{ "type": "Feature", "properties": { "field_1": 2, "field_2": "9-215-2-SF", "field_3": "distrito_rufino", "field_4": 4535118.87, "field_5": 6195871.41, "field_6": null, "field_7": null }, "geometry": { "type": "Point", "coordinates": [ -62.6181482386393, -34.381943613869758 ] } },
{ "type": "Feature", "properties": { "field_1": 3, "field_2": "9-215-3-SF", "field_3": "distrito_rufino", "field_4": 4536443.08, "field_5": 6197714.14, "field_6": null, "field_7": null }, "geometry": { "type": "Point", "coordinates": [ -62.603828393429851, -34.365286464070437 ] } },
{ "type": "Feature", "properties": { "field_1": 4, "field_2": "9-215-4-SF", "field_3": "distrito_rufino", "field_4": 4539395.05, "field_5": 6198111.86, "field_6": null, "field_7": null }, "geometry": { "type": "Point", "coordinates": [ -62.571756480714704, -34.36159313717986 ] } },
{ "type": "Feature", "properties": { "field_1": 5, "field_2": "9-215-5-SF", "field_3": "distrito_rufino", "field_4": 4537664.8, "field_5": 6197712.69, "field_6": null, "field_7": null }, "geometry": { "type": "Point", "coordinates": [ -62.590547286103998, -34.365255829144949 ] } },
{ "type": "Feature", "properties": { "field_1": 7, "field_2": "9-215-7-SF", "field_3": "distrito_rufino", "field_4": 4540901.94, "field_5": 6197376.35, "field_6": null, "field_7": null }, "geometry": { "type": "Point", "coordinates": [ -62.555341184026759, -34.368164993246467 ] } },
{ "type": "Feature", "properties": { "field_1": 1, "field_2": "9-216-1-BA", "field_3": "partido_gral_villegas", "field_4": 4537708.69, "field_5": 6179120.96, "field_6": null, "field_7": null }, "geometry": { "type": "Point", "coordinates": [ -62.589250558553545, -34.532847894171873 ] } },
{ "type": "Feature", "properties": { "field_1": 10, "field_2": "9-216-10-BA", "field_3": "partido_gral_villegas", "field_4": 4540164.32, "field_5": 6186611.4, "field_6": null, "field_7": null }, "geometry": { "type": "Point", "coordinates": [ -62.562855257097027, -34.465233822569616 ] } },
{ "type": "Feature", "properties": { "field_1": 2, "field_2": "9-216-2-BA", "field_3": "partido_gral_villegas", "field_4": 4540178.93, "field_5": 6179314.92, "field_6": null, "field_7": null }, "geometry": { "type": "Point", "coordinates": [ -62.562352683892627, -34.531006028708191 ] } },
{ "type": "Feature", "properties": { "field_1": 3, "field_2": "9-216-3-BA", "field_3": "partido_gral_villegas", "field_4": 4538971.88, "field_5": 6181020.52, "field_6": null, "field_7": null }, "geometry": { "type": "Point", "coordinates": [ -62.575578147602506, -34.51567765380841 ] } },
{ "type": "Feature", "properties": { "field_1": 5, "field_2": "9-216-5-BA", "field_3": "partido_gral_villegas", "field_4": 4540320.4, "field_5": 6183461.71, "field_6": null, "field_7": null }, "geometry": { "type": "Point", "coordinates": [ -62.561007842382196, -34.493620117739951 ] } },
{ "type": "Feature", "properties": { "field_1": 7, "field_2": "9-216-7-BA", "field_3": "partido_gral_villegas", "field_4": 4535417.82, "field_5": 6185886.43, "field_6": null, "field_7": null }, "geometry": { "type": "Point", "coordinates": [ -62.614484777151404, -34.471942831344613 ] } },
{ "type": "Feature", "properties": { "field_1": 1, "field_2": "9-217-1-BA", "field_3": "partido_gral_villegas", "field_4": 4531422.89, "field_5": 6170294.99, "field_6": null, "field_7": null }, "geometry": { "type": "Point", "coordinates": [ -62.657392773799252, -34.612618982810645 ] } },
{ "type": "Feature", "properties": { "field_1": 10, "field_2": "9-217-10-BA", "field_3": "partido_gral_villegas", "field_4": 4532120.67, "field_5": 6171102.15, "field_6": null, "field_7": null }, "geometry": { "type": "Point", "coordinates": [ -62.649815438113905, -34.605321441793379 ] } },
{ "type": "Feature", "properties": { "field_1": 11, "field_2": "9-217-11-BA", "field_3": "partido_gral_villegas", "field_4": 4533222.55, "field_5": 6169973.71, "field_6": null, "field_7": null }, "geometry": { "type": "Point", "coordinates": [ -62.637758542000768, -34.615458394022163 ] } },
{ "type": "Feature", "properties": { "field_1": 12, "field_2": "9-217-12-BA", "field_3": "partido_gral_villegas", "field_4": 4534274.68, "field_5": 6171102.04, "field_6": null, "field_7": null }, "geometry": { "type": "Point", "coordinates": [ -62.6263323932614, -34.605252776031577 ] } },
{ "type": "Feature", "properties": { "field_1": 13, "field_2": "9-217-13-BA", "field_3": "partido_gral_villegas", "field_4": 4534113.23, "field_5": 6172768.97, "field_6": null, "field_7": null }, "geometry": { "type": "Point", "coordinates": [ -62.628159488153727, -34.590232044047696 ] } },
{ "type": "Feature", "properties": { "field_1": 2, "field_2": "9-217-2-BA", "field_3": "partido_gral_villegas", "field_4": 4533762.9, "field_5": 6177342.91, "field_6": null, "field_7": null }, "geometry": { "type": "Point", "coordinates": [ -62.632159714263906, -34.549012810606108 ] } },
{ "type": "Feature", "properties": { "field_1": 3, "field_2": "9-217-3-BA", "field_3": "partido_gral_villegas", "field_4": 4538806.69, "field_5": 6175074.39, "field_6": null, "field_7": null }, "geometry": { "type": "Point", "coordinates": [ -62.57710609746178, -34.569283898081814 ] } },
{ "type": "Feature", "properties": { "field_1": 4, "field_2": "9-217-4-BA", "field_3": "partido_gral_villegas", "field_4": 4536330.28, "field_5": 6171600.63, "field_6": null, "field_7": null }, "geometry": { "type": "Point", "coordinates": [ -62.603943634824837, -34.600687692603366 ] } },
{ "type": "Feature", "properties": { "field_1": 5, "field_2": "9-217-5-BA", "field_3": "partido_gral_villegas", "field_4": 4540839.95, "field_5": 6172180.46, "field_6": null, "field_7": null }, "geometry": { "type": "Point", "coordinates": [ -62.554810157005846, -34.595291540338621 ] } },
{ "type": "Feature", "properties": { "field_1": 6, "field_2": "9-217-6-BA", "field_3": "partido_florentino_ameghino", "field_4": 4538474.39, "field_5": 6168780.68, "field_6": null, "field_7": null }, "geometry": { "type": "Point", "coordinates": [ -62.580442078497342, -34.626029086262456 ] } },
{ "type": "Feature", "properties": { "field_1": 7, "field_2": "9-217-7-BA", "field_3": "partido_gral_villegas", "field_4": 4538291.92, "field_5": 6177722.91, "field_6": null, "field_7": null }, "geometry": { "type": "Point", "coordinates": [ -62.582834866370789, -34.545428775847746 ] } },
{ "type": "Feature", "properties": { "field_1": 8, "field_2": "9-217-8-BA", "field_3": "partido_gral_villegas", "field_4": 4538927.05, "field_5": 6176513.57, "field_6": null, "field_7": null }, "geometry": { "type": "Point", "coordinates": [ -62.575860370525632, -34.556306239145144 ] } },
{ "type": "Feature", "properties": { "field_1": 9, "field_2": "9-217-9-BA", "field_3": "partido_gral_villegas", "field_4": 4535550.73, "field_5": 6173531.4, "field_6": null, "field_7": null }, "geometry": { "type": "Point", "coordinates": [ -62.612522614490537, -34.583310568201249 ] } },
{ "type": "Feature", "properties": { "field_1": 1, "field_2": "9-218-1-BA", "field_3": "partido_gral_villegas", "field_4": 4533179.71, "field_5": 6166984.05, "field_6": null, "field_7": null }, "geometry": { "type": "Point", "coordinates": [ -62.638108640176966, -34.642409189826679 ] } },
{ "type": "Feature", "properties": { "field_1": 2, "field_2": "9-218-2-BA", "field_3": "partido_florentino_ameghino", "field_4": 4538523.69, "field_5": 6166682.29, "field_6": null, "field_7": null }, "geometry": { "type": "Point", "coordinates": [ -62.579809101393266, -34.644942402621851 ] } },
{ "type": "Feature", "properties": { "field_1": 3, "field_2": "9-218-3-BA", "field_3": "partido_gral_villegas", "field_4": 4534468.17, "field_5": 6161799.91, "field_6": null, "field_7": null }, "geometry": { "type": "Point", "coordinates": [ -62.623844449752738, -34.689097224657729 ] } },
{ "type": "Feature", "properties": { "field_1": 4, "field_2": "9-218-4-BA", "field_3": "partido_florentino_ameghino", "field_4": 4537778.85, "field_5": 6164611.78, "field_6": null, "field_7": null }, "geometry": { "type": "Point", "coordinates": [ -62.587840791451562, -34.663633938429228 ] } },
{ "type": "Feature", "properties": { "field_1": 5, "field_2": "9-218-5-BA", "field_3": "partido_florentino_ameghino", "field_4": 4540439.7, "field_5": 6160457.16, "field_6": null, "field_7": null }, "geometry": { "type": "Point", "coordinates": [ -62.558613411498627, -34.700982254128668 ] } },
{ "type": "Feature", "properties": { "field_1": 6, "field_2": "9-218-6-BA", "field_3": "partido_florentino_ameghino", "field_4": 4535553.52, "field_5": 6166117.56, "field_6": null, "field_7": null }, "geometry": { "type": "Point", "coordinates": [ -62.612181493114605, -34.650140285631799 ] } }
]
}
