{
"type": "FeatureCollection",
"name": "lagunas-cordoba",
"crs": { "type": "name", "properties": { "name": "urn:ogc:def:crs:OGC:1.3:CRS84" } },
"features": [
{"type":"Feature","properties":{"field_1":1,"field_2":"1-1-1-CBA","field_3":"pedania_chucul_cordoba","field_4":4443986.61,"field_5":6357454.64,"field_6":null,"field_7":null},"geometry":{"type":"Point","coordinates":[-63.598859924689904,-32.924299726717088]}},
{"type":"Feature","properties":{"field_1":10,"field_2":"1-1-10-CBA","field_3":"pedania_chucul_cordoba","field_4":4442159.87,"field_5":6349279.32,"field_6":null,"field_7":null},"geometry":{"type":"Point","coordinates":[-63.618902926615583,-32.99791576195291]}},
{"type":"Feature","properties":{"field_1":11,"field_2":"1-1-11-CBA","field_3":"pedania_chucul_cordoba","field_4":4443984.9,"field_5":6350041.64,"field_6":null,"field_7":null},"geometry":{"type":"Point","coordinates":[-63.599329208761667,-32.991137746590027]}},
{"type":"Feature","properties":{"field_1":12,"field_2":"1-1-12-CBA","field_3":"pedania_chucul_cordoba","field_4":4445492.05,"field_5":6349905.29,"field_6":null,"field_7":null},"geometry":{"type":"Point","coordinates":[-63.583212439319134,-32.992443481164187]}},
{"type":"Feature","properties":{"field_1":13,"field_2":"1-1-13-CBA","field_3":"pedania_chucul_cordoba","field_4":4445117.28,"field_5":6348812.89,"field_6":null,"field_7":null},"geometry":{"type":"Point","coordinates":[-63.587287374577066,-33.002274092262894]}},
{"type":"Feature","properties":{"field_1":14,"field_2":"1-1-14-CBA","field_3":"pedania_chucul_cordoba","field_4":4443016.22,"field_5":6348632.82,"field_6":null,"field_7":null},"geometry":{"type":"Point","coordinates":[-63.609780357341869,-33.003789859190384]}},
{"type":"Feature","properties":{"field_1":15,"field_2":"1-1-15-CBA","field_3":"pedania_chucul_cordoba","field_4":4446733.51,"field_5":6350619.16,"field_6":null,"field_7":null},"geometry":{"type":"Point","coordinates":[-63.569888581962289,-32.986068325351432]}},
{"type":"Feature","properties":{"field_1":16,"field_2":"1-1-16-CBA","field_3":"pedania_chucul_cordoba","field_4":4447966.24,"field_5":6349782.4,"field_6":null,"field_7":null},"geometry":{"type":"Point","coordinates":[-63.55674777542071,-32.993672347072938]}},
{"type":"Feature","properties":{"field_1":17,"field_2":"1-1-17-CBA","field_3":"pedania_chucul_cordoba","field_4":4448852.95,"field_5":6348790.45,"field_6":null,"field_7":null},"geometry":{"type":"Point","coordinates":[-63.547315830069692,-33.002658070985625]}},
{"type":"Feature","properties":{"field_1":18,"field_2":"1-1-18-CBA","field_3":"pedania_chucul_cordoba","field_4":4449836.15,"field_5":6349399.21,"field_6":null,"field_7":null},"geometry":{"type":"Point","coordinates":[-63.536761974064177,-32.997214945606814]}},
{"type":"Feature","properties":{"field_1":19,"field_2":"1-1-19-CBA","field_3":"pedania_chucul_cordoba","field_4":4444755.28,"field_5":6351936.26,"field_6":null,"field_7":null},"geometry":{"type":"Point","coordinates":[-63.590973171087946,-32.974094548690424]}},
{"type":"Feature","properties":{"field_1":2,"field_2":"1-1-2-CBA","field_3":"pedania_chucul_cordoba","field_4":4444923.66,"field_5":6357994.88,"field_6":null,"field_7":null},"geometry":{"type":"Point","coordinates":[-63.588809805714156,-32.919476301857969]}},
{"type":"Feature","properties":{"field_1":20,"field_2":"1-1-20-CBA","field_3":"pedania_chucul_cordoba","field_4":4446360.48,"field_5":6353887.96,"field_6":null,"field_7":null},"geometry":{"type":"Point","coordinates":[-63.573688811878036,-32.956577375241878]}},
{"type":"Feature","properties":{"field_1":21,"field_2":"1-1-21-CBA","field_3":"pedania_chucul_cordoba","field_4":4445583.44,"field_5":6355051.28,"field_6":null,"field_7":null},"geometry":{"type":"Point","coordinates":[-63.581930332426502,-32.946050006989097]}},
{"type":"Feature","properties":{"field_1":22,"field_2":"1-1-22-CBA","field_3":"pedania_chucul_cordoba","field_4":4450418.02,"field_5":6353240.28,"field_6":null,"field_7":null},"geometry":{"type":"Point","coordinates":[-63.530329036631322,-32.96260888832888]}},
{"type":"Feature","properties":{"field_1":23,"field_2":"1-1-23-CBA","field_3":"pedania_chucul_cordoba","field_4":4450821.54,"field_5":6353016.49,"field_6":null,"field_7":null},"geometry":{"type":"Point","coordinates":[-63.526025114169371,-32.964644926766901]}},
{"type":"Feature","properties":{"field_1":24,"field_2":"1-1-24-CBA","field_3":"pedania_chucul_cordoba","field_4":4451343.02,"field_5":6352957.31,"field_6":null,"field_7":null},"geometry":{"type":"Point","coordinates":[-63.520450580413687,-32.965201884652863]}},
{"type":"Feature","properties":{"field_1":25,"field_2":"1-1-25-CBA","field_3":"pedania_chucul_cordoba","field_4":4447919.95,"field_5":6356898.84,"field_6":null,"field_7":null},"geometry":{"type":"Point","coordinates":[-63.55684042135929,-32.929505477994518]}},
{"type":"Feature","properties":{"field_1":27,"field_2":"1-1-27-CBA","field_3":"pedania_chucul_cordoba","field_4":4451120.07,"field_5":6356046.64,"field_6":null,"field_7":null},"geometry":{"type":"Point","coordinates":[-63.522671270835637,-32.937337091468486]}},
{"type":"Feature","properties":{"field_1":3,"field_2":"1-1-3-CBA","field_3":"pedania_chucul_cordoba","field_4":4444886.65,"field_5":6356954.61,"field_6":null,"field_7":null},"geometry":{"type":"Point","coordinates":[-63.589267620150281,-32.928853929804532]}},
{"type":"Feature","properties":{"field_1":4,"field_2":"1-1-4-CBA","field_3":"pedania_chucul_cordoba","field_4":4443103.09,"field_5":6356560.88,"field_6":null,"field_7":null},"geometry":{"type":"Point","coordinates":[-63.608360632352031,-32.932312578074757]}},
{"type":"Feature","properties":{"field_1":5,"field_2":"1-1-5-CBA","field_3":"pedania_chucul_cordoba","field_4":4442743.22,"field_5":6354376.8,"field_6":null,"field_7":null},"geometry":{"type":"Point","coordinates":[-63.612344000448118,-32.951986191204377]}},
{"type":"Feature","properties":{"field_1":6,"field_2":"1-1-6-CBA","field_3":"pedania_chucul_cordoba","field_4":4441641.6,"field_5":6353689.62,"field_6":null,"field_7":null},"geometry":{"type":"Point","coordinates":[-63.624168413014687,-32.958123713163864]}},
{"type":"Feature","properties":{"field_1":7,"field_2":"1-1-7-CBA","field_3":"pedania_chucul_cordoba","field_4":4443719.31,"field_5":6352704.71,"field_6":null,"field_7":null},"geometry":{"type":"Point","coordinates":[-63.602007764602774,-32.967113033099757]}},
{"type":"Feature","properties":{"field_1":8,"field_2":"1-1-8-CBA","field_3":"pedania_chucul_cordoba","field_4":4441724.65,"field_5":6351231.85,"field_6":null,"field_7":null},"geometry":{"type":"Point","coordinates":[-63.623435856116579,-32.980288089762809]}},
{"type":"Feature","properties":{"field_1":9,"field_2":"1-1-9-CBA","field_3":"pedania_chucul_cordoba","field_4":4442690.4,"field_5":6350764.69,"field_6":null,"field_7":null},"geometry":{"type":"Point","coordinates":[-63.613133819166514,-32.984551283931893]}},
{"type":"Feature","properties":{"field_1":1,"field_2":"1-134-1-CBA","field_3":"pedania_ascasubi_cordoba","field_4":4507456.17,"field_5":6348073.5,"field_6":null,"field_7":null},"geometry":{"type":"Point","coordinates":[-62.920207354962585,-33.010296925694583]}},
{"type":"Feature","properties":{"field_1":2,"field_2":"1-134-2-CBA","field_3":"pedania_ascasubi_cordoba","field_4":4507582.03,"field_5":6346625.93,"field_6":null,"field_7":null},"geometry":{"type":"Point","coordinates":[-62.918848473917762,-33.023348415682058]}},
{"type":"Feature","properties":{"field_1":3,"field_2":"1-134-3-CBA","field_3":"pedania_ascasubi_cordoba","field_4":4510039.12,"field_5":6345417.66,"field_6":null,"field_7":null},"geometry":{"type":"Point","coordinates":[-62.892536167778914,-33.034223167404164]}},
{"type":"Feature","properties":{"field_1":4,"field_2":"1-134-4-CBA","field_3":"pedania_ascasubi_cordoba","field_4":4508721.68,"field_5":6343305.78,"field_6":null,"field_7":null},"geometry":{"type":"Point","coordinates":[-62.906618825237551,-33.053276694685074]}},
{"type":"Feature","properties":{"field_1":5,"field_2":"1-134-5-CBA","field_3":"pedania_ascasubi_cordoba","field_4":4509366.2,"field_5":6341640.26,"field_6":null,"field_7":null},"geometry":{"type":"Point","coordinates":[-62.899700941826467,-33.068288780049556]}},
{"type":"Feature","properties":{"field_1":6,"field_2":"1-134-6-CBA","field_3":"pedania_ascasubi_cordoba","field_4":4503203.73,"field_5":6338554.8,"field_6":null,"field_7":null},"geometry":{"type":"Point","coordinates":[-62.965682759212285,-33.096144906430574]}},
{"type":"Feature","properties":{"field_1":1,"field_2":"1-2-1-CBA","field_3":"pedania_chucul_cordoba","field_4":4443717.72,"field_5":6346626.82,"field_6":null,"field_7":null},"geometry":{"type":"Point","coordinates":[-63.602396986722333,-33.021912902086555]}},
{"type":"Feature","properties":{"field_1":10,"field_2":"1-2-10-CBA","field_3":"pedania_chucul_cordoba","field_4":4450406.58,"field_5":6340464.32,"field_6":null,"field_7":null},"geometry":{"type":"Point","coordinates":[-63.53114170091937,-33.077800935951807]}},
{"type":"Feature","properties":{"field_1":11,"field_2":"1-2-11-CBA","field_3":"pedania_chucul_cordoba","field_4":4442045.23,"field_5":6343868.99,"field_6":null,"field_7":null},"geometry":{"type":"Point","coordinates":[-63.620471183802678,-33.046690336622362]}},
{"type":"Feature","properties":{"field_1":12,"field_2":"1-2-12-CBA","field_3":"pedania_chucul_cordoba","field_4":4441420.34,"field_5":6344305.86,"field_6":null,"field_7":null},"geometry":{"type":"Point","coordinates":[-63.627133056876652,-33.04271799246262]}},
{"type":"Feature","properties":{"field_1":2,"field_2":"1-2-2-CBA","field_3":"pedania_chucul_cordoba","field_4":4445502.64,"field_5":6347224.49,"field_6":null,"field_7":null},"geometry":{"type":"Point","coordinates":[-63.583258183139442,-33.016614895165773]}},
{"type":"Feature","properties":{"field_1":3,"field_2":"1-2-3-CBA","field_3":"pedania_chucul_cordoba","field_4":4448595.05,"field_5":6347377.42,"field_6":null,"field_7":null},"geometry":{"type":"Point","coordinates":[-63.550154548710609,-33.01538630117274]}},
{"type":"Feature","properties":{"field_1":4,"field_2":"1-2-4-CBA","field_3":"pedania_chucul_cordoba","field_4":4450188.98,"field_5":6346063.56,"field_6":null,"field_7":null},"geometry":{"type":"Point","coordinates":[-63.533167735563595,-33.027306545111436]}},
{"type":"Feature","properties":{"field_1":5,"field_2":"1-2-5-CBA","field_3":"pedania_chucul_cordoba","field_4":4448047.24,"field_5":6345792.75,"field_6":null,"field_7":null},"geometry":{"type":"Point","coordinates":[-63.556106861214161,-33.029648200776954]}},
{"type":"Feature","properties":{"field_1":6,"field_2":"1-2-6-CBA","field_3":"pedania_chucul_cordoba","field_4":4450725.86,"field_5":6344354.86,"field_6":null,"field_7":null},"geometry":{"type":"Point","coordinates":[-63.527513100661878,-33.042737179184797]}},
{"type":"Feature","properties":{"field_1":7,"field_2":"1-2-7-CBA","field_3":"pedania_chucul_cordoba","field_4":4450790.51,"field_5":6343401.7,"field_6":null,"field_7":null},"geometry":{"type":"Point","coordinates":[-63.526872176075003,-33.051334099281]}},
{"type":"Feature","properties":{"field_1":8,"field_2":"1-2-8-CBA","field_3":"pedania_chucul_cordoba","field_4":4446229.96,"field_5":6344878.29,"field_6":null,"field_7":null},"geometry":{"type":"Point","coordinates":[-63.575611895711319,-33.037805011852164]}},
{"type":"Feature","properties":{"field_1":9,"field_2":"1-2-9-CBA","field_3":"pedania_chucul_cordoba","field_4":4443517.24,"field_5":6343922.27,"field_6":null,"field_7":null},"geometry":{"type":"Point","coordinates":[-63.604709186995493,-33.046287337759431]}},
{"type":"Feature","properties":{"field_1":1,"field_2":"1-23-1-CBA","field_3":"pedania_chucul_cordoba","field_4":4452619.53,"field_5":6358137.78,"field_6":null,"field_7":null},"geometry":{"type":"Point","coordinates":[-63.506530748551917,-32.918548315529598]}},
{"type":"Feature","properties":{"field_1":10,"field_2":"1-23-10-CBA","field_3":"pedania_chucul_cordoba","field_4":4453756.38,"field_5":6356396.34,"field_6":null,"field_7":null},"geometry":{"type":"Point","coordinates":[-63.494464786145642,-32.934298736961743]}},
{"type":"Feature","properties":{"field_1":2,"field_2":"1-23-2-CBA","field_3":"pedania_chucul_cordoba","field_4":4458265.77,"field_5":6354822.44,"field_6":null,"field_7":null},"geometry":{"type":"Point","coordinates":[-63.446320442388654,-32.948671407666978]}},
{"type":"Feature","properties":{"field_1":3,"field_2":"1-23-3-CBA","field_3":"pedania_chucul_cordoba","field_4":4457002.0,"field_5":6354051.45,"field_6":null,"field_7":null},"geometry":{"type":"Point","coordinates":[-63.459871214930963,-32.955574067248726]}},
{"type":"Feature","properties":{"field_1":4,"field_2":"1-23-4-CBA","field_3":"pedania_chucul_cordoba","field_4":4455482.51,"field_5":6352710.68,"field_6":null,"field_7":null},"geometry":{"type":"Point","coordinates":[-63.476186733659745,-32.967602260977294]}},
{"type":"Feature","properties":{"field_1":5,"field_2":"1-23-5-CBA","field_3":"pedania_chucul_cordoba","field_4":4454849.47,"field_5":6352974.58,"field_6":null,"field_7":null},"geometry":{"type":"Point","coordinates":[-63.482944945000639,-32.965196809134198]}},
{"type":"Feature","properties":{"field_1":6,"field_2":"1-23-6-CBA","field_3":"pedania_chucul_cordoba","field_4":4456679.09,"field_5":6352004.61,"field_6":null,"field_7":null},"geometry":{"type":"Point","coordinates":[-63.463421027001409,-32.974016692315189]}},
{"type":"Feature","properties":{"field_1":7,"field_2":"1-23-7-CBA","field_3":"pedania_chucul_cordoba","field_4":4453017.84,"field_5":6353451.18,"field_6":null,"field_7":null},"geometry":{"type":"Point","coordinates":[-63.502511628278768,-32.96082227371344]}},
{"type":"Feature","properties":{"field_1":8,"field_2":"1-23-8-CBA","field_3":"pedania_chucul_cordoba","field_4":4456528.46,"field_5":6349988.32,"field_6":null,"field_7":null},"geometry":{"type":"Point","coordinates":[-63.465127645181298,-32.992190575815918]}},
{"type":"Feature","properties":{"field_1":9,"field_2":"1-23-9-CBA","field_3":"pedania_chucul_cordoba","field_4":4460729.65,"field_5":6355861.87,"field_6":null,"field_7":null},"geometry":{"type":"Point","coordinates":[-63.419927274557267,-32.939390620705957]}},
{"type":"Feature","properties":{"field_1":1,"field_2":"1-24-1-CBA","field_3":"pedania_chazon_cordoba","field_4":4457065.59,"field_5":6339403.56,"field_6":"El Cantor","field_7":null},"geometry":{"type":"Point","coordinates":[-63.459876362605499,-33.08764851247372]}},
{"type":"Feature","properties":{"field_1":2,"field_2":"1-24-2-CBA","field_3":"pedania_chazon_cordoba","field_4":4459511.21,"field_5":6341212.16,"field_6":null,"field_7":null},"geometry":{"type":"Point","coordinates":[-63.433601740550735,-33.071435328864482]}},
{"type":"Feature","properties":{"field_1":3,"field_2":"1-24-3-CBA","field_3":"pedania_chucul_cordoba","field_4":4458679.33,"field_5":6346921.51,"field_6":null,"field_7":null},"geometry":{"type":"Point","coordinates":[-63.442252878534347,-33.019926053188442]}},
{"type":"Feature","properties":{"field_1":4,"field_2":"1-24-4-CBA","field_3":"pedania_chucul_cordoba","field_4":4455406.69,"field_5":6340951.7,"field_6":null,"field_7":null},"geometry":{"type":"Point","coordinates":[-63.477569037773506,-33.073623150000806]}},
{"type":"Feature","properties":{"field_1":6,"field_2":"1-24-6-CBA","field_3":"pedania_chucul_cordoba","field_4":4453810.64,"field_5":6340110.03,"field_6":null,"field_7":null},"geometry":{"type":"Point","coordinates":[-63.494703699564759,-33.081145287237042]}},
{"type":"Feature","properties":{"field_1":7,"field_2":"1-24-7-CBA","field_3":"pedania_chucul_cordoba","field_4":4453264.65,"field_5":6341658.68,"field_6":null,"field_7":null},"geometry":{"type":"Point","coordinates":[-63.500472160694841,-33.067158828337881]}},
{"type":"Feature","properties":{"field_1":1,"field_2":"1-25-1-CBA","field_3":"pedania_la_carlota_cordoba","field_4":4461101.76,"field_5":6333379.78,"field_6":null,"field_7":null},"geometry":{"type":"Point","coordinates":[-63.416902076404874,-33.142113078311539]}},
{"type":"Feature","properties":{"field_1":10,"field_2":"1-25-10-CBA","field_3":"pedania_chazon_cordoba","field_4":4458259.38,"field_5":6336817.41,"field_6":null,"field_7":null},"geometry":{"type":"Point","coordinates":[-63.447207972838164,-33.111012658362334]}},
{"type":"Feature","properties":{"field_1":11,"field_2":"1-25-11-CBA","field_3":"pedania_chucul_cordoba","field_4":4455203.7,"field_5":6337986.07,"field_6":null,"field_7":null},"geometry":{"type":"Point","coordinates":[-63.479888089220978,-33.100353897090891]}},
{"type":"Feature","properties":{"field_1":2,"field_2":"1-25-2-CBA","field_3":"pedania_la_carlota_cordoba","field_4":4456745.76,"field_5":6333166.45,"field_6":null,"field_7":null},"geometry":{"type":"Point","coordinates":[-63.463597314162556,-33.143871528441878]}},
{"type":"Feature","properties":{"field_1":3,"field_2":"1-25-3-CBA","field_3":"pedania_la_carlota_cordoba","field_4":4456275.47,"field_5":6331269.09,"field_6":null,"field_7":null},"geometry":{"type":"Point","coordinates":[-63.468728679325331,-33.160959734566191]}},
{"type":"Feature","properties":{"field_1":4,"field_2":"1-25-4-CBA","field_3":"pedania_la_carlota_cordoba","field_4":4455044.87,"field_5":6329580.19,"field_6":null,"field_7":null},"geometry":{"type":"Point","coordinates":[-63.482003641087871,-33.176136855517242]}},
{"type":"Feature","properties":{"field_1":5,"field_2":"1-25-5-CBA","field_3":"pedania_la_carlota_cordoba","field_4":4454901.99,"field_5":6333077.82,"field_6":null,"field_7":null},"geometry":{"type":"Point","coordinates":[-63.48336248355789,-33.144595526932825]}},
{"type":"Feature","properties":{"field_1":6,"field_2":"1-25-6-CBA","field_3":"pedania_la_carlota_cordoba","field_4":4457692.07,"field_5":6330568.25,"field_6":"Maldonado","field_7":null},"geometry":{"type":"Point","coordinates":[-63.453575681577661,-33.167334913116576]}},
{"type":"Feature","properties":{"field_1":7,"field_2":"1-25-7-CBA","field_3":"pedania_la_carlota_cordoba","field_4":4457868.06,"field_5":6328932.78,"field_6":"El Puente la Vía / El 22","field_7":null},"geometry":{"type":"Point","coordinates":[-63.451764630497458,-33.182087555289755]}},
{"type":"Feature","properties":{"field_1":8,"field_2":"1-25-8-CBA","field_3":"pedania_la_carlota_cordoba","field_4":4460369.84,"field_5":6329012.96,"field_6":null,"field_7":null},"geometry":{"type":"Point","coordinates":[-63.424936274223391,-33.181459083653451]}},
{"type":"Feature","properties":{"field_1":9,"field_2":"1-25-9-CBA","field_3":"pedania_la_carlota_cordoba","field_4":4459417.83,"field_5":6334040.19,"field_6":null,"field_7":null},"geometry":{"type":"Point","coordinates":[-63.434920150975998,-33.13609691087516]}},
{"type":"Feature","properties":{"field_1":1,"field_2":"1-26-1-CBA","field_3":"pedania_la_carlota_cordoba","field_4":4455526.9,"field_5":6326793.46,"field_6":null,"field_7":null},"geometry":{"type":"Point","coordinates":[-63.476971701618304,-33.201282425799334]}},
{"type":"Feature","properties":{"field_1":2,"field_2":"1-26-2-CBA","field_3":"pedania_la_carlota_cordoba","field_4":4460081.51,"field_5":6326737.13,"field_6":null,"field_7":null},"geometry":{"type":"Point","coordinates":[-63.428127640601993,-33.201967923409299]}},
{"type":"Feature","properties":{"field_1":3,"field_2":"1-26-3-CBA","field_3":"pedania_la_carlota_cordoba","field_4":4452944.04,"field_5":6323189.79,"field_6":null,"field_7":null},"geometry":{"type":"Point","coordinates":[-63.504858295886066,-33.233664251078864]}},
{"type":"Feature","properties":{"field_1":4,"field_2":"1-26-4-CBA","field_3":"pedania_la_carlota_cordoba","field_4":4454646.63,"field_5":6322745.05,"field_6":null,"field_7":null},"geometry":{"type":"Point","coordinates":[-63.486614247232026,-33.23774686434755]}},
{"type":"Feature","properties":{"field_1":1,"field_2":"1-27-1-CBA","field_3":"pedania_la_carlota_cordoba","field_4":4453009.37,"field_5":6316838.11,"field_6":null,"field_7":null},"geometry":{"type":"Point","coordinates":[-63.504486497835622,-33.290934094487788]}},
{"type":"Feature","properties":{"field_1":2,"field_2":"1-27-2-CBA","field_3":"pedania_la_carlota_cordoba","field_4":4453259.43,"field_5":6317480.7,"field_6":null,"field_7":null},"geometry":{"type":"Point","coordinates":[-63.501768819538,-33.285151366510483]}},
{"type":"Feature","properties":{"field_1":3,"field_2":"1-27-3-CBA","field_3":"pedania_la_carlota_cordoba","field_4":4455666.09,"field_5":6318240.21,"field_6":null,"field_7":null},"geometry":{"type":"Point","coordinates":[-63.475896591044425,-33.27840519120079]}},
{"type":"Feature","properties":{"field_1":4,"field_2":"1-27-4-CBA","field_3":"pedania_la_carlota_cordoba","field_4":4456050.3,"field_5":6317659.62,"field_6":null,"field_7":null},"geometry":{"type":"Point","coordinates":[-63.47180063649968,-33.283655543025311]}},
{"type":"Feature","properties":{"field_1":5,"field_2":"1-27-5-CBA","field_3":"pedania_la_carlota_cordoba","field_4":4457968.45,"field_5":6315267.92,"field_6":null,"field_7":null},"geometry":{"type":"Point","coordinates":[-63.451320929552089,-33.305295708862921]}},
{"type":"Feature","properties":{"field_1":6,"field_2":"1-27-6-CBA","field_3":"pedania_la_carlota_cordoba","field_4":4457677.45,"field_5":6314569.02,"field_6":null,"field_7":null},"geometry":{"type":"Point","coordinates":[-63.454478183584399,-33.311585630774971]}},
{"type":"Feature","properties":{"field_1":1,"field_2":"1-3-1-CBA","field_3":"pedania_reduccion_cordoba","field_4":4444222.43,"field_5":6337810.2,"field_6":null,"field_7":null},"geometry":{"type":"Point","coordinates":[-63.597532152633512,-33.101431178600897]}},
{"type":"Feature","properties":{"field_1":10,"field_2":"1-3-10-CBA","field_3":"pedania_la_carlota_cordoba","field_4":4450121.26,"field_5":6329348.2,"field_6":null,"field_7":null},"geometry":{"type":"Point","coordinates":[-63.534804633716085,-33.178012952176246]}},
{"type":"Feature","properties":{"field_1":11,"field_2":"1-3-11-CBA","field_3":"pedania_la_carlota_cordoba","field_4":4450228.12,"field_5":6328490.2,"field_6":null,"field_7":null},"geometry":{"type":"Point","coordinates":[-63.53370581656953,-33.185753694845097]}},
{"type":"Feature","properties":{"field_1":12,"field_2":"1-3-12-CBA","field_3":"pedania_la_carlota_cordoba","field_4":4451218.95,"field_5":6331449.41,"field_6":null,"field_7":null},"geometry":{"type":"Point","coordinates":[-63.522923069746945,-33.159118127311004]}},
{"type":"Feature","properties":{"field_1":13,"field_2":"1-3-13-CBA","field_3":"pedania_reduccion_cordoba","field_4":4448954.16,"field_5":6334086.76,"field_6":null,"field_7":null},"geometry":{"type":"Point","coordinates":[-63.547052549763372,-33.135235092693662]}},
{"type":"Feature","properties":{"field_1":14,"field_2":"1-3-14-CBA","field_3":"pedania_reduccion_cordoba","field_4":4445367.07,"field_5":6335283.67,"field_6":null,"field_7":null},"geometry":{"type":"Point","coordinates":[-63.585421559730463,-33.124268891945846]}},
{"type":"Feature","properties":{"field_1":15,"field_2":"1-3-15-CBA","field_3":"pedania_reduccion_cordoba","field_4":4442879.51,"field_5":6329902.54,"field_6":null,"field_7":null},"geometry":{"type":"Point","coordinates":[-63.612412756821037,-33.172657289997574]}},
{"type":"Feature","properties":{"field_1":16,"field_2":"1-3-16-CBA","field_3":"pedania_reduccion_cordoba","field_4":4442168.09,"field_5":6328878.23,"field_6":null,"field_7":null},"geometry":{"type":"Point","coordinates":[-63.620104824410959,-33.181854704907195]}},
{"type":"Feature","properties":{"field_1":2,"field_2":"1-3-2-CBA","field_3":"pedania_reduccion_cordoba","field_4":4442337.32,"field_5":6332763.69,"field_6":null,"field_7":null},"geometry":{"type":"Point","coordinates":[-63.61804450648139,-33.146832398816699]}},
{"type":"Feature","properties":{"field_1":3,"field_2":"1-3-3-CBA","field_3":"pedania_reduccion_cordoba","field_4":4441601.7,"field_5":6334950.45,"field_6":null,"field_7":null},"geometry":{"type":"Point","coordinates":[-63.625788721850419,-33.127077129664158]}},
{"type":"Feature","properties":{"field_1":4,"field_2":"1-3-4-CBA","field_3":"pedania_reduccion_cordoba","field_4":4444718.36,"field_5":6331740.03,"field_6":null,"field_7":null},"geometry":{"type":"Point","coordinates":[-63.592587197887539,-33.156185795811176]}},
{"type":"Feature","properties":{"field_1":5,"field_2":"1-3-5-CBA","field_3":"pedania_reduccion_cordoba","field_4":4444195.22,"field_5":6329101.48,"field_6":null,"field_7":null},"geometry":{"type":"Point","coordinates":[-63.598356272460194,-33.179948244905425]}},
{"type":"Feature","properties":{"field_1":6,"field_2":"1-3-6-CBA","field_3":"pedania_reduccion_cordoba","field_4":4444522.76,"field_5":6328576.32,"field_6":null,"field_7":null},"geometry":{"type":"Point","coordinates":[-63.594876457961547,-33.18469992639033]}},
{"type":"Feature","properties":{"field_1":7,"field_2":"1-3-7-CBA","field_3":"pedania_reduccion_cordoba","field_4":4444975.48,"field_5":6330077.16,"field_6":null,"field_7":null},"geometry":{"type":"Point","coordinates":[-63.589931551147131,-33.171191404848223]}},
{"type":"Feature","properties":{"field_1":8,"field_2":"1-3-8-CBA","field_3":"pedania_reduccion_cordoba","field_4":4446751.16,"field_5":6330257.04,"field_6":null,"field_7":null},"geometry":{"type":"Point","coordinates":[-63.570884419842237,-33.169658331814759]}},
{"type":"Feature","properties":{"field_1":9,"field_2":"1-3-9-CBA","field_3":"pedania_la_carlota_cordoba","field_4":4449396.31,"field_5":6330798.21,"field_6":null,"field_7":null},"geometry":{"type":"Point","coordinates":[-63.542496750106622,-33.164905862014351]}},
{"type":"Feature","properties":{"field_1":1,"field_2":"1-4-1-CBA","field_3":"pedania_reduccion_cordoba","field_4":4441791.56,"field_5":6326139.19,"field_6":null,"field_7":null},"geometry":{"type":"Point","coordinates":[-63.624317165142678,-33.206529584495051]}},
{"type":"Feature","properties":{"field_1":2,"field_2":"1-4-2-CBA","field_3":"pedania_reduccion_cordoba","field_4":4443323.04,"field_5":6327805.5,"field_6":null,"field_7":null},"geometry":{"type":"Point","coordinates":[-63.607788261581291,-33.191587495440174]}},
{"type":"Feature","properties":{"field_1":3,"field_2":"1-4-3-CBA","field_3":"pedania_reduccion_cordoba","field_4":4443801.56,"field_5":6327753.02,"field_6":null,"field_7":null},"geometry":{"type":"Point","coordinates":[-63.602660245993164,-33.192085604060246]}},
{"type":"Feature","properties":{"field_1":4,"field_2":"1-4-4-CBA","field_3":"pedania_reduccion_cordoba","field_4":4446566.09,"field_5":6325376.92,"field_6":null,"field_7":null},"geometry":{"type":"Point","coordinates":[-63.573154992677914,-33.213648579387197]}},
{"type":"Feature","properties":{"field_1":5,"field_2":"1-4-5-CBA","field_3":"pedania_la_carlota_cordoba","field_4":4450656.33,"field_5":6327324.45,"field_6":null,"field_7":null},"geometry":{"type":"Point","coordinates":[-63.529177490738249,-33.196283823254284]}},
{"type":"Feature","properties":{"field_1":1,"field_2":"1-45-1-CBA","field_3":"pedania_chazon_cordoba","field_4":4467244.52,"field_5":6350260.87,"field_6":null,"field_7":null},"geometry":{"type":"Point","coordinates":[-63.350463061971901,-32.990107576906965]}},
{"type":"Feature","properties":{"field_1":10,"field_2":"1-45-10-CBA","field_3":"pedania_chucul_cordoba","field_4":4462262.79,"field_5":6352211.13,"field_6":null,"field_7":null},"geometry":{"type":"Point","coordinates":[-63.403683088269482,-32.972361935401899]}},
{"type":"Feature","properties":{"field_1":11,"field_2":"1-45-11-CBA","field_3":"pedania_chazon_cordoba","field_4":4465128.71,"field_5":6348664.87,"field_6":null,"field_7":null},"geometry":{"type":"Point","coordinates":[-63.373160955688647,-33.004432452280206]}},
{"type":"Feature","properties":{"field_1":12,"field_2":"1-45-12-CBA","field_3":"pedania_chucul_cordoba","field_4":4463079.9,"field_5":6357118.0,"field_6":null,"field_7":null},"geometry":{"type":"Point","coordinates":[-63.394745808763325,-32.928146460638246]}},
{"type":"Feature","properties":{"field_1":13,"field_2":"1-45-13-CBA","field_3":"pedania_chucul_cordoba","field_4":4465088.39,"field_5":6357900.63,"field_6":null,"field_7":null},"geometry":{"type":"Point","coordinates":[-63.37324211469965,-32.921155710177786]}},
{"type":"Feature","properties":{"field_1":14,"field_2":"1-45-14-CBA","field_3":"pedania_chazon_cordoba","field_4":4470929.19,"field_5":6357989.49,"field_6":null,"field_7":null},"geometry":{"type":"Point","coordinates":[-63.310796126409997,-32.920525342986082]}},
{"type":"Feature","properties":{"field_1":2,"field_2":"1-45-2-CBA","field_3":"pedania_chazon_cordoba","field_4":4469985.58,"field_5":6350660.77,"field_6":"Laguna del Ucle","field_7":null},"geometry":{"type":"Point","coordinates":[-63.321122942607204,-32.986580691732875]}},
{"type":"Feature","properties":{"field_1":3,"field_2":"1-45-3-CBA","field_3":"pedania_chazon_cordoba","field_4":4468570.1,"field_5":6349273.51,"field_6":null,"field_7":null},"geometry":{"type":"Point","coordinates":[-63.336314239971877,-32.999049231703928]}},
{"type":"Feature","properties":{"field_1":4,"field_2":"1-45-4-CBA","field_3":"pedania_chucul_cordoba","field_4":4462077.37,"field_5":6355778.77,"field_6":"Laguna del Ucle","field_7":null},"geometry":{"type":"Point","coordinates":[-63.405519576613095,-32.940187500515528]}},
{"type":"Feature","properties":{"field_1":5,"field_2":"1-45-5-CBA","field_3":"pedania_chazon_cordoba","field_4":4470594.13,"field_5":6351391.23,"field_6":"Cañada La Blanqueada","field_7":null},"geometry":{"type":"Point","coordinates":[-63.314588853353001,-32.980010957241753]}},
{"type":"Feature","properties":{"field_1":6,"field_2":"1-45-6-CBA","field_3":"pedania_chazon_cordoba","field_4":4470732.79,"field_5":6353104.79,"field_6":null,"field_7":null},"geometry":{"type":"Point","coordinates":[-63.313050962102082,-32.964564070535502]}},
{"type":"Feature","properties":{"field_1":7,"field_2":"1-45-7-CBA","field_3":"pedania_chazon_cordoba","field_4":4469711.09,"field_5":6354067.97,"field_6":null,"field_7":null},"geometry":{"type":"Point","coordinates":[-63.323947477428028,-32.955851515141084]}},
{"type":"Feature","properties":{"field_1":8,"field_2":"1-45-8-CBA","field_3":"pedania_chucul_cordoba","field_4":4463834.49,"field_5":6355472.43,"field_6":null,"field_7":null},"geometry":{"type":"Point","coordinates":[-63.386742575960078,-32.943009223254201]}},
{"type":"Feature","properties":{"field_1":9,"field_2":"1-45-9-CBA","field_3":"pedania_chucul_cordoba","field_4":4465412.72,"field_5":6354772.46,"field_6":null,"field_7":null},"geometry":{"type":"Point","coordinates":[-63.369892146478008,-32.949371710289384]}},
{"type":"Feature","properties":{"field_1":1,"field_2":"1-46-1-CBA","field_3":"pedania_chazon_cordoba","field_4":4466583.35,"field_5":6340776.95,"field_6":null,"field_7":null},"geometry":{"type":"Point","coordinates":[-63.357882516805034,-33.075599729514209]}},
{"type":"Feature","properties":{"field_1":2,"field_2":"1-46-2-CBA","field_3":"pedania_chazon_cordoba","field_4":4466140.95,"field_5":6338617.32,"field_6":null,"field_7":null},"geometry":{"type":"Point","coordinates":[-63.362700311804588,-33.095058272013389]}},
{"type":"Feature","properties":{"field_1":3,"field_2":"1-46-3-CBA","field_3":"pedania_chucul_cordoba","field_4":4461767.34,"field_5":6346748.29,"field_6":null,"field_7":null},"geometry":{"type":"Point","coordinates":[-63.409210176809722,-33.021600632409942]}},
{"type":"Feature","properties":{"field_1":4,"field_2":"1-46-4-CBA","field_3":"pedania_chazon_cordoba","field_4":4467702.33,"field_5":6339242.66,"field_6":null,"field_7":null},"geometry":{"type":"Point","coordinates":[-63.345952974187512,-33.089467451602346]}},
{"type":"Feature","properties":{"field_1":5,"field_2":"1-46-5-CBA","field_3":"pedania_chazon_cordoba","field_4":4468424.62,"field_5":6341062.54,"field_6":null,"field_7":null},"geometry":{"type":"Point","coordinates":[-63.338153603208646,-33.073079740361813]}},
{"type":"Feature","properties":{"field_1":6,"field_2":"1-46-6-CBA","field_3":"pedania_chazon_cordoba","field_4":4468738.87,"field_5":6341966.09,"field_6":null,"field_7":null},"geometry":{"type":"Point","coordinates":[-63.334757390191186,-33.06494194744549]}},
{"type":"Feature","properties":{"field_1":7,"field_2":"1-46-7-CBA","field_3":"pedania_chazon_cordoba","field_4":4469754.56,"field_5":6340268.95,"field_6":null,"field_7":null},"geometry":{"type":"Point","coordinates":[-63.32393723050447,-33.080272964547433]}},
{"type":"Feature","properties":{"field_1":8,"field_2":"1-46-8-CBA","field_3":"pedania_chazon_cordoba","field_4":4466908.19,"field_5":6344162.06,"field_6":null,"field_7":null},"geometry":{"type":"Point","coordinates":[-63.354281361769758,-33.045087786290537]}},
{"type":"Feature","properties":{"field_1":9,"field_2":"1-46-9-CBA","field_3":"pedania_chucul_cordoba","field_4":4462482.42,"field_5":6347618.28,"field_6":null,"field_7":null},"geometry":{"type":"Point","coordinates":[-63.401521201977673,-33.013781207924644]}},
{"type":"Feature","properties":{"field_1":1,"field_2":"1-47-1-CBA","field_3":"pedania_la_carlota_cordoba","field_4":4463965.49,"field_5":6330294.33,"field_6":null,"field_7":null},"geometry":{"type":"Point","coordinates":[-63.386332003249521,-33.170031477768404]}},
{"type":"Feature","properties":{"field_1":2,"field_2":"1-47-2-CBA","field_3":"pedania_la_carlota_cordoba","field_4":4462934.01,"field_5":6328936.75,"field_6":null,"field_7":null},"geometry":{"type":"Point","coordinates":[-63.397445644806545,-33.182237022354734]}},
{"type":"Feature","properties":{"field_1":3,"field_2":"1-47-3-CBA","field_3":"pedania_la_carlota_cordoba","field_4":4462963.92,"field_5":6333203.46,"field_6":null,"field_7":null},"geometry":{"type":"Point","coordinates":[-63.396951553344756,-33.143768034525714]}},
{"type":"Feature","properties":{"field_1":4,"field_2":"1-47-4-CBA","field_3":"pedania_la_carlota_cordoba","field_4":4470725.2,"field_5":6331761.51,"field_6":null,"field_7":null},"geometry":{"type":"Point","coordinates":[-63.313814261980681,-33.157006558650153]}},
{"type":"Feature","properties":{"field_1":5,"field_2":"1-47-5-CBA","field_3":"pedania_chazon_cordoba","field_4":4470571.69,"field_5":6336820.61,"field_6":null,"field_7":null},"geometry":{"type":"Point","coordinates":[-63.315296674638489,-33.111387333724267]}},
{"type":"Feature","properties":{"field_1":6,"field_2":"1-47-6-CBA","field_3":"pedania_chazon_cordoba","field_4":4469000.3,"field_5":6337860.12,"field_6":null,"field_7":null},"geometry":{"type":"Point","coordinates":[-63.332097053195284,-33.101970899933981]}},
{"type":"Feature","properties":{"field_1":7,"field_2":"1-47-7-CBA","field_3":"pedania_chazon_cordoba","field_4":4464024.45,"field_5":6337636.22,"field_6":null,"field_7":null},"geometry":{"type":"Point","coordinates":[-63.38541046424406,-33.103836259030999]}},
{"type":"Feature","properties":{"field_1":8,"field_2":"1-47-8-CBA","field_3":"pedania_la_carlota_cordoba","field_4":4464475.51,"field_5":6331874.39,"field_6":null,"field_7":null},"geometry":{"type":"Point","coordinates":[-63.380802535359457,-33.155801972528678]}},
{"type":"Feature","properties":{"field_1":9,"field_2":"1-47-9-CBA","field_3":"pedania_la_carlota_cordoba","field_4":4468588.92,"field_5":6330099.57,"field_6":null,"field_7":null},"geometry":{"type":"Point","coordinates":[-63.336771166227429,-33.171931428893764]}},
{"type":"Feature","properties":{"field_1":1,"field_2":"1-48-1-CBA","field_3":"pedania_la_carlota_cordoba","field_4":4464259.32,"field_5":6327647.46,"field_6":null,"field_7":null},"geometry":{"type":"Point","coordinates":[-63.383285773239571,-33.193906197856045]}},
{"type":"Feature","properties":{"field_1":10,"field_2":"1-48-10-CBA","field_3":"pedania_la_carlota_cordoba","field_4":4467111.87,"field_5":6318730.33,"field_6":null,"field_7":null},"geometry":{"type":"Point","coordinates":[-63.353018383082521,-33.27439579441829]}},
{"type":"Feature","properties":{"field_1":11,"field_2":"1-48-11-CBA","field_3":"pedania_la_carlota_cordoba","field_4":4466174.69,"field_5":6320297.11,"field_6":null,"field_7":null},"geometry":{"type":"Point","coordinates":[-63.363019322560362,-33.260240419031128]}},
{"type":"Feature","properties":{"field_1":12,"field_2":"1-48-12-CBA","field_3":"pedania_la_carlota_cordoba","field_4":4463868.12,"field_5":6319630.4,"field_6":null,"field_7":null},"geometry":{"type":"Point","coordinates":[-63.387799818388693,-33.266176867784324]}},
{"type":"Feature","properties":{"field_1":13,"field_2":"1-48-13-CBA","field_3":"pedania_la_carlota_cordoba","field_4":4461631.27,"field_5":6319105.9,"field_6":null,"field_7":null},"geometry":{"type":"Point","coordinates":[-63.411829272293637,-33.270828642323657]}},
{"type":"Feature","properties":{"field_1":14,"field_2":"1-48-14-CBA","field_3":"pedania_la_carlota_cordoba","field_4":4471292.17,"field_5":6326339.05,"field_6":null,"field_7":null},"geometry":{"type":"Point","coordinates":[-63.307907635285417,-33.20591266881285]}},
{"type":"Feature","properties":{"field_1":2,"field_2":"1-48-2-CBA","field_3":"pedania_la_carlota_cordoba","field_4":4464061.49,"field_5":6318822.39,"field_6":null,"field_7":null},"geometry":{"type":"Point","coordinates":[-63.385756478113919,-33.273468482563153]}},
{"type":"Feature","properties":{"field_1":3,"field_2":"1-48-3-CBA","field_3":"pedania_la_carlota_cordoba","field_4":4467469.34,"field_5":6318467.83,"field_6":null,"field_7":null},"geometry":{"type":"Point","coordinates":[-63.349190832912484,-33.276773383802166]}},
{"type":"Feature","properties":{"field_1":4,"field_2":"1-48-4-CBA","field_3":"pedania_la_carlota_cordoba","field_4":4465893.16,"field_5":6328195.06,"field_6":null,"field_7":null},"geometry":{"type":"Point","coordinates":[-63.365744221409066,-33.189021586014853]}},
{"type":"Feature","properties":{"field_1":5,"field_2":"1-48-5-CBA","field_3":"pedania_la_carlota_cordoba","field_4":4464716.05,"field_5":6327432.9,"field_6":null,"field_7":null},"geometry":{"type":"Point","coordinates":[-63.378396200411402,-33.195855718842182]}},
{"type":"Feature","properties":{"field_1":6,"field_2":"1-48-6-CBA","field_3":"pedania_la_carlota_cordoba","field_4":4467728.89,"field_5":6325417.69,"field_6":null,"field_7":null},"geometry":{"type":"Point","coordinates":[-63.346157738031806,-33.214119505184804]}},
{"type":"Feature","properties":{"field_1":7,"field_2":"1-48-7-CBA","field_3":"pedania_la_carlota_cordoba","field_4":4469232.11,"field_5":6323509.74,"field_6":null,"field_7":null},"geometry":{"type":"Point","coordinates":[-63.330098288357391,-33.23136596019144]}},
{"type":"Feature","properties":{"field_1":8,"field_2":"1-48-8-CBA","field_3":"pedania_la_carlota_cordoba","field_4":4470868.94,"field_5":6322200.73,"field_6":null,"field_7":null},"geometry":{"type":"Point","coordinates":[-63.312579609708017,-33.243213733897178]}},
{"type":"Feature","properties":{"field_1":9,"field_2":"1-48-9-CBA","field_3":"pedania_la_carlota_cordoba","field_4":4468613.37,"field_5":6320528.45,"field_6":null,"field_7":null},"geometry":{"type":"Point","coordinates":[-63.33683949400389,-33.258228253546058]}},
{"type":"Feature","properties":{"field_1":1,"field_2":"1-49-1-CBA","field_3":"pedania_la_carlota_cordoba","field_4":4471262.34,"field_5":6311825.51,"field_6":null,"field_7":null},"geometry":{"type":"Point","coordinates":[-63.308687666283362,-33.336769526365799]}},
{"type":"Feature","properties":{"field_1":2,"field_2":"1-49-2-CBA","field_3":"pedania_la_carlota_cordoba","field_4":4471282.05,"field_5":6312935.97,"field_6":null,"field_7":null},"geometry":{"type":"Point","coordinates":[-63.3084406701118,-33.326757969109806]}},
{"type":"Feature","properties":{"field_1":3,"field_2":"1-49-3-CBA","field_3":"pedania_la_carlota_cordoba","field_4":4462104.24,"field_5":6317696.17,"field_6":null,"field_7":null},"geometry":{"type":"Point","coordinates":[-63.406811747922625,-33.283555678353629]}},
{"type":"Feature","properties":{"field_1":4,"field_2":"1-49-4-CBA","field_3":"pedania_la_carlota_cordoba","field_4":4463066.78,"field_5":6317095.43,"field_6":null,"field_7":null},"geometry":{"type":"Point","coordinates":[-63.396503615248662,-33.28900541990452]}},
{"type":"Feature","properties":{"field_1":5,"field_2":"1-49-5-CBA","field_3":"pedania_la_carlota_cordoba","field_4":4464946.42,"field_5":6314068.84,"field_6":null,"field_7":null},"geometry":{"type":"Point","coordinates":[-63.376442069801115,-33.316356301609829]}},
{"type":"Feature","properties":{"field_1":6,"field_2":"1-49-6-CBA","field_3":"pedania_la_carlota_cordoba","field_4":4465973.62,"field_5":6313003.27,"field_6":null,"field_7":null},"geometry":{"type":"Point","coordinates":[-63.365451261906053,-33.325996542071849]}},
{"type":"Feature","properties":{"field_1":1,"field_2":"1-5-1-CBA","field_3":"pedania_reduccion_cordoba","field_4":4441632.13,"field_5":6314383.03,"field_6":null,"field_7":null},"geometry":{"type":"Point","coordinates":[-63.626783523216027,-33.312512814775381]}},
{"type":"Feature","properties":{"field_1":2,"field_2":"1-5-2-CBA","field_3":"pedania_reduccion_cordoba","field_4":4441726.67,"field_5":6315883.72,"field_6":null,"field_7":null},"geometry":{"type":"Point","coordinates":[-63.62567173126002,-33.298988029084015]}},
{"type":"Feature","properties":{"field_1":3,"field_2":"1-5-3-CBA","field_3":"pedania_la_carlota_cordoba","field_4":4446055.15,"field_5":6317557.95,"field_6":null,"field_7":null},"geometry":{"type":"Point","coordinates":[-63.579100057002762,-33.284118644477985]}},
{"type":"Feature","properties":{"field_1":4,"field_2":"1-5-4-CBA","field_3":"pedania_la_carlota_cordoba","field_4":4446965.31,"field_5":6317368.24,"field_6":null,"field_7":null},"geometry":{"type":"Point","coordinates":[-63.569341011480979,-33.285874186614173]}},
{"type":"Feature","properties":{"field_1":5,"field_2":"1-5-5-CBA","field_3":"pedania_la_carlota_cordoba","field_4":4446822.84,"field_5":6318169.25,"field_6":null,"field_7":null},"geometry":{"type":"Point","coordinates":[-63.570823380981267,-33.278645335905907]}},
{"type":"Feature","properties":{"field_1":6,"field_2":"1-5-6-CBA","field_3":"pedania_la_carlota_cordoba","field_4":4443486.96,"field_5":6310905.14,"field_6":null,"field_7":null},"geometry":{"type":"Point","coordinates":[-63.607083886504931,-33.343967607977284]}},
{"type":"Feature","properties":{"field_1":1,"field_2":"1-67-1-CBA","field_3":"pedania_chazon_cordoba","field_4":4481061.46,"field_5":6357392.19,"field_6":"Las Mojarras","field_7":null},"geometry":{"type":"Point","coordinates":[-63.202485585230107,-32.926133492912747]}},
{"type":"Feature","properties":{"field_1":10,"field_2":"1-67-10-CBA","field_3":"pedania_chazon_cordoba","field_4":4479264.48,"field_5":6348932.28,"field_6":null,"field_7":null},"geometry":{"type":"Point","coordinates":[-63.221888711531527,-33.002381822666514]}},
{"type":"Feature","properties":{"field_1":11,"field_2":"1-67-11-CBA","field_3":"pedania_chazon_cordoba","field_4":4473204.47,"field_5":6349901.84,"field_6":null,"field_7":null},"geometry":{"type":"Point","coordinates":[-63.286706880654584,-32.993507529459002]}},
{"type":"Feature","properties":{"field_1":12,"field_2":"1-67-12-CBA","field_3":"pedania_chazon_cordoba","field_4":4476685.4,"field_5":6356913.73,"field_6":null,"field_7":null},"geometry":{"type":"Point","coordinates":[-63.249284562173706,-32.930363111227635]}},
{"type":"Feature","properties":{"field_1":13,"field_2":"1-67-13-CBA","field_3":"pedania_chazon_cordoba","field_4":4471485.59,"field_5":6349700.16,"field_6":null,"field_7":null},"geometry":{"type":"Point","coordinates":[-63.305104488279007,-32.995282420840198]}},
{"type":"Feature","properties":{"field_1":2,"field_2":"1-67-2-CBA","field_3":"pedania_chazon_cordoba","field_4":4479220.52,"field_5":6357835.06,"field_6":null,"field_7":null},"geometry":{"type":"Point","coordinates":[-63.222158138106565,-32.922106780632959]}},
{"type":"Feature","properties":{"field_1":3,"field_2":"1-67-3-CBA","field_3":"pedania_chazon_cordoba","field_4":4477109.5,"field_5":6354467.16,"field_6":null,"field_7":null},"geometry":{"type":"Point","coordinates":[-63.244810842161854,-32.952432239339764]}},
{"type":"Feature","properties":{"field_1":4,"field_2":"1-67-4-CBA","field_3":"pedania_chazon_cordoba","field_4":4472892.58,"field_5":6355427.1,"field_6":null,"field_7":null},"geometry":{"type":"Point","coordinates":[-63.289881219589063,-32.943680209045368]}},
{"type":"Feature","properties":{"field_1":5,"field_2":"1-67-5-CBA","field_3":"pedania_chazon_cordoba","field_4":4472279.64,"field_5":6348634.67,"field_6":null,"field_7":null},"geometry":{"type":"Point","coordinates":[-63.296640439136468,-33.004910043699546]}},
{"type":"Feature","properties":{"field_1":6,"field_2":"1-67-6-CBA","field_3":"pedania_chazon_cordoba","field_4":4477093.63,"field_5":6350122.5,"field_6":null,"field_7":null},"geometry":{"type":"Point","coordinates":[-63.245088737998458,-32.991606525586882]}},
{"type":"Feature","properties":{"field_1":7,"field_2":"1-67-7-CBA","field_3":"pedania_chazon_cordoba","field_4":4473162.63,"field_5":6348683.07,"field_6":null,"field_7":null},"geometry":{"type":"Point","coordinates":[-63.287190151917301,-33.004495733443449]}},
{"type":"Feature","properties":{"field_1":8,"field_2":"1-67-8-CBA","field_3":"pedania_chazon_cordoba","field_4":4478611.12,"field_5":6350150.04,"field_6":null,"field_7":null},"geometry":{"type":"Point","coordinates":[-63.228851805376046,-32.991389020144162]}},
{"type":"Feature","properties":{"field_1":9,"field_2":"1-67-9-CBA","field_3":"pedania_chazon_cordoba","field_4":4478179.55,"field_5":6349120.41,"field_6":null,"field_7":null},"geometry":{"type":"Point","coordinates":[-63.233493800714072,-33.000664337528626]}},
{"type":"Feature","properties":{"field_1":1,"field_2":"1-68-1-CBA","field_3":"pedania_chazon_cordoba","field_4":4471589.96,"field_5":6344587.76,"field_6":null,"field_7":null},"geometry":{"type":"Point","coordinates":[-63.304145977477972,-33.041381695987774]}},
{"type":"Feature","properties":{"field_1":10,"field_2":"1-68-10-CBA","field_3":"pedania_chazon_cordoba","field_4":4478100.12,"field_5":6342704.61,"field_6":null,"field_7":null},"geometry":{"type":"Point","coordinates":[-63.23449689752303,-33.058511781356877]}},
{"type":"Feature","properties":{"field_1":11,"field_2":"1-68-11-CBA","field_3":"pedania_chazon_cordoba","field_4":4474147.9,"field_5":6346021.93,"field_6":null,"field_7":null},"geometry":{"type":"Point","coordinates":[-63.276721761218212,-33.0285140884626]}},
{"type":"Feature","properties":{"field_1":12,"field_2":"1-68-12-CBA","field_3":"pedania_chazon_cordoba","field_4":4476372.06,"field_5":6345824.93,"field_6":null,"field_7":null},"geometry":{"type":"Point","coordinates":[-63.252919704951637,-33.030340888492113]}},
{"type":"Feature","properties":{"field_1":13,"field_2":"1-68-13-CBA","field_3":"pedania_chazon_cordoba","field_4":4480615.84,"field_5":6341214.37,"field_6":null,"field_7":null},"geometry":{"type":"Point","coordinates":[-63.207591272700697,-33.071996437967378]}},
{"type":"Feature","properties":{"field_1":14,"field_2":"1-68-14-CBA","field_3":"pedania_chazon_cordoba","field_4":4476842.33,"field_5":6341130.05,"field_6":null,"field_7":null},"geometry":{"type":"Point","coordinates":[-63.248004523440734,-33.072682897989701]}},
{"type":"Feature","properties":{"field_1":2,"field_2":"1-68-2-CBA","field_3":"pedania_chazon_cordoba","field_4":4471559.02,"field_5":6348300.85,"field_6":null,"field_7":null},"geometry":{"type":"Point","coordinates":[-63.304362120571014,-33.007901413836784]}},
{"type":"Feature","properties":{"field_1":3,"field_2":"1-68-3-CBA","field_3":"pedania_chazon_cordoba","field_4":4471613.73,"field_5":6347344.58,"field_6":null,"field_7":null},"geometry":{"type":"Point","coordinates":[-63.303806212977975,-33.016525168715305]}},
{"type":"Feature","properties":{"field_1":4,"field_2":"1-68-4-CBA","field_3":"pedania_chazon_cordoba","field_4":4479106.62,"field_5":6347837.26,"field_6":null,"field_7":null},"geometry":{"type":"Point","coordinates":[-63.223602842414081,-33.012252265951027]}},
{"type":"Feature","properties":{"field_1":5,"field_2":"1-68-5-CBA","field_3":"pedania_chazon_cordoba","field_4":4481198.59,"field_5":6346428.5,"field_6":null,"field_7":null},"geometry":{"type":"Point","coordinates":[-63.201243539703313,-33.024992713477623]}},
{"type":"Feature","properties":{"field_1":6,"field_2":"1-68-6-CBA","field_3":"pedania_chazon_cordoba","field_4":4473944.65,"field_5":6341615.86,"field_6":null,"field_7":null},"geometry":{"type":"Point","coordinates":[-63.27902257274269,-33.068236986727257]}},
{"type":"Feature","properties":{"field_1":7,"field_2":"1-68-7-CBA","field_3":"pedania_chazon_cordoba","field_4":4473643.37,"field_5":6339973.35,"field_6":null,"field_7":null},"geometry":{"type":"Point","coordinates":[-63.282296174352744,-33.083039502437032]}},
{"type":"Feature","properties":{"field_1":8,"field_2":"1-68-8-CBA","field_3":"pedania_la_carlota_cordoba","field_4":4478769.04,"field_5":6338482.1,"field_6":null,"field_7":null},"geometry":{"type":"Point","coordinates":[-63.227432367403438,-33.096597670502042]}},
{"type":"Feature","properties":{"field_1":9,"field_2":"1-68-9-CBA","field_3":"pedania_chazon_cordoba","field_4":4476668.75,"field_5":6344251.58,"field_6":null,"field_7":null},"geometry":{"type":"Point","coordinates":[-63.249783932426247,-33.044533600484336]}},
{"type":"Feature","properties":{"field_1":1,"field_2":"1-69-1-CBA","field_3":"pedania_la_carlota_cordoba","field_4":4480137.06,"field_5":6335887.95,"field_6":null,"field_7":null},"geometry":{"type":"Point","coordinates":[-63.21283431338108,-33.120013832117948]}},
{"type":"Feature","properties":{"field_1":10,"field_2":"1-69-10-CBA","field_3":"pedania_la_carlota_cordoba","field_4":4476869.24,"field_5":6336480.73,"field_6":null,"field_7":null},"geometry":{"type":"Point","coordinates":[-63.24783393289745,-33.114604299151587]}},
{"type":"Feature","properties":{"field_1":11,"field_2":"1-69-11-CBA","field_3":"pedania_la_carlota_cordoba","field_4":4474704.8,"field_5":6335765.16,"field_6":null,"field_7":null},"geometry":{"type":"Point","coordinates":[-63.27104421320454,-33.121007959777749]}},
{"type":"Feature","properties":{"field_1":12,"field_2":"1-69-12-CBA","field_3":"pedania_la_carlota_cordoba","field_4":4473479.79,"field_5":6336421.41,"field_6":null,"field_7":null},"geometry":{"type":"Point","coordinates":[-63.284151221258071,-33.115061647265321]}},
{"type":"Feature","properties":{"field_1":13,"field_2":"1-69-13-CBA","field_3":"pedania_la_carlota_cordoba","field_4":4475056.73,"field_5":6337668.55,"field_6":null,"field_7":null},"geometry":{"type":"Point","coordinates":[-63.267221294101326,-33.10385417110902]}},
{"type":"Feature","properties":{"field_1":14,"field_2":"1-69-14-CBA","field_3":"pedania_la_carlota_cordoba","field_4":4479997.35,"field_5":6333494.92,"field_6":null,"field_7":null},"geometry":{"type":"Point","coordinates":[-63.21438374328276,-33.141588064163258]}},
{"type":"Feature","properties":{"field_1":2,"field_2":"1-69-2-CBA","field_3":"pedania_la_carlota_cordoba","field_4":4478885.14,"field_5":6333693.9,"field_6":null,"field_7":null},"geometry":{"type":"Point","coordinates":[-63.226299374279236,-33.139772877288387]}},
{"type":"Feature","properties":{"field_1":3,"field_2":"1-69-3-CBA","field_3":"pedania_la_carlota_cordoba","field_4":4476411.92,"field_5":6331646.42,"field_6":null,"field_7":null},"geometry":{"type":"Point","coordinates":[-63.252858757078819,-33.158182942545714]}},
{"type":"Feature","properties":{"field_1":4,"field_2":"1-69-4-CBA","field_3":"pedania_la_carlota_cordoba","field_4":4474219.02,"field_5":6332914.11,"field_6":null,"field_7":null},"geometry":{"type":"Point","coordinates":[-63.276329912981666,-33.146702940631627]}},
{"type":"Feature","properties":{"field_1":5,"field_2":"1-69-5-CBA","field_3":"pedania_la_carlota_cordoba","field_4":4473651.74,"field_5":6333853.29,"field_6":null,"field_7":null},"geometry":{"type":"Point","coordinates":[-63.282383001678916,-33.138221230239225]}},
{"type":"Feature","properties":{"field_1":6,"field_2":"1-69-6-CBA","field_3":"pedania_la_carlota_cordoba","field_4":4472573.23,"field_5":6332072.26,"field_6":null,"field_7":null},"geometry":{"type":"Point","coordinates":[-63.293995104128655,-33.154253044015874]}},
{"type":"Feature","properties":{"field_1":7,"field_2":"1-69-7-CBA","field_3":"pedania_la_carlota_cordoba","field_4":4471876.91,"field_5":6337772.69,"field_6":null,"field_7":null},"geometry":{"type":"Point","coordinates":[-63.301283417809685,-33.102837506551879]}},
{"type":"Feature","properties":{"field_1":8,"field_2":"1-69-8-CBA","field_3":"pedania_la_carlota_cordoba","field_4":4480991.58,"field_5":6335178.24,"field_6":null,"field_7":null},"geometry":{"type":"Point","coordinates":[-63.203692902922803,-33.126428259096258]}},
{"type":"Feature","properties":{"field_1":9,"field_2":"1-69-9-CBA","field_3":"pedania_ascasubi_cordoba","field_4":4480505.78,"field_5":6330210.36,"field_6":null,"field_7":null},"geometry":{"type":"Point","coordinates":[-63.209004816285216,-33.17121250512848]}},
{"type":"Feature","properties":{"field_1":1,"field_2":"1-70-1-CBA","field_3":"pedania_la_carlota_cordoba","field_4":4471751.37,"field_5":6321626.71,"field_6":null,"field_7":null},"geometry":{"type":"Point","coordinates":[-63.303129067359237,-33.248412697946442]}},
{"type":"Feature","properties":{"field_1":2,"field_2":"1-70-2-CBA","field_3":"pedania_la_carlota_cordoba","field_4":4472243.29,"field_5":6323135.24,"field_6":null,"field_7":null},"geometry":{"type":"Point","coordinates":[-63.297804365522587,-33.234824095038768]}},
{"type":"Feature","properties":{"field_1":3,"field_2":"1-70-3-CBA","field_3":"pedania_la_carlota_cordoba","field_4":4473756.8,"field_5":6323443.42,"field_6":null,"field_7":null},"geometry":{"type":"Point","coordinates":[-63.281557135612204,-33.232083259185217]}},
{"type":"Feature","properties":{"field_1":4,"field_2":"1-70-4-CBA","field_3":"pedania_la_carlota_cordoba","field_4":4475506.09,"field_5":6321124.0,"field_6":null,"field_7":null},"geometry":{"type":"Point","coordinates":[-63.262852284153873,-33.253036961586695]}},
{"type":"Feature","properties":{"field_1":5,"field_2":"1-70-5-CBA","field_3":"pedania_la_carlota_cordoba","field_4":4474578.24,"field_5":6327479.02,"field_6":null,"field_7":null},"geometry":{"type":"Point","coordinates":[-63.272631388949399,-33.195716477939357]}},
{"type":"Feature","properties":{"field_1":6,"field_2":"1-70-6-CBA","field_3":"pedania_la_carlota_cordoba","field_4":4474157.81,"field_5":6328193.87,"field_6":null,"field_7":null},"geometry":{"type":"Point","coordinates":[-63.277119847614593,-33.189261157104795]}},
{"type":"Feature","properties":{"field_1":7,"field_2":"1-70-7-CBA","field_3":"pedania_la_carlota_cordoba","field_4":4473294.86,"field_5":6328321.44,"field_6":null,"field_7":null},"geometry":{"type":"Point","coordinates":[-63.286369831882588,-33.188089992574191]}},
{"type":"Feature","properties":{"field_1":8,"field_2":"1-70-8-CBA","field_3":"pedania_la_carlota_cordoba","field_4":4471452.92,"field_5":6325782.05,"field_6":null,"field_7":null},"geometry":{"type":"Point","coordinates":[-63.306201017784275,-33.210939023601746]}},
{"type":"Feature","properties":{"field_1":9,"field_2":"1-70-9-CBA","field_3":"pedania_la_carlota_cordoba","field_4":4479959.17,"field_5":6327269.81,"field_6":null,"field_7":null},"geometry":{"type":"Point","coordinates":[-63.214929873618281,-33.19771582247828]}},
{"type":"Feature","properties":{"field_1":1,"field_2":"1-71-1-CBA","field_3":"pedania_la_carlota_cordoba","field_4":4481077.84,"field_5":6314883.45,"field_6":null,"field_7":null},"geometry":{"type":"Point","coordinates":[-63.203191066396073,-33.309415671642462]}},
{"type":"Feature","properties":{"field_1":10,"field_2":"1-71-10-CBA","field_3":"pedania_la_carlota_cordoba","field_4":4478327.14,"field_5":6310275.79,"field_6":null,"field_7":null},"geometry":{"type":"Point","coordinates":[-63.232838833462914,-33.350907523683496]}},
{"type":"Feature","properties":{"field_1":11,"field_2":"1-71-11-CBA","field_3":"pedania_la_carlota_cordoba","field_4":4479513.0,"field_5":6309568.81,"field_6":null,"field_7":null},"geometry":{"type":"Point","coordinates":[-63.220114959234181,-33.357305023742512]}},
{"type":"Feature","properties":{"field_1":12,"field_2":"1-71-12-CBA","field_3":"pedania_la_carlota_cordoba","field_4":4476167.73,"field_5":6309320.85,"field_6":null,"field_7":null},"geometry":{"type":"Point","coordinates":[-63.256062951653689,-33.359471755359912]}},
{"type":"Feature","properties":{"field_1":13,"field_2":"1-71-13-CBA","field_3":"pedania_la_carlota_cordoba","field_4":4473711.48,"field_5":6312004.16,"field_6":null,"field_7":null},"geometry":{"type":"Point","coordinates":[-63.282375287662425,-33.335221381866042]}},
{"type":"Feature","properties":{"field_1":15,"field_2":"1-71-15-CBA","field_3":"pedania_la_carlota_cordoba","field_4":4475269.68,"field_5":6316526.16,"field_6":null,"field_7":null},"geometry":{"type":"Point","coordinates":[-63.265514684704371,-33.294486971198516]}},
{"type":"Feature","properties":{"field_1":2,"field_2":"1-71-2-CBA","field_3":"pedania_la_carlota_cordoba","field_4":4480466.88,"field_5":6315500.57,"field_6":null,"field_7":null},"geometry":{"type":"Point","coordinates":[-63.209738301068782,-33.30384065265801]}},
{"type":"Feature","properties":{"field_1":3,"field_2":"1-71-3-CBA","field_3":"pedania_la_carlota_cordoba","field_4":4479994.24,"field_5":6315957.66,"field_6":null,"field_7":null},"geometry":{"type":"Point","coordinates":[-63.214803133653021,-33.299710736980046]}},
{"type":"Feature","properties":{"field_1":4,"field_2":"1-71-4-CBA","field_3":"pedania_la_carlota_cordoba","field_4":4478489.15,"field_5":6315004.02,"field_6":null,"field_7":null},"geometry":{"type":"Point","coordinates":[-63.23098581078326,-33.308280017389833]}},
{"type":"Feature","properties":{"field_1":5,"field_2":"1-71-5-CBA","field_3":"pedania_la_carlota_cordoba","field_4":4478211.22,"field_5":6315816.41,"field_6":null,"field_7":null},"geometry":{"type":"Point","coordinates":[-63.233950651257288,-33.300949719657318]}},
{"type":"Feature","properties":{"field_1":6,"field_2":"1-71-6-CBA","field_3":"pedania_la_carlota_cordoba","field_4":4479933.09,"field_5":6312144.93,"field_6":null,"field_7":null},"geometry":{"type":"Point","coordinates":[-63.21554428552767,-33.334086116225066]}},
{"type":"Feature","properties":{"field_1":7,"field_2":"1-71-7-CBA","field_3":"pedania_la_carlota_cordoba","field_4":4476871.39,"field_5":6313179.86,"field_6":null,"field_7":null},"geometry":{"type":"Point","coordinates":[-63.248403872254762,-33.324693551565851]}},
{"type":"Feature","properties":{"field_1":8,"field_2":"1-71-8-CBA","field_3":"pedania_la_carlota_cordoba","field_4":4474826.33,"field_5":6312281.84,"field_6":null,"field_7":null},"geometry":{"type":"Point","coordinates":[-63.270392702207921,-33.332744413681496]}},
{"type":"Feature","properties":{"field_1":9,"field_2":"1-71-9-CBA","field_3":"pedania_la_carlota_cordoba","field_4":4474456.46,"field_5":6312979.19,"field_6":null,"field_7":null},"geometry":{"type":"Point","coordinates":[-63.27434573962509,-33.326448262805982]}},
{"type":"Feature","properties":{"field_1":1,"field_2":"1-89-1-CBA","field_3":"pedania_chazon_cordoba","field_4":4483607.73,"field_5":6356948.87,"field_6":null,"field_7":null},"geometry":{"type":"Point","coordinates":[-63.175269802267536,-32.930171973989104]}},
{"type":"Feature","properties":{"field_1":2,"field_2":"1-89-2-CBA","field_3":"pedania_chazon_cordoba","field_4":4485991.28,"field_5":6354480.57,"field_6":null,"field_7":null},"geometry":{"type":"Point","coordinates":[-63.149822206360177,-32.952461343705203]}},
{"type":"Feature","properties":{"field_1":3,"field_2":"1-89-3-CBA","field_3":"pedania_chazon_cordoba","field_4":4481874.56,"field_5":6350738.29,"field_6":null,"field_7":null},"geometry":{"type":"Point","coordinates":[-63.193923248358018,-32.986144041569602]}},
{"type":"Feature","properties":{"field_1":4,"field_2":"1-89-4-CBA","field_3":"pedania_ascasubi_cordoba","field_4":4487523.57,"field_5":6348494.93,"field_6":null,"field_7":null},"geometry":{"type":"Point","coordinates":[-63.133515905246675,-33.006451094351732]}},
{"type":"Feature","properties":{"field_1":5,"field_2":"1-89-5-CBA","field_3":"pedania_ascasubi_cordoba","field_4":4491081.2,"field_5":6354051.08,"field_6":null,"field_7":null},"geometry":{"type":"Point","coordinates":[-63.095390746896634,-32.956387399188515]}},
{"type":"Feature","properties":{"field_1":6,"field_2":"1-89-6-CBA","field_3":"pedania_chazon_cordoba","field_4":4486365.76,"field_5":6357210.68,"field_6":null,"field_7":null},"geometry":{"type":"Point","coordinates":[-63.145776832016651,-32.927849150406523]}},
{"type":"Feature","properties":{"field_1":7,"field_2":"1-89-7-CBA","field_3":"pedania_chazon_cordoba","field_4":4482433.87,"field_5":6354761.37,"field_6":null,"field_7":null},"geometry":{"type":"Point","coordinates":[-63.187862498664522,-32.949878011386694]}},
{"type":"Feature","properties":{"field_1":1,"field_2":"1-90-1-CBA","field_3":"pedania_chazon_cordoba","field_4":4484000.34,"field_5":6345925.9,"field_6":null,"field_7":null},"geometry":{"type":"Point","coordinates":[-63.171263754257865,-33.029569258126472]}},
{"type":"Feature","properties":{"field_1":10,"field_2":"1-90-10-CBA","field_3":"pedania_ascasubi_cordoba","field_4":4489036.65,"field_5":6342524.93,"field_6":null,"field_7":null},"geometry":{"type":"Point","coordinates":[-63.117395345383386,-33.060297081420487]}},
{"type":"Feature","properties":{"field_1":11,"field_2":"1-90-11-CBA","field_3":"pedania_ascasubi_cordoba","field_4":4489803.93,"field_5":6340368.6,"field_6":null,"field_7":null},"geometry":{"type":"Point","coordinates":[-63.109203469766179,-33.079747422684704]}},
{"type":"Feature","properties":{"field_1":12,"field_2":"1-90-12-CBA","field_3":"pedania_ascasubi_cordoba","field_4":4491011.97,"field_5":6340169.95,"field_6":null,"field_7":null},"geometry":{"type":"Point","coordinates":[-63.096267106178892,-33.081549238447813]}},
{"type":"Feature","properties":{"field_1":2,"field_2":"1-90-2-CBA","field_3":"pedania_chazon_cordoba","field_4":4483947.84,"field_5":6342744.63,"field_6":null,"field_7":null},"geometry":{"type":"Point","coordinates":[-63.171881420596151,-33.058252935821081]}},
{"type":"Feature","properties":{"field_1":3,"field_2":"1-90-3-CBA","field_3":"pedania_ascasubi_cordoba","field_4":4487304.58,"field_5":6343139.96,"field_6":null,"field_7":null},"geometry":{"type":"Point","coordinates":[-63.135933488672066,-33.05473272864451]}},
{"type":"Feature","properties":{"field_1":4,"field_2":"1-90-4-CBA","field_3":"pedania_ascasubi_cordoba","field_4":4485229.0,"field_5":6342373.46,"field_6":null,"field_7":null},"geometry":{"type":"Point","coordinates":[-63.158169333167812,-33.06161779479185]}},
{"type":"Feature","properties":{"field_1":5,"field_2":"1-90-5-CBA","field_3":"pedania_ascasubi_cordoba","field_4":4486646.39,"field_5":6341431.13,"field_6":null,"field_7":null},"geometry":{"type":"Point","coordinates":[-63.143005725400151,-33.070132775369558]}},
{"type":"Feature","properties":{"field_1":6,"field_2":"1-90-6-CBA","field_3":"pedania_ascasubi_cordoba","field_4":4484571.64,"field_5":6340400.59,"field_6":null,"field_7":null},"geometry":{"type":"Point","coordinates":[-63.165241555355571,-33.079397310474469]}},
{"type":"Feature","properties":{"field_1":7,"field_2":"1-90-7-CBA","field_3":"pedania_ascasubi_cordoba","field_4":4487737.8,"field_5":6340382.1,"field_6":null,"field_7":null},"geometry":{"type":"Point","coordinates":[-63.131331876802797,-33.079604354574087]}},
{"type":"Feature","properties":{"field_1":8,"field_2":"1-90-8-CBA","field_3":"pedania_chazon_cordoba","field_4":4482381.33,"field_5":6342236.04,"field_6":null,"field_7":null},"geometry":{"type":"Point","coordinates":[-63.188664654558778,-33.062814463970128]}},
{"type":"Feature","properties":{"field_1":9,"field_2":"1-90-9-CBA","field_3":"pedania_chazon_cordoba","field_4":4482208.03,"field_5":6339368.15,"field_6":null,"field_7":null},"geometry":{"type":"Point","coordinates":[-63.190576110230914,-33.088670291472823]}},
{"type":"Feature","properties":{"field_1":1,"field_2":"1-91-1-CBA","field_3":"pedania_ascasubi_cordoba","field_4":4491026.38,"field_5":6332424.93,"field_6":null,"field_7":null},"geometry":{"type":"Point","coordinates":[-63.096188853816237,-33.151383021499989]}},
{"type":"Feature","properties":{"field_1":10,"field_2":"1-91-10-CBA","field_3":"pedania_ascasubi_cordoba","field_4":4487157.05,"field_5":6334381.83,"field_6":null,"field_7":null},"geometry":{"type":"Point","coordinates":[-63.137636110054032,-33.133699623477064]}},
{"type":"Feature","properties":{"field_1":11,"field_2":"1-91-11-CBA","field_3":"pedania_ascasubi_cordoba","field_4":4483872.09,"field_5":6333185.11,"field_6":null,"field_7":null},"geometry":{"type":"Point","coordinates":[-63.172861168217899,-33.144446018596867]}},
{"type":"Feature","properties":{"field_1":12,"field_2":"1-91-12-CBA","field_3":"pedania_ascasubi_cordoba","field_4":4483772.92,"field_5":6331536.86,"field_6":null,"field_7":null},"geometry":{"type":"Point","coordinates":[-63.173953402263038,-33.159305999993315]}},
{"type":"Feature","properties":{"field_1":13,"field_2":"1-91-13-CBA","field_3":"pedania_ascasubi_cordoba","field_4":4484182.53,"field_5":6330269.97,"field_6":null,"field_7":null},"geometry":{"type":"Point","coordinates":[-63.169584454609769,-33.170734959235141]}},
{"type":"Feature","properties":{"field_1":14,"field_2":"1-91-14-CBA","field_3":"pedania_ascasubi_cordoba","field_4":4485109.67,"field_5":6331906.61,"field_6":null,"field_7":null},"geometry":{"type":"Point","coordinates":[-63.159617665196599,-33.155991337384357]}},
{"type":"Feature","properties":{"field_1":15,"field_2":"1-91-15-CBA","field_3":"pedania_ascasubi_cordoba","field_4":4490232.16,"field_5":6329618.82,"field_6":null,"field_7":null},"geometry":{"type":"Point","coordinates":[-63.104732069242971,-33.176677497324221]}},
{"type":"Feature","properties":{"field_1":16,"field_2":"1-91-16-CBA","field_3":"pedania_ascasubi_cordoba","field_4":4490406.0,"field_5":6334131.96,"field_6":null,"field_7":null},"geometry":{"type":"Point","coordinates":[-63.102820672329742,-33.135986190759695]}},
{"type":"Feature","properties":{"field_1":17,"field_2":"1-91-17-CBA","field_3":"pedania_ascasubi_cordoba","field_4":4490022.35,"field_5":6335567.67,"field_6":null,"field_7":null},"geometry":{"type":"Point","coordinates":[-63.106916555146825,-33.123037553709679]}},
{"type":"Feature","properties":{"field_1":18,"field_2":"1-91-18-CBA","field_3":"pedania_ascasubi_cordoba","field_4":4490698.01,"field_5":6335187.89,"field_6":null,"field_7":null},"geometry":{"type":"Point","coordinates":[-63.09968044187071,-33.126467870760301]}},
{"type":"Feature","properties":{"field_1":2,"field_2":"1-91-2-CBA","field_3":"pedania_ascasubi_cordoba","field_4":4488420.64,"field_5":6333385.76,"field_6":null,"field_7":null},"geometry":{"type":"Point","coordinates":[-63.124107225631995,-33.142694961468671]}},
{"type":"Feature","properties":{"field_1":3,"field_2":"1-91-3-CBA","field_3":"pedania_ascasubi_cordoba","field_4":4489472.29,"field_5":6330794.69,"field_6":null,"field_7":null},"geometry":{"type":"Point","coordinates":[-63.112865763269411,-33.166068139938773]}},
{"type":"Feature","properties":{"field_1":4,"field_2":"1-91-4-CBA","field_3":"pedania_ascasubi_cordoba","field_4":4490523.99,"field_5":6336497.34,"field_6":null,"field_7":null},"geometry":{"type":"Point","coordinates":[-63.101531625754497,-33.114659601920053]}},
{"type":"Feature","properties":{"field_1":5,"field_2":"1-91-5-CBA","field_3":"pedania_ascasubi_cordoba","field_4":4488574.51,"field_5":6334874.51,"field_6":null,"field_7":null},"geometry":{"type":"Point","coordinates":[-63.122439438431591,-33.129273200228681]}},
{"type":"Feature","properties":{"field_1":6,"field_2":"1-91-6-CBA","field_3":"pedania_ascasubi_cordoba","field_4":4488786.84,"field_5":6338199.74,"field_6":null,"field_7":null},"geometry":{"type":"Point","coordinates":[-63.12012325972492,-33.099293195635454]}},
{"type":"Feature","properties":{"field_1":7,"field_2":"1-91-7-CBA","field_3":"pedania_ascasubi_cordoba","field_4":4487339.65,"field_5":6329281.27,"field_6":null,"field_7":null},"geometry":{"type":"Point","coordinates":[-63.135750071883876,-33.179691062423899]}},
{"type":"Feature","properties":{"field_1":8,"field_2":"1-91-8-CBA","field_3":"pedania_ascasubi_cordoba","field_4":4485803.41,"field_5":6336586.55,"field_6":null,"field_7":null},"geometry":{"type":"Point","coordinates":[-63.152108386338689,-33.113803763979995]}},
{"type":"Feature","properties":{"field_1":9,"field_2":"1-91-9-CBA","field_3":"pedania_ascasubi_cordoba","field_4":4483560.15,"field_5":6336887.44,"field_6":null,"field_7":null},"geometry":{"type":"Point","coordinates":[-63.176137870416518,-33.111059117033918]}},
{"type":"Feature","properties":{"field_1":1,"field_2":"1-92-1-CBA","field_3":"pedania_ascasubi_cordoba","field_4":4483812.09,"field_5":6326646.18,"field_6":null,"field_7":null},"geometry":{"type":"Point","coordinates":[-63.173620454553138,-33.203403237620698]}},
{"type":"Feature","properties":{"field_1":10,"field_2":"1-92-10-CBA","field_3":"pedania_ascasubi_cordoba","field_4":4489687.99,"field_5":6320399.09,"field_6":null,"field_7":null},"geometry":{"type":"Point","coordinates":[-63.110671233455236,-33.259801572252634]}},
{"type":"Feature","properties":{"field_1":11,"field_2":"1-92-11-CBA","field_3":"pedania_la_carlota_cordoba","field_4":4487043.79,"field_5":6318952.55,"field_6":null,"field_7":null},"geometry":{"type":"Point","coordinates":[-63.139069664439525,-33.272815600679579]}},
{"type":"Feature","properties":{"field_1":2,"field_2":"1-92-2-CBA","field_3":"pedania_ascasubi_cordoba","field_4":4485220.6,"field_5":6324459.06,"field_6":null,"field_7":null},"geometry":{"type":"Point","coordinates":[-63.158549493622253,-33.223143402573271]}},
{"type":"Feature","properties":{"field_1":3,"field_2":"1-92-3-CBA","field_3":"pedania_ascasubi_cordoba","field_4":4487178.69,"field_5":6324095.07,"field_6":null,"field_7":null},"geometry":{"type":"Point","coordinates":[-63.137549037370633,-33.226450283436009]}},
{"type":"Feature","properties":{"field_1":4,"field_2":"1-92-4-CBA","field_3":"pedania_ascasubi_cordoba","field_4":4483935.31,"field_5":6321763.98,"field_6":null,"field_7":null},"geometry":{"type":"Point","coordinates":[-63.172385222151952,-33.247424957158863]}},
{"type":"Feature","properties":{"field_1":5,"field_2":"1-92-5-CBA","field_3":"pedania_ascasubi_cordoba","field_4":4482188.89,"field_5":6327139.5,"field_6":null,"field_7":null},"geometry":{"type":"Point","coordinates":[-63.1910198802926,-33.198929749096834]}},
{"type":"Feature","properties":{"field_1":6,"field_2":"1-92-6-CBA","field_3":"pedania_ascasubi_cordoba","field_4":4484790.76,"field_5":6324052.71,"field_6":null,"field_7":null},"geometry":{"type":"Point","coordinates":[-63.16316744061227,-33.226801258432488]}},
{"type":"Feature","properties":{"field_1":7,"field_2":"1-92-7-CBA","field_3":"pedania_ascasubi_cordoba","field_4":4482578.24,"field_5":6322985.05,"field_6":null,"field_7":null},"geometry":{"type":"Point","coordinates":[-63.186923881370568,-33.236394299982237]}},
{"type":"Feature","properties":{"field_1":8,"field_2":"1-92-8-CBA","field_3":"pedania_ascasubi_cordoba","field_4":4487720.55,"field_5":6321929.04,"field_6":null,"field_7":null},"geometry":{"type":"Point","coordinates":[-63.131765252122442,-33.245986376816965]}},
{"type":"Feature","properties":{"field_1":9,"field_2":"1-92-9-CBA","field_3":"pedania_ascasubi_cordoba","field_4":4488053.42,"field_5":6320257.94,"field_6":null,"field_7":null},"geometry":{"type":"Point","coordinates":[-63.128215430747538,-33.261057383021203]}},
{"type":"Feature","properties":{"field_1":1,"field_2":"1-93-1-CBA","field_3":"pedalnia_loboy_cordoba","field_4":4491338.31,"field_5":6312948.82,"field_6":null,"field_7":null},"geometry":{"type":"Point","coordinates":[-63.093031116375101,-33.326990191524125]}},
{"type":"Feature","properties":{"field_1":2,"field_2":"1-93-2-CBA","field_3":"pedania_la_carlota_cordoba","field_4":4488222.33,"field_5":6312132.77,"field_6":null,"field_7":null},"geometry":{"type":"Point","coordinates":[-63.126508351362745,-33.334318347099057]}},
{"type":"Feature","properties":{"field_1":3,"field_2":"1-93-3-CBA","field_3":"pedania_la_carlota_cordoba","field_4":4487821.38,"field_5":6310873.2,"field_6":null,"field_7":null},"geometry":{"type":"Point","coordinates":[-63.130832017473963,-33.345670489085485]}},
{"type":"Feature","properties":{"field_1":4,"field_2":"1-93-4-CBA","field_3":"pedania_la_carlota_cordoba","field_4":4486532.85,"field_5":6311317.88,"field_6":null,"field_7":null},"geometry":{"type":"Point","coordinates":[-63.144667544527216,-33.341645792166801]}},
{"type":"Feature","properties":{"field_1":5,"field_2":"1-93-5-CBA","field_3":"pedania_la_carlota_cordoba","field_4":4486991.43,"field_5":6312371.59,"field_6":null,"field_7":null},"geometry":{"type":"Point","coordinates":[-63.139726262056598,-33.332150914310461]}},
{"type":"Feature","properties":{"field_1":6,"field_2":"1-93-6-CBA","field_3":"pedania_la_carlota_cordoba","field_4":4481956.8,"field_5":6310838.31,"field_6":null,"field_7":null},"geometry":{"type":"Point","coordinates":[-63.193833430049658,-33.345902715183044]}},
{"type":"Feature","properties":{"field_1":8,"field_2":"1-93-8-CBA","field_3":"pedania_la_carlota_cordoba","field_4":4488836.31,"field_5":6318279.57,"field_6":null,"field_7":null},"geometry":{"type":"Point","coordinates":[-63.119837633598372,-33.278903457705489]}},
{"type":"Feature","properties":{"field_1":1,"field_2":"11-221-1-CBA","field_3":"pedania_saladillo_cordoba","field_4":4551336.09,"field_5":6349895.24,"field_6":null,"field_7":null},"geometry":{"type":"Point","coordinates":[-62.450726442506316,-32.992688018381124]}},
{"type":"Feature","properties":{"field_1":2,"field_2":"11-221-2-CBA","field_3":"pedania_ascasubi_cordoba","field_4":4541742.92,"field_5":6356319.93,"field_6":null,"field_7":null},"geometry":{"type":"Point","coordinates":[-62.553657813813558,-32.935168849191435]}},
{"type":"Feature","properties":{"field_1":3,"field_2":"11-221-3-CBA","field_3":"pedania_saladillo_cordoba","field_4":4545403.2,"field_5":6356049.58,"field_6":null,"field_7":null},"geometry":{"type":"Point","coordinates":[-62.514507445653358,-32.93746055677304]}},
{"type":"Feature","properties":{"field_1":4,"field_2":"11-221-4-CBA","field_3":"pedania_saladillo_cordoba","field_4":4546917.09,"field_5":6354876.55,"field_6":null,"field_7":null},"geometry":{"type":"Point","coordinates":[-62.498260290877418,-32.947973251070366]}},
{"type":"Feature","properties":{"field_1":5,"field_2":"11-221-5-CBA","field_3":"pedania_ascasubi_cordoba","field_4":4544600.13,"field_5":6353355.06,"field_6":null,"field_7":null},"geometry":{"type":"Point","coordinates":[-62.522963900102908,-32.961788843208268]}},
{"type":"Feature","properties":{"field_1":1,"field_2":"11-222-1-CBA","field_3":"pedania_saladillo_cordoba","field_4":4548160.73,"field_5":6339187.05,"field_6":null,"field_7":null},"geometry":{"type":"Point","coordinates":[-62.484137824857513,-33.089381591018572]}},
{"type":"Feature","properties":{"field_1":2,"field_2":"11-222-2-CBA","field_3":"pedania_saladillo_cordoba","field_4":4545645.96,"field_5":6341143.54,"field_6":null,"field_7":null},"geometry":{"type":"Point","coordinates":[-62.511170986182108,-33.071849787414706]}},
{"type":"Feature","properties":{"field_1":1,"field_2":"11-223-1-CBA","field_3":"pedalnia_caldera_cordoba","field_4":4545459.23,"field_5":6332906.94,"field_6":null,"field_7":null},"geometry":{"type":"Point","coordinates":[-62.51276091724921,-33.146121151034784]}},
{"type":"Feature","properties":{"field_1":2,"field_2":"11-223-2-CBA","field_3":"pedalnia_caldera_cordoba","field_4":4548616.5,"field_5":6329846.48,"field_6":null,"field_7":null},"geometry":{"type":"Point","coordinates":[-62.478758640932902,-33.17357780120318]}},
{"type":"Feature","properties":{"field_1":3,"field_2":"11-223-3-CBA","field_3":"pedalnia_caldera_cordoba","field_4":4545063.5,"field_5":6331979.27,"field_6":null,"field_7":null},"geometry":{"type":"Point","coordinates":[-62.516956457111561,-33.154501756915124]}},
{"type":"Feature","properties":{"field_1":4,"field_2":"11-223-4-CBA","field_3":"pedania_saladillo_cordoba","field_4":4550654.37,"field_5":6337341.38,"field_6":null,"field_7":null},"geometry":{"type":"Point","coordinates":[-62.45732647369131,-33.105909185430143]}},
{"type":"Feature","properties":{"field_1":5,"field_2":"11-223-5-CBA","field_3":"pedania_saladillo_cordoba","field_4":4549824.83,"field_5":6335239.03,"field_6":null,"field_7":null},"geometry":{"type":"Point","coordinates":[-62.466098581766957,-33.124902792498936]}},
{"type":"Feature","properties":{"field_1":6,"field_2":"11-223-6-CBA","field_3":"pedalnia_caldera_cordoba","field_4":4544145.68,"field_5":6332524.25,"field_6":null,"field_7":null},"geometry":{"type":"Point","coordinates":[-62.526820853003379,-33.149625852925865]}},
{"type":"Feature","properties":{"field_1":7,"field_2":"11-223-7-CBA","field_3":"pedalnia_caldera_cordoba","field_4":4544488.31,"field_5":6329442.36,"field_6":null,"field_7":null},"geometry":{"type":"Point","coordinates":[-62.522998002343392,-33.177398846964621]}},
{"type":"Feature","properties":{"field_1":8,"field_2":"11-223-8-CBA","field_3":"pedalnia_caldera_cordoba","field_4":4545894.79,"field_5":6330321.51,"field_6":null,"field_7":null},"geometry":{"type":"Point","coordinates":[-62.50796249207508,-33.169413579366605]}},
{"type":"Feature","properties":{"field_1":1,"field_2":"11-224-1-CBA","field_3":"pedalnia_caldera_cordoba","field_4":4543126.15,"field_5":6327077.32,"field_6":null,"field_7":null},"geometry":{"type":"Point","coordinates":[-62.53749061415094,-33.198777626261638]}},
{"type":"Feature","properties":{"field_1":2,"field_2":"11-224-2-CBA","field_3":"pedalnia_caldera_cordoba","field_4":4544587.91,"field_5":6324308.11,"field_6":null,"field_7":null},"geometry":{"type":"Point","coordinates":[-62.521678478775435,-33.223685996224141]}},
{"type":"Feature","properties":{"field_1":3,"field_2":"11-224-3-CBA","field_3":"pedalnia_caldera_cordoba","field_4":4549699.02,"field_5":6323939.55,"field_6":null,"field_7":null},"geometry":{"type":"Point","coordinates":[-62.466830110621615,-33.226786081828116]}},
{"type":"Feature","properties":{"field_1":4,"field_2":"11-224-4-CBA","field_3":"pedalnia_caldera_cordoba","field_4":4542792.1,"field_5":6321829.31,"field_6":null,"field_7":null},"geometry":{"type":"Point","coordinates":[-62.540825941117845,-33.246107774258888]}},
{"type":"Feature","properties":{"field_1":5,"field_2":"11-224-5-CBA","field_3":"pedalnia_caldera_cordoba","field_4":4544849.03,"field_5":6319627.77,"field_6":null,"field_7":null},"geometry":{"type":"Point","coordinates":[-62.518646116808412,-33.265873594067813]}},
{"type":"Feature","properties":{"field_1":6,"field_2":"11-224-6-CBA","field_3":"pedalnia_caldera_cordoba","field_4":4550326.83,"field_5":6321712.56,"field_6":null,"field_7":null},"geometry":{"type":"Point","coordinates":[-62.459971796580128,-33.246835635487756]}},
{"type":"Feature","properties":{"field_1":7,"field_2":"11-224-7-CBA","field_3":"pedalnia_caldera_cordoba","field_4":4551173.21,"field_5":6322965.19,"field_6":null,"field_7":null},"geometry":{"type":"Point","coordinates":[-62.450960715787993,-33.235502151388907]}},
{"type":"Feature","properties":{"field_1":8,"field_2":"11-224-8-CBA","field_3":"pedalnia_caldera_cordoba","field_4":4547976.09,"field_5":6328188.59,"field_6":null,"field_7":null},"geometry":{"type":"Point","coordinates":[-62.48553722258643,-33.18855412959131]}},
{"type":"Feature","properties":{"field_1":1,"field_2":"11-225-1-CBA","field_3":"pedalnia_caldera_cordoba","field_4":4550465.92,"field_5":6311679.62,"field_6":null,"field_7":null},"geometry":{"type":"Point","coordinates":[-62.457920265181329,-33.337285558786178]}},
{"type":"Feature","properties":{"field_1":2,"field_2":"11-225-2-CBA","field_3":"pedalnia_caldera_cordoba","field_4":4550375.19,"field_5":6316363.05,"field_6":null,"field_7":null},"geometry":{"type":"Point","coordinates":[-62.459155634130433,-33.295064429992728]}},
{"type":"Feature","properties":{"field_1":3,"field_2":"11-225-3-CBA","field_3":"pedalnia_caldera_cordoba","field_4":4546489.3,"field_5":6312237.51,"field_6":null,"field_7":null},"geometry":{"type":"Point","coordinates":[-62.500662493279343,-33.33243473280757]}},
{"type":"Feature","properties":{"field_1":4,"field_2":"11-225-4-CBA","field_3":"pedalnia_caldera_cordoba","field_4":4542394.68,"field_5":6312210.46,"field_6":null,"field_7":null},"geometry":{"type":"Point","coordinates":[-62.544640060922845,-33.332847626427188]}},
{"type":"Feature","properties":{"field_1":5,"field_2":"11-225-5-CBA","field_3":"pedalnia_caldera_cordoba","field_4":4550747.21,"field_5":6317094.11,"field_6":null,"field_7":null},"geometry":{"type":"Point","coordinates":[-62.45520261597882,-33.288455792752579]}},
{"type":"Feature","properties":{"field_1":7,"field_2":"11-225-7-CBA","field_3":"pedalnia_caldera_cordoba","field_4":4542225.69,"field_5":6316063.25,"field_6":null,"field_7":null},"geometry":{"type":"Point","coordinates":[-62.546634985062163,-33.298117397602574]}},
{"type":"Feature","properties":{"field_1":1,"field_2":"11-243-1-CBA","field_3":"pedania_saladillo_cordoba","field_4":4553850.94,"field_5":6352860.7,"field_6":null,"field_7":null},"geometry":{"type":"Point","coordinates":[-62.423993354416112,-32.96582914243762]}},
{"type":"Feature","properties":{"field_1":2,"field_2":"11-243-2-CBA","field_3":"pedania_saladillo_cordoba","field_4":4554334.12,"field_5":6354874.17,"field_6":null,"field_7":null},"geometry":{"type":"Point","coordinates":[-62.418944138880008,-32.947651016835955]}},
{"type":"Feature","properties":{"field_1":1,"field_2":"11-244-1-CBA","field_3":"pedania_saladillo_cordoba","field_4":4558237.99,"field_5":6340376.14,"field_6":null,"field_7":null},"geometry":{"type":"Point","coordinates":[-62.376278059736102,-33.078167276093104]}},
{"type":"Feature","properties":{"field_1":2,"field_2":"11-244-2-CBA","field_3":"pedania_saladillo_cordoba","field_4":4554744.64,"field_5":6338629.54,"field_6":null,"field_7":null},"geometry":{"type":"Point","coordinates":[-62.413585256068266,-33.094096450680304]}},
{"type":"Feature","properties":{"field_1":1,"field_2":"11-245-1-CBA","field_3":"pedalnia_caldera_cordoba","field_4":4552424.68,"field_5":6328804.13,"field_6":null,"field_7":null},"geometry":{"type":"Point","coordinates":[-62.437870785776383,-33.182798095321431]}},
{"type":"Feature","properties":{"field_1":1,"field_2":"11-246-1-CBA","field_3":"pedalnia_caldera_cordoba","field_4":4556920.62,"field_5":6323438.74,"field_6":null,"field_7":null},"geometry":{"type":"Point","coordinates":[-62.38932891824831,-33.230945220437384]}},
{"type":"Feature","properties":{"field_1":2,"field_2":"11-246-2-CBA","field_3":"pedalnia_caldera_cordoba","field_4":4551485.12,"field_5":6328112.1,"field_6":null,"field_7":null},"geometry":{"type":"Point","coordinates":[-62.447905801335786,-33.189082575257288]}},
{"type":"Feature","properties":{"field_1":3,"field_2":"11-246-3-CBA","field_3":"pedalnia_caldera_cordoba","field_4":4552390.64,"field_5":6327207.55,"field_6":null,"field_7":null},"geometry":{"type":"Point","coordinates":[-62.438143870506373,-33.197194604680298]}},
{"type":"Feature","properties":{"field_1":4,"field_2":"11-246-4-CBA","field_3":"pedalnia_caldera_cordoba","field_4":4553128.23,"field_5":6328223.69,"field_6":null,"field_7":null},"geometry":{"type":"Point","coordinates":[-62.430293322628685,-33.187997083334828]}},
{"type":"Feature","properties":{"field_1":1,"field_2":"11-247-1-CBA","field_3":"pedalnia_caldera_cordoba","field_4":4561208.27,"field_5":6313564.05,"field_6":null,"field_7":null},"geometry":{"type":"Point","coordinates":[-62.342664563968043,-33.319738920044799]}},
{"type":"Feature","properties":{"field_1":2,"field_2":"11-247-2-CBA","field_3":"pedalnia_caldera_cordoba","field_4":4558750.65,"field_5":6314243.33,"field_6":null,"field_7":null},"geometry":{"type":"Point","coordinates":[-62.369100508121754,-33.313751531894475]}},
{"type":"Feature","properties":{"field_1":3,"field_2":"11-247-3-CBA","field_3":"pedalnia_caldera_cordoba","field_4":4556831.26,"field_5":6314552.45,"field_6":null,"field_7":null},"geometry":{"type":"Point","coordinates":[-62.389730500329499,-33.31106751459518]}},
{"type":"Feature","properties":{"field_1":4,"field_2":"11-247-4-CBA","field_3":"pedalnia_caldera_cordoba","field_4":4556790.44,"field_5":6311507.31,"field_6":null,"field_7":null},"geometry":{"type":"Point","coordinates":[-62.389977550282126,-33.338524000477037]}},
{"type":"Feature","properties":{"field_1":5,"field_2":"11-247-5-CBA","field_3":"pedalnia_caldera_cordoba","field_4":4557887.75,"field_5":6316160.88,"field_6":null,"field_7":null},"geometry":{"type":"Point","coordinates":[-62.378489038983659,-33.296509997930343]}},
{"type":"Feature","properties":{"field_1":6,"field_2":"11-247-6-CBA","field_3":"pedalnia_caldera_cordoba","field_4":4554598.78,"field_5":6317987.43,"field_6":null,"field_7":null},"geometry":{"type":"Point","coordinates":[-62.413909556528047,-33.280213615011576]}},
{"type":"Feature","properties":{"field_1":7,"field_2":"11-247-7-CBA","field_3":"pedalnia_caldera_cordoba","field_4":4558441.51,"field_5":6317167.56,"field_6":null,"field_7":null},"geometry":{"type":"Point","coordinates":[-62.37260885804637,-33.287404093493386]}},
{"type":"Feature","properties":{"field_1":1,"field_2":"11-265-1-CBA","field_3":"pedania_saladillo_cordoba","field_4":4570611.3,"field_5":6348633.47,"field_6":null,"field_7":null},"geometry":{"type":"Point","coordinates":[-62.244406014579255,-33.002986564234121]}},
{"type":"Feature","properties":{"field_1":1,"field_2":"11-266-1-CBA","field_3":"pedania_saladillo_cordoba","field_4":4563709.81,"field_5":6344059.61,"field_6":null,"field_7":null},"geometry":{"type":"Point","coordinates":[-62.317935000536657,-33.044650064830428]}},
{"type":"Feature","properties":{"field_1":2,"field_2":"11-266-2-CBA","field_3":"pedania_saladillo_cordoba","field_4":4564108.89,"field_5":6339652.74,"field_6":null,"field_7":null},"geometry":{"type":"Point","coordinates":[-62.313354309559578,-33.084359096932083]}},
{"type":"Feature","properties":{"field_1":3,"field_2":"11-266-3-CBA","field_3":"pedalnia_liniers","field_4":4570005.6,"field_5":6340640.18,"field_6":null,"field_7":null},"geometry":{"type":"Point","coordinates":[-62.250276786050492,-33.075092649743745]}},
{"type":"Feature","properties":{"field_1":1,"field_2":"11-267-1-CBA","field_3":"pedalnia_liniers","field_4":4569315.69,"field_5":6337228.19,"field_6":"El Cantor","field_7":null},"geometry":{"type":"Point","coordinates":[-62.257406275277205,-33.105898944401673]}},
{"type":"Feature","properties":{"field_1":2,"field_2":"11-267-2-CBA","field_3":"pedalnia_caldera_cordoba","field_4":4563403.33,"field_5":6329571.51,"field_6":null,"field_7":null},"geometry":{"type":"Point","coordinates":[-62.320210689873868,-33.175292315493593]}},
{"type":"Feature","properties":{"field_1":3,"field_2":"11-267-3-CBA","field_3":"pedalnia_caldera_cordoba","field_4":4561575.2,"field_5":6328455.19,"field_6":null,"field_7":null},"geometry":{"type":"Point","coordinates":[-62.339734706957572,-33.185462424886978]}},
{"type":"Feature","properties":{"field_1":4,"field_2":"11-267-4-CBA","field_3":"pedania_saladillo_cordoba","field_4":4562572.04,"field_5":6334990.59,"field_6":null,"field_7":null},"geometry":{"type":"Point","coordinates":[-62.329494807164487,-33.126482599311728]}},
{"type":"Feature","properties":{"field_1":6,"field_2":"11-267-6-CBA","field_3":"pedania_saladillo_cordoba","field_4":4566720.68,"field_5":6337024.23,"field_6":null,"field_7":null},"geometry":{"type":"Point","coordinates":[-62.285190428452403,-33.107900361040279]}},
{"type":"Feature","properties":{"field_1":7,"field_2":"11-267-7-CBA","field_3":"pedalnia_caldera_cordoba","field_4":4561855.75,"field_5":6331032.83,"field_6":null,"field_7":null},"geometry":{"type":"Point","coordinates":[-62.336901593352437,-33.162206655852401]}},
{"type":"Feature","properties":{"field_1":1,"field_2":"11-268-1-CBA","field_3":"pedalnia_liniers","field_4":4565353.41,"field_5":6323566.34,"field_6":null,"field_7":null},"geometry":{"type":"Point","coordinates":[-62.298872434302503,-33.229317825059724]}},
{"type":"Feature","properties":{"field_1":2,"field_2":"11-268-2-CBA","field_3":"pedalnia_liniers","field_4":4564693.77,"field_5":6324808.65,"field_6":null,"field_7":null},"geometry":{"type":"Point","coordinates":[-62.306037224671506,-33.218157108958707]}},
{"type":"Feature","properties":{"field_1":3,"field_2":"11-268-3-CBA","field_3":"pedalnia_liniers","field_4":4563588.2,"field_5":6323050.82,"field_6":null,"field_7":null},"geometry":{"type":"Point","coordinates":[-62.317772817589223,-33.234070931527732]}},
{"type":"Feature","properties":{"field_1":4,"field_2":"11-268-4-CBA","field_3":"pedalnia_caldera_cordoba","field_4":4561580.41,"field_5":6325780.61,"field_6":null,"field_7":null},"geometry":{"type":"Point","coordinates":[-62.339497826090543,-33.209575830346608]}},
{"type":"Feature","properties":{"field_1":5,"field_2":"11-268-5-CBA","field_3":"pedania_saladillo_cordoba","field_4":4564855.51,"field_5":6337315.83,"field_6":null,"field_7":null},"geometry":{"type":"Point","coordinates":[-62.305192304853776,-33.105384308121344]}},
{"type":"Feature","properties":{"field_1":6,"field_2":"11-268-6-CBA","field_3":"pedalnia_caldera_cordoba","field_4":4562964.44,"field_5":6327206.78,"field_6":null,"field_7":null},"geometry":{"type":"Point","coordinates":[-62.324752498413979,-33.196638023412198]}},
{"type":"Feature","properties":{"field_1":7,"field_2":"11-268-7-CBA","field_3":"pedalnia_caldera_cordoba","field_4":4561560.3,"field_5":6321087.59,"field_6":null,"field_7":null},"geometry":{"type":"Point","coordinates":[-62.33939546611478,-33.251888470214666]}},
{"type":"Feature","properties":{"field_1":8,"field_2":"11-268-8-CBA","field_3":"pedalnia_liniers","field_4":4565004.07,"field_5":6325915.19,"field_6":null,"field_7":null},"geometry":{"type":"Point","coordinates":[-62.302787993166639,-33.208162166314956]}},
{"type":"Feature","properties":{"field_1":9,"field_2":"11-268-9-CBA","field_3":"pedalnia_caldera_cordoba","field_4":4562796.61,"field_5":6324870.15,"field_6":null,"field_7":null},"geometry":{"type":"Point","coordinates":[-62.326390903545118,-33.217714469355585]}},
{"type":"Feature","properties":{"field_1":1,"field_2":"11-269-1-CBA","field_3":"pedalnia_caldera_cordoba","field_4":4563690.88,"field_5":6313238.96,"field_6":null,"field_7":null},"geometry":{"type":"Point","coordinates":[-62.315981667975876,-33.322525898870573]}},
{"type":"Feature","properties":{"field_1":2,"field_2":"11-269-2-CBA","field_3":"pedalnia_caldera_cordoba","field_4":4564552.27,"field_5":6314767.59,"field_6":null,"field_7":null},"geometry":{"type":"Point","coordinates":[-62.306840281429373,-33.308693025387768]}},
{"type":"Feature","properties":{"field_1":3,"field_2":"11-269-3-CBA","field_3":"pedalnia_caldera_cordoba","field_4":4565114.99,"field_5":6312897.49,"field_6":null,"field_7":null},"geometry":{"type":"Point","coordinates":[-62.30066356444717,-33.325519315055629]}},
{"type":"Feature","properties":{"field_1":4,"field_2":"11-269-4-CBA","field_3":"pedalnia_caldera_cordoba","field_4":4562810.12,"field_5":6308677.51,"field_6":null,"field_7":null},"geometry":{"type":"Point","coordinates":[-62.325123018748712,-33.36370203603866]}},
{"type":"Feature","properties":{"field_1":5,"field_2":"11-269-5-CBA","field_3":"pedalnia_caldera_cordoba","field_4":4561761.22,"field_5":6314034.17,"field_6":null,"field_7":null},"geometry":{"type":"Point","coordinates":[-62.336758685601836,-33.315468896742139]}},
{"type":"Feature","properties":{"field_1":6,"field_2":"11-269-6-CBA","field_3":"pedalnia_caldera_cordoba","field_4":4563289.88,"field_5":6314024.33,"field_6":null,"field_7":null},"geometry":{"type":"Point","coordinates":[-62.320342976054938,-33.315468897728472]}},
{"type":"Feature","properties":{"field_1":7,"field_2":"11-269-7-CBA","field_3":"pedalnia_caldera_cordoba","field_4":4563716.88,"field_5":6315518.9,"field_6":null,"field_7":null},"geometry":{"type":"Point","coordinates":[-62.315863022190499,-33.3019691680134]}},
{"type":"Feature","properties":{"field_1":1,"field_2":"11-287-1-CBA","field_3":"pedania_saladillo_cordoba","field_4":4575795.1,"field_5":6349220.72,"field_6":null,"field_7":null},"geometry":{"type":"Point","coordinates":[-62.188988431269046,-32.997343943093831]}},
{"type":"Feature","properties":{"field_1":2,"field_2":"11-287-2-CBA","field_3":"pedania_saladillo_cordoba","field_4":4579718.12,"field_5":6352970.1,"field_6":null,"field_7":null},"geometry":{"type":"Point","coordinates":[-62.147340741920402,-32.963260567927364]}},
{"type":"Feature","properties":{"field_1":1,"field_2":"11-288-1-CBA","field_3":"pedalnia_liniers","field_4":4574388.71,"field_5":6343953.73,"field_6":null,"field_7":null},"geometry":{"type":"Point","coordinates":[-62.20360876336062,-33.044927267039505]}},
{"type":"Feature","properties":{"field_1":2,"field_2":"11-288-2-CBA","field_3":"pedalnia_liniers","field_4":4576900.56,"field_5":6344676.99,"field_6":null,"field_7":null},"geometry":{"type":"Point","coordinates":[-62.17678034954357,-33.038231960984604]}},
{"type":"Feature","properties":{"field_1":3,"field_2":"11-288-3-CBA","field_3":"pedania_saladillo_cordoba","field_4":4578167.14,"field_5":6347561.88,"field_6":null,"field_7":null},"geometry":{"type":"Point","coordinates":[-62.163468576291265,-33.012132263649043]}},
{"type":"Feature","properties":{"field_1":4,"field_2":"11-288-4-CBA","field_3":"pedalnia_liniers","field_4":4578705.18,"field_5":6340079.26,"field_6":null,"field_7":null},"geometry":{"type":"Point","coordinates":[-62.157068674484862,-33.079554794068628]}},
{"type":"Feature","properties":{"field_1":1,"field_2":"11-310-1-CBA","field_3":"pedalnia_liniers","field_4":4582472.74,"field_5":6340095.86,"field_6":null,"field_7":null},"geometry":{"type":"Point","coordinates":[-62.116723642076487,-33.079125839603975]}},
{"type":"Feature","properties":{"field_1":1,"field_2":"11-311-1-CBA","field_3":"pedalnia_liniers","field_4":4584298.76,"field_5":6330073.44,"field_6":null,"field_7":null},"geometry":{"type":"Point","coordinates":[-62.096243971729713,-33.169342570870974]}},
{"type":"Feature","properties":{"field_1":1,"field_2":"12-226-1-CBA","field_3":"pedalnia_caldera_cordoba","field_4":4547753.47,"field_5":6301081.71,"field_6":null,"field_7":null},"geometry":{"type":"Point","coordinates":[-62.486493686991665,-33.432958454869379]}},
{"type":"Feature","properties":{"field_1":2,"field_2":"12-226-2-CBA","field_3":"pedalnia_caldera_cordoba","field_4":4545053.69,"field_5":6300602.71,"field_6":null,"field_7":null},"geometry":{"type":"Point","coordinates":[-62.51550033526658,-33.437393828440612]}},
{"type":"Feature","properties":{"field_1":3,"field_2":"12-226-3-CBA","field_3":"pedalnia_caldera_cordoba","field_4":4558916.89,"field_5":6299322.03,"field_6":null,"field_7":null},"geometry":{"type":"Point","coordinates":[-62.3663404085218,-33.448267904236744]}},
{"type":"Feature","properties":{"field_1":4,"field_2":"12-226-4-CBA","field_3":"pedalnia_caldera_cordoba","field_4":4542105.48,"field_5":6298523.45,"field_6":null,"field_7":null},"geometry":{"type":"Point","coordinates":[-62.547106683006263,-33.456259906462861]}},
{"type":"Feature","properties":{"field_1":5,"field_2":"12-226-5-CBA","field_3":"pedalnia_caldera_cordoba","field_4":4554938.76,"field_5":6306324.19,"field_6":null,"field_7":null},"geometry":{"type":"Point","coordinates":[-62.409551233528184,-33.385349890797457]}},
{"type":"Feature","properties":{"field_1":6,"field_2":"12-226-6-CBA","field_3":"pedalnia_caldera_cordoba","field_4":4546276.45,"field_5":6306692.77,"field_6":null,"field_7":null},"geometry":{"type":"Point","coordinates":[-62.502664379491257,-33.382434787563326]}},
{"type":"Feature","properties":{"field_1":7,"field_2":"12-226-7-CBA","field_3":"pedalnia_caldera_cordoba","field_4":4557744.29,"field_5":6307002.25,"field_6":null,"field_7":null},"geometry":{"type":"Point","coordinates":[-62.379443927593201,-33.379089615035326]}},
{"type":"Feature","properties":{"field_1":1,"field_2":"12-227-1-CBA","field_3":"pedalnia_caldera_cordoba","field_4":4550781.78,"field_5":6293569.64,"field_6":"De Martí","field_7":null},"geometry":{"type":"Point","coordinates":[-62.453505691387818,-33.500545793138777]}},
{"type":"Feature","properties":{"field_1":2,"field_2":"12-227-2-CBA","field_3":"pedalnia_caldera_cordoba","field_4":4544797.48,"field_5":6294975.52,"field_6":null,"field_7":null},"geometry":{"type":"Point","coordinates":[-62.517974784798248,-33.488138062210872]}},
{"type":"Feature","properties":{"field_1":3,"field_2":"12-227-3-CBA","field_3":"pedalnia_caldera_cordoba","field_4":4550324.56,"field_5":6296222.76,"field_6":null,"field_7":null},"geometry":{"type":"Point","coordinates":[-62.458574812662135,-33.476647776681354]}},
{"type":"Feature","properties":{"field_1":1,"field_2":"12-228-1-CBA","field_3":"pedalnia_tunas_cordoba","field_4":4550470.75,"field_5":6281158.88,"field_6":null,"field_7":null},"geometry":{"type":"Point","coordinates":[-62.456152005420563,-33.612450402971831]}},
{"type":"Feature","properties":{"field_1":2,"field_2":"12-228-2-CBA","field_3":"pedalnia_tunas_cordoba","field_4":4542402.51,"field_5":6282906.89,"field_6":null,"field_7":null},"geometry":{"type":"Point","coordinates":[-62.543172139371549,-33.597042706710091]}},
{"type":"Feature","properties":{"field_1":3,"field_2":"12-228-3-CBA","field_3":"pedalnia_tunas_cordoba","field_4":4546072.72,"field_5":6280847.84,"field_6":null,"field_7":null},"geometry":{"type":"Point","coordinates":[-62.503525456862,-33.615453867393335]}},
{"type":"Feature","properties":{"field_1":4,"field_2":"12-228-4-CBA","field_3":"pedalnia_tunas_cordoba","field_4":4547525.25,"field_5":6280496.38,"field_6":null,"field_7":null},"geometry":{"type":"Point","coordinates":[-62.48785489611484,-33.618558647421821]}},
{"type":"Feature","properties":{"field_1":5,"field_2":"12-228-5-CBA","field_3":"pedalnia_tunas_cordoba","field_4":4545144.28,"field_5":6278735.92,"field_6":null,"field_7":null},"geometry":{"type":"Point","coordinates":[-62.513422916939192,-33.63453370883888]}},
{"type":"Feature","properties":{"field_1":6,"field_2":"12-228-6-CBA","field_3":"pedalnia_tunas_cordoba","field_4":4547881.39,"field_5":6285547.58,"field_6":null,"field_7":null},"geometry":{"type":"Point","coordinates":[-62.484288256777035,-33.573003410360826]}},
{"type":"Feature","properties":{"field_1":7,"field_2":"12-228-7-CBA","field_3":"pedalnia_caldera_cordoba","field_4":4548161.32,"field_5":6287600.4,"field_6":null,"field_7":null},"geometry":{"type":"Point","coordinates":[-62.481383982507431,-33.554483446492704]}},
{"type":"Feature","properties":{"field_1":1,"field_2":"12-229-1-CBA","field_3":"pedalnia_tunas_cordoba","field_4":4546056.39,"field_5":6277508.11,"field_6":null,"field_7":null},"geometry":{"type":"Point","coordinates":[-62.503528713144476,-33.64556395854224]}},
{"type":"Feature","properties":{"field_1":2,"field_2":"12-229-2-CBA","field_3":"pedalnia_tunas_cordoba","field_4":4546000.4,"field_5":6275290.44,"field_6":null,"field_7":null},"geometry":{"type":"Point","coordinates":[-62.50401756189936,-33.665559737317061]}},
{"type":"Feature","properties":{"field_1":3,"field_2":"12-229-3-CBA","field_3":"pedalnia_tunas_cordoba","field_4":4549266.27,"field_5":6273872.12,"field_6":null,"field_7":null},"geometry":{"type":"Point","coordinates":[-62.468727057402042,-33.678200158408551]}},
{"type":"Feature","properties":{"field_1":4,"field_2":"12-229-4-CBA","field_3":"pedalnia_tunas_cordoba","field_4":4550945.85,"field_5":6275725.88,"field_6":null,"field_7":null},"geometry":{"type":"Point","coordinates":[-62.450721866175975,-33.661408618111118]}},
{"type":"Feature","properties":{"field_1":5,"field_2":"12-229-5-CBA","field_3":"pedalnia_tunas_cordoba","field_4":4547232.1,"field_5":6269548.74,"field_6":null,"field_7":null},"geometry":{"type":"Point","coordinates":[-62.490432197101732,-33.717269502873592]}},
{"type":"Feature","properties":{"field_1":1,"field_2":"12-230-1-CBA","field_3":"pedalnia_tunas_cordoba","field_4":4543244.64,"field_5":6267489.69,"field_6":"Las Tunas","field_7":null},"geometry":{"type":"Point","coordinates":[-62.533349654041736,-33.7360026750532]}},
{"type":"Feature","properties":{"field_1":2,"field_2":"12-230-2-CBA","field_3":"pedalnia_tunas_cordoba","field_4":4545687.81,"field_5":6264324.91,"field_6":null,"field_7":null},"geometry":{"type":"Point","coordinates":[-62.506822973444521,-33.764431810690894]}},
{"type":"Feature","properties":{"field_1":3,"field_2":"12-230-3-CBA","field_3":"pedalnia_tunas_cordoba","field_4":4545432.77,"field_5":6262471.15,"field_6":null,"field_7":null},"geometry":{"type":"Point","coordinates":[-62.509480690956217,-33.781155009681896]}},
{"type":"Feature","properties":{"field_1":4,"field_2":"12-230-4-CBA","field_3":"pedalnia_tunas_cordoba","field_4":4545983.3,"field_5":6261130.59,"field_6":null,"field_7":null},"geometry":{"type":"Point","coordinates":[-62.503467261971437,-33.793216771348028]}},
{"type":"Feature","properties":{"field_1":1,"field_2":"12-249-1-CBA","field_3":"pedalnia_caldera_cordoba","field_4":4556311.98,"field_5":6289443.28,"field_6":null,"field_7":null},"geometry":{"type":"Point","coordinates":[-62.393734878823295,-33.537470258441118]}},
{"type":"Feature","properties":{"field_1":2,"field_2":"12-249-2-CBA","field_3":"pedalnia_caldera_cordoba","field_4":4560915.29,"field_5":6289521.04,"field_6":null,"field_7":null},"geometry":{"type":"Point","coordinates":[-62.344182679114311,-33.536516681935183]}},
{"type":"Feature","properties":{"field_1":1,"field_2":"12-250-1-CBA","field_3":"pedalnia_tunas_cordoba","field_4":4555878.08,"field_5":6284250.56,"field_6":null,"field_7":null},"geometry":{"type":"Point","coordinates":[-62.398081434235095,-33.58430778305506]}},
{"type":"Feature","properties":{"field_1":2,"field_2":"12-250-2-CBA","field_3":"pedalnia_tunas_cordoba","field_4":4557060.01,"field_5":6279597.49,"field_6":null,"field_7":null},"geometry":{"type":"Point","coordinates":[-62.385052542562391,-33.626194353212817]}},
{"type":"Feature","properties":{"field_1":3,"field_2":"12-250-3-CBA","field_3":"pedalnia_caldera_cordoba","field_4":4558907.56,"field_5":6285768.41,"field_6":null,"field_7":null},"geometry":{"type":"Point","coordinates":[-62.365549623208544,-33.570460768218823]}},
{"type":"Feature","properties":{"field_1":4,"field_2":"12-250-4-CBA","field_3":"pedalnia_tunas_cordoba","field_4":4557358.61,"field_5":6284014.18,"field_6":null,"field_7":null},"geometry":{"type":"Point","coordinates":[-62.3821187326051,-33.586360245539176]}},
{"type":"Feature","properties":{"field_1":5,"field_2":"12-250-5-CBA","field_3":"pedalnia_caldera_cordoba","field_4":4558476.78,"field_5":6286706.18,"field_6":null,"field_7":null},"geometry":{"type":"Point","coordinates":[-62.370250385135208,-33.562030089063526]}},
{"type":"Feature","properties":{"field_1":1,"field_2":"12-251-1-CBA","field_3":"pedalnia_tunas_cordoba","field_4":4558553.76,"field_5":6275607.69,"field_6":null,"field_7":null},"geometry":{"type":"Point","coordinates":[-62.368692403394057,-33.662082448794877]}},
{"type":"Feature","properties":{"field_1":2,"field_2":"12-251-2-CBA","field_3":"pedalnia_tunas_cordoba","field_4":4552653.43,"field_5":6272117.88,"field_6":null,"field_7":null},"geometry":{"type":"Point","coordinates":[-62.432098327026516,-33.693852793411722]}},
{"type":"Feature","properties":{"field_1":3,"field_2":"12-251-3-CBA","field_3":"pedalnia_tunas_cordoba","field_4":4556049.93,"field_5":6269679.37,"field_6":null,"field_7":null},"geometry":{"type":"Point","coordinates":[-62.395312445135382,-33.715662746420641]}},
{"type":"Feature","properties":{"field_1":10,"field_2":"12-252-10-CBA","field_3":"pedalnia_tunas_cordoba","field_4":4552088.9,"field_5":6260234.81,"field_6":"Papel Colorado","field_7":null},"geometry":{"type":"Point","coordinates":[-62.437487890023661,-33.80100945091074]}},
{"type":"Feature","properties":{"field_1":1,"field_2":"12-270-1-CBA","field_3":"pedalnia_caldera_cordoba","field_4":4565011.61,"field_5":6304853.97,"field_6":null,"field_7":null},"geometry":{"type":"Point","coordinates":[-62.301194393866361,-33.398042506850267]}},
{"type":"Feature","properties":{"field_1":2,"field_2":"12-270-2-CBA","field_3":"pedalnia_caldera_cordoba","field_4":4562697.51,"field_5":6305261.43,"field_6":null,"field_7":null},"geometry":{"type":"Point","coordinates":[-62.326095393896949,-33.394506601279353]}},
{"type":"Feature","properties":{"field_1":3,"field_2":"12-270-3-CBA","field_3":"pedalnia_caldera_cordoba","field_4":4567921.34,"field_5":6307242.72,"field_6":null,"field_7":null},"geometry":{"type":"Point","coordinates":[-62.270099978386433,-33.376326726840155]}},
{"type":"Feature","properties":{"field_1":4,"field_2":"12-270-4-CBA","field_3":"pedalnia_caldera_cordoba","field_4":4568939.98,"field_5":6308224.03,"field_6":null,"field_7":null},"geometry":{"type":"Point","coordinates":[-62.259229174703236,-33.367414904239169]}},
{"type":"Feature","properties":{"field_1":5,"field_2":"12-270-5-CBA","field_3":"pedalnia_caldera_cordoba","field_4":4569675.57,"field_5":6301392.16,"field_6":null,"field_7":null},"geometry":{"type":"Point","coordinates":[-62.250797335734163,-33.428959670484879]}},
{"type":"Feature","properties":{"field_1":6,"field_2":"12-270-6-CBA","field_3":"pedalnia_caldera_cordoba","field_4":4568745.58,"field_5":6302350.14,"field_6":null,"field_7":null},"geometry":{"type":"Point","coordinates":[-62.260869757667457,-33.420383093355163]}},
{"type":"Feature","properties":{"field_1":1,"field_2":"12-271-1-CBA","field_3":"pedalnia_caldera_cordoba","field_4":4568218.38,"field_5":6289017.17,"field_6":null,"field_7":null},"geometry":{"type":"Point","coordinates":[-62.265523927365997,-33.540617870965995]}},
{"type":"Feature","properties":{"field_1":1,"field_2":"12-272-1-CBA","field_3":"pedalnia_caldera_cordoba","field_4":4563944.76,"field_5":6283931.75,"field_6":null,"field_7":null},"geometry":{"type":"Point","coordinates":[-62.311169226305012,-33.586728804415699]}},
{"type":"Feature","properties":{"field_1":2,"field_2":"12-272-2-CBA","field_3":"pedalnia_caldera_cordoba","field_4":4569362.98,"field_5":6287340.69,"field_6":null,"field_7":null},"geometry":{"type":"Point","coordinates":[-62.253071384337836,-33.555657979370324]}},
{"type":"Feature","properties":{"field_1":1,"field_2":"12-292-1-CBA","field_3":"pedalnia_caldera_cordoba","field_4":4577006.65,"field_5":6300664.34,"field_6":null,"field_7":null},"geometry":{"type":"Point","coordinates":[-62.1719125424613,-33.435019938115573]}},
{"type":"Feature","properties":{"field_1":2,"field_2":"12-292-2-CBA","field_3":"pedalnia_caldera_cordoba","field_4":4575799.84,"field_5":6300701.66,"field_6":null,"field_7":null},"geometry":{"type":"Point","coordinates":[-62.184891936928295,-33.434769456026658]}},
{"type":"Feature","properties":{"field_1":3,"field_2":"12-292-3-CBA","field_3":"pedalnia_caldera_cordoba","field_4":4576328.6,"field_5":6298785.69,"field_6":null,"field_7":null},"geometry":{"type":"Point","coordinates":[-62.179043758027838,-33.45200480815587]}},
{"type":"Feature","properties":{"field_1":1,"field_2":"12-293-1-CBA","field_3":"pedalnia_caldera_cordoba","field_4":4574719.0,"field_5":6296668.61,"field_6":null,"field_7":null},"geometry":{"type":"Point","coordinates":[-62.196178293458544,-33.471204141467325]}},
{"type":"Feature","properties":{"field_1":2,"field_2":"12-293-2-SF","field_3":"distrito_cafferata","field_4":4573006.75,"field_5":6291513.22,"field_6":null,"field_7":null},"geometry":{"type":"Point","coordinates":[-62.214177298567826,-33.51779910154216]}},
{"type":"Feature","properties":{"field_1":1,"field_2":"13-231-1-CBA","field_3":"pedalnia_tunas_cordoba","field_4":4546609.99,"field_5":6257844.92,"field_6":null,"field_7":null},"geometry":{"type":"Point","coordinates":[-62.496526930237323,-33.822810474654531]}},
{"type":"Feature","properties":{"field_1":4,"field_2":"13-231-4-CBA","field_3":"pedalnia_tunas_cordoba","field_4":4544329.92,"field_5":6249456.05,"field_6":null,"field_7":null},"geometry":{"type":"Point","coordinates":[-62.520732838051167,-33.8985359107186]}},
{"type":"Feature","properties":{"field_1":5,"field_2":"13-231-5-CBA","field_3":"pedalnia_tunas_cordoba","field_4":4549872.26,"field_5":6258109.93,"field_6":"Sunchal","field_7":null},"geometry":{"type":"Point","coordinates":[-62.461304633602076,-33.820272474380225]}},
{"type":"Feature","properties":{"field_1":6,"field_2":"13-231-6-SF","field_3":"pedalnia_tunas_cordoba","field_4":4545565.05,"field_5":6252155.36,"field_6":null,"field_7":null},"geometry":{"type":"Point","coordinates":[-62.507519625539437,-33.874148565946506]}},
{"type":"Feature","properties":{"field_1":7,"field_2":"13-231-7-SF","field_3":"pedalnia_tunas_cordoba","field_4":4544103.95,"field_5":6256974.49,"field_6":null,"field_7":null},"geometry":{"type":"Point","coordinates":[-62.523552466072644,-33.83076515989714]}},
{"type":"Feature","properties":{"field_1":8,"field_2":"13-231-8-SF","field_3":"pedalnia_tunas_cordoba","field_4":4543084.4,"field_5":6256940.02,"field_6":null,"field_7":null},"geometry":{"type":"Point","coordinates":[-62.534564525842576,-33.831117978391404]}},
{"type":"Feature","properties":{"field_1":9,"field_2":"13-231-9-SF","field_3":"pedalnia_tunas_cordoba","field_4":4549018.72,"field_5":6255393.62,"field_6":null,"field_7":null},"geometry":{"type":"Point","coordinates":[-62.470372827708267,-33.844800401372737]}},
{"type":"Feature","properties":{"field_1":1,"field_2":"2-10-1-CBA","field_3":"pedania_la_carlota_cordoba","field_4":4444314.13,"field_5":6264907.85,"field_6":null,"field_7":null},"geometry":{"type":"Point","coordinates":[-63.601063410840894,-33.758698106130772]}},
{"type":"Feature","properties":{"field_1":10,"field_2":"2-10-10-CBA","field_3":"pedania_la_carlota_cordoba","field_4":4449263.1,"field_5":6261343.31,"field_6":null,"field_7":null},"geometry":{"type":"Point","coordinates":[-63.547852015646662,-33.791081796312483]}},
{"type":"Feature","properties":{"field_1":11,"field_2":"2-10-11-CBA","field_3":"pedania_la_carlota_cordoba","field_4":4445269.91,"field_5":6267847.9,"field_6":null,"field_7":null},"geometry":{"type":"Point","coordinates":[-63.590565702505394,-33.732242752442154]}},
{"type":"Feature","properties":{"field_1":12,"field_2":"2-10-12-CBA","field_3":"pedania_la_carlota_cordoba","field_4":4449602.56,"field_5":6264098.73,"field_6":null,"field_7":null},"geometry":{"type":"Point","coordinates":[-63.544029649319796,-33.766257272623221]}},
{"type":"Feature","properties":{"field_1":13,"field_2":"2-10-13-CBA","field_3":"pedania_la_carlota_cordoba","field_4":4449833.76,"field_5":6259147.08,"field_6":null,"field_7":null},"geometry":{"type":"Point","coordinates":[-63.541815101774752,-33.810908456154714]}},
{"type":"Feature","properties":{"field_1":2,"field_2":"2-10-2-CBA","field_3":"pedania_la_carlota_cordoba","field_4":4446360.01,"field_5":6265435.77,"field_6":null,"field_7":null},"geometry":{"type":"Point","coordinates":[-63.578949617793299,-33.75404434642526]}},
{"type":"Feature","properties":{"field_1":3,"field_2":"2-10-3-CBA","field_3":"pedania_la_carlota_cordoba","field_4":4442444.7,"field_5":6265676.63,"field_6":null,"field_7":null},"geometry":{"type":"Point","coordinates":[-63.621190641141709,-33.751667547172886]}},
{"type":"Feature","properties":{"field_1":4,"field_2":"2-10-4-CBA","field_3":"pedania_la_carlota_cordoba","field_4":4449802.0,"field_5":6262887.18,"field_6":null,"field_7":null},"geometry":{"type":"Point","coordinates":[-63.541945593180394,-33.77718916086868]}},
{"type":"Feature","properties":{"field_1":5,"field_2":"2-10-5-CBA","field_3":"pedania_la_carlota_cordoba","field_4":4443220.48,"field_5":6261210.99,"field_6":null,"field_7":null},"geometry":{"type":"Point","coordinates":[-63.613104834430082,-33.791967718126863]}},
{"type":"Feature","properties":{"field_1":6,"field_2":"2-10-6-CBA","field_3":"pedania_la_carlota_cordoba","field_4":4446306.79,"field_5":6259201.53,"field_6":null,"field_7":null},"geometry":{"type":"Point","coordinates":[-63.579902681102489,-33.810244381834359]}},
{"type":"Feature","properties":{"field_1":7,"field_2":"2-10-7-CBA","field_3":"pedania_la_carlota_cordoba","field_4":4450247.31,"field_5":6265984.7,"field_6":null,"field_7":null},"geometry":{"type":"Point","coordinates":[-63.536963979545988,-33.749285222504469]}},
{"type":"Feature","properties":{"field_1":8,"field_2":"2-10-8-CBA","field_3":"pedania_la_carlota_cordoba","field_4":4447162.39,"field_5":6261684.3,"field_6":null,"field_7":null},"geometry":{"type":"Point","coordinates":[-63.570513850122339,-33.787904911160211]}},
{"type":"Feature","properties":{"field_1":9,"field_2":"2-10-9-CBA","field_3":"pedania_la_carlota_cordoba","field_4":4444529.78,"field_5":6262426.48,"field_6":null,"field_7":null},"geometry":{"type":"Point","coordinates":[-63.598891455675478,-33.781079356745124]}},
{"type":"Feature","properties":{"field_1":1,"field_2":"2-28-1-CBA","field_3":"pedania_la_carlota_cordoba","field_4":4453925.61,"field_5":6298890.39,"field_6":null,"field_7":null},"geometry":{"type":"Point","coordinates":[-63.495566925488916,-33.452788360433573]}},
{"type":"Feature","properties":{"field_1":2,"field_2":"2-28-2-CBA","field_3":"pedania_la_carlota_cordoba","field_4":4457938.94,"field_5":6302293.18,"field_6":null,"field_7":null},"geometry":{"type":"Point","coordinates":[-63.452242542275052,-33.422274313873459]}},
{"type":"Feature","properties":{"field_1":3,"field_2":"2-28-3-CBA","field_3":"pedania_la_carlota_cordoba","field_4":4460078.63,"field_5":6301142.11,"field_6":null,"field_7":null},"geometry":{"type":"Point","coordinates":[-63.429288238176518,-33.432733980005509]}},
{"type":"Feature","properties":{"field_1":1,"field_2":"2-29-1-CBA","field_3":"pedania_la_carlota_cordoba","field_4":4459105.06,"field_5":6291072.91,"field_6":null,"field_7":null},"geometry":{"type":"Point","coordinates":[-63.44021596246013,-33.523479295172997]}},
{"type":"Feature","properties":{"field_1":2,"field_2":"2-29-2-CBA","field_3":"pedania_la_carlota_cordoba","field_4":4455789.09,"field_5":6291689.05,"field_6":null,"field_7":null},"geometry":{"type":"Point","coordinates":[-63.475879323623865,-33.517792358245899]}},
{"type":"Feature","properties":{"field_1":3,"field_2":"2-29-3-CBA","field_3":"pedania_la_carlota_cordoba","field_4":4458155.64,"field_5":6296828.24,"field_6":null,"field_7":null},"geometry":{"type":"Point","coordinates":[-63.450167095999859,-33.471553826557994]}},
{"type":"Feature","properties":{"field_1":4,"field_2":"2-29-4-CBA","field_3":"pedania_la_carlota_cordoba","field_4":4455282.17,"field_5":6297640.43,"field_6":null,"field_7":null},"geometry":{"type":"Point","coordinates":[-63.481038772605679,-33.464115189402463]}},
{"type":"Feature","properties":{"field_1":5,"field_2":"2-29-5-CBA","field_3":"pedania_la_carlota_cordoba","field_4":4456097.16,"field_5":6289524.15,"field_6":null,"field_7":null},"geometry":{"type":"Point","coordinates":[-63.472669596280674,-33.537323134322634]}},
{"type":"Feature","properties":{"field_1":6,"field_2":"2-29-6-CBA","field_3":"pedania_la_carlota_cordoba","field_4":4453772.62,"field_5":6290375.55,"field_6":null,"field_7":null},"geometry":{"type":"Point","coordinates":[-63.497651335875801,-33.529549156790843]}},
{"type":"Feature","properties":{"field_1":7,"field_2":"2-29-7-CBA","field_3":"pedania_la_carlota_cordoba","field_4":4452369.5,"field_5":6294663.34,"field_6":null,"field_7":null},"geometry":{"type":"Point","coordinates":[-63.512527806354655,-33.49083025367117]}},
{"type":"Feature","properties":{"field_1":1,"field_2":"2-30-1-CBA","field_3":"pedania_la_carlota_cordoba","field_4":4451902.53,"field_5":6287145.7,"field_6":null,"field_7":null},"geometry":{"type":"Point","coordinates":[-63.517956319872788,-33.558585700494426]}},
{"type":"Feature","properties":{"field_1":2,"field_2":"2-30-2-CBA","field_3":"pedania_la_carlota_cordoba","field_4":4455120.48,"field_5":6287603.6,"field_6":null,"field_7":null},"geometry":{"type":"Point","coordinates":[-63.483280809547757,-33.554597571872236]}},
{"type":"Feature","properties":{"field_1":3,"field_2":"2-30-3-CBA","field_3":"pedania_la_carlota_cordoba","field_4":4457193.66,"field_5":6282236.86,"field_6":null,"field_7":null},"geometry":{"type":"Point","coordinates":[-63.461213986735828,-33.603067280697246]}},
{"type":"Feature","properties":{"field_1":4,"field_2":"2-30-4-CBA","field_3":"pedania_la_carlota_cordoba","field_4":4457613.44,"field_5":6285907.91,"field_6":null,"field_7":null},"geometry":{"type":"Point","coordinates":[-63.45651689981193,-33.569987225925601]}},
{"type":"Feature","properties":{"field_1":5,"field_2":"2-30-5-CBA","field_3":"pedania_la_carlota_cordoba","field_4":4451740.76,"field_5":6282485.61,"field_6":null,"field_7":null},"geometry":{"type":"Point","coordinates":[-63.519950217912395,-33.60059170330566]}},
{"type":"Feature","properties":{"field_1":1,"field_2":"2-31-1-CBA","field_3":"pedania_la_carlota_cordoba","field_4":4457355.92,"field_5":6278018.56,"field_6":null,"field_7":null},"geometry":{"type":"Point","coordinates":[-63.459667681551551,-33.641104187746748]}},
{"type":"Feature","properties":{"field_1":2,"field_2":"2-31-2-CBA","field_3":"pedania_la_carlota_cordoba","field_4":4459393.39,"field_5":6277268.69,"field_6":null,"field_7":null},"geometry":{"type":"Point","coordinates":[-63.437740319359897,-33.647944385079462]}},
{"type":"Feature","properties":{"field_1":3,"field_2":"2-31-3-CBA","field_3":"pedania_la_carlota_cordoba","field_4":4458040.68,"field_5":6274493.94,"field_6":null,"field_7":null},"geometry":{"type":"Point","coordinates":[-63.452453043242706,-33.672907735910321]}},
{"type":"Feature","properties":{"field_1":4,"field_2":"2-31-4-CBA","field_3":"pedania_la_carlota_cordoba","field_4":4453415.41,"field_5":6276168.03,"field_6":null,"field_7":null},"geometry":{"type":"Point","coordinates":[-63.502238463596548,-33.657622410347876]}},
{"type":"Feature","properties":{"field_1":5,"field_2":"2-31-5-CBA","field_3":"pedania_la_carlota_cordoba","field_4":4456339.08,"field_5":6268626.0,"field_6":null,"field_7":null},"geometry":{"type":"Point","coordinates":[-63.471089676671241,-33.725741313532829]}},
{"type":"Feature","properties":{"field_1":6,"field_2":"2-31-6-CBA","field_3":"pedania_la_carlota_cordoba","field_4":4456741.64,"field_5":6273495.89,"field_6":null,"field_7":null},"geometry":{"type":"Point","coordinates":[-63.466508905751105,-33.681853569401831]}},
{"type":"Feature","properties":{"field_1":7,"field_2":"2-31-7-CBA","field_3":"pedania_la_carlota_cordoba","field_4":4456067.6,"field_5":6271643.74,"field_6":null,"field_7":null},"geometry":{"type":"Point","coordinates":[-63.473869312861297,-33.698523895519109]}},
{"type":"Feature","properties":{"field_1":8,"field_2":"2-31-8-CBA","field_3":"pedania_la_carlota_cordoba","field_4":4452913.39,"field_5":6271337.6,"field_6":null,"field_7":null},"geometry":{"type":"Point","coordinates":[-63.507906649954464,-33.701148695193879]}},
{"type":"Feature","properties":{"field_1":1,"field_2":"2-32-1-CBA","field_3":"pedania_la_carlota_cordoba","field_4":4453156.52,"field_5":6260354.0,"field_6":null,"field_7":null},"geometry":{"type":"Point","coordinates":[-63.50586533636703,-33.800180188203171]}},
{"type":"Feature","properties":{"field_1":2,"field_2":"2-32-2-CBA","field_3":"pedania_la_carlota_cordoba","field_4":4460115.74,"field_5":6266465.41,"field_6":null,"field_7":null},"geometry":{"type":"Point","coordinates":[-63.430438983955113,-33.745368707367589]}},
{"type":"Feature","properties":{"field_1":3,"field_2":"2-32-3-CBA","field_3":"pedania_la_carlota_cordoba","field_4":4457341.06,"field_5":6261553.44,"field_6":null,"field_7":null},"geometry":{"type":"Point","coordinates":[-63.460619828774803,-33.789543867973343]}},
{"type":"Feature","properties":{"field_1":1,"field_2":"2-34-1-CBA","field_3":"pedalnia_la_amarga","field_4":4456660.13,"field_5":6247809.89,"field_6":null,"field_7":null},"geometry":{"type":"Point","coordinates":[-63.468648232343853,-33.913417450242271]}},
{"type":"Feature","properties":{"field_1":1,"field_2":"2-50-1-CBA","field_3":"pedania_la_carlota_cordoba","field_4":4461568.4,"field_5":6299714.48,"field_6":null,"field_7":null},"geometry":{"type":"Point","coordinates":[-63.413329688298859,-33.445659758966791]}},
{"type":"Feature","properties":{"field_1":2,"field_2":"2-50-2-CBA","field_3":"pedania_la_carlota_cordoba","field_4":4468114.92,"field_5":6298717.45,"field_6":null,"field_7":null},"geometry":{"type":"Point","coordinates":[-63.342959113346609,-33.454863625403092]}},
{"type":"Feature","properties":{"field_1":1,"field_2":"2-51-1-CBA","field_3":"pedania_la_carlota_cordoba","field_4":4465987.65,"field_5":6289830.82,"field_6":null,"field_7":null},"geometry":{"type":"Point","coordinates":[-63.366176857862399,-33.534918903529721]}},
{"type":"Feature","properties":{"field_1":2,"field_2":"2-51-2-CBA","field_3":"pedania_la_carlota_cordoba","field_4":4462330.0,"field_5":6290519.78,"field_6":null,"field_7":null},"geometry":{"type":"Point","coordinates":[-63.405525107399789,-33.528584705978353]}},
{"type":"Feature","properties":{"field_1":3,"field_2":"2-51-3-CBA","field_3":"pedania_la_carlota_cordoba","field_4":4461725.06,"field_5":6297745.45,"field_6":null,"field_7":null},"geometry":{"type":"Point","coordinates":[-63.411728754305756,-33.463417896255301]}},
{"type":"Feature","properties":{"field_1":4,"field_2":"2-51-4-CBA","field_3":"pedania_la_carlota_cordoba","field_4":4469180.39,"field_5":6293242.01,"field_6":null,"field_7":null},"geometry":{"type":"Point","coordinates":[-63.331687112995027,-33.504260939718108]}},
{"type":"Feature","properties":{"field_1":5,"field_2":"2-51-5-CBA","field_3":"pedania_la_carlota_cordoba","field_4":4469751.72,"field_5":6296269.51,"field_6":null,"field_7":null},"geometry":{"type":"Point","coordinates":[-63.325436338911651,-33.476981573296968]}},
{"type":"Feature","properties":{"field_1":6,"field_2":"2-51-6-CBA","field_3":"pedania_la_carlota_cordoba","field_4":4464905.2,"field_5":6292784.1,"field_6":null,"field_7":null},"geometry":{"type":"Point","coordinates":[-63.377714487114282,-33.50825766778766]}},
{"type":"Feature","properties":{"field_1":7,"field_2":"2-51-7-CBA","field_3":"pedania_la_carlota_cordoba","field_4":4464779.17,"field_5":6295321.49,"field_6":null,"field_7":null},"geometry":{"type":"Point","coordinates":[-63.378971189656482,-33.485376794086527]}},
{"type":"Feature","properties":{"field_1":1,"field_2":"2-52-1-CBA","field_3":"pedania_la_carlota_cordoba","field_4":4462442.25,"field_5":6279493.63,"field_6":null,"field_7":null},"geometry":{"type":"Point","coordinates":[-63.404780537445163,-33.62799717138175]}},
{"type":"Feature","properties":{"field_1":10,"field_2":"2-52-10-CBA","field_3":"pedania_la_carlota_cordoba","field_4":4462221.77,"field_5":6281795.82,"field_6":null,"field_7":null},"geometry":{"type":"Point","coordinates":[-63.407059115083037,-33.607233644361123]}},
{"type":"Feature","properties":{"field_1":11,"field_2":"2-52-11-CBA","field_3":"pedania_la_carlota_cordoba","field_4":4463050.16,"field_5":6287175.04,"field_6":null,"field_7":null},"geometry":{"type":"Point","coordinates":[-63.397910813459625,-33.558765229390481]}},
{"type":"Feature","properties":{"field_1":12,"field_2":"2-52-12-CBA","field_3":"pedania_la_carlota_cordoba","field_4":4469745.4,"field_5":6286135.78,"field_6":null,"field_7":null},"geometry":{"type":"Point","coordinates":[-63.325846762541346,-33.568345740504988]}},
{"type":"Feature","properties":{"field_1":13,"field_2":"2-52-13-CBA","field_3":"pedania_la_carlota_cordoba","field_4":4466429.83,"field_5":6278546.66,"field_6":null,"field_7":null},"geometry":{"type":"Point","coordinates":[-63.361840863978237,-33.636667932078794]}},
{"type":"Feature","properties":{"field_1":2,"field_2":"2-52-2-CBA","field_3":"pedania_la_carlota_cordoba","field_4":4465025.85,"field_5":6280875.75,"field_6":null,"field_7":null},"geometry":{"type":"Point","coordinates":[-63.376882066870351,-33.615624431099384]}},
{"type":"Feature","properties":{"field_1":3,"field_2":"2-52-3-CBA","field_3":"pedania_la_carlota_cordoba","field_4":4463059.79,"field_5":6285059.92,"field_6":null,"field_7":null},"geometry":{"type":"Point","coordinates":[-63.397894573302942,-33.577834906975021]}},
{"type":"Feature","properties":{"field_1":4,"field_2":"2-52-4-CBA","field_3":"pedania_la_carlota_cordoba","field_4":4470877.8,"field_5":6278687.04,"field_6":null,"field_7":null},"geometry":{"type":"Point","coordinates":[-63.313894093280815,-33.635533298383095]}},
{"type":"Feature","properties":{"field_1":5,"field_2":"2-52-5-CBA","field_3":"pedania_la_carlota_cordoba","field_4":4468651.29,"field_5":6281715.94,"field_6":null,"field_7":null},"geometry":{"type":"Point","coordinates":[-63.337785515009685,-33.608162371590176]}},
{"type":"Feature","properties":{"field_1":6,"field_2":"2-52-6-CBA","field_3":"pedania_la_carlota_cordoba","field_4":4470816.89,"field_5":6282138.14,"field_6":null,"field_7":null},"geometry":{"type":"Point","coordinates":[-63.314437572816061,-33.604417433008109]}},
{"type":"Feature","properties":{"field_1":7,"field_2":"2-52-7-CBA","field_3":"pedania_la_carlota_cordoba","field_4":4468044.24,"field_5":6285624.95,"field_6":null,"field_7":null},"geometry":{"type":"Point","coordinates":[-63.344186420836202,-33.572901684878708]}},
{"type":"Feature","properties":{"field_1":8,"field_2":"2-52-8-CBA","field_3":"pedania_la_carlota_cordoba","field_4":4470955.81,"field_5":6287274.17,"field_6":null,"field_7":null},"geometry":{"type":"Point","coordinates":[-63.312773696055899,-33.558115854056112]}},
{"type":"Feature","properties":{"field_1":9,"field_2":"2-52-9-CBA","field_3":"pedania_la_carlota_cordoba","field_4":4468211.0,"field_5":6279049.12,"field_6":null,"field_7":null},"geometry":{"type":"Point","coordinates":[-63.342624728481127,-33.632192596400166]}},
{"type":"Feature","properties":{"field_1":1,"field_2":"2-53-1-CBA","field_3":"pedania_la_carlota_cordoba","field_4":4462923.78,"field_5":6276212.67,"field_6":null,"field_7":null},"geometry":{"type":"Point","coordinates":[-63.399727628098297,-33.657593923932403]}},
{"type":"Feature","properties":{"field_1":10,"field_2":"2-53-10-CBA","field_3":"pedania_la_carlota_cordoba","field_4":4466894.47,"field_5":6269114.75,"field_6":null,"field_7":null},"geometry":{"type":"Point","coordinates":[-63.357184234929932,-33.721716883110794]}},
{"type":"Feature","properties":{"field_1":11,"field_2":"2-53-11-CBA","field_3":"pedania_la_carlota_cordoba","field_4":4470720.97,"field_5":6275658.85,"field_6":null,"field_7":null},"geometry":{"type":"Point","coordinates":[-63.315684102869483,-33.662830217366228]}},
{"type":"Feature","properties":{"field_1":12,"field_2":"2-53-12-CBA","field_3":"pedania_la_carlota_cordoba","field_4":4468237.41,"field_5":6270607.82,"field_6":null,"field_7":null},"geometry":{"type":"Point","coordinates":[-63.342641731153037,-33.708297060461391]}},
{"type":"Feature","properties":{"field_1":13,"field_2":"2-53-13-CBA","field_3":"pedania_la_carlota_cordoba","field_4":4466392.78,"field_5":6277370.86,"field_6":null,"field_7":null},"geometry":{"type":"Point","coordinates":[-63.362284598632883,-33.647267371998964]}},
{"type":"Feature","properties":{"field_1":14,"field_2":"2-53-14-CBA","field_3":"pedania_la_carlota_cordoba","field_4":4464800.09,"field_5":6276564.06,"field_6":null,"field_7":null},"geometry":{"type":"Point","coordinates":[-63.379485257037899,-33.65448967965736]}},
{"type":"Feature","properties":{"field_1":2,"field_2":"2-53-2-CBA","field_3":"pedania_la_carlota_cordoba","field_4":4464511.75,"field_5":6271805.85,"field_6":null,"field_7":null},"geometry":{"type":"Point","coordinates":[-63.382783765370789,-33.697378150527172]}},
{"type":"Feature","properties":{"field_1":3,"field_2":"2-53-3-CBA","field_3":"pedania_la_carlota_cordoba","field_4":4464747.01,"field_5":6268911.38,"field_6":null,"field_7":null},"geometry":{"type":"Point","coordinates":[-63.380361287897273,-33.723481190926073]}},
{"type":"Feature","properties":{"field_1":4,"field_2":"2-53-4-CBA","field_3":"pedania_la_carlota_cordoba","field_4":4465734.68,"field_5":6274202.91,"field_6":null,"field_7":null},"geometry":{"type":"Point","coordinates":[-63.369500804449295,-33.675807417466849]}},
{"type":"Feature","properties":{"field_1":5,"field_2":"2-53-5-CBA","field_3":"pedania_la_carlota_cordoba","field_4":4467658.94,"field_5":6276710.5,"field_6":null,"field_7":null},"geometry":{"type":"Point","coordinates":[-63.348659732639966,-33.653260192014748]}},
{"type":"Feature","properties":{"field_1":6,"field_2":"2-53-6-CBA","field_3":"pedania_la_carlota_cordoba","field_4":4467754.84,"field_5":6273299.9,"field_6":null,"field_7":null},"geometry":{"type":"Point","coordinates":[-63.347749601848889,-33.684011817678361]}},
{"type":"Feature","properties":{"field_1":7,"field_2":"2-53-7-CBA","field_3":"pedania_la_carlota_cordoba","field_4":4470409.21,"field_5":6271835.81,"field_6":null,"field_7":null},"geometry":{"type":"Point","coordinates":[-63.319172745660055,-33.697288745562474]}},
{"type":"Feature","properties":{"field_1":8,"field_2":"2-53-8-CBA","field_3":"pedania_la_carlota_cordoba","field_4":4461755.8,"field_5":6269495.82,"field_6":null,"field_7":null},"geometry":{"type":"Point","coordinates":[-63.412608820737475,-33.718108569853619]}},
{"type":"Feature","properties":{"field_1":9,"field_2":"2-53-9-CBA","field_3":"pedania_la_carlota_cordoba","field_4":4462696.12,"field_5":6273533.53,"field_6":null,"field_7":null},"geometry":{"type":"Point","coordinates":[-63.402294458778499,-33.681739948423946]}},
{"type":"Feature","properties":{"field_1":1,"field_2":"2-54-1-CBA","field_3":"pedania_la_carlota_cordoba","field_4":4467078.55,"field_5":6261761.32,"field_6":null,"field_7":null},"geometry":{"type":"Point","coordinates":[-63.355471688663989,-33.788017447716484]}},
{"type":"Feature","properties":{"field_1":2,"field_2":"2-54-2-CBA","field_3":"pedania_la_carlota_cordoba","field_4":4464163.07,"field_5":6263622.35,"field_6":null,"field_7":null},"geometry":{"type":"Point","coordinates":[-63.386875599054534,-33.771144757307148]}},
{"type":"Feature","properties":{"field_1":3,"field_2":"2-54-3-CBA","field_3":"pedania_la_carlota_cordoba","field_4":4462331.55,"field_5":6267085.26,"field_6":null,"field_7":null},"geometry":{"type":"Point","coordinates":[-63.406499788413733,-33.73986152585254]}},
{"type":"Feature","properties":{"field_1":4,"field_2":"2-54-4-CBA","field_3":"pedania_la_carlota_cordoba","field_4":4463820.31,"field_5":6265910.26,"field_6":null,"field_7":null},"geometry":{"type":"Point","coordinates":[-63.390482210748232,-33.750506556641177]}},
{"type":"Feature","properties":{"field_1":5,"field_2":"2-54-5-CBA","field_3":"pedania_la_carlota_cordoba","field_4":4462024.09,"field_5":6258870.73,"field_6":null,"field_7":null},"geometry":{"type":"Point","coordinates":[-63.410170475717621,-33.813907902872899]}},
{"type":"Feature","properties":{"field_1":6,"field_2":"2-54-6-CBA","field_3":"pedania_la_carlota_cordoba","field_4":4461672.49,"field_5":6264591.19,"field_6":null,"field_7":null},"geometry":{"type":"Point","coordinates":[-63.413719831277696,-33.762323050659283]}},
{"type":"Feature","properties":{"field_1":1,"field_2":"2-6-1-CBA","field_3":"pedania_la_carlota_cordoba","field_4":4444884.41,"field_5":6304668.83,"field_6":null,"field_7":null},"geometry":{"type":"Point","coordinates":[-63.592453756752768,-33.400265077031648]}},
{"type":"Feature","properties":{"field_1":2,"field_2":"2-6-2-CBA","field_3":"pedania_la_carlota_cordoba","field_4":4444502.13,"field_5":6298456.99,"field_6":null,"field_7":null},"geometry":{"type":"Point","coordinates":[-63.59694603454772,-33.456249218061551]}},
{"type":"Feature","properties":{"field_1":3,"field_2":"2-6-3-CBA","field_3":"pedania_la_carlota_cordoba","field_4":4448270.4,"field_5":6300708.71,"field_6":null,"field_7":null},"geometry":{"type":"Point","coordinates":[-63.556286015834758,-33.436136913481]}},
{"type":"Feature","properties":{"field_1":4,"field_2":"2-6-4-CBA","field_3":"pedania_la_carlota_cordoba","field_4":4447802.69,"field_5":6304534.4,"field_6":null,"field_7":null},"geometry":{"type":"Point","coordinates":[-63.561093528648442,-33.40162286867384]}},
{"type":"Feature","properties":{"field_1":5,"field_2":"2-6-5-CBA","field_3":"pedania_la_carlota_cordoba","field_4":4444671.62,"field_5":6299213.97,"field_6":null,"field_7":null},"geometry":{"type":"Point","coordinates":[-63.595076441503387,-33.449433333761903]}},
{"type":"Feature","properties":{"field_1":6,"field_2":"2-6-6-CBA","field_3":"pedania_la_carlota_cordoba","field_4":4447476.49,"field_5":6302495.51,"field_6":null,"field_7":null},"geometry":{"type":"Point","coordinates":[-63.564718794489146,-33.419989056279277]}},
{"type":"Feature","properties":{"field_1":7,"field_2":"2-6-7-CBA","field_3":"pedania_la_carlota_cordoba","field_4":4447930.73,"field_5":6302854.54,"field_6":null,"field_7":null},"geometry":{"type":"Point","coordinates":[-63.559814373446159,-33.41677427416726]}},
{"type":"Feature","properties":{"field_1":8,"field_2":"2-6-8-CBA","field_3":"pedania_la_carlota_cordoba","field_4":4447842.75,"field_5":6304204.63,"field_6":null,"field_7":null},"geometry":{"type":"Point","coordinates":[-63.560682021028889,-33.404597939815162]}},
{"type":"Feature","properties":{"field_1":1,"field_2":"2-7-1-CBA","field_3":"pedania_la_carlota_cordoba","field_4":4450235.4,"field_5":6293380.64,"field_6":null,"field_7":null},"geometry":{"type":"Point","coordinates":[-63.535562051196763,-33.502297532313776]}},
{"type":"Feature","properties":{"field_1":2,"field_2":"2-7-2-CBA","field_3":"pedania_la_carlota_cordoba","field_4":4446266.88,"field_5":6294016.39,"field_6":null,"field_7":null},"geometry":{"type":"Point","coordinates":[-63.578230828720862,-33.496373910472997]}},
{"type":"Feature","properties":{"field_1":3,"field_2":"2-7-3-CBA","field_3":"pedania_la_carlota_cordoba","field_4":4444860.96,"field_5":6295374.7,"field_6":null,"field_7":null},"geometry":{"type":"Point","coordinates":[-63.593275905054746,-33.484056444215717]}},
{"type":"Feature","properties":{"field_1":4,"field_2":"2-7-4-CBA","field_3":"pedania_la_carlota_cordoba","field_4":4443838.72,"field_5":6297242.74,"field_6":null,"field_7":null},"geometry":{"type":"Point","coordinates":[-63.604157374012658,-33.467161846832788]}},
{"type":"Feature","properties":{"field_1":5,"field_2":"2-7-5-CBA","field_3":"pedania_la_carlota_cordoba","field_4":4447258.31,"field_5":6290501.57,"field_6":null,"field_7":null},"geometry":{"type":"Point","coordinates":[-63.567769317376708,-33.52811138668325]}},
{"type":"Feature","properties":{"field_1":6,"field_2":"2-7-6-CBA","field_3":"pedania_la_carlota_cordoba","field_4":4443444.53,"field_5":6290523.98,"field_6":null,"field_7":null},"geometry":{"type":"Point","coordinates":[-63.608821531214787,-33.527714344535767]}},
{"type":"Feature","properties":{"field_1":7,"field_2":"2-7-7-CBA","field_3":"pedania_la_carlota_cordoba","field_4":4449499.53,"field_5":6290406.35,"field_6":null,"field_7":null},"geometry":{"type":"Point","coordinates":[-63.543648782688329,-33.529078101318106]}},
{"type":"Feature","properties":{"field_1":1,"field_2":"2-72-1-CBA","field_3":"pedania_la_carlota_cordoba","field_4":4472751.39,"field_5":6308004.4,"field_6":null,"field_7":null},"geometry":{"type":"Point","coordinates":[-63.29280852734302,-33.371259906292984]}},
{"type":"Feature","properties":{"field_1":1,"field_2":"2-73-1-CBA","field_3":"pedania_la_carlota_cordoba","field_4":4481107.12,"field_5":6293029.34,"field_6":null,"field_7":null},"geometry":{"type":"Point","coordinates":[-63.203335203637167,-33.506455502959241]}},
{"type":"Feature","properties":{"field_1":2,"field_2":"2-73-2-CBA","field_3":"pedania_la_carlota_cordoba","field_4":4477359.86,"field_5":6294003.96,"field_6":null,"field_7":null},"geometry":{"type":"Point","coordinates":[-63.243639959517125,-33.497595615960158]}},
{"type":"Feature","properties":{"field_1":1,"field_2":"2-74-1-CBA","field_3":"pedania_la_carlota_cordoba","field_4":4475143.89,"field_5":6285293.07,"field_6":null,"field_7":null},"geometry":{"type":"Point","coordinates":[-63.267728549944017,-33.576082878371437]}},
{"type":"Feature","properties":{"field_1":2,"field_2":"2-74-2-CBA","field_3":"pedania_la_carlota_cordoba","field_4":4473686.15,"field_5":6280730.81,"field_6":null,"field_7":null},"geometry":{"type":"Point","coordinates":[-63.283564378137115,-33.617180309789127]}},
{"type":"Feature","properties":{"field_1":3,"field_2":"2-74-3-CBA","field_3":"pedania_la_carlota_cordoba","field_4":4472308.23,"field_5":6280987.07,"field_6":null,"field_7":null},"geometry":{"type":"Point","coordinates":[-63.298404953408841,-33.614835001956948]}},
{"type":"Feature","properties":{"field_1":4,"field_2":"2-74-4-CBA","field_3":"pedania_la_carlota_cordoba","field_4":4479904.64,"field_5":6286191.29,"field_6":null,"field_7":null},"geometry":{"type":"Point","coordinates":[-63.216430333240368,-33.568084938653655]}},
{"type":"Feature","properties":{"field_1":5,"field_2":"2-74-5-CBA","field_3":"pedania_la_carlota_cordoba","field_4":4476636.49,"field_5":6287837.82,"field_6":null,"field_7":null},"geometry":{"type":"Point","coordinates":[-63.251585250871422,-33.553173493023529]}},
{"type":"Feature","properties":{"field_1":6,"field_2":"2-74-6-CBA","field_3":"pedania_la_carlota_cordoba","field_4":4473923.55,"field_5":6283659.23,"field_6":null,"field_7":null},"geometry":{"type":"Point","coordinates":[-63.280920508883831,-33.590784145400107]}},
{"type":"Feature","properties":{"field_1":1,"field_2":"2-75-1-CBA","field_3":"pedania_la_carlota_cordoba","field_4":4476771.93,"field_5":6270665.05,"field_6":null,"field_7":null},"geometry":{"type":"Point","coordinates":[-63.250574712774153,-33.70800215297163]}},
{"type":"Feature","properties":{"field_1":2,"field_2":"2-75-2-CBA","field_3":"pedania_la_carlota_cordoba","field_4":4472393.97,"field_5":6277275.69,"field_6":null,"field_7":null},"geometry":{"type":"Point","coordinates":[-63.297596089440347,-33.648298029807023]}},
{"type":"Feature","properties":{"field_1":3,"field_2":"2-75-3-CBA","field_3":"pedania_la_carlota_cordoba","field_4":4474625.49,"field_5":6274922.25,"field_6":null,"field_7":null},"geometry":{"type":"Point","coordinates":[-63.273607588760797,-33.669571522857922]}},
{"type":"Feature","properties":{"field_1":4,"field_2":"2-75-4-CBA","field_3":"pedania_la_carlota_cordoba","field_4":4477704.59,"field_5":6276831.54,"field_6":null,"field_7":null},"geometry":{"type":"Point","coordinates":[-63.240358959062753,-33.652426915606696]}},
{"type":"Feature","properties":{"field_1":5,"field_2":"2-75-5-CBA","field_3":"pedania_la_carlota_cordoba","field_4":4475486.37,"field_5":6277139.84,"field_6":null,"field_7":null},"geometry":{"type":"Point","coordinates":[-63.264263932667532,-33.649598562143211]}},
{"type":"Feature","properties":{"field_1":1,"field_2":"2-76-1-CBA","field_3":"pedania_la_carlota_cordoba","field_4":4475232.02,"field_5":6265329.59,"field_6":null,"field_7":null},"geometry":{"type":"Point","coordinates":[-63.2673354819878,-33.756069753385695]}},
{"type":"Feature","properties":{"field_1":2,"field_2":"2-76-2-CBA","field_3":"pedania_la_carlota_cordoba","field_4":4473209.0,"field_5":6265224.99,"field_6":null,"field_7":null},"geometry":{"type":"Point","coordinates":[-63.289173929616105,-33.756963562710077]}},
{"type":"Feature","properties":{"field_1":1,"field_2":"2-8-1-CBA","field_3":"pedania_la_carlota_cordoba","field_4":4445410.59,"field_5":6287034.37,"field_6":null,"field_7":null},"geometry":{"type":"Point","coordinates":[-63.587870854173353,-33.559277167809284]}},
{"type":"Feature","properties":{"field_1":2,"field_2":"2-8-2-CBA","field_3":"pedania_la_carlota_cordoba","field_4":4448726.55,"field_5":6287728.93,"field_6":null,"field_7":null},"geometry":{"type":"Point","coordinates":[-63.552123188327428,-33.553179749986647]}},
{"type":"Feature","properties":{"field_1":3,"field_2":"2-8-3-CBA","field_3":"pedania_la_carlota_cordoba","field_4":4449818.81,"field_5":6287132.39,"field_6":null,"field_7":null},"geometry":{"type":"Point","coordinates":[-63.540395490959725,-33.558609783695935]}},
{"type":"Feature","properties":{"field_1":4,"field_2":"2-8-4-CBA","field_3":"pedania_la_carlota_cordoba","field_4":4449446.32,"field_5":6284452.17,"field_6":null,"field_7":null},"geometry":{"type":"Point","coordinates":[-63.544558312622854,-33.582755821509274]}},
{"type":"Feature","properties":{"field_1":5,"field_2":"2-8-5-CBA","field_3":"pedania_la_carlota_cordoba","field_4":4451042.69,"field_5":6284410.16,"field_6":null,"field_7":null},"geometry":{"type":"Point","coordinates":[-63.527365405447753,-33.583209034801271]}},
{"type":"Feature","properties":{"field_1":6,"field_2":"2-8-6-CBA","field_3":"pedania_la_carlota_cordoba","field_4":4441989.59,"field_5":6284877.87,"field_6":null,"field_7":null},"geometry":{"type":"Point","coordinates":[-63.624849523959107,-33.578538473223929]}},
{"type":"Feature","properties":{"field_1":7,"field_2":"2-8-7-CBA","field_3":"pedania_la_carlota_cordoba","field_4":4449699.78,"field_5":6283155.47,"field_6":null,"field_7":null},"geometry":{"type":"Point","coordinates":[-63.54190127112728,-33.594458217827096]}},
{"type":"Feature","properties":{"field_1":8,"field_2":"2-8-8-CBA","field_3":"pedania_la_carlota_cordoba","field_4":4451156.12,"field_5":6279296.18,"field_6":null,"field_7":null},"geometry":{"type":"Point","coordinates":[-63.526423726132357,-33.629319363045347]}},
{"type":"Feature","properties":{"field_1":9,"field_2":"2-8-9-CBA","field_3":"pedania_la_carlota_cordoba","field_4":4444905.07,"field_5":6279282.18,"field_6":null,"field_7":null},"geometry":{"type":"Point","coordinates":[-63.593793214732848,-33.629140460577979]}},
{"type":"Feature","properties":{"field_1":1,"field_2":"2-9-1-CBA","field_3":"pedania_la_carlota_cordoba","field_4":4449108.84,"field_5":6278055.49,"field_6":null,"field_7":null},"geometry":{"type":"Point","coordinates":[-63.548558630516204,-33.640408833110769]}},
{"type":"Feature","properties":{"field_1":10,"field_2":"2-9-10-CBA","field_3":"pedania_la_carlota_cordoba","field_4":4447186.2,"field_5":6277008.05,"field_6":null,"field_7":null},"geometry":{"type":"Point","coordinates":[-63.569344091216642,-33.649758235900791]}},
{"type":"Feature","properties":{"field_1":2,"field_2":"2-9-2-CBA","field_3":"pedania_la_carlota_cordoba","field_4":4445885.3,"field_5":6275632.93,"field_6":null,"field_7":null},"geometry":{"type":"Point","coordinates":[-63.583451062397415,-33.662090046872187]}},
{"type":"Feature","properties":{"field_1":3,"field_2":"2-9-3-CBA","field_3":"pedania_la_carlota_cordoba","field_4":4448123.01,"field_5":6274677.91,"field_6":null,"field_7":null},"geometry":{"type":"Point","coordinates":[-63.559381460596811,-33.670811425555911]}},
{"type":"Feature","properties":{"field_1":4,"field_2":"2-9-4-CBA","field_3":"pedania_la_carlota_cordoba","field_4":4441603.11,"field_5":6273924.54,"field_6":null,"field_7":null},"geometry":{"type":"Point","coordinates":[-63.629730310724099,-33.677265076961525]}},
{"type":"Feature","properties":{"field_1":5,"field_2":"2-9-5-CBA","field_3":"pedania_la_carlota_cordoba","field_4":4442188.44,"field_5":6271737.23,"field_6":null,"field_7":null},"geometry":{"type":"Point","coordinates":[-63.6235610556122,-33.697016193217635]}},
{"type":"Feature","properties":{"field_1":6,"field_2":"2-9-6-CBA","field_3":"pedania_la_carlota_cordoba","field_4":4445668.25,"field_5":6270642.18,"field_6":null,"field_7":null},"geometry":{"type":"Point","coordinates":[-63.586096402464321,-33.70707209892138]}},
{"type":"Feature","properties":{"field_1":7,"field_2":"2-9-7-CBA","field_3":"pedania_la_carlota_cordoba","field_4":4447967.58,"field_5":6270073.65,"field_6":null,"field_7":null},"geometry":{"type":"Point","coordinates":[-63.56132717165962,-33.712312757661302]}},
{"type":"Feature","properties":{"field_1":8,"field_2":"2-9-8-CBA","field_3":"pedania_la_carlota_cordoba","field_4":4444783.24,"field_5":6274190.6,"field_6":null,"field_7":null},"geometry":{"type":"Point","coordinates":[-63.595422197292024,-33.675036446308063]}},
{"type":"Feature","properties":{"field_1":1,"field_2":"2-95-1-CBA","field_3":"pedania_la_carlota_cordoba","field_4":4482417.83,"field_5":6296748.6,"field_6":null,"field_7":null},"geometry":{"type":"Point","coordinates":[-63.189155915066067,-33.472944964861732]}},
{"type":"Feature","properties":{"field_1":2,"field_2":"2-95-2-CBA","field_3":"pedalnia_loboy_cordoba","field_4":4489440.52,"field_5":6290617.19,"field_6":null,"field_7":null},"geometry":{"type":"Point","coordinates":[-63.113676127960176,-33.528318182608096]}},
{"type":"Feature","properties":{"field_1":1,"field_2":"2-96-1-CBA","field_3":"pedania_la_carlota_cordoba","field_4":4484006.89,"field_5":6286407.64,"field_6":null,"field_7":null},"geometry":{"type":"Point","coordinates":[-63.172245093357816,-33.566203712367574]}},
{"type":"Feature","properties":{"field_1":2,"field_2":"2-96-2-CBA","field_3":"pedalnia_loboy_cordoba","field_4":4488422.11,"field_5":6282320.09,"field_6":null,"field_7":null},"geometry":{"type":"Point","coordinates":[-63.124746969618933,-33.603113685753442]}},
{"type":"Feature","properties":{"field_1":3,"field_2":"2-96-3-CBA","field_3":"pedania_la_carlota_cordoba","field_4":4482195.9,"field_5":6282719.57,"field_6":null,"field_7":null},"geometry":{"type":"Point","coordinates":[-63.191822651535638,-33.599426207873549]}},
{"type":"Feature","properties":{"field_1":4,"field_2":"2-96-4-CBA","field_3":"pedalnia_loboy_cordoba","field_4":4486963.95,"field_5":6279880.18,"field_6":null,"field_7":null},"geometry":{"type":"Point","coordinates":[-63.140493474214644,-33.625094711892892]}},
{"type":"Feature","properties":{"field_1":5,"field_2":"2-96-5-CBA","field_3":"pedalnia_loboy_cordoba","field_4":4486101.63,"field_5":6282487.79,"field_6":null,"field_7":null},"geometry":{"type":"Point","coordinates":[-63.149746160849944,-33.601573989723228]}},
{"type":"Feature","properties":{"field_1":6,"field_2":"2-96-6-CBA","field_3":"pedania_la_carlota_cordoba","field_4":4485083.34,"field_5":6294595.19,"field_6":null,"field_7":null},"geometry":{"type":"Point","coordinates":[-63.160515475855561,-33.49240062601509]}},
{"type":"Feature","properties":{"field_1":1,"field_2":"2-97-1-CBA","field_3":"pedalnia_loboy_cordoba","field_4":4487994.11,"field_5":6273905.24,"field_6":null,"field_7":null},"geometry":{"type":"Point","coordinates":[-63.12947191949285,-33.678975686941939]}},
{"type":"Feature","properties":{"field_1":2,"field_2":"2-97-2-CBA","field_3":"pedalnia_loboy_cordoba","field_4":4490250.62,"field_5":6269902.28,"field_6":null,"field_7":null},"geometry":{"type":"Point","coordinates":[-63.105181962845741,-33.715088438040041]}},
{"type":"Feature","properties":{"field_1":1,"field_2":"2-98-1-CBA","field_3":"pedalnia_loboy_cordoba","field_4":4485844.91,"field_5":6267587.96,"field_6":null,"field_7":null},"geometry":{"type":"Point","coordinates":[-63.152749385747349,-33.735903995136489]}},
{"type":"Feature","properties":{"field_1":2,"field_2":"2-98-2-CBA","field_3":"pedalnia_loboy_cordoba","field_4":4490427.53,"field_5":6259097.96,"field_6":null,"field_7":null},"geometry":{"type":"Point","coordinates":[-63.103390286565649,-33.812497958135381]}},
{"type":"Feature","properties":{"field_1":1,"field_2":"3-100-1-CBA","field_3":"pedalnia_san_martin","field_4":4490632.29,"field_5":6242090.47,"field_6":null,"field_7":null},"geometry":{"type":"Point","coordinates":[-63.101359949810089,-33.965830165088803]}},
{"type":"Feature","properties":{"field_1":2,"field_2":"3-100-2-CBA","field_3":"pedalnia_san_martin","field_4":4491109.83,"field_5":6247706.2,"field_6":null,"field_7":null},"geometry":{"type":"Point","coordinates":[-63.096136069173589,-33.915206328555357]}},
{"type":"Feature","properties":{"field_1":1,"field_2":"3-101-1-CBA","field_3":"pedalnia_san_martin","field_4":4483260.93,"field_5":6232379.01,"field_6":null,"field_7":null},"geometry":{"type":"Point","coordinates":[-63.181303482725561,-34.053289918572709]}},
{"type":"Feature","properties":{"field_1":2,"field_2":"3-101-2-CBA","field_3":"pedalnia_san_martin","field_4":4489773.18,"field_5":6230489.14,"field_6":null,"field_7":null},"geometry":{"type":"Point","coordinates":[-63.110791266121964,-34.070411277424746]}},
{"type":"Feature","properties":{"field_1":1,"field_2":"3-102-1-CBA","field_3":"pedalnia_san_martin","field_4":4489974.21,"field_5":6225026.79,"field_6":null,"field_7":null},"geometry":{"type":"Point","coordinates":[-63.10867638225924,-34.119657165821131]}},
{"type":"Feature","properties":{"field_1":2,"field_2":"3-102-2-CBA","field_3":"pedalnia_san_martin","field_4":4489849.24,"field_5":6220216.69,"field_6":null,"field_7":null},"geometry":{"type":"Point","coordinates":[-63.110087218328594,-34.163019438263198]}},
{"type":"Feature","properties":{"field_1":1,"field_2":"3-103-1-CBA","field_3":"pedalnia_san_martin","field_4":4481758.76,"field_5":6217722.52,"field_6":null,"field_7":null},"geometry":{"type":"Point","coordinates":[-63.197881012602721,-34.185394333987468]}},
{"type":"Feature","properties":{"field_1":2,"field_2":"3-103-2-CBA","field_3":"pedalnia_san_martin","field_4":4489749.42,"field_5":6215900.59,"field_6":null,"field_7":null},"geometry":{"type":"Point","coordinates":[-63.111220819155953,-34.201928224537113]}},
{"type":"Feature","properties":{"field_1":1,"field_2":"3-11-1-CBA","field_3":"pedania_la_carlota_cordoba","field_4":4441996.14,"field_5":6257226.4,"field_6":null,"field_7":null},"geometry":{"type":"Point","coordinates":[-63.626586343755037,-33.827822600736262]}},
{"type":"Feature","properties":{"field_1":10,"field_2":"3-11-10-CBA","field_3":"pedalnia_la_amarga","field_4":4443158.1,"field_5":6248730.18,"field_6":null,"field_7":null},"geometry":{"type":"Point","coordinates":[-63.614583549854096,-33.90447907241078]}},
{"type":"Feature","properties":{"field_1":11,"field_2":"3-11-11-CBA","field_3":"pedalnia_la_amarga","field_4":4446486.9,"field_5":6249341.29,"field_6":null,"field_7":null},"geometry":{"type":"Point","coordinates":[-63.578556584465701,-33.899144222120164]}},
{"type":"Feature","properties":{"field_1":12,"field_2":"3-11-12-CBA","field_3":"pedalnia_la_amarga","field_4":4450529.16,"field_5":6249515.75,"field_6":null,"field_7":null},"geometry":{"type":"Point","coordinates":[-63.534845757379571,-33.897768939196212]}},
{"type":"Feature","properties":{"field_1":13,"field_2":"3-11-13-CBA","field_3":"pedalnia_la_amarga","field_4":4447279.53,"field_5":6253146.44,"field_6":null,"field_7":null},"geometry":{"type":"Point","coordinates":[-63.569759406434692,-33.864880592985507]}},
{"type":"Feature","properties":{"field_1":14,"field_2":"3-11-14-CBA","field_3":"pedalnia_la_amarga","field_4":4446736.72,"field_5":6256162.84,"field_6":null,"field_7":null},"geometry":{"type":"Point","coordinates":[-63.57544300145674,-33.83766026430856]}},
{"type":"Feature","properties":{"field_1":15,"field_2":"3-11-15-CBA","field_3":"pedalnia_la_amarga","field_4":4443849.36,"field_5":6251154.38,"field_6":null,"field_7":null},"geometry":{"type":"Point","coordinates":[-63.606955092557989,-33.882662063316836]}},
{"type":"Feature","properties":{"field_1":16,"field_2":"3-11-16-CBA","field_3":"pedalnia_la_amarga","field_4":4448095.11,"field_5":6249089.85,"field_6":null,"field_7":null},"geometry":{"type":"Point","coordinates":[-63.561185074210691,-33.901491386471754]}},
{"type":"Feature","properties":{"field_1":18,"field_2":"3-11-18-CBA","field_3":"pedalnia_la_amarga","field_4":4448734.73,"field_5":6251696.12,"field_6":null,"field_7":null},"geometry":{"type":"Point","coordinates":[-63.554117985542767,-33.878027035461557]}},
{"type":"Feature","properties":{"field_1":2,"field_2":"3-11-2-CBA","field_3":"pedalnia_la_amarga","field_4":4442570.79,"field_5":6256640.5,"field_6":null,"field_7":null},"geometry":{"type":"Point","coordinates":[-63.620417182687063,-33.833135891837685]}},
{"type":"Feature","properties":{"field_1":20,"field_2":"3-11-20-CBA","field_3":"pedalnia_la_amarga","field_4":4450526.94,"field_5":6249513.4,"field_6":null,"field_7":null},"geometry":{"type":"Point","coordinates":[-63.534869889823192,-33.897790020410056]}},
{"type":"Feature","properties":{"field_1":22,"field_2":"3-11-22-CBA","field_3":"pedalnia_la_amarga","field_4":4450072.57,"field_5":6254290.03,"field_6":null,"field_7":null},"geometry":{"type":"Point","coordinates":[-63.539510986443133,-33.854706829352608]}},
{"type":"Feature","properties":{"field_1":23,"field_2":"3-11-23-CBA","field_3":"pedania_la_carlota_cordoba","field_4":4450812.91,"field_5":6257256.6,"field_6":null,"field_7":null},"geometry":{"type":"Point","coordinates":[-63.531345718960573,-33.82799748834519]}},
{"type":"Feature","properties":{"field_1":25,"field_2":"3-11-25-CBA","field_3":"pedalnia_la_amarga","field_4":4442460.85,"field_5":6251835.1,"field_6":null,"field_7":null},"geometry":{"type":"Point","coordinates":[-63.621918731985872,-33.876450560694131]}},
{"type":"Feature","properties":{"field_1":26,"field_2":"3-11-26-CBA","field_3":"pedalnia_la_amarga","field_4":4446969.36,"field_5":6249039.32,"field_6":null,"field_7":null},"geometry":{"type":"Point","coordinates":[-63.573358937687871,-33.901890868930437]}},
{"type":"Feature","properties":{"field_1":27,"field_2":"3-11-27-CBA","field_3":"pedalnia_la_amarga","field_4":4444275.51,"field_5":6251902.49,"field_6":null,"field_7":null},"geometry":{"type":"Point","coordinates":[-63.602301514125138,-33.875940461854867]}},
{"type":"Feature","properties":{"field_1":28,"field_2":"3-11-28-CBA","field_3":"pedalnia_la_amarga","field_4":4445981.22,"field_5":6250388.83,"field_6":null,"field_7":null},"geometry":{"type":"Point","coordinates":[-63.583959107448905,-33.889674854807303]}},
{"type":"Feature","properties":{"field_1":29,"field_2":"3-11-29-CBA","field_3":"pedalnia_la_amarga","field_4":4446471.2,"field_5":6251242.38,"field_6":null,"field_7":null},"geometry":{"type":"Point","coordinates":[-63.578610578910009,-33.882005074922695]}},
{"type":"Feature","properties":{"field_1":3,"field_2":"3-11-3-CBA","field_3":"pedalnia_la_amarga","field_4":4442915.3,"field_5":6252807.09,"field_6":null,"field_7":null},"geometry":{"type":"Point","coordinates":[-63.616943971281181,-33.867712784287171]}},
{"type":"Feature","properties":{"field_1":30,"field_2":"3-11-30-CBA","field_3":"pedalnia_la_amarga","field_4":4448389.46,"field_5":6255375.66,"field_6":null,"field_7":null},"geometry":{"type":"Point","coordinates":[-63.557634115085925,-33.844838821824148]}},
{"type":"Feature","properties":{"field_1":32,"field_2":"3-11-32-CBA","field_3":"pedania_la_carlota_cordoba","field_4":4447566.04,"field_5":6257826.21,"field_6":null,"field_7":null},"geometry":{"type":"Point","coordinates":[-63.566384751214848,-33.822706272116328]}},
{"type":"Feature","properties":{"field_1":34,"field_2":"3-11-34-CBA","field_3":"pedania_la_carlota_cordoba","field_4":4449376.58,"field_5":6257560.83,"field_6":null,"field_7":null},"geometry":{"type":"Point","coordinates":[-63.546843617158473,-33.825186979062828]}},
{"type":"Feature","properties":{"field_1":4,"field_2":"3-11-4-CBA","field_3":"pedalnia_la_amarga","field_4":4444619.09,"field_5":6255212.08,"field_6":null,"field_7":null},"geometry":{"type":"Point","coordinates":[-63.598379942633905,-33.846122523610511]}},
{"type":"Feature","properties":{"field_1":5,"field_2":"3-11-5-CBA","field_3":"pedalnia_la_amarga","field_4":4450789.3,"field_5":6255825.63,"field_6":null,"field_7":null},"geometry":{"type":"Point","coordinates":[-63.531680625008036,-33.840896822087245]}},
{"type":"Feature","properties":{"field_1":6,"field_2":"3-11-6-CBA","field_3":"pedalnia_la_amarga","field_4":4446475.75,"field_5":6251944.6,"field_6":null,"field_7":null},"geometry":{"type":"Point","coordinates":[-63.578518676159575,-33.875674771610818]}},
{"type":"Feature","properties":{"field_1":7,"field_2":"3-11-7-CBA","field_3":"pedalnia_la_amarga","field_4":4450718.05,"field_5":6250223.51,"field_6":null,"field_7":null},"geometry":{"type":"Point","coordinates":[-63.532764010783914,-33.891397277110855]}},
{"type":"Feature","properties":{"field_1":9,"field_2":"3-11-9-CBA","field_3":"pedalnia_la_amarga","field_4":4447874.51,"field_5":6250297.97,"field_6":null,"field_7":null},"geometry":{"type":"Point","coordinates":[-63.563498407031119,-33.89058926267375]}},
{"type":"Feature","properties":{"field_1":1,"field_2":"3-12-1-CBA","field_3":"pedalnia_la_amarga","field_4":4442852.49,"field_5":6247006.7,"field_6":null,"field_7":null},"geometry":{"type":"Point","coordinates":[-63.617999813825406,-33.919999570315262]}},
{"type":"Feature","properties":{"field_1":10,"field_2":"3-12-10-CBA","field_3":"pedalnia_la_amarga","field_4":4450282.53,"field_5":6245639.05,"field_6":null,"field_7":null},"geometry":{"type":"Point","coordinates":[-63.537731521319259,-33.932705937911606]}},
{"type":"Feature","properties":{"field_1":2,"field_2":"3-12-2-CBA","field_3":"pedalnia_la_amarga","field_4":4443150.6,"field_5":6245323.54,"field_6":null,"field_7":null},"geometry":{"type":"Point","coordinates":[-63.614885215164669,-33.935189221378998]}},
{"type":"Feature","properties":{"field_1":3,"field_2":"3-12-3-CBA","field_3":"pedalnia_la_amarga","field_4":4445618.4,"field_5":6247206.38,"field_6":null,"field_7":null},"geometry":{"type":"Point","coordinates":[-63.588078071919668,-33.918345919589918]}},
{"type":"Feature","properties":{"field_1":4,"field_2":"3-12-4-CBA","field_3":"pedalnia_la_amarga","field_4":4441795.06,"field_5":6245680.7,"field_6":null,"field_7":null},"geometry":{"type":"Point","coordinates":[-63.629522285570687,-33.931895385686595]}},
{"type":"Feature","properties":{"field_1":5,"field_2":"3-12-5-CBA","field_3":"pedalnia_la_amarga","field_4":4441958.18,"field_5":6240790.09,"field_6":null,"field_7":null},"geometry":{"type":"Point","coordinates":[-63.628081990938291,-33.975992447304449]}},
{"type":"Feature","properties":{"field_1":6,"field_2":"3-12-6-CBA","field_3":"pedalnia_la_amarga","field_4":4445690.11,"field_5":6241279.44,"field_6":null,"field_7":null},"geometry":{"type":"Point","coordinates":[-63.587669724971022,-33.971780499989002]}},
{"type":"Feature","properties":{"field_1":7,"field_2":"3-12-7-CBA","field_3":"pedalnia_la_amarga","field_4":4448884.89,"field_5":6241169.76,"field_6":null,"field_7":null},"geometry":{"type":"Point","coordinates":[-63.553108003910786,-33.972929474476146]}},
{"type":"Feature","properties":{"field_1":8,"field_2":"3-12-8-CBA","field_3":"pedalnia_la_amarga","field_4":4448350.91,"field_5":6246049.46,"field_6":null,"field_7":null},"geometry":{"type":"Point","coordinates":[-63.558598356370865,-33.928913093703791]}},
{"type":"Feature","properties":{"field_1":9,"field_2":"3-12-9-CBA","field_3":"pedalnia_la_amarga","field_4":4447431.28,"field_5":6242607.2,"field_6":null,"field_7":null},"geometry":{"type":"Point","coordinates":[-63.568750291126449,-33.959899375651972]}},
{"type":"Feature","properties":{"field_1":1,"field_2":"3-13-1-CBA","field_3":"pedalnia_la_amarga","field_4":4446524.31,"field_5":6234349.56,"field_6":null,"field_7":null},"geometry":{"type":"Point","coordinates":[-63.579067365566459,-34.034295080069086]}},
{"type":"Feature","properties":{"field_1":2,"field_2":"3-13-2-CBA","field_3":"pedalnia_la_amarga","field_4":4449635.43,"field_5":6231278.52,"field_6":null,"field_7":null},"geometry":{"type":"Point","coordinates":[-63.54555702763615,-34.062134026994748]}},
{"type":"Feature","properties":{"field_1":3,"field_2":"3-13-3-CBA","field_3":"pedalnia_la_amarga","field_4":4449536.29,"field_5":6234458.71,"field_6":null,"field_7":null},"geometry":{"type":"Point","coordinates":[-63.546446937418004,-34.033460378777455]}},
{"type":"Feature","properties":{"field_1":1,"field_2":"3-14-1-CBA","field_3":"pedalnia_la_amarga","field_4":4447535.82,"field_5":6227930.64,"field_6":null,"field_7":null},"geometry":{"type":"Point","coordinates":[-63.568500914589798,-34.092211295640013]}},
{"type":"Feature","properties":{"field_1":2,"field_2":"3-14-2-CBA","field_3":"pedalnia_la_amarga","field_4":4446953.67,"field_5":6222022.68,"field_6":null,"field_7":null},"geometry":{"type":"Point","coordinates":[-63.57516925338502,-34.145440333369748]}},
{"type":"Feature","properties":{"field_1":3,"field_2":"3-14-3-CBA","field_3":"pedalnia_la_amarga","field_4":4443884.18,"field_5":6220180.63,"field_6":null,"field_7":null},"geometry":{"type":"Point","coordinates":[-63.6085684286138,-34.16188520819599]}},
{"type":"Feature","properties":{"field_1":4,"field_2":"3-14-4-CBA","field_3":"pedalnia_la_amarga","field_4":4442598.6,"field_5":6220906.21,"field_6":null,"field_7":null},"geometry":{"type":"Point","coordinates":[-63.622461615828499,-34.155274518972831]}},
{"type":"Feature","properties":{"field_1":5,"field_2":"3-14-5-CBA","field_3":"pedalnia_la_amarga","field_4":4450689.52,"field_5":6220564.97,"field_6":null,"field_7":null},"geometry":{"type":"Point","coordinates":[-63.53474682562527,-34.158764229632482]}},
{"type":"Feature","properties":{"field_1":6,"field_2":"3-14-6-CBA","field_3":"pedalnia_la_amarga","field_4":4446608.25,"field_5":6225342.08,"field_6":null,"field_7":null},"geometry":{"type":"Point","coordinates":[-63.578710419638327,-34.115499467954095]}},
{"type":"Feature","properties":{"field_1":1,"field_2":"3-15-1-CBA","field_3":"pedalnia_la_amarga","field_4":4445728.7,"field_5":6215512.9,"field_6":null,"field_7":null},"geometry":{"type":"Point","coordinates":[-63.588858156237272,-34.204060318227818]}},
{"type":"Feature","properties":{"field_1":1,"field_2":"3-33-1-CBA","field_3":"pedania_la_carlota_cordoba","field_4":4452495.9,"field_5":6257571.14,"field_6":null,"field_7":null},"geometry":{"type":"Point","coordinates":[-63.513148911943588,-33.825238839034292]}},
{"type":"Feature","properties":{"field_1":2,"field_2":"3-33-2-CBA","field_3":"pedalnia_la_amarga","field_4":4454659.97,"field_5":6250541.77,"field_6":null,"field_7":null},"geometry":{"type":"Point","coordinates":[-63.490134914923068,-33.888705013289872]}},
{"type":"Feature","properties":{"field_1":3,"field_2":"3-33-3-CBA","field_3":"pedalnia_la_amarga","field_4":4460083.83,"field_5":6255958.94,"field_6":null,"field_7":null},"geometry":{"type":"Point","coordinates":[-63.431258032696967,-33.840087126993232]}},
{"type":"Feature","properties":{"field_1":4,"field_2":"3-33-4-CBA","field_3":"pedalnia_la_amarga","field_4":4460558.72,"field_5":6249865.17,"field_6":null,"field_7":null},"geometry":{"type":"Point","coordinates":[-63.426400467395027,-33.895041868933177]}},
{"type":"Feature","properties":{"field_1":1,"field_2":"3-35-1-CBA","field_3":"pedalnia_la_amarga","field_4":4456108.66,"field_5":6234511.44,"field_6":null,"field_7":null},"geometry":{"type":"Point","coordinates":[-63.475277823343191,-34.033280696425422]}},
{"type":"Feature","properties":{"field_1":2,"field_2":"3-35-2-CBA","field_3":"pedalnia_la_amarga","field_4":4452859.92,"field_5":6234897.96,"field_6":null,"field_7":null},"geometry":{"type":"Point","coordinates":[-63.510434661855982,-34.029655250746544]}},
{"type":"Feature","properties":{"field_1":3,"field_2":"3-35-3-CBA","field_3":"pedalnia_la_amarga","field_4":4457452.31,"field_5":6236826.34,"field_6":null,"field_7":null},"geometry":{"type":"Point","coordinates":[-63.46061581281409,-34.012467278530323]}},
{"type":"Feature","properties":{"field_1":4,"field_2":"3-35-4-CBA","field_3":"pedalnia_la_amarga","field_4":4460138.55,"field_5":6232133.52,"field_6":null,"field_7":null},"geometry":{"type":"Point","coordinates":[-63.431750040699242,-34.054878548762439]}},
{"type":"Feature","properties":{"field_1":1,"field_2":"3-36-1-CBA","field_3":"pedalnia_la_amarga","field_4":4458627.87,"field_5":6220684.67,"field_6":null,"field_7":null},"geometry":{"type":"Point","coordinates":[-63.448656606000867,-34.158029998444562]}},
{"type":"Feature","properties":{"field_1":2,"field_2":"3-36-2-CBA","field_3":"pedalnia_la_amarga","field_4":4459631.87,"field_5":6222603.02,"field_6":null,"field_7":null},"geometry":{"type":"Point","coordinates":[-63.437679928656877,-34.14077571160513]}},
{"type":"Feature","properties":{"field_1":1,"field_2":"3-37-1-CBA","field_3":"pedalnia_la_amarga","field_4":4452103.86,"field_5":6214005.86,"field_6":null,"field_7":null},"geometry":{"type":"Point","coordinates":[-63.519772231570848,-34.217958263139259]}},
{"type":"Feature","properties":{"field_1":2,"field_2":"3-37-2-CBA","field_3":"pedalnia_la_amarga","field_4":4460701.08,"field_5":6214010.08,"field_6":null,"field_7":null},"geometry":{"type":"Point","coordinates":[-63.426477239262823,-34.218280114941848]}},
{"type":"Feature","properties":{"field_1":3,"field_2":"3-37-3-CBA","field_3":"pedalnia_la_amarga","field_4":4457777.69,"field_5":6214225.22,"field_6":null,"field_7":null},"geometry":{"type":"Point","coordinates":[-63.45819077949897,-34.216226275960153]}},
{"type":"Feature","properties":{"field_1":4,"field_2":"3-37-4-CBA","field_3":"pedalnia_la_amarga","field_4":4457619.5,"field_5":6212383.86,"field_6":null,"field_7":null},"geometry":{"type":"Point","coordinates":[-63.459997609865241,-34.232819143804868]}},
{"type":"Feature","properties":{"field_1":1,"field_2":"3-55-1-CBA","field_3":"pedalnia_la_amarga","field_4":4469636.54,"field_5":6250623.88,"field_6":null,"field_7":null},"geometry":{"type":"Point","coordinates":[-63.328235782292381,-33.88850242488752]}},
{"type":"Feature","properties":{"field_1":2,"field_2":"3-55-2-CBA","field_3":"pedalnia_la_amarga","field_4":4463710.41,"field_5":6250401.98,"field_6":null,"field_7":null},"geometry":{"type":"Point","coordinates":[-63.392306190635942,-33.890315600923643]}},
{"type":"Feature","properties":{"field_1":3,"field_2":"3-55-3-CBA","field_3":"pedalnia_la_amarga","field_4":4464839.75,"field_5":6255674.62,"field_6":null,"field_7":null},"geometry":{"type":"Point","coordinates":[-63.379887227753187,-33.842819384540405]}},
{"type":"Feature","properties":{"field_1":1,"field_2":"3-56-1-CBA","field_3":"pedalnia_la_amarga","field_4":4470531.06,"field_5":6238891.79,"field_6":null,"field_7":null},"geometry":{"type":"Point","coordinates":[-63.318960209832646,-33.994295637336982]}},
{"type":"Feature","properties":{"field_1":1,"field_2":"3-57-1-CBA","field_3":"pedalnia_la_amarga","field_4":4469765.01,"field_5":6231716.71,"field_6":null,"field_7":null},"geometry":{"type":"Point","coordinates":[-63.327499867984571,-34.058958115976566]}},
{"type":"Feature","properties":{"field_1":2,"field_2":"3-57-2-CBA","field_3":"pedalnia_la_amarga","field_4":4467126.36,"field_5":6237126.89,"field_6":null,"field_7":null},"geometry":{"type":"Point","coordinates":[-63.35587690752191,-34.010105395058204]}},
{"type":"Feature","properties":{"field_1":1,"field_2":"3-59-1-CBA","field_3":"pedalnia_la_amarga","field_4":4465262.99,"field_5":6216323.84,"field_6":null,"field_7":null},"geometry":{"type":"Point","coordinates":[-63.376879117341502,-34.19758415536274]}},
{"type":"Feature","properties":{"field_1":1,"field_2":"3-77-1-CBA","field_3":"pedalnia_san_martin","field_4":4480750.54,"field_5":6252642.95,"field_6":null,"field_7":null},"geometry":{"type":"Point","coordinates":[-63.208048293726215,-33.870561123370621]}},
{"type":"Feature","properties":{"field_1":2,"field_2":"3-77-2-CBA","field_3":"pedalnia_la_amarga","field_4":4475622.58,"field_5":6253837.22,"field_6":null,"field_7":null},"geometry":{"type":"Point","coordinates":[-63.263437339900726,-33.859688264443037]}},
{"type":"Feature","properties":{"field_1":3,"field_2":"3-77-3-CBA","field_3":"pedalnia_san_martin","field_4":4479273.38,"field_5":6254973.59,"field_6":null,"field_7":null},"geometry":{"type":"Point","coordinates":[-63.223958357439386,-33.849521372331381]}},
{"type":"Feature","properties":{"field_1":1,"field_2":"3-78-1-CBA","field_3":"pedalnia_san_martin","field_4":4478453.33,"field_5":6244763.89,"field_6":null,"field_7":null},"geometry":{"type":"Point","coordinates":[-63.233069416287506,-33.941549401374125]}},
{"type":"Feature","properties":{"field_1":2,"field_2":"3-78-2-CBA","field_3":"pedalnia_san_martin","field_4":4475956.0,"field_5":6240123.58,"field_6":null,"field_7":null},"geometry":{"type":"Point","coordinates":[-63.260209848272872,-33.983328973346296]}},
{"type":"Feature","properties":{"field_1":1,"field_2":"3-80-1-CBA","field_3":"pedalnia_san_martin","field_4":4477910.73,"field_5":6226341.89,"field_6":null,"field_7":null},"geometry":{"type":"Point","coordinates":[-63.239404502494402,-34.107616133438164]}},
{"type":"Feature","properties":{"field_1":2,"field_2":"3-80-2-CBA","field_3":"pedalnia_san_martin","field_4":4480373.26,"field_5":6228073.05,"field_6":null,"field_7":null},"geometry":{"type":"Point","coordinates":[-63.2126768074043,-34.092058661835821]}},
{"type":"Feature","properties":{"field_1":3,"field_2":"3-80-3-CBA","field_3":"pedalnia_san_martin","field_4":4477840.6,"field_5":6222043.41,"field_6":null,"field_7":null},"geometry":{"type":"Point","coordinates":[-63.240274168683008,-34.146365649355495]}},
{"type":"Feature","properties":{"field_1":4,"field_2":"3-80-4-CBA","field_3":"pedalnia_san_martin","field_4":4477930.5,"field_5":6219367.72,"field_6":null,"field_7":null},"geometry":{"type":"Point","coordinates":[-63.239367453206157,-34.170488902384719]}},
{"type":"Feature","properties":{"field_1":1,"field_2":"3-81-1-CBA","field_3":"pedalnia_san_martin","field_4":4475281.31,"field_5":6208853.2,"field_6":null,"field_7":null},"geometry":{"type":"Point","coordinates":[-63.268400713798854,-34.265216780524213]}},
{"type":"Feature","properties":{"field_1":1,"field_2":"3-99-1-CBA","field_3":"pedalnia_san_martin","field_4":4483837.29,"field_5":6249614.28,"field_6":null,"field_7":null},"geometry":{"type":"Point","coordinates":[-63.174742756983974,-33.897917719973805]}},
{"type":"Feature","properties":{"field_1":2,"field_2":"3-99-2-CBA","field_3":"pedalnia_san_martin","field_4":4488632.48,"field_5":6250952.37,"field_6":null,"field_7":null},"geometry":{"type":"Point","coordinates":[-63.122883000761547,-33.885916860518243]}},
{"type":"Feature","properties":{"field_1":3,"field_2":"3-99-3-CBA","field_3":"pedalnia_san_martin","field_4":4487381.18,"field_5":6251030.21,"field_6":null,"field_7":null},"geometry":{"type":"Point","coordinates":[-63.136408230812485,-33.88520086554005]}},
{"type":"Feature","properties":{"field_1":1,"field_2":"4-104-1-CBA","field_3":"pedalnia_san_martin","field_4":4481968.77,"field_5":6199212.45,"field_6":null,"field_7":null},"geometry":{"type":"Point","coordinates":[-63.195989605759571,-34.35226376789074]}},
{"type":"Feature","properties":{"field_1":2,"field_2":"4-104-2-CBA","field_3":"pedalnia_san_martin","field_4":4485956.39,"field_5":6201801.93,"field_6":null,"field_7":null},"geometry":{"type":"Point","coordinates":[-63.152604599811212,-34.328981889880183]}},
{"type":"Feature","properties":{"field_1":3,"field_2":"4-104-3-CBA","field_3":"pedalnia_san_martin","field_4":4489806.31,"field_5":6198886.73,"field_6":null,"field_7":null},"geometry":{"type":"Point","coordinates":[-63.110804630844008,-34.355306798549854]}},
{"type":"Feature","properties":{"field_1":4,"field_2":"4-104-4-CBA","field_3":"pedalnia_san_martin","field_4":4482647.9,"field_5":6201552.78,"field_6":null,"field_7":null},"geometry":{"type":"Point","coordinates":[-63.188560707606875,-34.331177846136818]}},
{"type":"Feature","properties":{"field_1":5,"field_2":"4-104-5-CBA","field_3":"pedalnia_san_martin","field_4":4482104.27,"field_5":6205020.26,"field_6":null,"field_7":null},"geometry":{"type":"Point","coordinates":[-63.194396038171128,-34.299909979898558]}},
{"type":"Feature","properties":{"field_1":6,"field_2":"4-104-6-CBA","field_3":"pedalnia_san_martin","field_4":4490712.43,"field_5":6206003.8,"field_6":null,"field_7":null},"geometry":{"type":"Point","coordinates":[-63.10087853965122,-34.291156186795703]}},
{"type":"Feature","properties":{"field_1":7,"field_2":"4-104-7-CBA","field_3":"pedalnia_san_martin","field_4":4485571.19,"field_5":6206226.16,"field_6":null,"field_7":null},"geometry":{"type":"Point","coordinates":[-63.156716188903673,-34.289092944769564]}},
{"type":"Feature","properties":{"field_1":1,"field_2":"4-105-1-CBA","field_3":"pedalnia_san_martin","field_4":4481832.8,"field_5":6196864.67,"field_6":null,"field_7":null},"geometry":{"type":"Point","coordinates":[-63.197517158759439,-34.37342598510989]}},
{"type":"Feature","properties":{"field_1":2,"field_2":"4-105-2-CBA","field_3":"pedalnia_san_martin","field_4":4490561.3,"field_5":6196877.57,"field_6":null,"field_7":null},"geometry":{"type":"Point","coordinates":[-63.102620163960673,-34.37342605129917]}},
{"type":"Feature","properties":{"field_1":1,"field_2":"4-16-1-CBA","field_3":"pedalnia_la_amarga","field_4":4448863.43,"field_5":6202092.25,"field_6":null,"field_7":null},"geometry":{"type":"Point","coordinates":[-63.555642105699661,-34.325199307413094]}},
{"type":"Feature","properties":{"field_1":2,"field_2":"4-16-2-CBA","field_3":"pedalnia_la_amarga","field_4":4451283.27,"field_5":6204841.69,"field_6":null,"field_7":null},"geometry":{"type":"Point","coordinates":[-63.529194045728602,-34.300531039304964]}},
{"type":"Feature","properties":{"field_1":3,"field_2":"4-16-3-CBA","field_3":"pedalnia_la_amarga","field_4":4441827.54,"field_5":6203346.99,"field_6":null,"field_7":null},"geometry":{"type":"Point","coordinates":[-63.632004133345156,-34.313518009730615]}},
{"type":"Feature","properties":{"field_1":1,"field_2":"4-17-1-CBA","field_3":"pedalnia_la_amarga","field_4":4443478.35,"field_5":6192258.81,"field_6":null,"field_7":null},"geometry":{"type":"Point","coordinates":[-63.614799781095272,-34.41356094855167]}},
{"type":"Feature","properties":{"field_1":2,"field_2":"4-17-2-CBA","field_3":"pedalnia_la_amarga","field_4":4447373.41,"field_5":6193547.49,"field_6":null,"field_7":null},"geometry":{"type":"Point","coordinates":[-63.572355188486938,-34.402150046874773]}},
{"type":"Feature","properties":{"field_1":1,"field_2":"4-18-1-CBA","field_3":"pedania_independencia","field_4":4446673.33,"field_5":6178508.31,"field_6":null,"field_7":null},"geometry":{"type":"Point","coordinates":[-63.580907291670719,-34.537679721526032]}},
{"type":"Feature","properties":{"field_1":2,"field_2":"4-18-2-CBA","field_3":"pedania_independencia","field_4":4449359.37,"field_5":6179796.47,"field_6":null,"field_7":null},"geometry":{"type":"Point","coordinates":[-63.551571996834504,-34.52620378008136]}},
{"type":"Feature","properties":{"field_1":3,"field_2":"4-18-3-CBA","field_3":"pedania_independencia","field_4":4443962.41,"field_5":6183156.77,"field_6":null,"field_7":null},"geometry":{"type":"Point","coordinates":[-63.610131277588835,-34.495634282659452]}},
{"type":"Feature","properties":{"field_1":4,"field_2":"4-18-4-CBA","field_3":"pedalnia_la_amarga","field_4":4447373.41,"field_5":6185656.2,"field_6":null,"field_7":null},"geometry":{"type":"Point","coordinates":[-63.572840425398574,-34.47328384778519]}},
{"type":"Feature","properties":{"field_1":11,"field_2":"4-19-11-CBA","field_3":"pedania_italo","field_4":4441769.5,"field_5":6171359.87,"field_6":null,"field_7":null},"geometry":{"type":"Point","coordinates":[-63.634813147961005,-34.601849403668396]}},
{"type":"Feature","properties":{"field_1":13,"field_2":"4-19-13-CBA","field_3":"pedania_italo","field_4":4444038.69,"field_5":6175419.62,"field_6":null,"field_7":null},"geometry":{"type":"Point","coordinates":[-63.609809015488104,-34.56538124983512]}},
{"type":"Feature","properties":{"field_1":2,"field_2":"4-19-2-CBA","field_3":"pedania_italo","field_4":4448887.58,"field_5":6176713.12,"field_6":null,"field_7":null},"geometry":{"type":"Point","coordinates":[-63.556895522990771,-34.553974062499023]}},
{"type":"Feature","properties":{"field_1":4,"field_2":"4-19-4-CBA","field_3":"pedania_italo","field_4":4449672.45,"field_5":6176006.48,"field_6":null,"field_7":null},"geometry":{"type":"Point","coordinates":[-63.548386142997877,-34.56038247480344]}},
{"type":"Feature","properties":{"field_1":5,"field_2":"4-19-5-CBA","field_3":"pedania_italo","field_4":4449346.77,"field_5":6173922.22,"field_6":null,"field_7":null},"geometry":{"type":"Point","coordinates":[-63.55205886853016,-34.579154115215722]}},
{"type":"Feature","properties":{"field_1":9,"field_2":"4-19-9-CBA","field_3":"pedania_italo","field_4":4449596.31,"field_5":6170207.66,"field_6":null,"field_7":null},"geometry":{"type":"Point","coordinates":[-63.549559777263333,-34.612649500097326]}},
{"type":"Feature","properties":{"field_1":1,"field_2":"4-20-1-CBA","field_3":"pedania_italo","field_4":4441852.53,"field_5":6166681.07,"field_6":null,"field_7":null},"geometry":{"type":"Point","coordinates":[-63.634228823518228,-34.644028068836583]}},
{"type":"Feature","properties":{"field_1":11,"field_2":"4-20-11-CBA","field_3":"pedania_italo","field_4":4448673.27,"field_5":6168119.97,"field_6":null,"field_7":null},"geometry":{"type":"Point","coordinates":[-63.559749727425526,-34.631422116357527]}},
{"type":"Feature","properties":{"field_1":2,"field_2":"4-20-2-CBA","field_3":"pedania_italo","field_4":4443537.69,"field_5":6165885.69,"field_6":null,"field_7":null},"geometry":{"type":"Point","coordinates":[-63.615902387544729,-34.65129169649849]}},
{"type":"Feature","properties":{"field_1":3,"field_2":"4-20-3-CBA","field_3":"pedania_italo","field_4":4445126.17,"field_5":6163283.59,"field_6":null,"field_7":null},"geometry":{"type":"Point","coordinates":[-63.598744518891969,-34.674832899383283]}},
{"type":"Feature","properties":{"field_1":4,"field_2":"4-20-4-CBA","field_3":"pedania_italo","field_4":4450358.42,"field_5":6162751.37,"field_6":null,"field_7":null},"geometry":{"type":"Point","coordinates":[-63.541687673516059,-34.679897318939439]}},
{"type":"Feature","properties":{"field_1":5,"field_2":"4-20-5-CBA","field_3":"pedania_italo","field_4":4448315.79,"field_5":6161213.39,"field_6":null,"field_7":null},"geometry":{"type":"Point","coordinates":[-63.564069818055671,-34.693659372712929]}},
{"type":"Feature","properties":{"field_1":1,"field_2":"4-38-1-CBA","field_3":"pedalnia_la_amarga","field_4":4452788.68,"field_5":6206008.54,"field_6":null,"field_7":null},"geometry":{"type":"Point","coordinates":[-63.512777986403805,-34.29008199457617]}},
{"type":"Feature","properties":{"field_1":6,"field_2":"4-38-6-CBA","field_3":"pedalnia_la_amarga","field_4":4451648.85,"field_5":6201185.55,"field_6":null,"field_7":null},"geometry":{"type":"Point","coordinates":[-63.525428357075903,-34.333506280284396]}},
{"type":"Feature","properties":{"field_1":7,"field_2":"4-38-7-CBA","field_3":"pedalnia_la_amarga","field_4":4459599.09,"field_5":6203982.3,"field_6":null,"field_7":null},"geometry":{"type":"Point","coordinates":[-63.438905155467793,-34.308634982800797]}},
{"type":"Feature","properties":{"field_1":1,"field_2":"4-39-1-CBA","field_3":"pedalnia_la_amarga","field_4":4457910.6,"field_5":6188922.82,"field_6":null,"field_7":null},"geometry":{"type":"Point","coordinates":[-63.457986277896651,-34.444321127815492]}},
{"type":"Feature","properties":{"field_1":1,"field_2":"4-40-1-CBA","field_3":"pedalnia_la_amarga","field_4":4452317.51,"field_5":6185620.58,"field_6":null,"field_7":null},"geometry":{"type":"Point","coordinates":[-63.519028094856488,-34.473845304703083]}},
{"type":"Feature","properties":{"field_1":2,"field_2":"4-40-2-CBA","field_3":"pedania_italo","field_4":4456307.97,"field_5":6178754.52,"field_6":null,"field_7":null},"geometry":{"type":"Point","coordinates":[-63.475944794412719,-34.535914467554875]}},
{"type":"Feature","properties":{"field_1":1,"field_2":"4-41-1-CBA","field_3":"pedania_italo","field_4":4457532.6,"field_5":6174322.13,"field_6":null,"field_7":null},"geometry":{"type":"Point","coordinates":[-63.462826348320213,-34.575920172265988]}},
{"type":"Feature","properties":{"field_1":2,"field_2":"4-41-2-CBA","field_3":"pedania_italo","field_4":4458534.17,"field_5":6171870.24,"field_6":null,"field_7":null},"geometry":{"type":"Point","coordinates":[-63.452030861700663,-34.598062817297425]}},
{"type":"Feature","properties":{"field_1":7,"field_2":"4-41-7-CBA","field_3":"pedania_italo","field_4":4459937.89,"field_5":6170714.51,"field_6":null,"field_7":null},"geometry":{"type":"Point","coordinates":[-63.436783509333871,-34.608536479169274]}},
{"type":"Feature","properties":{"field_1":1,"field_2":"4-42-1-CBA","field_3":"pedania_italo","field_4":4452632.26,"field_5":6166241.94,"field_6":null,"field_7":null},"geometry":{"type":"Point","coordinates":[-63.516681224028268,-34.648541175597884]}},
{"type":"Feature","properties":{"field_1":2,"field_2":"4-42-2-CBA","field_3":"pedania_italo","field_4":4453014.59,"field_5":6164922.7,"field_6":null,"field_7":null},"geometry":{"type":"Point","coordinates":[-63.512584182326655,-34.660450385135256]}},
{"type":"Feature","properties":{"field_1":4,"field_2":"4-46-4-CBA","field_3":"pedalnia_la_amarga","field_4":4444326.57,"field_5":6205571.55,"field_6":null,"field_7":null},"geometry":{"type":"Point","coordinates":[-63.604711556218398,-34.2936020927865]}},
{"type":"Feature","properties":{"field_1":1,"field_2":"4-60-1-CBA","field_3":"pedalnia_la_amarga","field_4":4462694.47,"field_5":6205861.02,"field_6":null,"field_7":null},"geometry":{"type":"Point","coordinates":[-63.405197301278974,-34.291814856623525]}},
{"type":"Feature","properties":{"field_1":2,"field_2":"4-60-2-CBA","field_3":"pedalnia_la_amarga","field_4":4464109.43,"field_5":6199491.77,"field_6":null,"field_7":null},"geometry":{"type":"Point","coordinates":[-63.390094535466055,-34.349281161859672]}},
{"type":"Feature","properties":{"field_1":3,"field_2":"4-60-3-CBA","field_3":"pedalnia_san_martin","field_4":4469488.26,"field_5":6204553.49,"field_6":null,"field_7":null},"geometry":{"type":"Point","coordinates":[-63.331453764834485,-34.303823685251693]}},
{"type":"Feature","properties":{"field_1":1,"field_2":"4-61-1-CBA","field_3":"pedalnia_la_amarga","field_4":4462391.43,"field_5":6194212.48,"field_6":null,"field_7":null},"geometry":{"type":"Point","coordinates":[-63.408998234462366,-34.396810581045486]}},
{"type":"Feature","properties":{"field_1":2,"field_2":"4-61-2-CBA","field_3":"pedalnia_san_martin","field_4":4468098.48,"field_5":6197747.32,"field_6":null,"field_7":null},"geometry":{"type":"Point","coordinates":[-63.346803258269404,-34.365137185796094]}},
{"type":"Feature","properties":{"field_1":1,"field_2":"4-63-1-CBA","field_3":"pedania_italo","field_4":4461821.06,"field_5":6172013.11,"field_6":null,"field_7":null},"geometry":{"type":"Point","coordinates":[-63.416194117350265,-34.596902430163134]}},
{"type":"Feature","properties":{"field_1":2,"field_2":"4-63-2-CBA","field_3":"pedania_italo","field_4":4463665.62,"field_5":6177262.58,"field_6":null,"field_7":null},"geometry":{"type":"Point","coordinates":[-63.395862463437552,-34.549649306590965]}},
{"type":"Feature","properties":{"field_1":1,"field_2":"4-64-1-CBA","field_3":"pedania_italo","field_4":4463923.86,"field_5":6164529.1,"field_6":null,"field_7":null},"geometry":{"type":"Point","coordinates":[-63.393590263343576,-34.664440597018043]}},
{"type":"Feature","properties":{"field_1":2,"field_2":"4-64-2-CBA","field_3":"pedania_italo","field_4":4462489.35,"field_5":6163949.8,"field_6":null,"field_7":null},"geometry":{"type":"Point","coordinates":[-63.409266014927127,-34.66961093677385]}},
{"type":"Feature","properties":{"field_1":1,"field_2":"4-82-1-CBA","field_3":"pedalnia_san_martin","field_4":4474373.63,"field_5":6206387.11,"field_6":null,"field_7":null},"geometry":{"type":"Point","coordinates":[-63.278329587731648,-34.287426111129328]}},
{"type":"Feature","properties":{"field_1":2,"field_2":"4-82-2-CBA","field_3":"pedalnia_san_martin","field_4":4479242.21,"field_5":6207446.5,"field_6":null,"field_7":null},"geometry":{"type":"Point","coordinates":[-63.225426865631256,-34.277984592449627]}},
{"type":"Feature","properties":{"field_1":3,"field_2":"4-82-3-CBA","field_3":"pedalnia_san_martin","field_4":4474891.13,"field_5":6207041.83,"field_6":null,"field_7":null},"geometry":{"type":"Point","coordinates":[-63.272690015275465,-34.281536584173658]}},
{"type":"Feature","properties":{"field_1":4,"field_2":"4-82-4-CBA","field_3":"pedalnia_san_martin","field_4":4473073.15,"field_5":6204839.61,"field_6":null,"field_7":null},"geometry":{"type":"Point","coordinates":[-63.292502282629371,-34.301343558891645]}},
{"type":"Feature","properties":{"field_1":5,"field_2":"4-82-5-CBA","field_3":"pedalnia_san_martin","field_4":4475808.72,"field_5":6204598.74,"field_6":null,"field_7":null},"geometry":{"type":"Point","coordinates":[-63.262793427836762,-34.303582291636062]}},
{"type":"Feature","properties":{"field_1":6,"field_2":"4-82-6-CBA","field_3":"pedalnia_san_martin","field_4":4474025.16,"field_5":6201083.21,"field_6":null,"field_7":null},"geometry":{"type":"Point","coordinates":[-63.282274253718803,-34.335230764325139]}},
{"type":"Feature","properties":{"field_1":7,"field_2":"4-82-7-CBA","field_3":"pedalnia_san_martin","field_4":4477266.12,"field_5":6202671.08,"field_6":null,"field_7":null},"geometry":{"type":"Point","coordinates":[-63.247012603310765,-34.320992640717527]}},
{"type":"Feature","properties":{"field_1":8,"field_2":"4-82-8-CBA","field_3":"pedalnia_san_martin","field_4":4477942.84,"field_5":6199482.45,"field_6":null,"field_7":null},"geometry":{"type":"Point","coordinates":[-63.239741646989316,-34.349751921020868]}},
{"type":"Feature","properties":{"field_1":9,"field_2":"4-82-9-CBA","field_3":"pedalnia_san_martin","field_4":4476443.32,"field_5":6198569.16,"field_6":null,"field_7":null},"geometry":{"type":"Point","coordinates":[-63.256064871301383,-34.357951958586149]}},
{"type":"Feature","properties":{"field_1":2,"field_2":"4-83-2-CBA","field_3":"pedalnia_san_martin","field_4":4478858.29,"field_5":6197986.34,"field_6":null,"field_7":null},"geometry":{"type":"Point","coordinates":[-63.229828475864153,-34.363258007014238]}},
{"type":"Feature","properties":{"field_1":5,"field_2":"4-83-5-BA","field_3":"pedalnia_san_martin","field_4":4475050.28,"field_5":6197768.41,"field_6":null,"field_7":null},"geometry":{"type":"Point","coordinates":[-63.271230448895636,-34.365137852978513]}},
{"type":"Feature","properties":{"field_1":6,"field_2":"4-83-6-BA","field_3":"pedalnia_san_martin","field_4":4472618.66,"field_5":6196552.6,"field_6":null,"field_7":null},"geometry":{"type":"Point","coordinates":[-63.297703092469455,-34.376036521629082]}},
{"type":"Feature","properties":{"field_1":1,"field_2":"5-21-1-CBA","field_3":"pedania_italo","field_4":4443911.82,"field_5":6156103.29,"field_6":null,"field_7":null},"geometry":{"type":"Point","coordinates":[-63.612470796262571,-34.739488557406098]}},
{"type":"Feature","properties":{"field_1":2,"field_2":"5-21-2-CBA","field_3":"pedania_italo","field_4":4444422.79,"field_5":6154569.17,"field_6":null,"field_7":null},"geometry":{"type":"Point","coordinates":[-63.606992557193045,-34.753344590521166]}},
{"type":"Feature","properties":{"field_1":3,"field_2":"5-21-3-CBA","field_3":"pedania_italo","field_4":4450657.03,"field_5":6158030.6,"field_6":null,"field_7":null},"geometry":{"type":"Point","coordinates":[-63.538705112689783,-34.722464206477568]}},
{"type":"Feature","properties":{"field_1":4,"field_2":"5-21-4-CBA","field_3":"pedania_italo","field_4":4449444.61,"field_5":6156100.26,"field_6":null,"field_7":null},"geometry":{"type":"Point","coordinates":[-63.552056894518451,-34.739804685200802]}},
{"type":"Feature","properties":{"field_1":5,"field_2":"5-21-5-CBA","field_3":"pedania_italo","field_4":4441671.96,"field_5":6151957.53,"field_6":null,"field_7":null},"geometry":{"type":"Point","coordinates":[-63.637215237289411,-34.776731484457621]}},
{"type":"Feature","properties":{"field_1":6,"field_2":"5-21-6-CBA","field_3":"pedania_italo","field_4":4443953.94,"field_5":6151235.94,"field_6":null,"field_7":null},"geometry":{"type":"Point","coordinates":[-63.612334744154055,-34.783363572589458]}},
{"type":"Feature","properties":{"field_1":7,"field_2":"5-21-7-CBA","field_3":"pedania_italo","field_4":4443592.92,"field_5":6150411.33,"field_6":null,"field_7":null},"geometry":{"type":"Point","coordinates":[-63.616334169599028,-34.790776396385652]}},
{"type":"Feature","properties":{"field_1":8,"field_2":"5-21-8-CBA","field_3":"pedania_italo","field_4":4450019.46,"field_5":6152968.03,"field_6":null,"field_7":null},"geometry":{"type":"Point","coordinates":[-63.545965686287971,-34.768066238718568]}},
{"type":"Feature","properties":{"field_1":1,"field_2":"5-22-1-CBA","field_3":"pedania_italo","field_4":4442901.54,"field_5":6147482.05,"field_6":null,"field_7":null},"geometry":{"type":"Point","coordinates":[-63.624087129966014,-34.817141240490187]}},
{"type":"Feature","properties":{"field_1":2,"field_2":"5-22-2-CBA","field_3":"pedania_italo","field_4":4446615.72,"field_5":6140771.64,"field_6":null,"field_7":null},"geometry":{"type":"Point","coordinates":[-63.583920224539625,-34.877827582046869]}},
{"type":"Feature","properties":{"field_1":3,"field_2":"5-22-3-CBA","field_3":"pedania_italo","field_4":4450813.39,"field_5":6138859.61,"field_6":null,"field_7":null},"geometry":{"type":"Point","coordinates":[-63.538120226407344,-34.895273700723124]}},
{"type":"Feature","properties":{"field_1":4,"field_2":"5-22-4-CBA","field_3":"pedania_italo","field_4":4448488.37,"field_5":6145766.9,"field_6":null,"field_7":null},"geometry":{"type":"Point","coordinates":[-63.563131125320069,-34.832898886393146]}},
{"type":"Feature","properties":{"field_1":1,"field_2":"5-43-1-CBA","field_3":"pedania_italo","field_4":4454944.9,"field_5":6151458.35,"field_6":null,"field_7":null},"geometry":{"type":"Point","coordinates":[-63.492245151098039,-34.781903615403372]}},
{"type":"Feature","properties":{"field_1":1,"field_2":"5-44-1-CBA","field_3":"pedania_italo","field_4":4460601.55,"field_5":6147323.63,"field_6":null,"field_7":null},"geometry":{"type":"Point","coordinates":[-63.430639612625278,-34.819407678257797]}},
{"type":"Feature","properties":{"field_1":2,"field_2":"5-44-2-CBA","field_3":"pedania_italo","field_4":4456359.92,"field_5":6140104.07,"field_6":null,"field_7":null},"geometry":{"type":"Point","coordinates":[-63.477376373018394,-34.884310010112848]}},
{"type":"Feature","properties":{"field_1":3,"field_2":"5-44-3-CBA","field_3":"pedania_italo","field_4":4456524.75,"field_5":6140774.38,"field_6":null,"field_7":null},"geometry":{"type":"Point","coordinates":[-63.475538565898702,-34.878275103244171]}},
{"type":"Feature","properties":{"field_1":1,"field_2":"5-66-1-BSAS","field_3":"pedania_italo","field_4":4464656.37,"field_5":6143113.6,"field_6":null,"field_7":null},"geometry":{"type":"Point","coordinates":[-63.386497380814163,-34.85750512751347]}},
{"type":"Feature","properties":{"field_1":7,"field_2":"6-100-7-CBA","field_3":"pedania_ascasubi_cordoba","field_4":4539173.69,"field_5":6344435.98,"field_6":null,"field_7":null},"geometry":{"type":"Point","coordinates":[-62.580622707080451,-33.042416114533239]}},
{"type":"Feature","properties":{"field_1":1,"field_2":"6-111-1-CBA","field_3":"pedania_ascasubi_cordoba","field_4":4491703.07,"field_5":6356238.91,"field_6":null,"field_7":null},"geometry":{"type":"Point","coordinates":[-63.088719974045816,-32.936664993997844]}},
{"type":"Feature","properties":{"field_1":10,"field_2":"6-111-10-CBA","field_3":"pedania_ascasubi_cordoba","field_4":4495169.31,"field_5":6349778.81,"field_6":null,"field_7":null},"geometry":{"type":"Point","coordinates":[-63.051689719684802,-32.994935346600641]}},
{"type":"Feature","properties":{"field_1":2,"field_2":"6-111-2-CBA","field_3":"pedania_ascasubi_cordoba","field_4":4494590.82,"field_5":6357027.86,"field_6":null,"field_7":null},"geometry":{"type":"Point","coordinates":[-63.057836919404778,-32.929569247370083]}},
{"type":"Feature","properties":{"field_1":3,"field_2":"6-111-3-CBA","field_3":"pedania_ascasubi_cordoba","field_4":4493587.24,"field_5":6354589.75,"field_6":null,"field_7":null},"geometry":{"type":"Point","coordinates":[-63.068584213111293,-32.951547893424205]}},
{"type":"Feature","properties":{"field_1":4,"field_2":"6-111-4-CBA","field_3":"pedania_ascasubi_cordoba","field_4":4495770.1,"field_5":6355154.26,"field_6":null,"field_7":null},"geometry":{"type":"Point","coordinates":[-63.045236597299542,-32.946468430350585]}},
{"type":"Feature","properties":{"field_1":5,"field_2":"6-111-5-CBA","field_3":"pedania_ascasubi_cordoba","field_4":4498172.37,"field_5":6357523.65,"field_6":null,"field_7":null},"geometry":{"type":"Point","coordinates":[-63.019541813312067,-32.925110625459098]}},
{"type":"Feature","properties":{"field_1":6,"field_2":"6-111-6-CBA","field_3":"pedania_ascasubi_cordoba","field_4":4500850.12,"field_5":6358187.9,"field_6":null,"field_7":null},"geometry":{"type":"Point","coordinates":[-62.990913211063464,-32.91912235818063]}},
{"type":"Feature","properties":{"field_1":7,"field_2":"6-111-7-CBA","field_3":"pedania_ascasubi_cordoba","field_4":4498248.84,"field_5":6349827.63,"field_6":null,"field_7":null},"geometry":{"type":"Point","coordinates":[-63.018738873742706,-32.994504441076813]}},
{"type":"Feature","properties":{"field_1":8,"field_2":"6-111-8-CBA","field_3":"pedania_ascasubi_cordoba","field_4":4496586.63,"field_5":6348953.94,"field_6":null,"field_7":null},"geometry":{"type":"Point","coordinates":[-63.036527562449081,-33.002378367662303]}},
{"type":"Feature","properties":{"field_1":9,"field_2":"6-111-9-CBA","field_3":"pedania_ascasubi_cordoba","field_4":4496112.68,"field_5":6351989.24,"field_6":null,"field_7":null},"geometry":{"type":"Point","coordinates":[-63.041586383335392,-32.975008134473121]}},
{"type":"Feature","properties":{"field_1":1,"field_2":"6-112-1-CBA","field_3":"pedania_ascasubi_cordoba","field_4":4491517.17,"field_5":6343140.2,"field_6":null,"field_7":null},"geometry":{"type":"Point","coordinates":[-63.090828699191434,-33.054771562508051]}},
{"type":"Feature","properties":{"field_1":10,"field_2":"6-112-10-CBA","field_3":"pedania_ascasubi_cordoba","field_4":4497703.15,"field_5":6345596.02,"field_6":null,"field_7":null},"geometry":{"type":"Point","coordinates":[-63.024588276715228,-33.032658798223366]}},
{"type":"Feature","properties":{"field_1":2,"field_2":"6-112-2-CBA","field_3":"pedania_ascasubi_cordoba","field_4":4493094.12,"field_5":6340150.57,"field_6":null,"field_7":null},"geometry":{"type":"Point","coordinates":[-63.07396660381734,-33.081739204329089]}},
{"type":"Feature","properties":{"field_1":3,"field_2":"6-112-3-CBA","field_3":"pedania_ascasubi_cordoba","field_4":4494904.47,"field_5":6341058.6,"field_6":null,"field_7":null},"geometry":{"type":"Point","coordinates":[-63.0545719346255,-33.073561806538329]}},
{"type":"Feature","properties":{"field_1":4,"field_2":"6-112-4-CBA","field_3":"pedania_ascasubi_cordoba","field_4":4494052.44,"field_5":6338486.81,"field_6":null,"field_7":null},"geometry":{"type":"Point","coordinates":[-63.063713410951195,-33.096746388674973]}},
{"type":"Feature","properties":{"field_1":5,"field_2":"6-112-5-CBA","field_3":"pedania_ascasubi_cordoba","field_4":4500121.11,"field_5":6339794.27,"field_6":null,"field_7":null},"geometry":{"type":"Point","coordinates":[-62.998704488479028,-33.084973769062472]}},
{"type":"Feature","properties":{"field_1":6,"field_2":"6-112-6-CBA","field_3":"pedania_ascasubi_cordoba","field_4":4497954.98,"field_5":6343321.64,"field_6":null,"field_7":null},"geometry":{"type":"Point","coordinates":[-63.021897639412877,-33.053166720294548]}},
{"type":"Feature","properties":{"field_1":7,"field_2":"6-112-7-CBA","field_3":"pedania_ascasubi_cordoba","field_4":4500181.8,"field_5":6347020.14,"field_6":null,"field_7":null},"geometry":{"type":"Point","coordinates":[-62.998055881055073,-33.019820296363307]}},
{"type":"Feature","properties":{"field_1":8,"field_2":"6-112-8-CBA","field_3":"pedania_ascasubi_cordoba","field_4":4498704.37,"field_5":6347502.54,"field_6":null,"field_7":null},"geometry":{"type":"Point","coordinates":[-63.013868038207747,-33.015469863246601]}},
{"type":"Feature","properties":{"field_1":9,"field_2":"6-112-9-CBA","field_3":"pedania_ascasubi_cordoba","field_4":4496150.15,"field_5":6339451.3,"field_6":null,"field_7":null},"geometry":{"type":"Point","coordinates":[-63.041238168543806,-33.088059394599114]}},
{"type":"Feature","properties":{"field_1":1,"field_2":"6-113-1-CBA","field_3":"pedania_ascasubi_cordoba","field_4":4501156.53,"field_5":6331580.19,"field_6":null,"field_7":null},"geometry":{"type":"Point","coordinates":[-62.987603889461369,-33.159036182901758]}},
{"type":"Feature","properties":{"field_1":2,"field_2":"6-113-2-CBA","field_3":"pedania_ascasubi_cordoba","field_4":4497353.06,"field_5":6333908.5,"field_6":null,"field_7":null},"geometry":{"type":"Point","coordinates":[-63.028369626325421,-33.138040233320162]}},
{"type":"Feature","properties":{"field_1":3,"field_2":"6-113-3-CBA","field_3":"pedania_ascasubi_cordoba","field_4":4493307.77,"field_5":6328960.39,"field_6":null,"field_7":null},"geometry":{"type":"Point","coordinates":[-63.071760367798561,-33.182637605537685]}},
{"type":"Feature","properties":{"field_1":4,"field_2":"6-113-4-CBA","field_3":"pedania_ascasubi_cordoba","field_4":4494706.5,"field_5":6336190.67,"field_6":null,"field_7":null},"geometry":{"type":"Point","coordinates":[-63.056720261487193,-33.117453174245149]}},
{"type":"Feature","properties":{"field_1":5,"field_2":"6-113-5-CBA","field_3":"pedania_ascasubi_cordoba","field_4":4491727.26,"field_5":6330947.89,"field_6":null,"field_7":null},"geometry":{"type":"Point","coordinates":[-63.08868961589836,-33.164706373408315]}},
{"type":"Feature","properties":{"field_1":6,"field_2":"6-113-6-CBA","field_3":"pedania_ascasubi_cordoba","field_4":4491901.0,"field_5":6336450.81,"field_6":null,"field_7":null},"geometry":{"type":"Point","coordinates":[-63.086778190987893,-33.115090290660973]}},
{"type":"Feature","properties":{"field_1":1,"field_2":"6-114-1-CBA","field_3":"pedania_ascasubi_cordoba","field_4":4495098.44,"field_5":6326249.99,"field_6":null,"field_7":null},"geometry":{"type":"Point","coordinates":[-63.052574181842587,-33.207085471941014]}},
{"type":"Feature","properties":{"field_1":10,"field_2":"6-114-10-CBA","field_3":"pedania_ascasubi_cordoba","field_4":4497828.72,"field_5":6325818.84,"field_6":null,"field_7":null},"geometry":{"type":"Point","coordinates":[-63.023291138976461,-33.210981847436514]}},
{"type":"Feature","properties":{"field_1":11,"field_2":"6-114-11-CBA","field_3":"pedania_ascasubi_cordoba","field_4":4496529.97,"field_5":6326946.08,"field_6":null,"field_7":null},"geometry":{"type":"Point","coordinates":[-63.037217414440853,-33.200814734332162]}},
{"type":"Feature","properties":{"field_1":12,"field_2":"6-114-12-CBA","field_3":"pedania_ascasubi_cordoba","field_4":4491276.24,"field_5":6322604.1,"field_6":null,"field_7":null},"geometry":{"type":"Point","coordinates":[-63.093604794966417,-33.239934329981978]}},
{"type":"Feature","properties":{"field_1":13,"field_2":"6-114-13-CBA","field_3":"pedania_ascasubi_cordoba","field_4":4492066.34,"field_5":6321167.41,"field_6":null,"field_7":null},"geometry":{"type":"Point","coordinates":[-63.085139845014318,-33.252894197350741]}},
{"type":"Feature","properties":{"field_1":2,"field_2":"6-114-2-CBA","field_3":"pedania_ascasubi_cordoba","field_4":4495445.19,"field_5":6323613.93,"field_6":null,"field_7":null},"geometry":{"type":"Point","coordinates":[-63.048868268868738,-33.230854890798732]}},
{"type":"Feature","properties":{"field_1":3,"field_2":"6-114-3-CBA","field_3":"pedania_ascasubi_cordoba","field_4":4493167.19,"field_5":6321000.0,"field_6":null,"field_7":null},"geometry":{"type":"Point","coordinates":[-63.073327607621849,-33.254411158607525]}},
{"type":"Feature","properties":{"field_1":4,"field_2":"6-114-4-CBA","field_3":"pedania_ascasubi_cordoba","field_4":4497955.35,"field_5":6323454.34,"field_6":null,"field_7":null},"geometry":{"type":"Point","coordinates":[-63.021938207953994,-33.232301487387794]}},
{"type":"Feature","properties":{"field_1":5,"field_2":"6-114-5-CBA","field_3":"pedania_ascasubi_cordoba","field_4":4500880.18,"field_5":6326021.92,"field_6":null,"field_7":null},"geometry":{"type":"Point","coordinates":[-62.990560937786306,-33.209152605132175]}},
{"type":"Feature","properties":{"field_1":6,"field_2":"6-114-6-CBA","field_3":"pedania_ascasubi_cordoba","field_4":4500718.7,"field_5":6322858.62,"field_6":null,"field_7":null},"geometry":{"type":"Point","coordinates":[-62.992290457971841,-33.237674450588855]}},
{"type":"Feature","properties":{"field_1":7,"field_2":"6-114-7-CBA","field_3":"pedania_ascasubi_cordoba","field_4":4499728.63,"field_5":6319925.47,"field_6":null,"field_7":null},"geometry":{"type":"Point","coordinates":[-63.002914194293453,-33.264121129460683]}},
{"type":"Feature","properties":{"field_1":8,"field_2":"6-114-8-CBA","field_3":"pedania_ascasubi_cordoba","field_4":4496774.36,"field_5":6319372.11,"field_6":null,"field_7":null},"geometry":{"type":"Point","coordinates":[-63.034623258777479,-33.269105649152294]}},
{"type":"Feature","properties":{"field_1":9,"field_2":"6-114-9-CBA","field_3":"pedania_ascasubi_cordoba","field_4":4499699.9,"field_5":6324311.58,"field_6":null,"field_7":null},"geometry":{"type":"Point","coordinates":[-63.00322109204636,-33.224574127413959]}},
{"type":"Feature","properties":{"field_1":1,"field_2":"6-115-1-CBA","field_3":"pedalnia_loboy_cordoba","field_4":4495767.22,"field_5":6311249.04,"field_6":null,"field_7":null},"geometry":{"type":"Point","coordinates":[-63.045471129425984,-33.342342403876785]}},
{"type":"Feature","properties":{"field_1":2,"field_2":"6-115-2-CBA","field_3":"pedalnia_loboy_cordoba","field_4":4496087.3,"field_5":6315988.91,"field_6":null,"field_7":null},"geometry":{"type":"Point","coordinates":[-63.042012251827558,-33.29960751234276]}},
{"type":"Feature","properties":{"field_1":3,"field_2":"6-115-3-CBA","field_3":"pedalnia_loboy_cordoba","field_4":4497428.41,"field_5":6313212.78,"field_6":null,"field_7":null},"geometry":{"type":"Point","coordinates":[-63.027620677386572,-33.324642013976856]}},
{"type":"Feature","properties":{"field_1":4,"field_2":"6-115-4-CBA","field_3":"pedalnia_loboy_cordoba","field_4":4493389.91,"field_5":6311226.57,"field_6":null,"field_7":null},"geometry":{"type":"Point","coordinates":[-63.07100886381555,-33.342533024013512]}},
{"type":"Feature","properties":{"field_1":5,"field_2":"6-115-5-CBA","field_3":"pedalnia_loboy_cordoba","field_4":4499922.73,"field_5":6310571.03,"field_6":null,"field_7":null},"geometry":{"type":"Point","coordinates":[-63.000831790385668,-33.348463846039884]}},
{"type":"Feature","properties":{"field_1":6,"field_2":"6-115-6-CBA","field_3":"pedania_ascasubi_cordoba","field_4":4499388.49,"field_5":6317986.37,"field_6":null,"field_7":null},"geometry":{"type":"Point","coordinates":[-63.006566100883816,-33.281604643101147]}},
{"type":"Feature","properties":{"field_1":1,"field_2":"6-133-1-CBA","field_3":"pedania_ascasubi_cordoba","field_4":4501594.6,"field_5":6353151.91,"field_6":null,"field_7":null},"geometry":{"type":"Point","coordinates":[-62.982945410970444,-32.964530314383687]}},
{"type":"Feature","properties":{"field_1":10,"field_2":"6-133-10-CBA","field_3":"pedania_ascasubi_cordoba","field_4":4505297.57,"field_5":6355704.8,"field_6":null,"field_7":null},"geometry":{"type":"Point","coordinates":[-62.943352162131994,-32.94149964141134]}},
{"type":"Feature","properties":{"field_1":11,"field_2":"6-133-11-CBA","field_3":"pedania_ascasubi_cordoba","field_4":4501511.07,"field_5":6349951.33,"field_6":null,"field_7":null},"geometry":{"type":"Point","coordinates":[-62.983833611957301,-32.993389425078682]}},
{"type":"Feature","properties":{"field_1":12,"field_2":"6-133-12-CBA","field_3":"pedania_ascasubi_cordoba","field_4":4506046.37,"field_5":6353572.93,"field_6":null,"field_7":null},"geometry":{"type":"Point","coordinates":[-62.935330885444642,-32.960718476044754]}},
{"type":"Feature","properties":{"field_1":2,"field_2":"6-133-2-CBA","field_3":"pedania_ascasubi_cordoba","field_4":4507021.44,"field_5":6351524.26,"field_6":null,"field_7":null},"geometry":{"type":"Point","coordinates":[-62.924886102153778,-32.979185102241914]}},
{"type":"Feature","properties":{"field_1":3,"field_2":"6-133-3-CBA","field_3":"pedania_ascasubi_cordoba","field_4":4508467.72,"field_5":6354879.56,"field_6":null,"field_7":null},"geometry":{"type":"Point","coordinates":[-62.909444639938592,-32.948920730746089]}},
{"type":"Feature","properties":{"field_1":4,"field_2":"6-133-4-CBA","field_3":"pedania_ascasubi_cordoba","field_4":4509608.41,"field_5":6348975.33,"field_6":null,"field_7":null},"geometry":{"type":"Point","coordinates":[-62.897184010343587,-33.002148504224515]}},
{"type":"Feature","properties":{"field_1":5,"field_2":"6-133-5-CBA","field_3":"pedania_ascasubi_cordoba","field_4":4509887.56,"field_5":6356808.42,"field_6":null,"field_7":null},"geometry":{"type":"Point","coordinates":[-62.894281045675768,-32.931516577716167]}},
{"type":"Feature","properties":{"field_1":6,"field_2":"6-133-6-CBA","field_3":"pedania_ascasubi_cordoba","field_4":4511253.47,"field_5":6354030.37,"field_6":null,"field_7":null},"geometry":{"type":"Point","coordinates":[-62.879642437889331,-32.956552579100823]}},
{"type":"Feature","properties":{"field_1":7,"field_2":"6-133-7-CBA","field_3":"pedania_ascasubi_cordoba","field_4":4511120.55,"field_5":6350433.76,"field_6":null,"field_7":null},"geometry":{"type":"Point","coordinates":[-62.881020580829166,-32.988983819456891]}},
{"type":"Feature","properties":{"field_1":8,"field_2":"6-133-8-CBA","field_3":"pedania_ascasubi_cordoba","field_4":4505944.93,"field_5":6349428.96,"field_6":null,"field_7":null},"geometry":{"type":"Point","coordinates":[-62.936389081255918,-32.998084360251141]}},
{"type":"Feature","properties":{"field_1":9,"field_2":"6-133-9-CBA","field_3":"pedania_ascasubi_cordoba","field_4":4504658.47,"field_5":6354193.06,"field_6":null,"field_7":null},"geometry":{"type":"Point","coordinates":[-62.950178723836011,-32.95513367332083]}},
{"type":"Feature","properties":{"field_1":10,"field_2":"6-134-10-CBA","field_3":"pedania_ascasubi_cordoba","field_4":4504215.34,"field_5":6340445.95,"field_6":null,"field_7":null},"geometry":{"type":"Point","coordinates":[-62.954854932312607,-33.079089631696505]}},
{"type":"Feature","properties":{"field_1":6,"field_2":"6-134-6-CBA","field_3":"pedania_ascasubi_cordoba","field_4":4502827.97,"field_5":6347909.72,"field_6":null,"field_7":null},"geometry":{"type":"Point","coordinates":[-62.969736835679335,-33.011795524383068]}},
{"type":"Feature","properties":{"field_1":7,"field_2":"6-134-7-CBA","field_3":"pedania_ascasubi_cordoba","field_4":4503848.26,"field_5":6347096.77,"field_6":null,"field_7":null},"geometry":{"type":"Point","coordinates":[-62.95881432132542,-33.019122563025242]}},
{"type":"Feature","properties":{"field_1":8,"field_2":"6-134-8-CBA","field_3":"pedania_ascasubi_cordoba","field_4":4503770.51,"field_5":6343948.6,"field_6":null,"field_7":null},"geometry":{"type":"Point","coordinates":[-62.959633527249267,-33.047509002746004]}},
{"type":"Feature","properties":{"field_1":9,"field_2":"6-134-9-CBA","field_3":"pedania_ascasubi_cordoba","field_4":4507364.45,"field_5":6340951.62,"field_6":null,"field_7":null},"geometry":{"type":"Point","coordinates":[-62.921131716799721,-33.074513409503126]}},
{"type":"Feature","properties":{"field_1":1,"field_2":"6-135-1-CBA","field_3":"pedania_ascasubi_cordoba","field_4":4506058.04,"field_5":6337923.1,"field_6":null,"field_7":null},"geometry":{"type":"Point","coordinates":[-62.935102717909245,-33.101828539382296]}},
{"type":"Feature","properties":{"field_1":2,"field_2":"6-135-2-CBA","field_3":"pedania_ascasubi_cordoba","field_4":4509547.47,"field_5":6337505.4,"field_6":null,"field_7":null},"geometry":{"type":"Point","coordinates":[-62.897716608409851,-33.105569708004865]}},
{"type":"Feature","properties":{"field_1":3,"field_2":"6-135-3-CBA","field_3":"pedania_ascasubi_cordoba","field_4":4504957.44,"field_5":6333222.51,"field_6":null,"field_7":null},"geometry":{"type":"Point","coordinates":[-62.946867773811007,-33.144217406530359]}},
{"type":"Feature","properties":{"field_1":4,"field_2":"6-135-4-CBA","field_3":"pedania_ascasubi_cordoba","field_4":4503503.57,"field_5":6328533.18,"field_6":null,"field_7":null},"geometry":{"type":"Point","coordinates":[-62.962432338893457,-33.186504558985654]}},
{"type":"Feature","properties":{"field_1":5,"field_2":"6-135-5-CBA","field_3":"pedania_ascasubi_cordoba","field_4":4505490.97,"field_5":6330585.43,"field_6":null,"field_7":null},"geometry":{"type":"Point","coordinates":[-62.941133513041912,-33.167992172865254]}},
{"type":"Feature","properties":{"field_1":6,"field_2":"6-135-6-CBA","field_3":"pedania_ascasubi_cordoba","field_4":4507224.33,"field_5":6332473.09,"field_6":null,"field_7":null},"geometry":{"type":"Point","coordinates":[-62.922565299163516,-33.150961855726798]}},
{"type":"Feature","properties":{"field_1":7,"field_2":"6-135-7-CBA","field_3":"pedania_ascasubi_cordoba","field_4":4510431.51,"field_5":6329960.34,"field_6":null,"field_7":null},"geometry":{"type":"Point","coordinates":[-62.888159365550209,-33.173591996366802]}},
{"type":"Feature","properties":{"field_1":1,"field_2":"6-136-1-CBA","field_3":"pedania_ascasubi_cordoba","field_4":4502290.85,"field_5":6325259.42,"field_6":null,"field_7":null},"geometry":{"type":"Point","coordinates":[-62.975428283385781,-33.21602558973963]}},
{"type":"Feature","properties":{"field_1":2,"field_2":"6-136-2-CBA","field_3":"pedania_ascasubi_cordoba","field_4":4504455.81,"field_5":6325029.43,"field_6":null,"field_7":null},"geometry":{"type":"Point","coordinates":[-62.95220415784825,-33.218092530858797]}},
{"type":"Feature","properties":{"field_1":3,"field_2":"6-136-3-CBA","field_3":"pedania_ascasubi_cordoba","field_4":4502474.29,"field_5":6322027.56,"field_6":null,"field_7":null},"geometry":{"type":"Point","coordinates":[-62.973451764118501,-33.245165042784095]}},
{"type":"Feature","properties":{"field_1":4,"field_2":"6-136-4-CBA","field_3":"pedania_ascasubi_cordoba","field_4":4506872.44,"field_5":6322575.47,"field_6":null,"field_7":null},"geometry":{"type":"Point","coordinates":[-62.926262393283572,-33.240205834006424]}},
{"type":"Feature","properties":{"field_1":5,"field_2":"6-136-5-CBA","field_3":"pedania_ascasubi_cordoba","field_4":4506388.0,"field_5":6321223.72,"field_6":null,"field_7":null},"geometry":{"type":"Point","coordinates":[-62.931450777095336,-33.252396735140195]}},
{"type":"Feature","properties":{"field_1":6,"field_2":"6-136-6-CBA","field_3":"pedania_ascasubi_cordoba","field_4":4505122.8,"field_5":6323252.66,"field_6":null,"field_7":null},"geometry":{"type":"Point","coordinates":[-62.945039333909492,-33.2341097148336]}},
{"type":"Feature","properties":{"field_1":7,"field_2":"6-136-7-CBA","field_3":"pedania_ascasubi_cordoba","field_4":4503417.39,"field_5":6319403.64,"field_6":null,"field_7":null},"geometry":{"type":"Point","coordinates":[-62.963322120008584,-33.268820773561863]}},
{"type":"Feature","properties":{"field_1":8,"field_2":"6-136-8-CBA","field_3":"pedania_ascasubi_cordoba","field_4":4510990.87,"field_5":6324777.82,"field_6":null,"field_7":null},"geometry":{"type":"Point","coordinates":[-62.882099548518397,-33.220314481152393]}},
{"type":"Feature","properties":{"field_1":9,"field_2":"6-136-9-CBA","field_3":"pedania_ascasubi_cordoba","field_4":4509657.92,"field_5":6327679.47,"field_6":null,"field_7":null},"geometry":{"type":"Point","coordinates":[-62.896429268831049,-33.19416461041159]}},
{"type":"Feature","properties":{"field_1":1,"field_2":"6-137-1-CBA","field_3":"pedania_ascasubi_cordoba","field_4":4508520.49,"field_5":6317915.72,"field_6":null,"field_7":null},"geometry":{"type":"Point","coordinates":[-62.908535538371908,-33.282208173429261]}},
{"type":"Feature","properties":{"field_1":10,"field_2":"6-137-10-CBA","field_3":"pedalnia_loboy_cordoba","field_4":4503320.92,"field_5":6315653.68,"field_6":null,"field_7":null},"geometry":{"type":"Point","coordinates":[-62.964343805895929,-33.30263204391872]}},
{"type":"Feature","properties":{"field_1":11,"field_2":"6-137-11-CBA","field_3":"pedalnia_loboy_cordoba","field_4":4505304.14,"field_5":6314918.78,"field_6":null,"field_7":null},"geometry":{"type":"Point","coordinates":[-62.943044982533422,-33.309250204995578]}},
{"type":"Feature","properties":{"field_1":12,"field_2":"6-137-12-CBA","field_3":"pedalnia_loboy_cordoba","field_4":4506982.0,"field_5":6314259.68,"field_6":null,"field_7":null},"geometry":{"type":"Point","coordinates":[-62.925022780677139,-33.315183290488349]}},
{"type":"Feature","properties":{"field_1":2,"field_2":"6-137-2-CBA","field_3":"pedania_ascasubi_cordoba","field_4":4509900.52,"field_5":6317043.97,"field_6":null,"field_7":null},"geometry":{"type":"Point","coordinates":[-62.893711622994047,-33.290056385093315]}},
{"type":"Feature","properties":{"field_1":3,"field_2":"6-137-3-CBA","field_3":"pedania_ascasubi_cordoba","field_4":4504469.38,"field_5":6316956.36,"field_6":null,"field_7":null},"geometry":{"type":"Point","coordinates":[-62.952018824674887,-33.290882491795394]}},
{"type":"Feature","properties":{"field_1":4,"field_2":"6-137-4-CBA","field_3":"pedania_ascasubi_cordoba","field_4":4505527.79,"field_5":6316635.15,"field_6":null,"field_7":null},"geometry":{"type":"Point","coordinates":[-62.940653875784079,-33.293773725084733]}},
{"type":"Feature","properties":{"field_1":5,"field_2":"6-137-5-CBA","field_3":"pedalnia_loboy_cordoba","field_4":4503545.3,"field_5":6315101.61,"field_6":null,"field_7":null},"geometry":{"type":"Point","coordinates":[-62.961932397577215,-33.307608972505648]}},
{"type":"Feature","properties":{"field_1":6,"field_2":"6-137-6-CBA","field_3":"pedalnia_loboy_cordoba","field_4":4507147.8,"field_5":6313442.32,"field_6":null,"field_7":null},"geometry":{"type":"Point","coordinates":[-62.923235815046233,-33.322551766337511]}},
{"type":"Feature","properties":{"field_1":7,"field_2":"6-137-7-CBA","field_3":"pedalnia_loboy_cordoba","field_4":4505398.21,"field_5":6311222.71,"field_6":null,"field_7":null},"geometry":{"type":"Point","coordinates":[-62.942012776081008,-33.342574589251477]}},
{"type":"Feature","properties":{"field_1":8,"field_2":"6-137-8-CBA","field_3":"pedalnia_loboy_cordoba","field_4":4508273.21,"field_5":6311312.25,"field_6":null,"field_7":null},"geometry":{"type":"Point","coordinates":[-62.911129662869378,-33.341749013385595]}},
{"type":"Feature","properties":{"field_1":9,"field_2":"6-137-9-CBA","field_3":"pedalnia_loboy_cordoba","field_4":4509952.23,"field_5":6311356.46,"field_6":null,"field_7":null},"geometry":{"type":"Point","coordinates":[-62.893093899315851,-33.341336189014029]}},
{"type":"Feature","properties":{"field_1":1,"field_2":"6-155-1-CBA","field_3":"pedania_ascasubi_cordoba","field_4":4512011.79,"field_5":6358162.3,"field_6":null,"field_7":null},"geometry":{"type":"Point","coordinates":[-62.871585849370199,-32.919287560176258]}},
{"type":"Feature","properties":{"field_1":10,"field_2":"6-155-10-CBA","field_3":"pedania_ascasubi_cordoba","field_4":4518541.59,"field_5":6349289.46,"field_6":null,"field_7":null},"geometry":{"type":"Point","coordinates":[-62.801598563437217,-32.999200757651884]}},
{"type":"Feature","properties":{"field_1":11,"field_2":"6-155-11-CBA","field_3":"pedania_ascasubi_cordoba","field_4":4517506.88,"field_5":6348618.31,"field_6":null,"field_7":null},"geometry":{"type":"Point","coordinates":[-62.812657569580253,-33.00526943271668]}},
{"type":"Feature","properties":{"field_1":2,"field_2":"6-155-2-CBA","field_3":"pedania_ascasubi_cordoba","field_4":4512587.37,"field_5":6356459.66,"field_6":null,"field_7":null},"geometry":{"type":"Point","coordinates":[-62.865409202083995,-32.934633538867814]}},
{"type":"Feature","properties":{"field_1":3,"field_2":"6-155-3-CBA","field_3":"pedania_ascasubi_cordoba","field_4":4519027.19,"field_5":6355187.46,"field_6":null,"field_7":null},"geometry":{"type":"Point","coordinates":[-62.796524438131769,-32.946011581946578]}},
{"type":"Feature","properties":{"field_1":4,"field_2":"6-155-4-CBA","field_3":"pedania_ascasubi_cordoba","field_4":4517014.38,"field_5":6353547.2,"field_6":null,"field_7":null},"geometry":{"type":"Point","coordinates":[-62.818019072424782,-32.9608346645756]}},
{"type":"Feature","properties":{"field_1":5,"field_2":"6-155-5-CBA","field_3":"pedania_ascasubi_cordoba","field_4":4520128.76,"field_5":6351575.85,"field_6":null,"field_7":null},"geometry":{"type":"Point","coordinates":[-62.784665314630445,-32.978556868130283]}},
{"type":"Feature","properties":{"field_1":6,"field_2":"6-155-6-CBA","field_3":"pedania_ascasubi_cordoba","field_4":4512714.58,"field_5":6350961.89,"field_6":null,"field_7":null},"geometry":{"type":"Point","coordinates":[-62.863973062835413,-32.984204380004016]}},
{"type":"Feature","properties":{"field_1":7,"field_2":"6-155-7-CBA","field_3":"pedania_ascasubi_cordoba","field_4":4514159.56,"field_5":6354307.86,"field_6":null,"field_7":null},"geometry":{"type":"Point","coordinates":[-62.848565285481179,-32.954016695481414]}},
{"type":"Feature","properties":{"field_1":8,"field_2":"6-155-8-CBA","field_3":"pedania_ascasubi_cordoba","field_4":4511694.2,"field_5":6353021.56,"field_6":null,"field_7":null},"geometry":{"type":"Point","coordinates":[-62.874915892433826,-32.96564419225556]}},
{"type":"Feature","properties":{"field_1":9,"field_2":"6-155-9-CBA","field_3":"pedania_ascasubi_cordoba","field_4":4516781.96,"field_5":6349978.4,"field_6":null,"field_7":null},"geometry":{"type":"Point","coordinates":[-62.820439870130251,-32.993017272806348]}},
{"type":"Feature","properties":{"field_1":1,"field_2":"6-156-1-CBA","field_3":"pedania_ascasubi_cordoba","field_4":4513022.61,"field_5":6346792.53,"field_6":null,"field_7":null},"geometry":{"type":"Point","coordinates":[-62.860618466669195,-33.021794779755517]}},
{"type":"Feature","properties":{"field_1":10,"field_2":"6-156-10-CBA","field_3":"pedania_ascasubi_cordoba","field_4":4518516.2,"field_5":6340533.72,"field_6":null,"field_7":null},"geometry":{"type":"Point","coordinates":[-62.801693451911049,-33.078148724118549]}},
{"type":"Feature","properties":{"field_1":11,"field_2":"6-156-11-CBA","field_3":"pedania_ascasubi_cordoba","field_4":4511842.99,"field_5":6344088.14,"field_6":null,"field_7":null},"geometry":{"type":"Point","coordinates":[-62.873209193680971,-33.046192913018302]}},
{"type":"Feature","properties":{"field_1":12,"field_2":"6-156-12-CBA","field_3":"pedania_ascasubi_cordoba","field_4":4519911.14,"field_5":6338828.08,"field_6":null,"field_7":null},"geometry":{"type":"Point","coordinates":[-62.786716631173306,-33.093503115692087]}},
{"type":"Feature","properties":{"field_1":2,"field_2":"6-156-2-CBA","field_3":"pedania_ascasubi_cordoba","field_4":4516277.98,"field_5":6347161.02,"field_6":null,"field_7":null},"geometry":{"type":"Point","coordinates":[-62.825782349025822,-33.018428439337605]}},
{"type":"Feature","properties":{"field_1":3,"field_2":"6-156-3-CBA","field_3":"pedania_ascasubi_cordoba","field_4":4519265.55,"field_5":6346213.66,"field_6":null,"field_7":null},"geometry":{"type":"Point","coordinates":[-62.793787380320524,-33.026921751284107]}},
{"type":"Feature","properties":{"field_1":4,"field_2":"6-156-4-CBA","field_3":"pedania_ascasubi_cordoba","field_4":4518015.76,"field_5":6344389.83,"field_6":null,"field_7":null},"geometry":{"type":"Point","coordinates":[-62.807128970260628,-33.043388010261459]}},
{"type":"Feature","properties":{"field_1":5,"field_2":"6-156-5-CBA","field_3":"pedania_ascasubi_cordoba","field_4":4517366.25,"field_5":6342507.72,"field_6":null,"field_7":null},"geometry":{"type":"Point","coordinates":[-62.814046780736206,-33.060368889239413]}},
{"type":"Feature","properties":{"field_1":6,"field_2":"6-156-6-CBA","field_3":"pedania_ascasubi_cordoba","field_4":4515013.04,"field_5":6342683.84,"field_6":null,"field_7":null},"geometry":{"type":"Point","coordinates":[-62.839247352664557,-33.05881589832272]}},
{"type":"Feature","properties":{"field_1":7,"field_2":"6-156-7-CBA","field_3":"pedania_ascasubi_cordoba","field_4":4511526.66,"field_5":6340774.03,"field_6":null,"field_7":null},"geometry":{"type":"Point","coordinates":[-62.876554150305665,-33.076078515803061]}},
{"type":"Feature","properties":{"field_1":8,"field_2":"6-156-8-CBA","field_3":"pedania_ascasubi_cordoba","field_4":4513797.44,"field_5":6339680.53,"field_6":null,"field_7":null},"geometry":{"type":"Point","coordinates":[-62.852218265267801,-33.085911746745381]}},
{"type":"Feature","properties":{"field_1":9,"field_2":"6-156-9-CBA","field_3":"pedania_ascasubi_cordoba","field_4":4516485.5,"field_5":6340147.03,"field_6":null,"field_7":null},"geometry":{"type":"Point","coordinates":[-62.823435157487182,-33.081668049074828]}},
{"type":"Feature","properties":{"field_1":1,"field_2":"6-157-1-CBA","field_3":"pedania_ascasubi_cordoba","field_4":4512186.62,"field_5":6333069.56,"field_6":null,"field_7":null},"geometry":{"type":"Point","coordinates":[-62.869383412684897,-33.145539340157299]}},
{"type":"Feature","properties":{"field_1":2,"field_2":"6-157-2-CBA","field_3":"pedania_ascasubi_cordoba","field_4":4518288.04,"field_5":6329263.75,"field_6":null,"field_7":null},"geometry":{"type":"Point","coordinates":[-62.803911267368782,-33.1797686195792]}},
{"type":"Feature","properties":{"field_1":3,"field_2":"6-157-3-CBA","field_3":"pedania_ascasubi_cordoba","field_4":4517832.14,"field_5":6331971.17,"field_6":null,"field_7":null},"geometry":{"type":"Point","coordinates":[-62.808852538411038,-33.15536483104394]}},
{"type":"Feature","properties":{"field_1":4,"field_2":"6-157-4-CBA","field_3":"pedania_ascasubi_cordoba","field_4":4519636.42,"field_5":6335208.55,"field_6":null,"field_7":null},"geometry":{"type":"Point","coordinates":[-62.789581592440619,-33.126143791039716]}},
{"type":"Feature","properties":{"field_1":5,"field_2":"6-157-5-CBA","field_3":"pedania_ascasubi_cordoba","field_4":4518156.82,"field_5":6337880.1,"field_6":null,"field_7":null},"geometry":{"type":"Point","coordinates":[-62.805489711737351,-33.102081384211893]}},
{"type":"Feature","properties":{"field_1":6,"field_2":"6-157-6-CBA","field_3":"pedania_ascasubi_cordoba","field_4":4513925.44,"field_5":6337760.18,"field_6":null,"field_7":null},"geometry":{"type":"Point","coordinates":[-62.850818027973489,-33.103225147843503]}},
{"type":"Feature","properties":{"field_1":7,"field_2":"6-157-7-CBA","field_3":"pedania_ascasubi_cordoba","field_4":4511962.73,"field_5":6337712.04,"field_6":null,"field_7":null},"geometry":{"type":"Point","coordinates":[-62.871843918544236,-33.10368259884482]}},
{"type":"Feature","properties":{"field_1":1,"field_2":"6-158-1-CBA","field_3":"pedania_ascasubi_cordoba","field_4":4514726.72,"field_5":6327925.37,"field_6":null,"field_7":null},"geometry":{"type":"Point","coordinates":[-62.842075126059243,-33.191890364928277]}},
{"type":"Feature","properties":{"field_1":10,"field_2":"6-158-10-CBA","field_3":"pedania_ascasubi_cordoba","field_4":4514508.56,"field_5":6318529.42,"field_6":null,"field_7":null},"geometry":{"type":"Point","coordinates":[-62.844264523442625,-33.276610933498304]}},
{"type":"Feature","properties":{"field_1":11,"field_2":"6-158-11-CBA","field_3":"pedania_ascasubi_cordoba","field_4":4511449.74,"field_5":6318691.75,"field_6":null,"field_7":null},"geometry":{"type":"Point","coordinates":[-62.877100352836059,-33.27518410471604]}},
{"type":"Feature","properties":{"field_1":12,"field_2":"6-158-12-CBA","field_3":"pedania_ascasubi_cordoba","field_4":4512293.93,"field_5":6322413.44,"field_6":null,"field_7":null},"geometry":{"type":"Point","coordinates":[-62.868089290198483,-33.241618674760559]}},
{"type":"Feature","properties":{"field_1":13,"field_2":"6-158-13-CBA","field_3":"pedania_ascasubi_cordoba","field_4":4520165.46,"field_5":6323115.91,"field_6":null,"field_7":null},"geometry":{"type":"Point","coordinates":[-62.783644742981501,-33.235166706027215]}},
{"type":"Feature","properties":{"field_1":14,"field_2":"6-158-14-CBA","field_3":"pedania_ascasubi_cordoba","field_4":4514979.8,"field_5":6323074.6,"field_6":null,"field_7":null},"geometry":{"type":"Point","coordinates":[-62.83928122570444,-33.235623497581081]}},
{"type":"Feature","properties":{"field_1":2,"field_2":"6-158-2-CBA","field_3":"pedania_ascasubi_cordoba","field_4":4515900.96,"field_5":6327464.92,"field_6":null,"field_7":null},"geometry":{"type":"Point","coordinates":[-62.829474800027455,-33.196025376433958]}},
{"type":"Feature","properties":{"field_1":3,"field_2":"6-158-3-CBA","field_3":"pedania_ascasubi_cordoba","field_4":4513733.4,"field_5":6326046.68,"field_6":null,"field_7":null},"geometry":{"type":"Point","coordinates":[-62.852698908370989,-33.208842538727396]}},
{"type":"Feature","properties":{"field_1":4,"field_2":"6-158-4-CBA","field_3":"pedania_ascasubi_cordoba","field_4":4513225.09,"field_5":6324901.13,"field_6":null,"field_7":null},"geometry":{"type":"Point","coordinates":[-62.858134299795431,-33.219177647224491]}},
{"type":"Feature","properties":{"field_1":5,"field_2":"6-158-5-CBA","field_3":"pedania_ascasubi_cordoba","field_4":4518160.57,"field_5":6326936.47,"field_6":null,"field_7":null},"geometry":{"type":"Point","coordinates":[-62.805231599987735,-33.200754551563506]}},
{"type":"Feature","properties":{"field_1":6,"field_2":"6-158-6-CBA","field_3":"pedania_ascasubi_cordoba","field_4":4511963.1,"field_5":6327601.42,"field_6":null,"field_7":null},"geometry":{"type":"Point","coordinates":[-62.871707332188102,-33.194845321310979]}},
{"type":"Feature","properties":{"field_1":7,"field_2":"6-158-7-CBA","field_3":"pedania_ascasubi_cordoba","field_4":4513371.05,"field_5":6328442.28,"field_6":null,"field_7":null},"geometry":{"type":"Point","coordinates":[-62.856620625940188,-33.18724725787029]}},
{"type":"Feature","properties":{"field_1":8,"field_2":"6-158-8-CBA","field_3":"pedania_ascasubi_cordoba","field_4":4513194.68,"field_5":6320430.43,"field_6":null,"field_7":null},"geometry":{"type":"Point","coordinates":[-62.85839554271309,-33.259487620991891]}},
{"type":"Feature","properties":{"field_1":9,"field_2":"6-158-9-CBA","field_3":"pedania_ascasubi_cordoba","field_4":4516357.53,"field_5":6321305.69,"field_6":null,"field_7":null},"geometry":{"type":"Point","coordinates":[-62.824467543338329,-33.251552677480142]}},
{"type":"Feature","properties":{"field_1":1,"field_2":"6-159-1-CBA","field_3":"pedania_ascasubi_cordoba","field_4":4518839.52,"field_5":6317677.86,"field_6":null,"field_7":null},"geometry":{"type":"Point","coordinates":[-62.797757838122784,-33.284221931168993]}},
{"type":"Feature","properties":{"field_1":2,"field_2":"6-159-2-CBA","field_3":"pedalnia_loboy_cordoba","field_4":4519793.26,"field_5":6311355.68,"field_6":null,"field_7":null},"geometry":{"type":"Point","coordinates":[-62.787381097371323,-33.341207238341582]}},
{"type":"Feature","properties":{"field_1":3,"field_2":"6-159-3-CBA","field_3":"pedalnia_loboy_cordoba","field_4":4520550.75,"field_5":6310644.47,"field_6":null,"field_7":null},"geometry":{"type":"Point","coordinates":[-62.779227957267011,-33.347605456318369]}},
{"type":"Feature","properties":{"field_1":4,"field_2":"6-159-4-CBA","field_3":"pedalnia_loboy_cordoba","field_4":4516895.57,"field_5":6311521.41,"field_6":null,"field_7":null},"geometry":{"type":"Point","coordinates":[-62.81851123786965,-33.339762364977666]}},
{"type":"Feature","properties":{"field_1":5,"field_2":"6-159-5-CBA","field_3":"pedalnia_loboy_cordoba","field_4":4513512.12,"field_5":6309787.03,"field_6":null,"field_7":null},"geometry":{"type":"Point","coordinates":[-62.85482984020878,-33.355447737412845]}},
{"type":"Feature","properties":{"field_1":6,"field_2":"6-159-6-CBA","field_3":"pedalnia_loboy_cordoba","field_4":4513165.72,"field_5":6308711.81,"field_6":null,"field_7":null},"geometry":{"type":"Point","coordinates":[-62.858535806584229,-33.365146453139964]}},
{"type":"Feature","properties":{"field_1":7,"field_2":"6-159-7-CBA","field_3":"pedalnia_loboy_cordoba","field_4":4518753.8,"field_5":6309045.91,"field_6":null,"field_7":null},"geometry":{"type":"Point","coordinates":[-62.798499014721536,-33.362051210627115]}},
{"type":"Feature","properties":{"field_1":8,"field_2":"6-159-8-CBA","field_3":"pedalnia_loboy_cordoba","field_4":4514193.61,"field_5":6313872.49,"field_6":null,"field_7":null},"geometry":{"type":"Point","coordinates":[-62.84757222739151,-33.318603433701647]}},
{"type":"Feature","properties":{"field_1":9,"field_2":"6-159-9-CBA","field_3":"pedania_ascasubi_cordoba","field_4":4516593.7,"field_5":6318266.09,"field_6":null,"field_7":null},"geometry":{"type":"Point","coordinates":[-62.821877570457431,-33.278955149061971]}},
{"type":"Feature","properties":{"field_1":1,"field_2":"6-177-1-CBA","field_3":"pedania_ascasubi_cordoba","field_4":4523227.29,"field_5":6356259.95,"field_6":null,"field_7":null},"geometry":{"type":"Point","coordinates":[-62.751635833095875,-32.936259968172926]}},
{"type":"Feature","properties":{"field_1":2,"field_2":"6-177-2-CBA","field_3":"pedania_ascasubi_cordoba","field_4":4523937.92,"field_5":6353935.86,"field_6":null,"field_7":null},"geometry":{"type":"Point","coordinates":[-62.743976847261131,-32.957200390964744]}},
{"type":"Feature","properties":{"field_1":3,"field_2":"6-177-3-CBA","field_3":"pedania_ascasubi_cordoba","field_4":4522248.54,"field_5":6353862.23,"field_6":null,"field_7":null},"geometry":{"type":"Point","coordinates":[-62.762043466071844,-32.957900017223416]}},
{"type":"Feature","properties":{"field_1":4,"field_2":"6-177-4-CBA","field_3":"pedania_ascasubi_cordoba","field_4":4521573.4,"field_5":6351472.95,"field_6":null,"field_7":null},"geometry":{"type":"Point","coordinates":[-62.769208327276267,-32.979457085392973]}},
{"type":"Feature","properties":{"field_1":5,"field_2":"6-177-5-CBA","field_3":"pedania_ascasubi_cordoba","field_4":4527554.15,"field_5":6355331.85,"field_6":null,"field_7":null},"geometry":{"type":"Point","coordinates":[-62.70534212069407,-32.944527886604959]}},
{"type":"Feature","properties":{"field_1":6,"field_2":"6-177-6-CBA","field_3":"pedania_ascasubi_cordoba","field_4":4527513.17,"field_5":6353067.26,"field_6":null,"field_7":null},"geometry":{"type":"Point","coordinates":[-62.705712686134618,-32.964948085843027]}},
{"type":"Feature","properties":{"field_1":7,"field_2":"6-177-7-CBA","field_3":"pedania_ascasubi_cordoba","field_4":4521845.5,"field_5":6349208.53,"field_6":null,"field_7":null},"geometry":{"type":"Point","coordinates":[-62.766243594958404,-32.999869291020779]}},
{"type":"Feature","properties":{"field_1":8,"field_2":"6-177-8-CBA","field_3":"pedania_ascasubi_cordoba","field_4":4530796.96,"field_5":6348750.82,"field_6":null,"field_7":null},"geometry":{"type":"Point","coordinates":[-62.670444201456249,-33.003780197858596]}},
{"type":"Feature","properties":{"field_1":1,"field_2":"6-178-1-CBA","field_3":"pedania_ascasubi_cordoba","field_4":4521710.18,"field_5":6346906.4,"field_6":null,"field_7":null},"geometry":{"type":"Point","coordinates":[-62.767637152199256,-33.020629566557645]}},
{"type":"Feature","properties":{"field_1":2,"field_2":"6-178-2-CBA","field_3":"pedania_ascasubi_cordoba","field_4":4524434.53,"field_5":6347089.55,"field_6":null,"field_7":null},"geometry":{"type":"Point","coordinates":[-62.738483499887572,-33.018920473234829]}},
{"type":"Feature","properties":{"field_1":3,"field_2":"6-178-3-CBA","field_3":"pedania_ascasubi_cordoba","field_4":4528183.69,"field_5":6346378.78,"field_6":null,"field_7":null},"geometry":{"type":"Point","coordinates":[-62.698335569236363,-33.0252386821575]}},
{"type":"Feature","properties":{"field_1":4,"field_2":"6-178-4-CBA","field_3":"pedania_ascasubi_cordoba","field_4":4521876.66,"field_5":6342953.69,"field_6":null,"field_7":null},"geometry":{"type":"Point","coordinates":[-62.765761029821945,-33.056266397124269]}},
{"type":"Feature","properties":{"field_1":5,"field_2":"6-178-5-CBA","field_3":"pedania_ascasubi_cordoba","field_4":4522577.93,"field_5":6341867.03,"field_6":null,"field_7":null},"geometry":{"type":"Point","coordinates":[-62.758225572195343,-33.06605005096138]}},
{"type":"Feature","properties":{"field_1":6,"field_2":"6-178-6-CBA","field_3":"pedania_ascasubi_cordoba","field_4":4522712.6,"field_5":6340242.2,"field_6":null,"field_7":null},"geometry":{"type":"Point","coordinates":[-62.756743154928927,-33.08069766135177]}},
{"type":"Feature","properties":{"field_1":7,"field_2":"6-178-7-CBA","field_3":"pedania_ascasubi_cordoba","field_4":4527347.97,"field_5":6343381.35,"field_6":null,"field_7":null},"geometry":{"type":"Point","coordinates":[-62.707191262121675,-33.05228660096995]}},
{"type":"Feature","properties":{"field_1":8,"field_2":"6-178-8-CBA","field_3":"pedania_ascasubi_cordoba","field_4":4529490.3,"field_5":6342146.49,"field_6":null,"field_7":null},"geometry":{"type":"Point","coordinates":[-62.684214213500766,-33.063364827799099]}},
{"type":"Feature","properties":{"field_1":9,"field_2":"6-178-9-CBA","field_3":"pedania_ascasubi_cordoba","field_4":4522425.48,"field_5":6338920.97,"field_6":null,"field_7":null},"geometry":{"type":"Point","coordinates":[-62.759785882461031,-33.092616579771125]}},
{"type":"Feature","properties":{"field_1":1,"field_2":"6-179-1-CBA","field_3":"pedania_ascasubi_cordoba","field_4":4526139.52,"field_5":6337821.22,"field_6":null,"field_7":null},"geometry":{"type":"Point","coordinates":[-62.719971014364098,-33.102449494184476]}},
{"type":"Feature","properties":{"field_1":2,"field_2":"6-179-2-CBA","field_3":"pedania_ascasubi_cordoba","field_4":4521568.43,"field_5":6337527.53,"field_6":null,"field_7":null},"geometry":{"type":"Point","coordinates":[-62.768933436930297,-33.105197957959199]}},
{"type":"Feature","properties":{"field_1":3,"field_2":"6-179-3-CBA","field_3":"pedania_ascasubi_cordoba","field_4":4522018.4,"field_5":6333607.87,"field_6":null,"field_7":null},"geometry":{"type":"Point","coordinates":[-62.764018318480019,-33.140530605263393]}},
{"type":"Feature","properties":{"field_1":4,"field_2":"6-179-4-CBA","field_3":"pedania_ascasubi_cordoba","field_4":4522470.85,"field_5":6330931.89,"field_6":null,"field_7":null},"geometry":{"type":"Point","coordinates":[-62.759103255385227,-33.164649217778837]}},
{"type":"Feature","properties":{"field_1":5,"field_2":"6-179-5-CBA","field_3":"pedania_ascasubi_cordoba","field_4":4524813.56,"field_5":6330672.71,"field_6":null,"field_7":null},"geometry":{"type":"Point","coordinates":[-62.733981433357144,-33.166934980804079]}},
{"type":"Feature","properties":{"field_1":6,"field_2":"6-179-6-CBA","field_3":"pedania_ascasubi_cordoba","field_4":4529930.84,"field_5":6329910.54,"field_6":null,"field_7":null},"geometry":{"type":"Point","coordinates":[-62.679095942196085,-33.173677715213422]}},
{"type":"Feature","properties":{"field_1":1,"field_2":"6-180-1-CBA","field_3":"pedania_ascasubi_cordoba","field_4":4529620.8,"field_5":6319167.28,"field_6":null,"field_7":null},"geometry":{"type":"Point","coordinates":[-62.682069833466095,-33.270550796590918]}},
{"type":"Feature","properties":{"field_1":2,"field_2":"6-180-2-CBA","field_3":"pedania_ascasubi_cordoba","field_4":4525268.29,"field_5":6319409.47,"field_6":null,"field_7":null},"geometry":{"type":"Point","coordinates":[-62.728793312967611,-33.268477829290859]}},
{"type":"Feature","properties":{"field_1":3,"field_2":"6-180-3-CBA","field_3":"pedania_ascasubi_cordoba","field_4":4529982.51,"field_5":6321865.31,"field_6":null,"field_7":null},"geometry":{"type":"Point","coordinates":[-62.678276685730268,-33.246214685924485]}},
{"type":"Feature","properties":{"field_1":4,"field_2":"6-180-4-CBA","field_3":"pedania_ascasubi_cordoba","field_4":4522328.86,"field_5":6318986.2,"field_6":null,"field_7":null},"geometry":{"type":"Point","coordinates":[-62.760331977480789,-33.272358973072514]}},
{"type":"Feature","properties":{"field_1":5,"field_2":"6-180-5-CBA","field_3":"pedania_ascasubi_cordoba","field_4":4524642.79,"field_5":6326088.85,"field_6":null,"field_7":null},"geometry":{"type":"Point","coordinates":[-62.735688109612923,-33.208268805703661]}},
{"type":"Feature","properties":{"field_1":6,"field_2":"6-180-6-CBA","field_3":"pedania_ascasubi_cordoba","field_4":4528227.54,"field_5":6322187.16,"field_6":null,"field_7":null},"geometry":{"type":"Point","coordinates":[-62.697118027672069,-33.243360078974725]}},
{"type":"Feature","properties":{"field_1":1,"field_2":"6-181-1-CBA","field_3":"pedania_ascasubi_cordoba","field_4":4528995.69,"field_5":6316026.61,"field_6":null,"field_7":null},"geometry":{"type":"Point","coordinates":[-62.688678779719339,-33.298884758046107]}},
{"type":"Feature","properties":{"field_1":2,"field_2":"6-181-2-CBA","field_3":"pedalnia_loboy_cordoba","field_4":4529228.13,"field_5":6309157.32,"field_6":null,"field_7":null},"geometry":{"type":"Point","coordinates":[-62.685961016604281,-33.360813074784083]}},
{"type":"Feature","properties":{"field_1":3,"field_2":"6-181-3-CBA","field_3":"pedania_ascasubi_cordoba","field_4":4524877.03,"field_5":6316152.54,"field_6":null,"field_7":null},"geometry":{"type":"Point","coordinates":[-62.732903296918245,-33.297852252149916]}},
{"type":"Feature","properties":{"field_1":4,"field_2":"6-181-4-CBA","field_3":"pedania_ascasubi_cordoba","field_4":4523904.07,"field_5":6312970.6,"field_6":null,"field_7":null},"geometry":{"type":"Point","coordinates":[-62.743265556447419,-33.32656335776484]}},
{"type":"Feature","properties":{"field_1":5,"field_2":"6-181-5-CBA","field_3":"pedania_ascasubi_cordoba","field_4":4528277.93,"field_5":6313262.51,"field_6":null,"field_7":null},"geometry":{"type":"Point","coordinates":[-62.696298786473555,-33.323825480709473]}},
{"type":"Feature","properties":{"field_1":6,"field_2":"6-181-6-CBA","field_3":"pedania_ascasubi_cordoba","field_4":4524112.96,"field_5":6315184.55,"field_6":null,"field_7":null},"geometry":{"type":"Point","coordinates":[-62.7410810624242,-33.306597242451325]}},
{"type":"Feature","properties":{"field_1":7,"field_2":"6-181-7-CBA","field_3":"pedania_ascasubi_cordoba","field_4":4522069.83,"field_5":6316948.68,"field_6":null,"field_7":null},"geometry":{"type":"Point","coordinates":[-62.763062659595207,-33.290735162933224]}},
{"type":"Feature","properties":{"field_1":1,"field_2":"6-199-1-CBA","field_3":"pedania_ascasubi_cordoba","field_4":4534618.6,"field_5":6350176.27,"field_6":null,"field_7":null},"geometry":{"type":"Point","coordinates":[-62.629603332920077,-32.990812849358633]}},
{"type":"Feature","properties":{"field_1":2,"field_2":"6-199-2-CBA","field_3":"pedania_ascasubi_cordoba","field_4":4538526.08,"field_5":6349221.93,"field_6":null,"field_7":null},"geometry":{"type":"Point","coordinates":[-62.587756513532455,-32.999286679049185]}},
{"type":"Feature","properties":{"field_1":3,"field_2":"6-199-3-CBA","field_3":"pedania_ascasubi_cordoba","field_4":4540775.98,"field_5":6348692.19,"field_6":null,"field_7":null},"geometry":{"type":"Point","coordinates":[-62.563658719194414,-33.003981266434629]}},
{"type":"Feature","properties":{"field_1":4,"field_2":"6-199-4-CBA","field_3":"pedania_ascasubi_cordoba","field_4":4535707.23,"field_5":6351264.7,"field_6":null,"field_7":null},"geometry":{"type":"Point","coordinates":[-62.617998134343864,-32.980963826992536]}},
{"type":"Feature","properties":{"field_1":5,"field_2":"6-199-5-CBA","field_3":"pedania_ascasubi_cordoba","field_4":4538947.88,"field_5":6351017.41,"field_6":null,"field_7":null},"geometry":{"type":"Point","coordinates":[-62.583319259245222,-32.983082669489413]}},
{"type":"Feature","properties":{"field_1":6,"field_2":"6-199-6-CBA","field_3":"pedania_ascasubi_cordoba","field_4":4536345.41,"field_5":6353874.57,"field_6":null,"field_7":null},"geometry":{"type":"Point","coordinates":[-62.611273969552506,-32.957410584112552]}},
{"type":"Feature","properties":{"field_1":7,"field_2":"6-199-7-CBA","field_3":"pedania_ascasubi_cordoba","field_4":4535647.8,"field_5":6356000.74,"field_6":null,"field_7":null},"geometry":{"type":"Point","coordinates":[-62.61881730546606,-32.938262656046021]}},
{"type":"Feature","properties":{"field_1":1,"field_2":"6-200-1-CBA","field_3":"pedania_ascasubi_cordoba","field_4":4531672.05,"field_5":6346872.87,"field_6":null,"field_7":null},"geometry":{"type":"Point","coordinates":[-62.661015249950417,-33.020687839852641]}},
{"type":"Feature","properties":{"field_1":2,"field_2":"6-200-2-CBA","field_3":"pedania_ascasubi_cordoba","field_4":4534839.15,"field_5":6342474.85,"field_6":null,"field_7":null},"geometry":{"type":"Point","coordinates":[-62.626951222396748,-33.060246004391985]}},
{"type":"Feature","properties":{"field_1":3,"field_2":"6-200-3-CBA","field_3":"pedania_ascasubi_cordoba","field_4":4535088.11,"field_5":6346755.54,"field_6":null,"field_7":null},"geometry":{"type":"Point","coordinates":[-62.624449270832329,-33.021641088879697]}},
{"type":"Feature","properties":{"field_1":4,"field_2":"6-200-4-CBA","field_3":"pedania_ascasubi_cordoba","field_4":4533271.95,"field_5":6345352.68,"field_6":null,"field_7":null},"geometry":{"type":"Point","coordinates":[-62.64383664993472,-33.034347033428986]}},
{"type":"Feature","properties":{"field_1":5,"field_2":"6-200-5-CBA","field_3":"pedania_ascasubi_cordoba","field_4":4535976.63,"field_5":6345546.25,"field_6":null,"field_7":null},"geometry":{"type":"Point","coordinates":[-62.614892098865816,-33.032515705875653]}},
{"type":"Feature","properties":{"field_1":6,"field_2":"6-200-6-CBA","field_3":"pedania_ascasubi_cordoba","field_4":4535425.67,"field_5":6341321.81,"field_6":null,"field_7":null},"geometry":{"type":"Point","coordinates":[-62.620626402839747,-33.070623421976677]}},
{"type":"Feature","properties":{"field_1":8,"field_2":"6-200-8-CBA","field_3":"pedania_ascasubi_cordoba","field_4":4539712.53,"field_5":6346801.42,"field_6":null,"field_7":null},"geometry":{"type":"Point","coordinates":[-62.5749566256737,-33.021068658373999]}},
{"type":"Feature","properties":{"field_1":1,"field_2":"6-201-1-CBA","field_3":"pedania_saladillo_cordoba","field_4":4539820.25,"field_5":6337159.7,"field_6":null,"field_7":null},"geometry":{"type":"Point","coordinates":[-62.573384508374502,-33.107998587951727]}},
{"type":"Feature","properties":{"field_1":2,"field_2":"6-201-2-CBA","field_3":"pedania_ascasubi_cordoba","field_4":4538397.36,"field_5":6335983.39,"field_6":null,"field_7":null},"geometry":{"type":"Point","coordinates":[-62.588578961007805,-33.118655884338402]}},
{"type":"Feature","properties":{"field_1":3,"field_2":"6-201-3-CBA","field_3":"pedania_ascasubi_cordoba","field_4":4540474.1,"field_5":6330766.7,"field_6":null,"field_7":null},"geometry":{"type":"Point","coordinates":[-62.566096074891739,-33.165615704684598]}},
{"type":"Feature","properties":{"field_1":4,"field_2":"6-201-4-CBA","field_3":"pedania_ascasubi_cordoba","field_4":4538943.73,"field_5":6333130.08,"field_6":null,"field_7":null},"geometry":{"type":"Point","coordinates":[-62.582603080749323,-33.144362832830872]}},
{"type":"Feature","properties":{"field_1":5,"field_2":"6-201-5-CBA","field_3":"pedania_ascasubi_cordoba","field_4":4533225.14,"field_5":6329228.65,"field_6":null,"field_7":null},"geometry":{"type":"Point","coordinates":[-62.643751547194832,-33.179729828549554]}},
{"type":"Feature","properties":{"field_1":1,"field_2":"6-202-1-CBA","field_3":"pedalnia_caldera_cordoba","field_4":4539791.08,"field_5":6319940.08,"field_6":null,"field_7":null},"geometry":{"type":"Point","coordinates":[-62.572944379898082,-33.263256070578144]}},
{"type":"Feature","properties":{"field_1":2,"field_2":"6-202-2-CBA","field_3":"pedalnia_caldera_cordoba","field_4":4537005.17,"field_5":6319096.54,"field_6":null,"field_7":null},"geometry":{"type":"Point","coordinates":[-62.602809051798246,-33.270960661636572]}},
{"type":"Feature","properties":{"field_1":3,"field_2":"6-202-3-CBA","field_3":"pedalnia_caldera_cordoba","field_4":4533870.71,"field_5":6319418.15,"field_6":null,"field_7":null},"geometry":{"type":"Point","coordinates":[-62.63646397702918,-33.268163889545917]}},
{"type":"Feature","properties":{"field_1":4,"field_2":"6-202-4-CBA","field_3":"pedania_ascasubi_cordoba","field_4":4533609.08,"field_5":6321014.49,"field_6":null,"field_7":null},"geometry":{"type":"Point","coordinates":[-62.639331181987622,-33.253779126649178]}},
{"type":"Feature","properties":{"field_1":5,"field_2":"6-202-5-CBA","field_3":"pedania_ascasubi_cordoba","field_4":4531629.42,"field_5":6322585.15,"field_6":null,"field_7":null},"geometry":{"type":"Point","coordinates":[-62.660629988760967,-33.239677454006944]}},
{"type":"Feature","properties":{"field_1":6,"field_2":"6-202-6-CBA","field_3":"pedania_ascasubi_cordoba","field_4":4531969.62,"field_5":6321558.21,"field_6":null,"field_7":null},"geometry":{"type":"Point","coordinates":[-62.656943660817973,-33.248926593893358]}},
{"type":"Feature","properties":{"field_1":7,"field_2":"6-202-7-CBA","field_3":"pedalnia_caldera_cordoba","field_4":4540837.38,"field_5":6325964.8,"field_6":null,"field_7":null},"geometry":{"type":"Point","coordinates":[-62.561986185761697,-33.208897133178773]}},
{"type":"Feature","properties":{"field_1":1,"field_2":"6-203-1-CBA","field_3":"pedalnia_caldera_cordoba","field_4":4541031.15,"field_5":6316258.22,"field_6":null,"field_7":null},"geometry":{"type":"Point","coordinates":[-62.559468964275247,-33.29640565876209]}},
{"type":"Feature","properties":{"field_1":2,"field_2":"6-203-2-CBA","field_3":"pedalnia_caldera_cordoba","field_4":4538551.32,"field_5":6311722.82,"field_6":null,"field_7":null},"geometry":{"type":"Point","coordinates":[-62.58589983582474,-33.337388686736503]}},
{"type":"Feature","properties":{"field_1":3,"field_2":"6-203-3-CBA","field_3":"pedalnia_caldera_cordoba","field_4":4535694.49,"field_5":6310451.79,"field_6":null,"field_7":null},"geometry":{"type":"Point","coordinates":[-62.616535839753546,-33.348946900645103]}},
{"type":"Feature","properties":{"field_1":4,"field_2":"6-203-4-CBA","field_3":"pedania_ascasubi_cordoba","field_4":4532038.81,"field_5":6310762.13,"field_6":null,"field_7":null},"geometry":{"type":"Point","coordinates":[-62.655819160901963,-33.346263902224877]}},
{"type":"Feature","properties":{"field_1":5,"field_2":"6-203-5-CBA","field_3":"pedania_ascasubi_cordoba","field_4":4532426.05,"field_5":6316531.11,"field_6":null,"field_7":null},"geometry":{"type":"Point","coordinates":[-62.65186608485245,-33.294238377176313]}},
{"type":"Feature","properties":{"field_1":6,"field_2":"6-203-6-CBA","field_3":"pedania_ascasubi_cordoba","field_4":4535323.34,"field_5":6315902.61,"field_6":null,"field_7":null},"geometry":{"type":"Point","coordinates":[-62.620735976291222,-33.299814000065375]}},
{"type":"Feature","properties":{"field_1":7,"field_2":"6-203-7-CBA","field_3":"pedalnia_caldera_cordoba","field_4":4533940.0,"field_5":6308558.36,"field_6":null,"field_7":null},"geometry":{"type":"Point","coordinates":[-62.635312790920409,-33.366074966572903]}},
{"type":"Feature","properties":{"field_1":8,"field_2":"6-203-8-CBA","field_3":"pedalnia_caldera_cordoba","field_4":4537127.28,"field_5":6314431.68,"field_6":null,"field_7":null},"geometry":{"type":"Point","coordinates":[-62.601307174952417,-33.313015444316562]}},
{"type":"Feature","properties":{"field_1":9,"field_2":"6-203-9-CBA","field_3":"pedalnia_caldera_cordoba","field_4":4536371.31,"field_5":6312878.13,"field_6":null,"field_7":null},"geometry":{"type":"Point","coordinates":[-62.609362578017439,-33.327048184275547]}},
{"type":"Feature","properties":{"field_1":1,"field_2":"7-117-1-CBA","field_3":"pedalnia_loboy_cordoba","field_4":4498239.7,"field_5":6291328.3,"field_6":null,"field_7":null},"geometry":{"type":"Point","coordinates":[-63.018950205035011,-33.521957526382394]}},
{"type":"Feature","properties":{"field_1":2,"field_2":"7-117-2-CBA","field_3":"pedalnia_loboy_cordoba","field_4":4493272.69,"field_5":6291111.74,"field_6":null,"field_7":null},"geometry":{"type":"Point","coordinates":[-63.07241854260463,-33.523890313078482]}},
{"type":"Feature","properties":{"field_1":3,"field_2":"7-117-3-CBA","field_3":"pedalnia_loboy_cordoba","field_4":4499144.16,"field_5":6292759.48,"field_6":null,"field_7":null},"geometry":{"type":"Point","coordinates":[-63.009212895234647,-33.509055083086324]}},
{"type":"Feature","properties":{"field_1":1,"field_2":"7-118-1-CBA","field_3":"pedalnia_loboy_cordoba","field_4":4493055.72,"field_5":6282321.67,"field_6":null,"field_7":null},"geometry":{"type":"Point","coordinates":[-63.074822452935955,-33.603139706579299]}},
{"type":"Feature","properties":{"field_1":2,"field_2":"7-118-2-CBA","field_3":"pedalnia_loboy_cordoba","field_4":4492674.48,"field_5":6287944.67,"field_6":null,"field_7":null},"geometry":{"type":"Point","coordinates":[-63.078883966652896,-33.552440621686685]}},
{"type":"Feature","properties":{"field_1":1,"field_2":"7-120-1-CBA","field_3":"pedalnia_loboy_cordoba","field_4":4501100.58,"field_5":6263380.53,"field_6":null,"field_7":null},"geometry":{"type":"Point","coordinates":[-62.988120071242669,-33.773930709713483]}},
{"type":"Feature","properties":{"field_1":2,"field_2":"7-120-2-CBA","field_3":"pedalnia_loboy_cordoba","field_4":4492386.03,"field_5":6266208.33,"field_6":null,"field_7":null},"geometry":{"type":"Point","coordinates":[-63.082176054996104,-33.74840944075855]}},
{"type":"Feature","properties":{"field_1":1,"field_2":"7-138-1-CBA","field_3":"pedalnia_loboy_cordoba","field_4":4509684.48,"field_5":6302454.25,"field_6":null,"field_7":null},"geometry":{"type":"Point","coordinates":[-62.895874470255876,-33.421602757293961]}},
{"type":"Feature","properties":{"field_1":1,"field_2":"7-139-1-CBA","field_3":"pedalnia_loboy_cordoba","field_4":4505491.19,"field_5":6291266.61,"field_6":null,"field_7":null},"geometry":{"type":"Point","coordinates":[-62.940892116994114,-33.522501070851114]}},
{"type":"Feature","properties":{"field_1":2,"field_2":"7-139-2-CBA","field_3":"pedalnia_loboy_cordoba","field_4":4507971.31,"field_5":6291983.05,"field_6":null,"field_7":null},"geometry":{"type":"Point","coordinates":[-62.914201421510747,-33.516026026589721]}},
{"type":"Feature","properties":{"field_1":3,"field_2":"7-139-3-CBA","field_3":"pedalnia_loboy_cordoba","field_4":4508168.88,"field_5":6293199.62,"field_6":null,"field_7":null},"geometry":{"type":"Point","coordinates":[-62.912085945326531,-33.505055917757836]}},
{"type":"Feature","properties":{"field_1":4,"field_2":"7-139-4-CBA","field_3":"pedalnia_loboy_cordoba","field_4":4505861.64,"field_5":6293938.38,"field_6":null,"field_7":null},"geometry":{"type":"Point","coordinates":[-62.936921914004415,-33.498410361721454]}},
{"type":"Feature","properties":{"field_1":5,"field_2":"7-139-5-CBA","field_3":"pedalnia_loboy_cordoba","field_4":4508523.09,"field_5":6288759.24,"field_6":null,"field_7":null},"geometry":{"type":"Point","coordinates":[-62.908231570032314,-33.545087604392656]}},
{"type":"Feature","properties":{"field_1":1,"field_2":"7-140-1-CBA","field_3":"pedalnia_loboy_cordoba","field_4":4509642.9,"field_5":6283252.43,"field_6":null,"field_7":null},"geometry":{"type":"Point","coordinates":[-62.896114882492476,-33.594727082823418]}},
{"type":"Feature","properties":{"field_1":2,"field_2":"7-140-2-CBA","field_3":"pedalnia_loboy_cordoba","field_4":4503941.64,"field_5":6281793.68,"field_6":null,"field_7":null},"geometry":{"type":"Point","coordinates":[-62.957530355699006,-33.607915342107198]}},
{"type":"Feature","properties":{"field_1":3,"field_2":"7-140-3-CBA","field_3":"pedalnia_loboy_cordoba","field_4":4506370.82,"field_5":6285802.92,"field_6":null,"field_7":null},"geometry":{"type":"Point","coordinates":[-62.931384478070299,-33.571756652289423]}},
{"type":"Feature","properties":{"field_1":1,"field_2":"7-141-1-CBA","field_3":"pedalnia_loboy_cordoba","field_4":4507226.46,"field_5":6274209.1,"field_6":null,"field_7":null},"geometry":{"type":"Point","coordinates":[-62.922074732509245,-33.676279403900772]}},
{"type":"Feature","properties":{"field_1":2,"field_2":"7-141-2-CBA","field_3":"pedalnia_loboy_cordoba","field_4":4510736.48,"field_5":6275281.4,"field_6":null,"field_7":null},"geometry":{"type":"Point","coordinates":[-62.884237235642274,-33.666582125813022]}},
{"type":"Feature","properties":{"field_1":1,"field_2":"7-142-1-CBA","field_3":"pedalnia_loboy_cordoba","field_4":4508740.05,"field_5":6260215.1,"field_6":null,"field_7":null},"geometry":{"type":"Point","coordinates":[-62.905614792485267,-33.802433500493677]}},
{"type":"Feature","properties":{"field_1":2,"field_2":"7-142-2-CBA","field_3":"pedalnia_loboy_cordoba","field_4":4509524.52,"field_5":6265468.84,"field_6":null,"field_7":null},"geometry":{"type":"Point","coordinates":[-62.897199632648928,-33.755060989275606]}},
{"type":"Feature","properties":{"field_1":3,"field_2":"7-142-3-CBA","field_3":"pedalnia_loboy_cordoba","field_4":4506737.65,"field_5":6267798.49,"field_6":null,"field_7":null},"geometry":{"type":"Point","coordinates":[-62.927297163358951,-33.734078993881319]}},
{"type":"Feature","properties":{"field_1":1,"field_2":"7-160-1-CBA","field_3":"pedalnia_loboy_cordoba","field_4":4520615.09,"field_5":6299281.63,"field_6":null,"field_7":null},"geometry":{"type":"Point","coordinates":[-62.77827673667602,-33.450053003051153]}},
{"type":"Feature","properties":{"field_1":2,"field_2":"7-160-2-CBA","field_3":"pedalnia_loboy_cordoba","field_4":4520092.52,"field_5":6301302.74,"field_6":null,"field_7":null},"geometry":{"type":"Point","coordinates":[-62.783942359360672,-33.431840464020695]}},
{"type":"Feature","properties":{"field_1":3,"field_2":"7-160-3-CBA","field_3":"pedalnia_loboy_cordoba","field_4":4517601.61,"field_5":6303137.19,"field_6":null,"field_7":null},"geometry":{"type":"Point","coordinates":[-62.81076341788949,-33.415344634004768]}},
{"type":"Feature","properties":{"field_1":4,"field_2":"7-160-4-CBA","field_3":"pedalnia_loboy_cordoba","field_4":4516085.54,"field_5":6305674.19,"field_6":null,"field_7":null},"geometry":{"type":"Point","coordinates":[-62.827108220007467,-33.392494470025611]}},
{"type":"Feature","properties":{"field_1":1,"field_2":"7-161-1-CBA","field_3":"pedalnia_loboy_cordoba","field_4":4511777.77,"field_5":6291478.03,"field_6":null,"field_7":null},"geometry":{"type":"Point","coordinates":[-62.873223511105131,-33.520544132406478]}},
{"type":"Feature","properties":{"field_1":2,"field_2":"7-161-2-CBA","field_3":"pedalnia_loboy_cordoba","field_4":4512840.33,"field_5":6288791.96,"field_6":null,"field_7":null},"geometry":{"type":"Point","coordinates":[-62.86174739943754,-33.544749426686764]}},
{"type":"Feature","properties":{"field_1":3,"field_2":"7-161-3-CBA","field_3":"pedalnia_loboy_cordoba","field_4":4518971.37,"field_5":6292750.23,"field_6":null,"field_7":null},"geometry":{"type":"Point","coordinates":[-62.795817515497049,-33.508970568283395]}},
{"type":"Feature","properties":{"field_1":4,"field_2":"7-161-4-CBA","field_3":"pedalnia_loboy_cordoba","field_4":4516280.56,"field_5":6295438.29,"field_6":null,"field_7":null},"geometry":{"type":"Point","coordinates":[-62.82482672683949,-33.484779345541199]}},
{"type":"Feature","properties":{"field_1":2,"field_2":"7-162-2-CBA","field_3":"pedalnia_loboy_cordoba","field_4":4517903.66,"field_5":6284747.47,"field_6":null,"field_7":null},"geometry":{"type":"Point","coordinates":[-62.807148754197598,-33.581141279621413]}},
{"type":"Feature","properties":{"field_1":3,"field_2":"7-162-3-CBA","field_3":"pedalnia_loboy_cordoba","field_4":4512397.89,"field_5":6279194.99,"field_6":null,"field_7":null},"geometry":{"type":"Point","coordinates":[-62.866377906276547,-33.631279895378384]}},
{"type":"Feature","properties":{"field_1":4,"field_2":"7-162-4-CBA","field_3":"pedalnia_loboy_cordoba","field_4":4514419.62,"field_5":6280171.64,"field_6":null,"field_7":null},"geometry":{"type":"Point","coordinates":[-62.844603686001413,-33.622449125350791]}},
{"type":"Feature","properties":{"field_1":5,"field_2":"7-162-5-CBA","field_3":"pedalnia_loboy_cordoba","field_4":4520742.95,"field_5":6287026.06,"field_6":null,"field_7":null},"geometry":{"type":"Point","coordinates":[-62.776617865491616,-33.560546365610065]}},
{"type":"Feature","properties":{"field_1":1,"field_2":"7-163-1-CBA","field_3":"pedalnia_loboy_cordoba","field_4":4516384.87,"field_5":6275826.48,"field_6":null,"field_7":null},"geometry":{"type":"Point","coordinates":[-62.823344589491349,-33.661595772131861]}},
{"type":"Feature","properties":{"field_1":2,"field_2":"7-163-2-CBA","field_3":"pedalnia_loboy_cordoba","field_4":4514764.38,"field_5":6272150.06,"field_6":null,"field_7":null},"geometry":{"type":"Point","coordinates":[-62.840755107208452,-33.694765187866366]}},
{"type":"Feature","properties":{"field_1":1,"field_2":"7-164-1-CBA","field_3":"pedalnia_loboy_cordoba","field_4":4515122.16,"field_5":6264150.06,"field_6":null,"field_7":null},"geometry":{"type":"Point","coordinates":[-62.836759642690012,-33.76688552115445]}},
{"type":"Feature","properties":{"field_1":2,"field_2":"7-164-2-CBA","field_3":"pedalnia_loboy_cordoba","field_4":4512722.53,"field_5":6266032.2,"field_6":null,"field_7":null},"geometry":{"type":"Point","coordinates":[-62.862690369397846,-33.749948363151269]}},
{"type":"Feature","properties":{"field_1":1,"field_2":"7-182-1--CBA","field_3":"pedalnia_loboy_cordoba","field_4":4530877.61,"field_5":6302744.24,"field_6":null,"field_7":null},"geometry":{"type":"Point","coordinates":[-62.668018768478021,-33.418587657071569]}},
{"type":"Feature","properties":{"field_1":2,"field_2":"7-182-2-CBA","field_3":"pedalnia_loboy_cordoba","field_4":4523911.36,"field_5":6304446.26,"field_6":null,"field_7":null},"geometry":{"type":"Point","coordinates":[-62.742961374160217,-33.403419925755287]}},
{"type":"Feature","properties":{"field_1":3,"field_2":"7-182-3-CBA","field_3":"pedalnia_loboy_cordoba","field_4":4529050.5,"field_5":6305220.98,"field_6":null,"field_7":null},"geometry":{"type":"Point","coordinates":[-62.687742719076184,-33.396308271693172]}},
{"type":"Feature","properties":{"field_1":4,"field_2":"7-182-4-CBA","field_3":"pedalnia_loboy_cordoba","field_4":4529572.97,"field_5":6306249.71,"field_6":null,"field_7":null},"geometry":{"type":"Point","coordinates":[-62.68216061030931,-33.387018918991977]}},
{"type":"Feature","properties":{"field_1":5,"field_2":"7-182-5-CBA","field_3":"pedalnia_loboy_cordoba","field_4":4524441.47,"field_5":6308064.44,"field_6":null,"field_7":null},"geometry":{"type":"Point","coordinates":[-62.737361005004146,-33.370786067414393]}},
{"type":"Feature","properties":{"field_1":6,"field_2":"7-182-6-CBA","field_3":"pedalnia_loboy_cordoba","field_4":4524100.37,"field_5":6300890.89,"field_6":null,"field_7":null},"geometry":{"type":"Point","coordinates":[-62.740834374460853,-33.435471162983738]}},
{"type":"Feature","properties":{"field_1":7,"field_2":"7-182-7-CBA","field_3":"pedalnia_loboy_cordoba","field_4":4524822.29,"field_5":6299714.26,"field_6":null,"field_7":null},"geometry":{"type":"Point","coordinates":[-62.733038672245492,-33.446063232283514]}},
{"type":"Feature","properties":{"field_1":1,"field_2":"7-183-1-CBA","field_3":"pedalnia_loboy_cordoba","field_4":4528426.39,"field_5":6293120.98,"field_6":null,"field_7":null},"geometry":{"type":"Point","coordinates":[-62.69406828751233,-33.505418417407718]}},
{"type":"Feature","properties":{"field_1":2,"field_2":"7-183-2-CBA","field_3":"pedalnia_loboy_cordoba","field_4":4528332.78,"field_5":6289672.42,"field_6":null,"field_7":null},"geometry":{"type":"Point","coordinates":[-62.694966616264352,-33.536512724336511]}},
{"type":"Feature","properties":{"field_1":3,"field_2":"7-183-3-CBA","field_3":"pedalnia_loboy_cordoba","field_4":4525823.94,"field_5":6295680.2,"field_6":null,"field_7":null},"geometry":{"type":"Point","coordinates":[-62.722150047708887,-33.482410618934473]}},
{"type":"Feature","properties":{"field_1":4,"field_2":"7-183-4-CBA","field_3":"pedalnia_loboy_cordoba","field_4":4530267.88,"field_5":6298155.51,"field_6":null,"field_7":null},"geometry":{"type":"Point","coordinates":[-62.674419745698515,-33.459976957095876]}},
{"type":"Feature","properties":{"field_1":1,"field_2":"7-184-1-CBA","field_3":"pedalnia_loboy_cordoba","field_4":4526456.26,"field_5":6281362.7,"field_6":null,"field_7":null},"geometry":{"type":"Point","coordinates":[-62.71492313152789,-33.611479817703767]}},
{"type":"Feature","properties":{"field_1":2,"field_2":"7-184-2-CBA","field_3":"pedalnia_tunas_cordoba","field_4":4530835.63,"field_5":6281931.9,"field_6":"Del Santo","field_7":null},"geometry":{"type":"Point","coordinates":[-62.667753705076166,-33.606230313816326]}},
{"type":"Feature","properties":{"field_1":1,"field_2":"7-185-1-CBA","field_3":"pedalnia_loboy_cordoba","field_4":4523952.43,"field_5":6269226.14,"field_6":null,"field_7":null},"geometry":{"type":"Point","coordinates":[-62.741575831506694,-33.720958756665198]}},
{"type":"Feature","properties":{"field_1":2,"field_2":"7-185-2-CBA","field_3":"pedalnia_tunas_cordoba","field_4":4526409.61,"field_5":6272722.17,"field_6":null,"field_7":null},"geometry":{"type":"Point","coordinates":[-62.715169325619847,-33.689381517264735]}},
{"type":"Feature","properties":{"field_1":1,"field_2":"7-186-1-CBA","field_3":"pedalnia_tunas_cordoba","field_4":4522132.88,"field_5":6261356.97,"field_6":null,"field_7":null},"geometry":{"type":"Point","coordinates":[-62.761010254696849,-33.791943493747972]}},
{"type":"Feature","properties":{"field_1":2,"field_2":"7-186-2-CBA","field_3":"pedalnia_tunas_cordoba","field_4":4530123.36,"field_5":6260013.3,"field_6":null,"field_7":null},"geometry":{"type":"Point","coordinates":[-62.67468406700565,-33.803860011375711]}},
{"type":"Feature","properties":{"field_1":1,"field_2":"7-204-1-CBA","field_3":"pedalnia_caldera_cordoba","field_4":4536744.52,"field_5":6308034.12,"field_6":null,"field_7":null},"geometry":{"type":"Point","coordinates":[-62.605157174920059,-33.370709350869632]}},
{"type":"Feature","properties":{"field_1":2,"field_2":"7-204-2-CBA","field_3":"pedalnia_caldera_cordoba","field_4":4537103.33,"field_5":6303840.7,"field_6":null,"field_7":null},"geometry":{"type":"Point","coordinates":[-62.601128965459594,-33.40850484516676]}},
{"type":"Feature","properties":{"field_1":1,"field_2":"7-205-1-CBA","field_3":"pedalnia_caldera_cordoba","field_4":4538798.57,"field_5":6290324.56,"field_6":null,"field_7":null},"geometry":{"type":"Point","coordinates":[-62.58232084469239,-33.530304399734831]}},
{"type":"Feature","properties":{"field_1":2,"field_2":"7-205-2-CBA","field_3":"pedalnia_caldera_cordoba","field_4":4538014.3,"field_5":6296077.73,"field_6":null,"field_7":null},"geometry":{"type":"Point","coordinates":[-62.591007652184622,-33.478463111254406]}},
{"type":"Feature","properties":{"field_1":3,"field_2":"7-205-3-CBA","field_3":"pedalnia_caldera_cordoba","field_4":4540058.69,"field_5":6297353.79,"field_6":null,"field_7":null},"geometry":{"type":"Point","coordinates":[-62.569069637402592,-33.466883842225386]}},
{"type":"Feature","properties":{"field_1":4,"field_2":"7-205-4-CBA","field_3":"pedalnia_caldera_cordoba","field_4":4532167.23,"field_5":6291673.57,"field_6":null,"field_7":null},"geometry":{"type":"Point","coordinates":[-62.653756867907596,-33.518362114242052]}},
{"type":"Feature","properties":{"field_1":1,"field_2":"7-206-1-CBA","field_3":"pedalnia_tunas_cordoba","field_4":4537238.07,"field_5":6285361.14,"field_6":"Estancia La Blanca","field_7":null},"geometry":{"type":"Point","coordinates":[-62.598913097215586,-33.575108849316592]}},
{"type":"Feature","properties":{"field_1":2,"field_2":"7-206-2-CBA","field_3":"pedalnia_tunas_cordoba","field_4":4534620.81,"field_5":6286313.65,"field_6":null,"field_7":null},"geometry":{"type":"Point","coordinates":[-62.627139795304196,-33.56660939957392]}},
{"type":"Feature","properties":{"field_1":3,"field_2":"7-206-3-CBA","field_3":"pedalnia_tunas_cordoba","field_4":4537056.21,"field_5":6282421.38,"field_6":null,"field_7":null},"geometry":{"type":"Point","coordinates":[-62.600749793364209,-33.60161916435829]}},
{"type":"Feature","properties":{"field_1":4,"field_2":"7-206-4-CBA","field_3":"pedalnia_tunas_cordoba","field_4":4536344.93,"field_5":6280334.68,"field_6":null,"field_7":null},"geometry":{"type":"Point","coordinates":[-62.608328050247358,-33.620456658056149]}},
{"type":"Feature","properties":{"field_1":5,"field_2":"7-206-5-CBA","field_3":"pedalnia_tunas_cordoba","field_4":4538299.89,"field_5":6279631.16,"field_6":null,"field_7":null},"geometry":{"type":"Point","coordinates":[-62.587230510515589,-33.626730827149508]}},
{"type":"Feature","properties":{"field_1":6,"field_2":"7-206-6-CBA","field_3":"pedalnia_tunas_cordoba","field_4":4540744.24,"field_5":6279630.46,"field_6":null,"field_7":null},"geometry":{"type":"Point","coordinates":[-62.5608875275435,-33.626646412410537]}},
{"type":"Feature","properties":{"field_1":1,"field_2":"7-207-1-CBA","field_3":"pedalnia_tunas_cordoba","field_4":4533578.95,"field_5":6273086.08,"field_6":null,"field_7":null},"geometry":{"type":"Point","coordinates":[-62.637861678069996,-33.685898226545099]}},
{"type":"Feature","properties":{"field_1":2,"field_2":"7-207-2-CBA","field_3":"pedalnia_tunas_cordoba","field_4":4537781.03,"field_5":6276467.02,"field_6":null,"field_7":null},"geometry":{"type":"Point","coordinates":[-62.592688022091288,-33.655276016856163]}},
{"type":"Feature","properties":{"field_1":1,"field_2":"7-208-1-CBA","field_3":"pedalnia_tunas_cordoba","field_4":4536331.61,"field_5":6266134.46,"field_6":null,"field_7":null},"geometry":{"type":"Point","coordinates":[-62.6078907565999,-33.748480102441768]}},
{"type":"Feature","properties":{"field_1":2,"field_2":"7-208-2-CBA","field_3":"pedalnia_tunas_cordoba","field_4":4534092.16,"field_5":6265866.97,"field_6":null,"field_7":null},"geometry":{"type":"Point","coordinates":[-62.632049395846856,-33.750966052520219]}},
{"type":"Feature","properties":{"field_1":1,"field_2":"8-121-1-CBA","field_3":"pedalnia_loboy_cordoba","field_4":4496804.11,"field_5":6256873.16,"field_6":null,"field_7":null},"geometry":{"type":"Point","coordinates":[-63.034527360662864,-33.832594302914373]}},
{"type":"Feature","properties":{"field_1":2,"field_2":"8-121-2-CBA","field_3":"pedalnia_san_martin","field_4":4491858.23,"field_5":6253259.58,"field_6":null,"field_7":null},"geometry":{"type":"Point","coordinates":[-63.087991785900932,-33.865146084201662]}},
{"type":"Feature","properties":{"field_1":3,"field_2":"8-121-3-CBA","field_3":"pedalnia_san_martin","field_4":4492099.39,"field_5":6249724.9,"field_6":null,"field_7":null},"geometry":{"type":"Point","coordinates":[-63.085417261065423,-33.897014745456289]}},
{"type":"Feature","properties":{"field_1":4,"field_2":"8-121-4-CBA","field_3":"pedalnia_san_martin","field_4":4496974.55,"field_5":6252184.07,"field_6":null,"field_7":null},"geometry":{"type":"Point","coordinates":[-63.032702179206005,-33.874869418476564]}},
{"type":"Feature","properties":{"field_1":5,"field_2":"8-121-5-CBA","field_3":"pedalnia_loboy_cordoba","field_4":4500363.35,"field_5":6255645.81,"field_6":null,"field_7":null},"geometry":{"type":"Point","coordinates":[-62.996075860906693,-33.84366431022908]}},
{"type":"Feature","properties":{"field_1":6,"field_2":"8-121-6-CBA","field_3":"pedalnia_loboy_cordoba","field_4":4507967.87,"field_5":6252367.91,"field_6":null,"field_7":null},"geometry":{"type":"Point","coordinates":[-62.913882902258386,-33.873186260212272]}},
{"type":"Feature","properties":{"field_1":7,"field_2":"8-121-7-CBA","field_3":"pedalnia_san_martin","field_4":4491956.74,"field_5":6255552.21,"field_6":null,"field_7":null},"geometry":{"type":"Point","coordinates":[-63.086906228944962,-33.844477597912558]}},
{"type":"Feature","properties":{"field_1":8,"field_2":"8-121-8-CBA","field_3":"pedalnia_loboy_cordoba","field_4":4496302.72,"field_5":6256502.35,"field_6":null,"field_7":null},"geometry":{"type":"Point","coordinates":[-63.039945504616355,-33.835935724883157]}},
{"type":"Feature","properties":{"field_1":1,"field_2":"8-122-1-CBA","field_3":"pedalnia_san_martin","field_4":4492426.51,"field_5":6246656.9,"field_6":null,"field_7":null},"geometry":{"type":"Point","coordinates":[-63.081907137926194,-33.924676500436227]}},
{"type":"Feature","properties":{"field_1":2,"field_2":"8-122-2-CBA","field_3":"pedalnia_san_martin","field_4":4493542.96,"field_5":6244965.85,"field_6":null,"field_7":null},"geometry":{"type":"Point","coordinates":[-63.069845457059927,-33.93992944090752]}},
{"type":"Feature","properties":{"field_1":3,"field_2":"8-122-3-CBA","field_3":"pedalnia_san_martin","field_4":4495781.07,"field_5":6247647.56,"field_6":null,"field_7":null},"geometry":{"type":"Point","coordinates":[-63.045623643743852,-33.915764062319859]}},
{"type":"Feature","properties":{"field_1":4,"field_2":"8-122-4-CBA","field_3":"pedalnia_san_martin","field_4":4500044.42,"field_5":6246066.67,"field_6":null,"field_7":null},"geometry":{"type":"Point","coordinates":[-62.999521270821596,-33.930024908650822]}},
{"type":"Feature","properties":{"field_1":5,"field_2":"8-122-5-CBA","field_3":"pedalnia_san_martin","field_4":4494444.31,"field_5":6241752.7,"field_6":null,"field_7":null},"geometry":{"type":"Point","coordinates":[-63.060116211315666,-33.968902338045439]}},
{"type":"Feature","properties":{"field_1":6,"field_2":"8-122-6-CBA","field_3":"pedalnia_san_martin","field_4":4497510.82,"field_5":6239180.4,"field_6":null,"field_7":null},"geometry":{"type":"Point","coordinates":[-63.026942815873831,-33.992104233610682]}},
{"type":"Feature","properties":{"field_1":7,"field_2":"8-122-7-CBA","field_3":"pedalnia_san_martin","field_4":4500330.23,"field_5":6239222.08,"field_6":null,"field_7":null},"geometry":{"type":"Point","coordinates":[-62.99642753339554,-33.991731373040224]}},
{"type":"Feature","properties":{"field_1":8,"field_2":"8-122-8-CBA","field_3":"pedalnia_san_martin","field_4":4500074.46,"field_5":6244175.78,"field_6":null,"field_7":null},"geometry":{"type":"Point","coordinates":[-62.999196215030381,-33.947072042982491]}},
{"type":"Feature","properties":{"field_1":1,"field_2":"8-123-1-CBA","field_3":"pedalnia_san_martin","field_4":4491862.7,"field_5":6237205.4,"field_6":null,"field_7":null},"geometry":{"type":"Point","coordinates":[-63.088092405882563,-34.009880879453554]}},
{"type":"Feature","properties":{"field_1":2,"field_2":"8-123-2-CBA","field_3":"pedalnia_san_martin","field_4":4496956.06,"field_5":6237284.48,"field_6":null,"field_7":null},"geometry":{"type":"Point","coordinates":[-63.032953744412367,-34.009195080136827]}},
{"type":"Feature","properties":{"field_1":1,"field_2":"8-124-1-CBA","field_3":"pedalnia_san_martin","field_4":4493826.23,"field_5":6223787.39,"field_6":null,"field_7":null},"geometry":{"type":"Point","coordinates":[-63.066931196539521,-34.130860358397683]}},
{"type":"Feature","properties":{"field_1":1,"field_2":"8-125-1-CBA","field_3":"pedalnia_san_martin","field_4":4500797.06,"field_5":6216637.79,"field_6":null,"field_7":null},"geometry":{"type":"Point","coordinates":[-62.991354242522817,-34.195332463397882]}},
{"type":"Feature","properties":{"field_1":1,"field_2":"8-143-1-CBA","field_3":"pedalnia_san_martin","field_4":4509874.76,"field_5":6250651.93,"field_6":null,"field_7":null},"geometry":{"type":"Point","coordinates":[-62.893253510042001,-33.88864050503323]}},
{"type":"Feature","properties":{"field_1":2,"field_2":"8-143-2-CBA","field_3":"pedalnia_loboy_cordoba","field_4":4508600.52,"field_5":6254624.63,"field_6":null,"field_7":null},"geometry":{"type":"Point","coordinates":[-62.907067110271988,-33.852835828358472]}},
{"type":"Feature","properties":{"field_1":3,"field_2":"8-143-3-CBA","field_3":"pedalnia_san_martin","field_4":4505926.25,"field_5":6251191.92,"field_6":null,"field_7":null},"geometry":{"type":"Point","coordinates":[-62.935941320835852,-33.883801825076326]}},
{"type":"Feature","properties":{"field_1":4,"field_2":"8-143-4-CBA","field_3":"pedalnia_san_martin","field_4":4510037.39,"field_5":6248963.48,"field_6":null,"field_7":null},"geometry":{"type":"Point","coordinates":[-62.891476168635407,-33.903861104502397]}},
{"type":"Feature","properties":{"field_1":5,"field_2":"8-143-5-CBA","field_3":"pedalnia_san_martin","field_4":4506916.62,"field_5":6249306.65,"field_6":null,"field_7":null},"geometry":{"type":"Point","coordinates":[-62.925220996644995,-33.900792377458288]}},
{"type":"Feature","properties":{"field_1":1,"field_2":"8-144-1-CBA","field_3":"pedalnia_san_martin","field_4":4509380.92,"field_5":6239305.45,"field_6":null,"field_7":null},"geometry":{"type":"Point","coordinates":[-62.898470661924485,-33.990937926396043]}},
{"type":"Feature","properties":{"field_1":2,"field_2":"8-144-2-CBA","field_3":"pedalnia_san_martin","field_4":4504307.77,"field_5":6245091.64,"field_6":null,"field_7":null},"geometry":{"type":"Point","coordinates":[-62.953406512907861,-33.938806388285983]}},
{"type":"Feature","properties":{"field_1":3,"field_2":"8-144-3-CBA","field_3":"pedalnia_san_martin","field_4":4510261.8,"field_5":6247286.2,"field_6":null,"field_7":null},"geometry":{"type":"Point","coordinates":[-62.889030227629434,-33.918980337081649]}},
{"type":"Feature","properties":{"field_1":4,"field_2":"8-144-4-CBA","field_3":"pedalnia_san_martin","field_4":4507863.66,"field_5":6241946.59,"field_6":null,"field_7":null},"geometry":{"type":"Point","coordinates":[-62.914915889794457,-33.967139622368755]}},
{"type":"Feature","properties":{"field_1":5,"field_2":"8-144-5-CBA","field_3":"pedalnia_san_martin","field_4":4509827.13,"field_5":6245358.47,"field_6":null,"field_7":null},"geometry":{"type":"Point","coordinates":[-62.893709171854447,-33.936363746854497]}},
{"type":"Feature","properties":{"field_1":1,"field_2":"8-145-1-CBA","field_3":"pedalnia_san_martin","field_4":4505257.99,"field_5":6238123.59,"field_6":null,"field_7":null},"geometry":{"type":"Point","coordinates":[-62.943086588483027,-34.001621496356044]}},
{"type":"Feature","properties":{"field_1":2,"field_2":"8-145-2-CBA","field_3":"pedalnia_san_martin","field_4":4507876.06,"field_5":6238088.42,"field_6":null,"field_7":null},"geometry":{"type":"Point","coordinates":[-62.914746999652372,-34.0019221893386]}},
{"type":"Feature","properties":{"field_1":3,"field_2":"8-145-3-CBA","field_3":"pedalnia_san_martin","field_4":4501711.85,"field_5":6229915.25,"field_6":null,"field_7":null},"geometry":{"type":"Point","coordinates":[-62.981455675226549,-34.075633552405648]}},
{"type":"Feature","properties":{"field_1":4,"field_2":"8-145-4-CBA","field_3":"pedalnia_san_martin","field_4":4502607.72,"field_5":6232292.8,"field_6":null,"field_7":null},"geometry":{"type":"Point","coordinates":[-62.971757017755998,-34.054197576003851]}},
{"type":"Feature","properties":{"field_1":1,"field_2":"8-146-1-CBA","field_3":"pedalnia_san_martin","field_4":4510281.26,"field_5":6226927.06,"field_6":null,"field_7":null},"geometry":{"type":"Point","coordinates":[-62.888580307233099,-34.10252350082704]}},
{"type":"Feature","properties":{"field_1":2,"field_2":"8-146-2-CBA","field_3":"pedalnia_lapaz","field_4":4511058.1,"field_5":6219037.25,"field_6":null,"field_7":null},"geometry":{"type":"Point","coordinates":[-62.880061006167637,-34.173642927405098]}},
{"type":"Feature","properties":{"field_1":1,"field_2":"8-147-1-CBA","field_3":"pedalnia_san_martin","field_4":4505892.49,"field_5":6216881.03,"field_6":null,"field_7":null},"geometry":{"type":"Point","coordinates":[-62.936074627825285,-34.193123299449283]}},
{"type":"Feature","properties":{"field_1":1,"field_2":"8-165-1-CBA","field_3":"pedalnia_loboy_cordoba","field_4":4516494.57,"field_5":6256348.43,"field_6":null,"field_7":null},"geometry":{"type":"Point","coordinates":[-62.821798968354614,-33.83720109917418]}},
{"type":"Feature","properties":{"field_1":2,"field_2":"8-165-2-CBA","field_3":"pedalnia_loboy_cordoba","field_4":4512314.58,"field_5":6253299.78,"field_6":null,"field_7":null},"geometry":{"type":"Point","coordinates":[-62.866915671330297,-33.864743220944234]}},
{"type":"Feature","properties":{"field_1":3,"field_2":"8-165-3-CBA","field_3":"pedalnia_san_martin","field_4":4513541.19,"field_5":6250507.16,"field_6":null,"field_7":null},"geometry":{"type":"Point","coordinates":[-62.853616518075626,-33.889904958814931]}},
{"type":"Feature","properties":{"field_1":4,"field_2":"8-165-4-CBA","field_3":"pedalnia_loboy_cordoba","field_4":4516804.2,"field_5":6252674.56,"field_6":null,"field_7":null},"geometry":{"type":"Point","coordinates":[-62.818383739188,-33.870317928981173]}},
{"type":"Feature","properties":{"field_1":5,"field_2":"8-165-5-CBA","field_3":"pedalnia_lapaz","field_4":4520960.37,"field_5":6248941.16,"field_6":null,"field_7":null},"geometry":{"type":"Point","coordinates":[-62.773375601071145,-33.90390167434802]}},
{"type":"Feature","properties":{"field_1":6,"field_2":"8-165-6-CBA","field_3":"pedalnia_san_martin","field_4":4516506.48,"field_5":6249749.47,"field_6":null,"field_7":null},"geometry":{"type":"Point","coordinates":[-62.821546555674651,-33.896693602570657]}},
{"type":"Feature","properties":{"field_1":1,"field_2":"8-166-1-CBA","field_3":"pedalnia_lapaz","field_4":4520485.51,"field_5":6247180.51,"field_6":null,"field_7":null},"geometry":{"type":"Point","coordinates":[-62.778468747255637,-33.919783932490873]}},
{"type":"Feature","properties":{"field_1":2,"field_2":"8-166-2-CBA","field_3":"pedalnia_san_martin","field_4":4513816.58,"field_5":6246674.39,"field_6":null,"field_7":null},"geometry":{"type":"Point","coordinates":[-62.850579183241216,-33.924455411860876]}},
{"type":"Feature","properties":{"field_1":3,"field_2":"8-166-3-CBA","field_3":"pedalnia_san_martin","field_4":4513177.97,"field_5":6243850.51,"field_6":null,"field_7":null},"geometry":{"type":"Point","coordinates":[-62.857443134302557,-33.949921941542193]}},
{"type":"Feature","properties":{"field_1":4,"field_2":"8-166-4-CBA","field_3":"pedalnia_lapaz","field_4":4517855.15,"field_5":6244221.18,"field_6":null,"field_7":null},"geometry":{"type":"Point","coordinates":[-62.806853424756056,-33.946511237456164]}},
{"type":"Feature","properties":{"field_1":5,"field_2":"8-166-5-CBA","field_3":"pedalnia_lapaz","field_4":4520766.85,"field_5":6241535.74,"field_6":null,"field_7":null},"geometry":{"type":"Point","coordinates":[-62.775292637296658,-33.970667853040347]}},
{"type":"Feature","properties":{"field_1":6,"field_2":"8-166-6-CBA","field_3":"pedalnia_lapaz","field_4":4517789.65,"field_5":6241916.82,"field_6":null,"field_7":null},"geometry":{"type":"Point","coordinates":[-62.807515191655611,-33.967286902250407]}},
{"type":"Feature","properties":{"field_1":7,"field_2":"8-166-7-CBA","field_3":"pedalnia_san_martin","field_4":4511632.8,"field_5":6241762.01,"field_6":null,"field_7":null},"geometry":{"type":"Point","coordinates":[-62.874130935586749,-33.968768723669406]}},
{"type":"Feature","properties":{"field_1":8,"field_2":"8-166-8-CBA","field_3":"pedalnia_lapaz","field_4":4520987.16,"field_5":6238796.72,"field_6":null,"field_7":null},"geometry":{"type":"Point","coordinates":[-62.772843097136807,-33.995356474165661]}},
{"type":"Feature","properties":{"field_1":1,"field_2":"8-167-1-CBA","field_3":"pedalnia_lapaz","field_4":4519768.49,"field_5":6236277.54,"field_6":null,"field_7":null},"geometry":{"type":"Point","coordinates":[-62.785976559783087,-34.018091134356453]}},
{"type":"Feature","properties":{"field_1":2,"field_2":"8-167-2-CBA","field_3":"pedalnia_lapaz","field_4":4517004.16,"field_5":6235991.17,"field_6":null,"field_7":null},"geometry":{"type":"Point","coordinates":[-62.815899078973978,-34.020721266885609]}},
{"type":"Feature","properties":{"field_1":3,"field_2":"8-167-3-CBA","field_3":"pedalnia_lapaz","field_4":4519593.77,"field_5":6231785.5,"field_6":null,"field_7":null},"geometry":{"type":"Point","coordinates":[-62.7877673322728,-34.058591027401967]}},
{"type":"Feature","properties":{"field_1":4,"field_2":"8-167-4-CBA","field_3":"pedalnia_lapaz","field_4":4518988.09,"field_5":6230013.14,"field_6":null,"field_7":null},"geometry":{"type":"Point","coordinates":[-62.794289245482943,-34.074580283474965]}},
{"type":"Feature","properties":{"field_1":5,"field_2":"8-167-5-CBA","field_3":"pedalnia_lapaz","field_4":4515823.37,"field_5":6232326.28,"field_6":null,"field_7":null},"geometry":{"type":"Point","coordinates":[-62.828616907264035,-34.053779521988808]}},
{"type":"Feature","properties":{"field_1":1,"field_2":"8-168-1-CBA","field_3":"pedalnia_lapaz","field_4":4515542.25,"field_5":6224809.43,"field_6":null,"field_7":null},"geometry":{"type":"Point","coordinates":[-62.831527568058696,-34.121549224395835]}},
{"type":"Feature","properties":{"field_1":2,"field_2":"8-168-2-CBA","field_3":"pedalnia_lapaz","field_4":4519102.61,"field_5":6226715.21,"field_6":null,"field_7":null},"geometry":{"type":"Point","coordinates":[-62.792976212761729,-34.104309444248898]}},
{"type":"Feature","properties":{"field_1":3,"field_2":"8-168-3-CBA","field_3":"pedalnia_lapaz","field_4":4513141.72,"field_5":6224274.83,"field_6":null,"field_7":null},"geometry":{"type":"Point","coordinates":[-62.85754055674775,-34.126401637045362]}},
{"type":"Feature","properties":{"field_1":1,"field_2":"8-169-1-CBA","field_3":"pedalnia_lapaz","field_4":4520758.84,"field_5":6215253.93,"field_6":null,"field_7":null},"geometry":{"type":"Point","coordinates":[-62.774752691558668,-34.207601484868192]}},
{"type":"Feature","properties":{"field_1":10,"field_2":"8-169-10-CBA","field_3":"pedalnia_lapaz","field_4":4512283.48,"field_5":6211577.08,"field_6":null,"field_7":null},"geometry":{"type":"Point","coordinates":[-62.866664199773766,-34.240882531620791]}},
{"type":"Feature","properties":{"field_1":11,"field_2":"8-169-11-CBA","field_3":"pedalnia_lapaz","field_4":4521109.86,"field_5":6211899.03,"field_6":null,"field_7":null},"geometry":{"type":"Point","coordinates":[-62.770862009486855,-34.23783856482909]}},
{"type":"Feature","properties":{"field_1":12,"field_2":"8-169-12-CBA","field_3":"pedalnia_lapaz","field_4":4516978.57,"field_5":6215061.15,"field_6":null,"field_7":null},"geometry":{"type":"Point","coordinates":[-62.815767471763984,-34.20940785084936]}},
{"type":"Feature","properties":{"field_1":2,"field_2":"8-169-2-CBA","field_3":"pedalnia_lapaz","field_4":4515434.03,"field_5":6216011.11,"field_6":null,"field_7":null},"geometry":{"type":"Point","coordinates":[-62.832544123609118,-34.200868013990544]}},
{"type":"Feature","properties":{"field_1":3,"field_2":"8-169-3-CBA","field_3":"pedalnia_lapaz","field_4":4519526.94,"field_5":6217149.89,"field_6":null,"field_7":null},"geometry":{"type":"Point","coordinates":[-62.788162401228888,-34.190533300520471]}},
{"type":"Feature","properties":{"field_1":4,"field_2":"8-169-4-CBA","field_3":"pedalnia_lapaz","field_4":4519118.31,"field_5":6210364.1,"field_6":null,"field_7":null},"geometry":{"type":"Point","coordinates":[-62.792445450203012,-34.2517142874702]}},
{"type":"Feature","properties":{"field_1":5,"field_2":"8-169-5-CBA","field_3":"pedalnia_lapaz","field_4":4517433.59,"field_5":6216597.24,"field_6":null,"field_7":null},"geometry":{"type":"Point","coordinates":[-62.810861008892189,-34.195552536444723]}},
{"type":"Feature","properties":{"field_1":6,"field_2":"8-169-6-CBA","field_3":"pedalnia_lapaz","field_4":4517457.04,"field_5":6208769.81,"field_6":null,"field_7":null},"geometry":{"type":"Point","coordinates":[-62.810448556621509,-34.266115832838182]}},
{"type":"Feature","properties":{"field_1":7,"field_2":"8-169-7-CBA","field_3":"pedalnia_lapaz","field_4":4512008.65,"field_5":6215205.7,"field_6":null,"field_7":null},"geometry":{"type":"Point","coordinates":[-62.869697861766284,-34.20817387670273]}},
{"type":"Feature","properties":{"field_1":8,"field_2":"8-169-8-CBA","field_3":"pedalnia_lapaz","field_4":4518039.82,"field_5":6212025.38,"field_6":null,"field_7":null},"geometry":{"type":"Point","coordinates":[-62.804188604599531,-34.236757276128976]}},
{"type":"Feature","properties":{"field_1":9,"field_2":"8-169-9-CBA","field_3":"pedalnia_lapaz","field_4":4520253.74,"field_5":6213125.64,"field_6":null,"field_7":null},"geometry":{"type":"Point","coordinates":[-62.7801835481716,-34.226797805874241]}},
{"type":"Feature","properties":{"field_1":1,"field_2":"8-187-1-CBA","field_3":"pedalnia_tunas_cordoba","field_4":4522585.92,"field_5":6257355.47,"field_6":null,"field_7":null},"geometry":{"type":"Point","coordinates":[-62.756015972959219,-33.82800948371694]}},
{"type":"Feature","properties":{"field_1":2,"field_2":"8-187-2-CBA","field_3":"pedalnia_tunas_cordoba","field_4":4530630.32,"field_5":6255962.14,"field_6":null,"field_7":null},"geometry":{"type":"Point","coordinates":[-62.669068570657878,-33.840368374017885]}},
{"type":"Feature","properties":{"field_1":3,"field_2":"8-187-3-CBA","field_3":"pedalnia_tunas_cordoba","field_4":4536164.93,"field_5":6251992.79,"field_6":null,"field_7":null},"geometry":{"type":"Point","coordinates":[-62.609110196307988,-33.875978307000878]}},
{"type":"Feature","properties":{"field_1":4,"field_2":"8-187-4-CBA","field_3":"pedalnia_tunas_cordoba","field_4":4529683.57,"field_5":6249120.53,"field_6":null,"field_7":null},"geometry":{"type":"Point","coordinates":[-62.679066458206997,-33.902074982362883]}},
{"type":"Feature","properties":{"field_1":5,"field_2":"8-187-5-CBA","field_3":"pedalnia_tunas_cordoba","field_4":4521624.29,"field_5":6251965.99,"field_6":null,"field_7":null},"geometry":{"type":"Point","coordinates":[-62.766271660068782,-33.876618210374708]}},
{"type":"Feature","properties":{"field_1":6,"field_2":"8-187-6-CBA","field_3":"pedalnia_tunas_cordoba","field_4":4524262.09,"field_5":6254511.5,"field_6":null,"field_7":null},"geometry":{"type":"Point","coordinates":[-62.737830924331632,-33.853612005653439]}},
{"type":"Feature","properties":{"field_1":7,"field_2":"8-187-7-CBA","field_3":"pedalnia_tunas_cordoba","field_4":4526396.74,"field_5":6255497.7,"field_6":null,"field_7":null},"geometry":{"type":"Point","coordinates":[-62.71479415700221,-33.844669782708067]}},
{"type":"Feature","properties":{"field_1":1,"field_2":"8-188-1-CBA","field_3":"pedalnia_lapaz","field_4":4528394.44,"field_5":6247216.24,"field_6":null,"field_7":null},"geometry":{"type":"Point","coordinates":[-62.692942641096799,-33.919278277494939]}},
{"type":"Feature","properties":{"field_1":2,"field_2":"8-188-2-CBA","field_3":"pedalnia_lapaz","field_4":4524404.99,"field_5":6242809.98,"field_6":null,"field_7":null},"geometry":{"type":"Point","coordinates":[-62.735961743819708,-33.959102064505934]}},
{"type":"Feature","properties":{"field_1":3,"field_2":"8-188-3-CBA","field_3":"pedalnia_lapaz","field_4":4529412.64,"field_5":6244661.8,"field_6":null,"field_7":null},"geometry":{"type":"Point","coordinates":[-62.681846295000341,-33.942279313721805]}},
{"type":"Feature","properties":{"field_1":4,"field_2":"8-188-4-CBA","field_3":"pedalnia_lapaz","field_4":4524239.81,"field_5":6239287.54,"field_6":null,"field_7":null},"geometry":{"type":"Point","coordinates":[-62.737651311010531,-33.990861580162132]}},
{"type":"Feature","properties":{"field_1":5,"field_2":"8-188-5-CBA","field_3":"pedalnia_lapaz","field_4":4530265.52,"field_5":6243777.79,"field_6":null,"field_7":null},"geometry":{"type":"Point","coordinates":[-62.672590341830933,-33.950224694804859]}},
{"type":"Feature","properties":{"field_1":6,"field_2":"8-188-6-CBA","field_3":"pedalnia_lapaz","field_4":4530194.68,"field_5":6242711.03,"field_6":null,"field_7":null},"geometry":{"type":"Point","coordinates":[-62.673319924777559,-33.959843819612416]}},
{"type":"Feature","properties":{"field_1":7,"field_2":"8-188-7-CBA","field_3":"pedalnia_lapaz","field_4":4528655.27,"field_5":6231232.15,"field_6":null,"field_7":null},"geometry":{"type":"Point","coordinates":[-62.689598518580745,-34.063370875565077]}},
{"type":"Feature","properties":{"field_1":1,"field_2":"8-189-1-CBA","field_3":"pedalnia_lapaz","field_4":4522263.06,"field_5":6231272.35,"field_6":null,"field_7":null},"geometry":{"type":"Point","coordinates":[-62.758841420863057,-34.063163827391094]}},
{"type":"Feature","properties":{"field_1":2,"field_2":"8-189-2-CBA","field_3":"pedalnia_lapaz","field_4":4527880.2,"field_5":6234312.56,"field_6":null,"field_7":null},"geometry":{"type":"Point","coordinates":[-62.69809267020154,-34.035621541438069]}},
{"type":"Feature","properties":{"field_1":4,"field_2":"8-189-4-CBA","field_3":"pedalnia_lapaz","field_4":4530038.6,"field_5":6229421.6,"field_6":null,"field_7":null},"geometry":{"type":"Point","coordinates":[-62.674551636768548,-34.079654341227446]}},
{"type":"Feature","properties":{"field_1":1,"field_2":"8-190-1-CBA","field_3":"pedalnia_lapaz","field_4":4524555.36,"field_5":6220281.11,"field_6":null,"field_7":null},"geometry":{"type":"Point","coordinates":[-62.733700409330176,-34.162199179432243]}},
{"type":"Feature","properties":{"field_1":2,"field_2":"8-190-2-CBA","field_3":"pedalnia_lapaz","field_4":4526310.42,"field_5":6223818.03,"field_6":null,"field_7":null},"geometry":{"type":"Point","coordinates":[-62.714774278725478,-34.130271124829171]}},
{"type":"Feature","properties":{"field_1":10,"field_2":"8-201-10-CBA","field_3":"pedalnia_tunas_cordoba","field_4":4531899.04,"field_5":6258127.35,"field_6":null,"field_7":null},"geometry":{"type":"Point","coordinates":[-62.655439723896585,-33.820810591890329]}},
{"type":"Feature","properties":{"field_1":1,"field_2":"8-209-1-CBA","field_3":"pedalnia_tunas_cordoba","field_4":4537108.71,"field_5":6257554.2,"field_6":null,"field_7":null},"geometry":{"type":"Point","coordinates":[-62.599143752016694,-33.825807691679913]}},
{"type":"Feature","properties":{"field_1":2,"field_2":"8-209-2-CBA","field_3":"pedalnia_tunas_cordoba","field_4":4540797.46,"field_5":6255065.26,"field_6":null,"field_7":null},"geometry":{"type":"Point","coordinates":[-62.559182718220413,-33.848110238891579]}},
{"type":"Feature","properties":{"field_1":4,"field_2":"8-209-4-CBA","field_3":"pedalnia_tunas_cordoba","field_4":4541089.22,"field_5":6251552.16,"field_6":null,"field_7":null},"geometry":{"type":"Point","coordinates":[-62.555866357966231,-33.879770370155327]}},
{"type":"Feature","properties":{"field_1":5,"field_2":"8-209-5-CBA","field_3":"pedalnia_tunas_cordoba","field_4":4533074.23,"field_5":6249795.61,"field_6":null,"field_7":null},"geometry":{"type":"Point","coordinates":[-62.642433043098222,-33.895887985307873]}},
{"type":"Feature","properties":{"field_1":6,"field_2":"8-209-6-CBA","field_3":"pedalnia_tunas_cordoba","field_4":4539710.41,"field_5":6249676.52,"field_6":null,"field_7":null},"geometry":{"type":"Point","coordinates":[-62.570684906503217,-33.896732496308616]}},
{"type":"Feature","properties":{"field_1":7,"field_2":"8-209-7-CBA","field_3":"pedalnia_tunas_cordoba","field_4":4537480.48,"field_5":6248595.8,"field_6":null,"field_7":null},"geometry":{"type":"Point","coordinates":[-62.594746465393904,-33.906557087735017]}},
{"type":"Feature","properties":{"field_1":8,"field_2":"8-209-8-CBA","field_3":"pedalnia_tunas_cordoba","field_4":4534866.5,"field_5":6250088.12,"field_6":null,"field_7":null},"geometry":{"type":"Point","coordinates":[-62.623068601179483,-33.893193168631775]}},
{"type":"Feature","properties":{"field_1":9,"field_2":"8-209-9-CBA","field_3":"pedalnia_tunas_cordoba","field_4":4538576.09,"field_5":6253721.8,"field_6":null,"field_7":null},"geometry":{"type":"Point","coordinates":[-62.58312534330485,-33.860305401952225]}},
{"type":"Feature","properties":{"field_1":1,"field_2":"8-210-1-CBA","field_3":"pedalnia_lapaz","field_4":4534271.43,"field_5":6242905.25,"field_6":null,"field_7":null},"geometry":{"type":"Point","coordinates":[-62.629221178050599,-33.957967929361715]}},
{"type":"Feature","properties":{"field_1":2,"field_2":"8-210-2-CBA","field_3":"pedalnia_lapaz","field_4":4539981.7,"field_5":6244209.27,"field_6":null,"field_7":null},"geometry":{"type":"Point","coordinates":[-62.567503024534567,-33.94601043470054]}},
{"type":"Feature","properties":{"field_1":3,"field_2":"8-210-3-CBA","field_3":"pedalnia_lapaz","field_4":4534140.44,"field_5":6239803.01,"field_6":null,"field_7":null},"geometry":{"type":"Point","coordinates":[-62.630517383362481,-33.985939399571663]}},
{"type":"Feature","properties":{"field_1":4,"field_2":"8-211-4-CBA","field_3":"pedalnia_lapaz","field_4":4533474.75,"field_5":6231929.97,"field_6":null,"field_7":null},"geometry":{"type":"Point","coordinates":[-62.637419990660284,-34.056937070796458]}},
{"type":"Feature","properties":{"field_1":1,"field_2":"9-126-1-CBA","field_3":"pedalnia_san_martin","field_4":4492760.64,"field_5":6207141.48,"field_6":null,"field_7":null},"geometry":{"type":"Point","coordinates":[-63.078622398219139,-34.280916429934685]}},
{"type":"Feature","properties":{"field_1":2,"field_2":"9-126-2-CBA","field_3":"pedalnia_san_martin","field_4":4493240.44,"field_5":6204979.47,"field_6":null,"field_7":null},"geometry":{"type":"Point","coordinates":[-63.073428644355708,-34.300409918980293]}},
{"type":"Feature","properties":{"field_1":3,"field_2":"9-126-3-CBA","field_3":"pedalnia_san_martin","field_4":4493543.87,"field_5":6201027.61,"field_6":null,"field_7":null},"geometry":{"type":"Point","coordinates":[-63.070162220348919,-34.336037228582676]}},
{"type":"Feature","properties":{"field_1":4,"field_2":"9-126-4-CBA","field_3":"pedalnia_san_martin","field_4":4496419.41,"field_5":6202018.13,"field_6":null,"field_7":null},"geometry":{"type":"Point","coordinates":[-63.038908831695601,-34.327121783515253]}},
{"type":"Feature","properties":{"field_1":5,"field_2":"9-126-5-CBA","field_3":"pedalnia_san_martin","field_4":4500325.18,"field_5":6203095.66,"field_6":null,"field_7":null},"geometry":{"type":"Point","coordinates":[-62.996468660956786,-34.317414153906377]}},
{"type":"Feature","properties":{"field_1":1,"field_2":"9-127-1-CBA","field_3":"pedalnia_san_martin","field_4":4498088.05,"field_5":6197324.57,"field_6":null,"field_7":null},"geometry":{"type":"Point","coordinates":[-63.020787625909833,-34.369437706683456]}},
{"type":"Feature","properties":{"field_1":3,"field_2":"9-127-3-CBA","field_3":"pedalnia_san_martin","field_4":4492444.38,"field_5":6198066.63,"field_6":null,"field_7":null},"geometry":{"type":"Point","coordinates":[-63.082136694568277,-34.362722411648228]}},
{"type":"Feature","properties":{"field_1":4,"field_2":"9-127-4-CBA","field_3":"pedalnia_san_martin","field_4":4495093.93,"field_5":6196437.9,"field_6":null,"field_7":null},"geometry":{"type":"Point","coordinates":[-63.053343510833209,-34.377420967008725]}},
{"type":"Feature","properties":{"field_1":1,"field_2":"9-148-1-CBA","field_3":"pedalnia_lapaz","field_4":4507688.34,"field_5":6204093.03,"field_6":null,"field_7":null},"geometry":{"type":"Point","coordinates":[-62.916477812141501,-34.30839458768893]}},
{"type":"Feature","properties":{"field_1":2,"field_2":"9-148-2-CBA","field_3":"pedalnia_lapaz","field_4":4509489.01,"field_5":6199829.19,"field_6":null,"field_7":null},"geometry":{"type":"Point","coordinates":[-62.896868864408049,-34.346817423290823]}},
{"type":"Feature","properties":{"field_1":3,"field_2":"9-148-3-CBA","field_3":"pedalnia_lapaz","field_4":4507311.38,"field_5":6199723.11,"field_6":null,"field_7":null},"geometry":{"type":"Point","coordinates":[-62.920535862207466,-34.347791361107575]}},
{"type":"Feature","properties":{"field_1":4,"field_2":"9-148-4-CBA","field_3":"pedalnia_san_martin","field_4":4501488.69,"field_5":6207271.67,"field_6":null,"field_7":null},"geometry":{"type":"Point","coordinates":[-62.983834487344609,-34.279766935004808]}},
{"type":"Feature","properties":{"field_1":3,"field_2":"9-149-3-CBA","field_3":"pedalnia_lapaz","field_4":4508450.52,"field_5":6195791.02,"field_6":null,"field_7":null},"geometry":{"type":"Point","coordinates":[-62.908116117494814,-34.383229561152099]}},
{"type":"Feature","properties":{"field_1":4,"field_2":"9-149-4-CBA","field_3":"pedalnia_san_martin","field_4":4504271.91,"field_5":6197721.44,"field_6":null,"field_7":null},"geometry":{"type":"Point","coordinates":[-62.953561252805294,-34.365852970190119]}},
{"type":"Feature","properties":{"field_1":1,"field_2":"9-170-1-CBA","field_3":"pedalnia_lapaz","field_4":4512046.97,"field_5":6205317.68,"field_6":null,"field_7":null},"geometry":{"type":"Point","coordinates":[-62.869144137670624,-34.297313122876368]}},
{"type":"Feature","properties":{"field_1":3,"field_2":"9-170-3-CBA","field_3":"pedalnia_lapaz","field_4":4515715.76,"field_5":6203834.11,"field_6":null,"field_7":null},"geometry":{"type":"Point","coordinates":[-62.829265787252297,-34.310638203464457]}}
]
}
