{
"type": "FeatureCollection",
"name": "lagunas-santafe",
"crs": { "type": "name", "properties": { "name": "urn:ogc:def:crs:OGC:1.3:CRS84" } },
"features": [
{"type":"Feature","properties":{"field_1":1,"field_2":"12-216-1-SF","field_3":"distrito_san_francisco_de_santa_fe","field_4":4583318.32,"field_5":6285103.57,"field_6":null,"field_7":null},"geometry":{"type":"Point","coordinates":[-62.102600429219422,-33.574827470121548]}},
{"type":"Feature","properties":{"field_1":5,"field_2":"12-233-5-SF","field_3":"distrito_rufino","field_4":4546731.73,"field_5":6219915.27,"field_6":null,"field_7":null},"geometry":{"type":"Point","coordinates":[-62.493185714391124,-34.164739748736764]}},
{"type":"Feature","properties":{"field_1":3,"field_2":"12-251-3-SF","field_3":"distrito_maggiolo","field_4":4562961.11,"field_5":6276640.33,"field_6":null,"field_7":null},"geometry":{"type":"Point","coordinates":[-62.32124957089615,-33.652521202532164]}},
{"type":"Feature","properties":{"field_1":4,"field_2":"12-251-4-SF","field_3":"distrito_maggiolo","field_4":4560877.18,"field_5":6272229.86,"field_6":"La Bademia","field_7":null},"geometry":{"type":"Point","coordinates":[-62.3434119664728,-33.692403765293832]}},
{"type":"Feature","properties":{"field_1":1,"field_2":"12-252-1-SF","field_3":"distrito_maggiolo","field_4":4556290.98,"field_5":6266424.4,"field_6":null,"field_7":null},"geometry":{"type":"Point","coordinates":[-62.392505283166862,-33.744994194020009]}},
{"type":"Feature","properties":{"field_1":2,"field_2":"12-252-2-SF","field_3":"distrito_maggiolo","field_4":4558626.85,"field_5":6267326.4,"field_6":null,"field_7":null},"geometry":{"type":"Point","coordinates":[-62.367357419497907,-33.736735929078513]}},
{"type":"Feature","properties":{"field_1":3,"field_2":"12-252-3-SF","field_3":"distrito_maggiolo","field_4":4560032.73,"field_5":6265024.74,"field_6":null,"field_7":null},"geometry":{"type":"Point","coordinates":[-62.352031320600211,-33.757406979882141]}},
{"type":"Feature","properties":{"field_1":4,"field_2":"12-252-4-SF","field_3":"distrito_maggiolo","field_4":4559914.53,"field_5":6262741.75,"field_6":null,"field_7":null},"geometry":{"type":"Point","coordinates":[-62.35315242841061,-33.77799500148334]}},
{"type":"Feature","properties":{"field_1":5,"field_2":"12-252-5-SF","field_3":"distrito_maggiolo","field_4":4559516.41,"field_5":6261174.14,"field_6":null,"field_7":null},"geometry":{"type":"Point","coordinates":[-62.357344815291157,-33.792149552577776]}},
{"type":"Feature","properties":{"field_1":6,"field_2":"12-252-6-SF","field_3":"distrito_maggiolo","field_4":4556409.17,"field_5":6258570.78,"field_6":"Del Toro","field_7":null},"geometry":{"type":"Point","coordinates":[-62.390728711396271,-33.81578927062688]}},
{"type":"Feature","properties":{"field_1":7,"field_2":"12-252-7-SF","field_3":"distrito_maggiolo","field_4":4560468.17,"field_5":6259886.45,"field_6":null,"field_7":null},"geometry":{"type":"Point","coordinates":[-62.346980159050581,-33.803704149821755]}},
{"type":"Feature","properties":{"field_1":8,"field_2":"12-252-8-SF","field_3":"distrito_maggiolo","field_4":4554580.29,"field_5":6262163.23,"field_6":null,"field_7":null},"geometry":{"type":"Point","coordinates":[-62.410703438559452,-33.783498867680379]}},
{"type":"Feature","properties":{"field_1":9,"field_2":"12-252-9-SF","field_3":"distrito_maggiolo","field_4":4553087.33,"field_5":6259195.96,"field_6":null,"field_7":null},"geometry":{"type":"Point","coordinates":[-62.426643740992013,-33.810325201243657]}},
{"type":"Feature","properties":{"field_1":3,"field_2":"12-272-3-SF","field_3":"distrito_maggiolo","field_4":4570335.74,"field_5":6285570.13,"field_6":null,"field_7":null},"geometry":{"type":"Point","coordinates":[-62.242457715061711,-33.571556224746601]}},
{"type":"Feature","properties":{"field_1":4,"field_2":"12-272-4-SF","field_3":"distrito_san_francisco_de_santa_fe","field_4":4570659.22,"field_5":6286375.7,"field_6":null,"field_7":null},"geometry":{"type":"Point","coordinates":[-62.239037687894211,-33.564272520667465]}},
{"type":"Feature","properties":{"field_1":5,"field_2":"12-272-5-SF","field_3":"distrito_maggiolo","field_4":4570307.75,"field_5":6281778.62,"field_6":null,"field_7":null},"geometry":{"type":"Point","coordinates":[-62.242460464625339,-33.605739006015654]}},
{"type":"Feature","properties":{"field_1":6,"field_2":"12-272-6-SF","field_3":"distrito_maggiolo","field_4":4571178.65,"field_5":6283172.05,"field_6":"La Nieve / Las Playas","field_7":null},"geometry":{"type":"Point","coordinates":[-62.233188745027064,-33.593119296916299]}},
{"type":"Feature","properties":{"field_1":1,"field_2":"12-273-1-SF","field_3":"distrito_maggiolo","field_4":4568254.92,"field_5":6276360.39,"field_6":null,"field_7":null},"geometry":{"type":"Point","coordinates":[-62.264162136747721,-33.654718397860115]}},
{"type":"Feature","properties":{"field_1":2,"field_2":"12-273-2-SF","field_3":"distrito_maggiolo","field_4":4566338.95,"field_5":6277847.14,"field_6":null,"field_7":null},"geometry":{"type":"Point","coordinates":[-62.284927151671404,-33.641436378518421]}},
{"type":"Feature","properties":{"field_1":4,"field_2":"12-273-4-SF","field_3":"distrito_maggiolo","field_4":4565393.4,"field_5":6273399.35,"field_6":null,"field_7":null},"geometry":{"type":"Point","coordinates":[-62.294791579674012,-33.681592277403524]}},
{"type":"Feature","properties":{"field_1":5,"field_2":"12-273-5-SF","field_3":"distrito_maggiolo","field_4":4570643.67,"field_5":6272533.12,"field_6":null,"field_7":null},"geometry":{"type":"Point","coordinates":[-62.238107368321735,-33.689065256367954]}},
{"type":"Feature","properties":{"field_1":6,"field_2":"12-273-6-SF","field_3":"distrito_maggiolo","field_4":4566488.25,"field_5":6269777.35,"field_6":null,"field_7":null},"geometry":{"type":"Point","coordinates":[-62.282714094697035,-33.714176838994447]}},
{"type":"Feature","properties":{"field_1":7,"field_2":"12-273-7-SF","field_3":"distrito_maggiolo","field_4":4562482.12,"field_5":6268782.04,"field_6":null,"field_7":null},"geometry":{"type":"Point","coordinates":[-62.325860138955719,-33.723393065059327]}},
{"type":"Feature","properties":{"field_1":1,"field_2":"12-274-1-SF","field_3":"distrito_maggiolo","field_4":4565217.67,"field_5":6263460.24,"field_6":null,"field_7":null},"geometry":{"type":"Point","coordinates":[-62.295955283575054,-33.771204470854236]}},
{"type":"Feature","properties":{"field_1":2,"field_2":"12-274-2-SF","field_3":"distrito_maggiolo","field_4":4567942.33,"field_5":6264318.69,"field_6":null,"field_7":null},"geometry":{"type":"Point","coordinates":[-62.266609670949862,-33.763294328466955]}},
{"type":"Feature","properties":{"field_1":3,"field_2":"12-274-3-SF","field_3":"distrito_maggiolo","field_4":4570138.24,"field_5":6265301.56,"field_6":null,"field_7":null},"geometry":{"type":"Point","coordinates":[-62.242985966410274,-33.754290768366531]}},
{"type":"Feature","properties":{"field_1":4,"field_2":"12-274-4-SF","field_3":"distrito_maggiolo","field_4":4566878.59,"field_5":6267192.65,"field_6":null,"field_7":null},"geometry":{"type":"Point","coordinates":[-62.278308320706685,-33.737453378422984]}},
{"type":"Feature","properties":{"field_1":5,"field_2":"12-274-5-SF","field_3":"distrito_maggiolo","field_4":4568259.59,"field_5":6259902.0,"field_6":null,"field_7":null},"geometry":{"type":"Point","coordinates":[-62.262844243675268,-33.803089876378991]}},
{"type":"Feature","properties":{"field_1":6,"field_2":"12-274-6-SF","field_3":"distrito_maggiolo","field_4":4562629.86,"field_5":6259842.91,"field_6":null,"field_7":null},"geometry":{"type":"Point","coordinates":[-62.323633458605954,-33.803970878384469]}},
{"type":"Feature","properties":{"field_1":1,"field_2":"12-292-1-SF","field_3":"municipio_chañar_ladeado","field_4":4586026.65,"field_5":6304110.6,"field_6":null,"field_7":null},"geometry":{"type":"Point","coordinates":[-62.07525603953367,-33.403266438491436]}},
{"type":"Feature","properties":{"field_1":2,"field_2":"12-293-2-SF","field_3":"distrito_cafferata","field_4":4573006.75,"field_5":6291513.22,"field_6":null,"field_7":null},"geometry":{"type":"Point","coordinates":[-62.214177298567826,-33.51779910154216]}},
{"type":"Feature","properties":{"field_1":1,"field_2":"12-294-1-SF","field_3":"distrito_san_francisco_de_santa_fe","field_4":4578326.22,"field_5":6287084.86,"field_6":null,"field_7":null},"geometry":{"type":"Point","coordinates":[-62.156537560370658,-33.557344368636222]}},
{"type":"Feature","properties":{"field_1":2,"field_2":"12-294-2-SF","field_3":"distrito_san_francisco_de_santa_fe","field_4":4572220.61,"field_5":6283654.15,"field_6":null,"field_7":null},"geometry":{"type":"Point","coordinates":[-62.222003545414182,-33.588703057466056]}},
{"type":"Feature","properties":{"field_1":3,"field_2":"12-294-3-SF","field_3":"distrito_san_francisco_de_santa_fe","field_4":4576771.05,"field_5":6283094.29,"field_6":null,"field_7":null},"geometry":{"type":"Point","coordinates":[-62.172939989005023,-33.593432289350055]}},
{"type":"Feature","properties":{"field_1":4,"field_2":"12-294-4-SF","field_3":"distrito_maggiolo","field_4":4575358.95,"field_5":6279787.99,"field_6":null,"field_7":null},"geometry":{"type":"Point","coordinates":[-62.187871877957875,-33.623339255738742]}},
{"type":"Feature","properties":{"field_1":5,"field_2":"12-294-5-SF","field_3":"distrito_san_francisco_de_santa_fe","field_4":4575498.92,"field_5":6286310.39,"field_6":null,"field_7":null},"geometry":{"type":"Point","coordinates":[-62.186915485655433,-33.56452993095921]}},
{"type":"Feature","properties":{"field_1":1,"field_2":"12-295-1-SF","field_3":"distrito_maggiolo","field_4":4579222.0,"field_5":6276190.88,"field_6":null,"field_7":null},"geometry":{"type":"Point","coordinates":[-62.145924321957501,-33.655486258396138]}},
{"type":"Feature","properties":{"field_1":2,"field_2":"12-295-2-SF","field_3":"distrito_maggiolo","field_4":4576404.03,"field_5":6273460.0,"field_6":null,"field_7":null},"geometry":{"type":"Point","coordinates":[-62.176066823834859,-33.680310916560899]}},
{"type":"Feature","properties":{"field_1":3,"field_2":"12-295-3-SF","field_3":"distrito_maggiolo","field_4":4572671.61,"field_5":6269472.54,"field_6":null,"field_7":null},"geometry":{"type":"Point","coordinates":[-62.215987109934886,-33.716519296742646]}},
{"type":"Feature","properties":{"field_1":6,"field_2":"12-295-6-SF","field_3":"distrito_maggiolo","field_4":4580873.59,"field_5":6270937.51,"field_6":null,"field_7":null},"geometry":{"type":"Point","coordinates":[-62.127642454859412,-33.702719710565653]}},
{"type":"Feature","properties":{"field_1":1,"field_2":"12-296-1-SF","field_3":"distrito_maggiolo","field_4":4576548.66,"field_5":6267559.67,"field_6":"Colorada","field_7":null},"geometry":{"type":"Point","coordinates":[-62.173998247300553,-33.733490822424315]}},
{"type":"Feature","properties":{"field_1":2,"field_2":"12-296-2-SF","field_3":"distrito_maggiolo","field_4":4577662.16,"field_5":6267485.03,"field_6":"Colorada","field_7":null},"geometry":{"type":"Point","coordinates":[-62.161977524970759,-33.734082729643568]}},
{"type":"Feature","properties":{"field_1":3,"field_2":"12-296-3-SF","field_3":"distrito_maggiolo","field_4":4577699.48,"field_5":6263273.62,"field_6":null,"field_7":null},"geometry":{"type":"Point","coordinates":[-62.16120522208459,-33.77204462019612]}},
{"type":"Feature","properties":{"field_1":4,"field_2":"12-296-4-SF","field_3":"distrito_maggiolo","field_4":4576648.19,"field_5":6260082.4,"field_6":null,"field_7":null},"geometry":{"type":"Point","coordinates":[-62.172276509787352,-33.800889064558937]}},
{"type":"Feature","properties":{"field_1":5,"field_2":"12-296-5-SF","field_3":"distrito_maggiolo","field_4":4573289.02,"field_5":6263796.16,"field_6":null,"field_7":null},"geometry":{"type":"Point","coordinates":[-62.208857079137999,-33.767648436020494]}},
{"type":"Feature","properties":{"field_1":6,"field_2":"12-296-6-SF","field_3":"distrito_maggiolo","field_4":4571908.02,"field_5":6261531.83,"field_6":null,"field_7":null},"geometry":{"type":"Point","coordinates":[-62.223579417315086,-33.788155591040884]}},
{"type":"Feature","properties":{"field_1":1,"field_2":"12-315-1-SF","field_3":"distrito_cafferata","field_4":4587095.06,"field_5":6292533.41,"field_6":null,"field_7":null},"geometry":{"type":"Point","coordinates":[-62.062650093466111,-33.507547534572062]}},
{"type":"Feature","properties":{"field_1":2,"field_2":"12-316-2-SF","field_3":"distrito_venado_tuerto","field_4":4589968.24,"field_5":6278997.97,"field_6":null,"field_7":null},"geometry":{"type":"Point","coordinates":[-62.030368496985425,-33.62932700698488]}},
{"type":"Feature","properties":{"field_1":3,"field_2":"12-316-3-SF","field_3":"distrito_san_francisco_de_santa_fe","field_4":4585807.83,"field_5":6281289.1,"field_6":null,"field_7":null},"geometry":{"type":"Point","coordinates":[-62.075422727483343,-33.609016588532548]}},
{"type":"Feature","properties":{"field_1":4,"field_2":"12-316-4-SF","field_3":"distrito_venado_tuerto","field_4":4587582.73,"field_5":6280430.75,"field_6":null,"field_7":null},"geometry":{"type":"Point","coordinates":[-62.056216097590365,-33.616609909699164]}},
{"type":"Feature","properties":{"field_1":5,"field_2":"12-316-5-SF","field_3":"distrito_san_francisco_de_santa_fe","field_4":4586258.83,"field_5":6279834.27,"field_6":null,"field_7":null},"geometry":{"type":"Point","coordinates":[-62.070422965491247,-33.622095010446465]}},
{"type":"Feature","properties":{"field_1":6,"field_2":"12-316-6-SF","field_3":"distrito_cafferata","field_4":4586535.25,"field_5":6287413.95,"field_6":null,"field_7":null},"geometry":{"type":"Point","coordinates":[-62.068179332107775,-33.553743899997947]}},
{"type":"Feature","properties":{"field_1":7,"field_2":"12-316-7-SF","field_3":"distrito_cafferata","field_4":4582316.23,"field_5":6287806.75,"field_6":null,"field_7":null},"geometry":{"type":"Point","coordinates":[-62.11364156420408,-33.550536436390324]}},
{"type":"Feature","properties":{"field_1":8,"field_2":"12-316-8-SF","field_3":"distrito_la_chispa","field_4":4590739.71,"field_5":6287763.11,"field_6":null,"field_7":null},"geometry":{"type":"Point","coordinates":[-62.022946228487456,-33.550247333587549]}},
{"type":"Feature","properties":{"field_1":9,"field_2":"12-316-9-SF","field_3":"distrito_san_francisco_de_santa_fe","field_4":4586957.15,"field_5":6283129.46,"field_6":null,"field_7":null},"geometry":{"type":"Point","coordinates":[-62.063219662623965,-33.592333144419783]}},
{"type":"Feature","properties":{"field_1":1,"field_2":"12-317-1-SF","field_3":"distrito_san_francisco_de_santa_fe","field_4":4583996.38,"field_5":6276374.39,"field_6":null,"field_7":null},"geometry":{"type":"Point","coordinates":[-62.094475419540942,-33.653465675436294]}},
{"type":"Feature","properties":{"field_1":2,"field_2":"12-317-2-SF","field_3":"distrito_san_francisco_de_santa_fe","field_4":4582218.82,"field_5":6275265.55,"field_6":null,"field_7":null},"geometry":{"type":"Point","coordinates":[-62.113533946296329,-33.663600440863021]}},
{"type":"Feature","properties":{"field_1":3,"field_2":"12-317-3-SF","field_3":"distrito_venado_tuerto","field_4":4589235.75,"field_5":6269713.59,"field_6":null,"field_7":null},"geometry":{"type":"Point","coordinates":[-62.03732984588892,-33.713082870054379]}},
{"type":"Feature","properties":{"field_1":4,"field_2":"12-317-4-SF","field_3":"distrito_venado_tuerto","field_4":4588162.68,"field_5":6268908.01,"field_6":null,"field_7":null},"geometry":{"type":"Point","coordinates":[-62.048824598721382,-33.720434430134766]}},
{"type":"Feature","properties":{"field_1":5,"field_2":"12-317-5-SF","field_3":"distrito_san_francisco_de_santa_fe","field_4":4583739.77,"field_5":6277755.38,"field_6":null,"field_7":null},"geometry":{"type":"Point","coordinates":[-62.097371463777279,-33.641036685966569]}},
{"type":"Feature","properties":{"field_1":6,"field_2":"12-317-6-SF","field_3":"distrito_venado_tuerto","field_4":4587451.79,"field_5":6273753.07,"field_6":null,"field_7":null},"geometry":{"type":"Point","coordinates":[-62.056970731350788,-33.676817322924997]}},
{"type":"Feature","properties":{"field_1":7,"field_2":"12-317-7-SF","field_3":"distrito_venado_tuerto","field_4":4586193.36,"field_5":6271541.72,"field_6":null,"field_7":null},"geometry":{"type":"Point","coordinates":[-62.070324759149756,-33.696854516519949]}},
{"type":"Feature","properties":{"field_1":8,"field_2":"12-317-8-SF","field_3":"distrito_maggiolo","field_4":4582672.67,"field_5":6271047.08,"field_6":null,"field_7":null},"geometry":{"type":"Point","coordinates":[-62.108248555721779,-33.701593423210028]}},
{"type":"Feature","properties":{"field_1":1,"field_2":"12-318-1-SF","field_3":"distrito_maggiolo","field_4":4582531.4,"field_5":6263447.8,"field_6":null,"field_7":null},"geometry":{"type":"Point","coordinates":[-62.109064352176439,-33.770108939964608]}},
{"type":"Feature","properties":{"field_1":2,"field_2":"12-318-2-SF","field_3":"distrito_maggiolo","field_4":4581865.79,"field_5":6260954.86,"field_6":null,"field_7":null},"geometry":{"type":"Point","coordinates":[-62.116018090852627,-33.792633348554354]}},
{"type":"Feature","properties":{"field_1":3,"field_2":"12-318-3-SF","field_3":"distrito_venado_tuerto","field_4":4588509.49,"field_5":6266581.47,"field_6":null,"field_7":null},"geometry":{"type":"Point","coordinates":[-62.044851007248717,-33.741378039678658]}},
{"type":"Feature","properties":{"field_1":1,"field_2":"12-448-1-SF","field_3":"distrito_melincue","field_4":4644826.95,"field_5":6278835.45,"field_6":null,"field_7":null},"geometry":{"type":"Point","coordinates":[-61.439257320362614,-33.624744149390821]}},
{"type":"Feature","properties":{"field_1":1,"field_2":"12-470-1-SF","field_3":"distrito_carreras","field_4":4653553.8,"field_5":6286341.49,"field_6":null,"field_7":null},"geometry":{"type":"Point","coordinates":[-61.346536015018138,-33.555876235787338]}},
{"type":"Feature","properties":{"field_1":2,"field_2":"13-232-2-SF","field_3":"distrito_amenabar","field_4":4548271.88,"field_5":6239333.12,"field_6":null,"field_7":null},"geometry":{"type":"Point","coordinates":[-62.477558961886587,-33.989621159888962]}},
{"type":"Feature","properties":{"field_1":3,"field_2":"13-232-3-SF","field_3":"distrito_amenabar","field_4":4543225.53,"field_5":6239299.63,"field_6":null,"field_7":null},"geometry":{"type":"Point","coordinates":[-62.532171863344281,-33.990142858937574]}},
{"type":"Feature","properties":{"field_1":5,"field_2":"13-232-5-SF","field_3":"distrito_christophersen","field_4":4584112.76,"field_5":6216328.17,"field_6":"La Infinita","field_7":null},"geometry":{"type":"Point","coordinates":[-62.087467225881994,-34.19473018862395]}},
{"type":"Feature","properties":{"field_1":1,"field_2":"13-233-1-SF","field_3":"distrito_amenabar","field_4":4544797.49,"field_5":6235704.66,"field_6":null,"field_7":null},"geometry":{"type":"Point","coordinates":[-62.514974858227212,-34.022485576166204]}},
{"type":"Feature","properties":{"field_1":2,"field_2":"13-233-2-SF","field_3":"distrito_amenabar","field_4":4544788.31,"field_5":6231665.13,"field_6":null,"field_7":null},"geometry":{"type":"Point","coordinates":[-62.51486694920078,-34.058902045698851]}},
{"type":"Feature","properties":{"field_1":3,"field_2":"13-233-3-SF","field_3":"distrito_amenabar","field_4":4542348.64,"field_5":6233772.88,"field_6":null,"field_7":null},"geometry":{"type":"Point","coordinates":[-62.541394340912404,-34.040002238124735]}},
{"type":"Feature","properties":{"field_1":4,"field_2":"13-233-4-SF","field_3":"distrito_amenabar","field_4":4541922.06,"field_5":6230357.44,"field_6":null,"field_7":null},"geometry":{"type":"Point","coordinates":[-62.545849613428835,-34.070809395249668]}},
{"type":"Feature","properties":{"field_1":1,"field_2":"13-234-1-SF","field_3":"distrito_amenabar","field_4":4551269.99,"field_5":6227928.93,"field_6":null,"field_7":null},"geometry":{"type":"Point","coordinates":[-62.444442018103494,-34.09228591981968]}},
{"type":"Feature","properties":{"field_1":2,"field_2":"13-234-2-SF","field_3":"distrito_rufino","field_4":4543849.5,"field_5":6220580.46,"field_6":null,"field_7":null},"geometry":{"type":"Point","coordinates":[-62.524476781475471,-34.158868308225593]}},
{"type":"Feature","properties":{"field_1":3,"field_2":"13-234-3-SF","field_3":"distrito_amenabar","field_4":4546599.32,"field_5":6223631.72,"field_6":null,"field_7":null},"geometry":{"type":"Point","coordinates":[-62.494821164048695,-34.131242824429215]}},
{"type":"Feature","properties":{"field_1":4,"field_2":"13-234-4-SF","field_3":"distrito_amenabar","field_4":4549647.23,"field_5":6222606.82,"field_6":null,"field_7":null},"geometry":{"type":"Point","coordinates":[-62.461721614900917,-34.140341628035458]}},
{"type":"Feature","properties":{"field_1":1,"field_2":"13-235-1-SF","field_3":"distrito_rufino","field_4":4542793.97,"field_5":6210585.68,"field_6":null,"field_7":null},"geometry":{"type":"Point","coordinates":[-62.535429088557656,-34.249012224309645]}},
{"type":"Feature","properties":{"field_1":2,"field_2":"13-235-2-SF","field_3":"distrito_lazzarino","field_4":4549273.58,"field_5":6212810.12,"field_6":null,"field_7":null},"geometry":{"type":"Point","coordinates":[-62.465215585845471,-34.228673127575121]}},
{"type":"Feature","properties":{"field_1":3,"field_2":"13-235-3-SF","field_3":"distrito_lazzarino","field_4":4547425.58,"field_5":6211078.03,"field_6":null,"field_7":null},"geometry":{"type":"Point","coordinates":[-62.485176918568698,-34.244373052122391]}},
{"type":"Feature","properties":{"field_1":4,"field_2":"13-235-4-SF","field_3":"distrito_lazzarino","field_4":4555049.94,"field_5":6212099.13,"field_6":null,"field_7":null},"geometry":{"type":"Point","coordinates":[-62.402479984012622,-34.234792916493923]}},
{"type":"Feature","properties":{"field_1":5,"field_2":"13-235-5-SF","field_3":"distrito_lazzarino","field_4":4553414.58,"field_5":6215492.36,"field_6":null,"field_7":null},"geometry":{"type":"Point","coordinates":[-62.420439165322094,-34.204289761224757]}},
{"type":"Feature","properties":{"field_1":6,"field_2":"13-235-6-SF","field_3":"distrito_lazzarino","field_4":4551067.66,"field_5":6212728.19,"field_6":null,"field_7":null},"geometry":{"type":"Point","coordinates":[-62.445739658064426,-34.229325230784717]}},
{"type":"Feature","properties":{"field_1":7,"field_2":"13-235-7-SF","field_3":"distrito_rufino","field_4":4546325.75,"field_5":6215866.76,"field_6":null,"field_7":null},"geometry":{"type":"Point","coordinates":[-62.497372104098915,-34.201253938347726]}},
{"type":"Feature","properties":{"field_1":3,"field_2":"13-253-3-SF","field_3":"distrito_maggiolo","field_4":4557065.83,"field_5":6254369.55,"field_6":"Zeballos","field_7":null},"geometry":{"type":"Point","coordinates":[-62.383364595034003,-33.853628254911214]}},
{"type":"Feature","properties":{"field_1":4,"field_2":"13-253-4-SF","field_3":"distrito_maggiolo","field_4":4561280.99,"field_5":6256191.59,"field_6":null,"field_7":null},"geometry":{"type":"Point","coordinates":[-62.337946053787213,-33.83696643539335]}},
{"type":"Feature","properties":{"field_1":1,"field_2":"13-254-1-SF","field_3":"distrito_amenabar","field_4":4552020.03,"field_5":6240002.3,"field_6":null,"field_7":null},"geometry":{"type":"Point","coordinates":[-62.437034466081229,-33.98340963790622]}},
{"type":"Feature","properties":{"field_1":1,"field_2":"13-255-1-SF","field_3":"distrito_amenabar","field_4":4555749.12,"field_5":6236328.9,"field_6":null,"field_7":null},"geometry":{"type":"Point","coordinates":[-62.396445519625807,-34.016333396911556]}},
{"type":"Feature","properties":{"field_1":10,"field_2":"13-255-10-SF","field_3":"distrito_amenabar","field_4":4552220.65,"field_5":6232146.04,"field_6":null,"field_7":null},"geometry":{"type":"Point","coordinates":[-62.434393866962147,-34.054222653787399]}},
{"type":"Feature","properties":{"field_1":2,"field_2":"13-255-2-SF","field_3":"distrito_amenabar","field_4":4556268.27,"field_5":6229860.46,"field_6":null,"field_7":null},"geometry":{"type":"Point","coordinates":[-62.390408206879457,-34.074616959683851]}},
{"type":"Feature","properties":{"field_1":3,"field_2":"13-255-3-SF","field_3":"distrito_amenabar","field_4":4556754.34,"field_5":6230990.45,"field_6":null,"field_7":null},"geometry":{"type":"Point","coordinates":[-62.385216120693606,-34.064404216351626]}},
{"type":"Feature","properties":{"field_1":4,"field_2":"13-255-4-SF","field_3":"distrito_amenabar","field_4":4554615.78,"field_5":6228880.78,"field_6":null,"field_7":null},"geometry":{"type":"Point","coordinates":[-62.408248513038629,-34.083535993362609]}},
{"type":"Feature","properties":{"field_1":5,"field_2":"13-255-5-SF","field_3":"distrito_amenabar","field_4":4554615.78,"field_5":6237979.29,"field_6":null,"field_7":null},"geometry":{"type":"Point","coordinates":[-62.408817923816919,-34.001515028964249]}},
{"type":"Feature","properties":{"field_1":6,"field_2":"13-255-6-SF","field_3":"distrito_amenabar","field_4":4552596.33,"field_5":6237092.34,"field_6":null,"field_7":null},"geometry":{"type":"Point","coordinates":[-62.430622961890421,-34.009613862766713]}},
{"type":"Feature","properties":{"field_1":7,"field_2":"13-255-7-SF","field_3":"distrito_amenabar","field_4":4559989.18,"field_5":6230224.91,"field_6":null,"field_7":null},"geometry":{"type":"Point","coordinates":[-62.350124284705998,-34.071125014734619]}},
{"type":"Feature","properties":{"field_1":8,"field_2":"13-255-8-SF","field_3":"distrito_amenabar","field_4":4560170.05,"field_5":6237734.16,"field_6":null,"field_7":null},"geometry":{"type":"Point","coordinates":[-62.348682593169762,-34.003421200120464]}},
{"type":"Feature","properties":{"field_1":9,"field_2":"13-255-9-SF","field_3":"distrito_amenabar","field_4":4560278.9,"field_5":6233447.41,"field_6":null,"field_7":null},"geometry":{"type":"Point","coordinates":[-62.347208593769658,-34.04205869161477]}},
{"type":"Feature","properties":{"field_1":1,"field_2":"13-256-1-SF","field_3":"distrito_amenabar","field_4":4559134.26,"field_5":6222951.8,"field_6":null,"field_7":null},"geometry":{"type":"Point","coordinates":[-62.358891007246214,-34.136737778208612]}},
{"type":"Feature","properties":{"field_1":2,"field_2":"13-256-2-SF","field_3":"distrito_amenabar","field_4":4556215.3,"field_5":6225226.01,"field_6":null,"field_7":null},"geometry":{"type":"Point","coordinates":[-62.390682727693431,-34.11639780385093]}},
{"type":"Feature","properties":{"field_1":3,"field_2":"13-256-3-SF","field_3":"distrito_amenabar","field_4":4556997.38,"field_5":6220861.8,"field_6":null,"field_7":null},"geometry":{"type":"Point","coordinates":[-62.381919822936155,-34.155697009906241]}},
{"type":"Feature","properties":{"field_1":4,"field_2":"13-256-4-SF","field_3":"distrito_amenabar","field_4":4559462.5,"field_5":6219791.69,"field_6":null,"field_7":null},"geometry":{"type":"Point","coordinates":[-62.355116081653314,-34.165206016776516]}},
{"type":"Feature","properties":{"field_1":5,"field_2":"13-256-5-SF","field_3":"distrito_amenabar","field_4":4559780.12,"field_5":6228098.33,"field_6":null,"field_7":null},"geometry":{"type":"Point","coordinates":[-62.352243009655112,-34.090307273414766]}},
{"type":"Feature","properties":{"field_1":1,"field_2":"13-257-1-SF","field_3":"distrito_lazzarino","field_4":4553244.25,"field_5":6211096.88,"field_6":null,"field_7":null},"geometry":{"type":"Point","coordinates":[-62.422016623330542,-34.243921637294626]}},
{"type":"Feature","properties":{"field_1":2,"field_2":"13-257-2-SF","field_3":"distrito_aaron_castellanos","field_4":4561253.98,"field_5":6213501.61,"field_6":null,"field_7":null},"geometry":{"type":"Point","coordinates":[-62.335243374602165,-34.221803824950932]}},
{"type":"Feature","properties":{"field_1":3,"field_2":"13-257-3-SF","field_3":"distrito_lazzarino","field_4":4552039.92,"field_5":6214447.8,"field_6":null,"field_7":null},"geometry":{"type":"Point","coordinates":[-62.435291147931643,-34.2137755762393]}},
{"type":"Feature","properties":{"field_1":1,"field_2":"13-275-1-SF","field_3":"distrito_maggiolo","field_4":4563062.0,"field_5":6256606.07,"field_6":null,"field_7":null},"geometry":{"type":"Point","coordinates":[-62.318735544177308,-33.833125121834975]}},
{"type":"Feature","properties":{"field_1":2,"field_2":"13-275-2-SF","field_3":"distrito_maggiolo","field_4":4565841.97,"field_5":6256552.49,"field_6":null,"field_7":null},"geometry":{"type":"Point","coordinates":[-62.288701186237937,-33.833438562755646]}},
{"type":"Feature","properties":{"field_1":4,"field_2":"13-275-4-SF","field_3":"distrito_maggiolo","field_4":4561888.89,"field_5":6252480.51,"field_6":null,"field_7":null},"geometry":{"type":"Point","coordinates":[-62.331118195006091,-33.870386056872384]}},
{"type":"Feature","properties":{"field_1":5,"field_2":"13-275-5-SF","field_3":"distrito_san_eduardo","field_4":4570121.6,"field_5":6249961.8,"field_6":null,"field_7":null},"geometry":{"type":"Point","coordinates":[-62.241946255926152,-33.892576457460962]}},
{"type":"Feature","properties":{"field_1":6,"field_2":"13-275-6-SF","field_3":"distrito_san_eduardo","field_4":4565579.88,"field_5":6252994.64,"field_6":null,"field_7":null},"geometry":{"type":"Point","coordinates":[-62.291267569812554,-33.865528318835374]}},
{"type":"Feature","properties":{"field_1":7,"field_2":"13-275-7-SF","field_3":"distrito_maggiolo","field_4":4571046.02,"field_5":6255221.96,"field_6":"La Escondida","field_7":null},"geometry":{"type":"Point","coordinates":[-62.23237808635421,-33.845095836649563]}},
{"type":"Feature","properties":{"field_1":8,"field_2":"13-275-8-SF","field_3":"distrito_maggiolo","field_4":4568571.16,"field_5":6255929.71,"field_6":null,"field_7":null},"geometry":{"type":"Point","coordinates":[-62.259171021062933,-33.838879204047927]}},
{"type":"Feature","properties":{"field_1":5,"field_2":"13-277-5-SF","field_3":"distrito_amenabar","field_4":4561925.32,"field_5":6236134.63,"field_6":null,"field_7":null},"geometry":{"type":"Point","coordinates":[-62.329570231960446,-34.017738385017275]}},
{"type":"Feature","properties":{"field_1":1,"field_2":"13-278-1-SF","field_3":"distrito_amenabar","field_4":4570038.28,"field_5":6226251.12,"field_6":null,"field_7":null},"geometry":{"type":"Point","coordinates":[-62.240948080009481,-34.106322449151861]}},
{"type":"Feature","properties":{"field_1":3,"field_2":"13-278-3-SF","field_3":"distrito_amenabar","field_4":4570215.8,"field_5":6223864.71,"field_6":null,"field_7":null},"geometry":{"type":"Point","coordinates":[-62.238831610036705,-34.127822465094404]}},
{"type":"Feature","properties":{"field_1":4,"field_2":"13-278-4-SF","field_3":"distrito_amenabar","field_4":4569742.7,"field_5":6219080.16,"field_6":null,"field_7":null},"geometry":{"type":"Point","coordinates":[-62.24357544928403,-34.170983543274225]}},
{"type":"Feature","properties":{"field_1":1,"field_2":"13-279-1-SF","field_3":"distrito_aaron_castellanos","field_4":4570244.27,"field_5":6214108.05,"field_6":null,"field_7":null},"geometry":{"type":"Point","coordinates":[-62.237732672676636,-34.215769632978834]}},
{"type":"Feature","properties":{"field_1":2,"field_2":"13-279-2-SF","field_3":"distrito_aaron_castellanos","field_4":4563467.69,"field_5":6213472.93,"field_6":null,"field_7":null},"geometry":{"type":"Point","coordinates":[-62.311218500767161,-34.22192978884582]}},
{"type":"Feature","properties":{"field_1":3,"field_2":"13-279-3-SF","field_3":"distrito_aaron_castellanos","field_4":4568290.76,"field_5":6210076.69,"field_6":null,"field_7":null},"geometry":{"type":"Point","coordinates":[-62.258611521724731,-34.252239079775016]}},
{"type":"Feature","properties":{"field_1":1,"field_2":"13-297-1-SF","field_3":"distrito_san_eduardo","field_4":4573017.11,"field_5":6249280.21,"field_6":"Del Feligrés","field_7":null},"geometry":{"type":"Point","coordinates":[-62.210590038857625,-33.898524160592409]}},
{"type":"Feature","properties":{"field_1":2,"field_2":"13-297-2-SF","field_3":"distrito_san_eduardo","field_4":4572420.93,"field_5":6252569.27,"field_6":null,"field_7":null},"geometry":{"type":"Point","coordinates":[-62.21730581454824,-33.868915601804346]}},
{"type":"Feature","properties":{"field_1":4,"field_2":"13-297-4-SF","field_3":"distrito_san_eduardo","field_4":4575217.8,"field_5":6255538.53,"field_6":"La Paloma","field_7":null},"geometry":{"type":"Point","coordinates":[-62.187334563374783,-33.841953202876532]}},
{"type":"Feature","properties":{"field_1":4,"field_2":"13-298-4-SF","field_3":"distrito_san_eduardo","field_4":4580933.69,"field_5":6245348.89,"field_6":null,"field_7":null},"geometry":{"type":"Point","coordinates":[-62.124647336199622,-33.933384442223826]}},
{"type":"Feature","properties":{"field_1":5,"field_2":"13-298-5-SF","field_3":"distrito_san_eduardo","field_4":4578942.26,"field_5":6247534.43,"field_6":"El Doce / Aguará / Del Fuego","field_7":null},"geometry":{"type":"Point","coordinates":[-62.146380458283289,-33.913834292050034]}},
{"type":"Feature","properties":{"field_1":6,"field_2":"13-298-6-SF","field_3":"distrito_san_eduardo","field_4":4580783.09,"field_5":6242292.24,"field_6":"La Amarga / Las Vizcacheras","field_7":null},"geometry":{"type":"Point","coordinates":[-62.125994403576335,-33.960949689000159]}},
{"type":"Feature","properties":{"field_1":5,"field_2":"13-300-5-SF","field_3":"distrito_christophersen","field_4":4580166.72,"field_5":6219245.95,"field_6":"Del Tuerto / Venado / Trawma Truli","field_7":null},"geometry":{"type":"Point","coordinates":[-62.130543012798221,-34.168740244853176]}},
{"type":"Feature","properties":{"field_1":6,"field_2":"13-300-6-SF","field_3":"distrito_christophersen","field_4":4580114.8,"field_5":6223754.18,"field_6":null,"field_7":null},"geometry":{"type":"Point","coordinates":[-62.131522078614573,-34.128106796492546]}},
{"type":"Feature","properties":{"field_1":7,"field_2":"13-300-7-SF","field_3":"distrito_christophersen","field_4":4574178.92,"field_5":6218451.74,"field_6":null,"field_7":null},"geometry":{"type":"Point","coordinates":[-62.195410687537212,-34.176342252981954]}},
{"type":"Feature","properties":{"field_1":1,"field_2":"13-301-1-SF","field_3":"distrito_diego_de_alvear","field_4":4579622.45,"field_5":6210716.83,"field_6":null,"field_7":null},"geometry":{"type":"Point","coordinates":[-62.135660875034681,-34.245663239929385]}},
{"type":"Feature","properties":{"field_1":3,"field_2":"13-301-3-SF","field_3":"distrito_aaron_castellanos","field_4":4572230.83,"field_5":6212297.3,"field_6":null,"field_7":null},"geometry":{"type":"Point","coordinates":[-62.216025675892389,-34.23195611642398]}},
{"type":"Feature","properties":{"field_1":4,"field_2":"13-301-4-SF","field_3":"distrito_diego_de_alvear","field_4":4575484.78,"field_5":6214497.61,"field_6":null,"field_7":null},"geometry":{"type":"Point","coordinates":[-62.180903198448746,-34.2118915132694]}},
{"type":"Feature","properties":{"field_1":5,"field_2":"13-301-5-SF","field_3":"distrito_christophersen","field_4":4578586.84,"field_5":6216331.47,"field_6":"Chadilauquen","field_7":null},"geometry":{"type":"Point","coordinates":[-62.14741187029859,-34.195131684124583]}},
{"type":"Feature","properties":{"field_1":6,"field_2":"13-301-6-SF","field_3":"distrito_diego_de_alvear","field_4":4576368.32,"field_5":6211246.75,"field_6":null,"field_7":null},"geometry":{"type":"Point","coordinates":[-62.171029565701659,-34.241130480074794]}},
{"type":"Feature","properties":{"field_1":1,"field_2":"13-319-1-SF","field_3":"distrito_san_eduardo","field_4":4587771.0,"field_5":6257003.81,"field_6":null,"field_7":null},"geometry":{"type":"Point","coordinates":[-62.05186841190028,-33.827776209380602]}},
{"type":"Feature","properties":{"field_1":2,"field_2":"13-319-2-SF","field_3":"distrito_venado_tuerto","field_4":4591011.5,"field_5":6258018.66,"field_6":null,"field_7":null},"geometry":{"type":"Point","coordinates":[-62.016972511613005,-33.818354017161113]}},
{"type":"Feature","properties":{"field_1":3,"field_2":"13-319-3-SF","field_3":"distrito_san_eduardo","field_4":4584350.48,"field_5":6250124.66,"field_6":null,"field_7":null},"geometry":{"type":"Point","coordinates":[-62.088155006737942,-33.890065990248061]}},
{"type":"Feature","properties":{"field_1":4,"field_2":"13-319-4-SF","field_3":"distrito_san_eduardo","field_4":4586968.75,"field_5":6252649.26,"field_6":null,"field_7":null},"geometry":{"type":"Point","coordinates":[-62.060103790773979,-33.867095841138863]}},
{"type":"Feature","properties":{"field_1":5,"field_2":"13-319-5-SF","field_3":"distrito_san_eduardo","field_4":4589699.81,"field_5":6248883.52,"field_6":null,"field_7":null},"geometry":{"type":"Point","coordinates":[-62.030208005213126,-33.900812325758487]}},
{"type":"Feature","properties":{"field_1":6,"field_2":"13-319-6-SF","field_3":"distrito_san_eduardo","field_4":4581808.99,"field_5":6253315.4,"field_6":null,"field_7":null},"geometry":{"type":"Point","coordinates":[-62.115922796404988,-33.861503583919571]}},
{"type":"Feature","properties":{"field_1":7,"field_2":"13-319-7-SF","field_3":"distrito_san_eduardo","field_4":4589312.35,"field_5":6252292.23,"field_6":null,"field_7":null},"geometry":{"type":"Point","coordinates":[-62.034742669663849,-33.87011844605685]}},
{"type":"Feature","properties":{"field_1":1,"field_2":"13-320-1-SF","field_3":"distrito_san_eduardo","field_4":4588343.32,"field_5":6246992.81,"field_6":null,"field_7":null},"geometry":{"type":"Point","coordinates":[-62.044681823017967,-33.917970118254374]}},
{"type":"Feature","properties":{"field_1":2,"field_2":"13-320-2-SF","field_3":"distrito_san_eduardo","field_4":4588969.65,"field_5":6241921.89,"field_6":null,"field_7":null},"geometry":{"type":"Point","coordinates":[-62.037395337192436,-33.963627302539408]}},
{"type":"Feature","properties":{"field_1":1,"field_2":"13-321-1-SF","field_3":"distrito_san_eduardo","field_4":4584749.47,"field_5":6238103.63,"field_6":null,"field_7":null},"geometry":{"type":"Point","coordinates":[-62.082680615447728,-33.998394413347476]}},
{"type":"Feature","properties":{"field_1":2,"field_2":"13-321-2-SF","field_3":"distrito_san_eduardo","field_4":4582304.44,"field_5":6237346.68,"field_6":"La Regalada","field_7":null},"geometry":{"type":"Point","coordinates":[-62.109071321219986,-34.005412207218384]}},
{"type":"Feature","properties":{"field_1":3,"field_2":"13-321-3-SF","field_3":"distrito_san_eduardo","field_4":4582284.35,"field_5":6234044.22,"field_6":null,"field_7":null},"geometry":{"type":"Point","coordinates":[-62.108977738283677,-34.035182784489741]}},
{"type":"Feature","properties":{"field_1":5,"field_2":"13-321-5-SF","field_3":"distrito_maria_teresa","field_4":4588333.27,"field_5":6230467.11,"field_6":null,"field_7":null},"geometry":{"type":"Point","coordinates":[-62.043121960720534,-34.066934698582031]}},
{"type":"Feature","properties":{"field_1":6,"field_2":"13-321-6-SF","field_3":"distrito_maria_teresa","field_4":4590569.58,"field_5":6235314.69,"field_6":null,"field_7":null},"geometry":{"type":"Point","coordinates":[-62.019403096094074,-34.023048006892921]}},
{"type":"Feature","properties":{"field_1":7,"field_2":"13-321-7-SF","field_3":"distrito_maria_teresa","field_4":4586888.58,"field_5":6231068.25,"field_6":null,"field_7":null},"geometry":{"type":"Point","coordinates":[-62.058829766358308,-34.061636864159823]}},
{"type":"Feature","properties":{"field_1":1,"field_2":"13-322-1-SF","field_3":"distrito_christophersen","field_4":4587212.08,"field_5":6227360.59,"field_6":"Permanente","field_7":null},"geometry":{"type":"Point","coordinates":[-62.054954888383278,-34.095030713795317]}},
{"type":"Feature","properties":{"field_1":2,"field_2":"13-322-2-SF","field_3":"distrito_christophersen","field_4":4583660.09,"field_5":6224905.52,"field_6":null,"field_7":null},"geometry":{"type":"Point","coordinates":[-62.093204523757855,-34.117450811076239]}},
{"type":"Feature","properties":{"field_1":3,"field_2":"13-322-3-SF","field_3":"distrito_christophersen","field_4":4590410.71,"field_5":6224980.88,"field_6":"La Argentina","field_7":null},"geometry":{"type":"Point","coordinates":[-62.020050999755426,-34.116209532060168]}},
{"type":"Feature","properties":{"field_1":4,"field_2":"13-322-4-SF","field_3":"distrito_christophersen","field_4":4591063.83,"field_5":6220954.96,"field_6":null,"field_7":null},"geometry":{"type":"Point","coordinates":[-62.012550848006043,-34.152441579219236]}},
{"type":"Feature","properties":{"field_1":5,"field_2":"13-322-5-SF","field_3":"distrito_christophersen","field_4":4588752.78,"field_5":6219869.77,"field_6":null,"field_7":null},"geometry":{"type":"Point","coordinates":[-62.037496589948304,-34.162422281693161]}},
{"type":"Feature","properties":{"field_1":6,"field_2":"13-322-6-SF","field_3":"distrito_christophersen","field_4":4583532.82,"field_5":6221910.36,"field_6":null,"field_7":null},"geometry":{"type":"Point","coordinates":[-62.094295925389751,-34.14445933390445]}},
{"type":"Feature","properties":{"field_1":1,"field_2":"13-323-1-SF","field_3":"distrito_christophersen","field_4":4585683.1,"field_5":6210644.82,"field_6":null,"field_7":null},"geometry":{"type":"Point","coordinates":[-62.069869757999022,-34.245830868098771]}},
{"type":"Feature","properties":{"field_1":2,"field_2":"13-323-2-SF","field_3":"distrito_san_gregorio","field_4":4589025.75,"field_5":6209003.64,"field_6":null,"field_7":null},"geometry":{"type":"Point","coordinates":[-62.033418954686809,-34.26034325459694]}},
{"type":"Feature","properties":{"field_1":3,"field_2":"13-323-3-SF","field_3":"distrito_diego_de_alvear","field_4":4582151.35,"field_5":6210898.22,"field_6":null,"field_7":null},"geometry":{"type":"Point","coordinates":[-62.108228549253838,-34.243831613197742]}},
{"type":"Feature","properties":{"field_1":4,"field_2":"13-323-4-SF","field_3":"distrito_christophersen","field_4":4589062.1,"field_5":6213457.39,"field_6":null,"field_7":null},"geometry":{"type":"Point","coordinates":[-62.033483297515055,-34.220195497718819]}},
{"type":"Feature","properties":{"field_1":6,"field_2":"13-324-6-SF","field_3":"distrito_amenabar","field_4":4550543.86,"field_5":6225535.8,"field_6":null,"field_7":null},"geometry":{"type":"Point","coordinates":[-62.452170999625352,-34.113894711089848]}},
{"type":"Feature","properties":{"field_1":1,"field_2":"14-236-1-SF","field_3":"distrito_lazzarino","field_4":4546344.94,"field_5":6204807.41,"field_6":null,"field_7":null},"geometry":{"type":"Point","coordinates":[-62.496570514982331,-34.300948648718084]}},
{"type":"Feature","properties":{"field_1":2,"field_2":"14-236-2-SF","field_3":"distrito_rufino","field_4":4542410.51,"field_5":6205138.89,"field_6":null,"field_7":null},"geometry":{"type":"Point","coordinates":[-62.539324089910544,-34.298128662758792]}},
{"type":"Feature","properties":{"field_1":3,"field_2":"14-236-3-SF","field_3":"distrito_rufino","field_4":4542586.68,"field_5":6203322.8,"field_6":null,"field_7":null},"geometry":{"type":"Point","coordinates":[-62.537320741222942,-34.314492718776457]}},
{"type":"Feature","properties":{"field_1":4,"field_2":"14-236-4-SF","field_3":"distrito_aaron_castellanos","field_4":4547018.19,"field_5":6200443.34,"field_6":"Miramar","field_7":null},"geometry":{"type":"Point","coordinates":[-62.489019086822815,-34.340258209190871]}},
{"type":"Feature","properties":{"field_1":5,"field_2":"14-236-5-SF","field_3":"distrito_aaron_castellanos","field_4":4550117.58,"field_5":6199119.05,"field_6":null,"field_7":null},"geometry":{"type":"Point","coordinates":[-62.455259746783021,-34.352050687592985]}},
{"type":"Feature","properties":{"field_1":6,"field_2":"14-236-6-SF","field_3":"distrito_aaron_castellanos","field_4":4544547.89,"field_5":6202130.85,"field_6":null,"field_7":null},"geometry":{"type":"Point","coordinates":[-62.515952240777658,-34.325155238690236]}},
{"type":"Feature","properties":{"field_1":7,"field_2":"14-236-7-SF","field_3":"distrito_lazzarino","field_4":4546318.66,"field_5":6204722.18,"field_6":null,"field_7":null},"geometry":{"type":"Point","coordinates":[-62.496851395319958,-34.301718129084833]}},
{"type":"Feature","properties":{"field_1":1,"field_2":"14-237-1-SF","field_3":"distrito_aaron_castellanos","field_4":4546142.63,"field_5":6196395.51,"field_6":null,"field_7":null},"geometry":{"type":"Point","coordinates":[-62.49831675737704,-34.376786464284564]}},
{"type":"Feature","properties":{"field_1":2,"field_2":"14-237-2-SF","field_3":"distrito_aaron_castellanos","field_4":4549894.74,"field_5":6196780.41,"field_6":null,"field_7":null},"geometry":{"type":"Point","coordinates":[-62.457545926862252,-34.373142817089011]}},
{"type":"Feature","properties":{"field_1":1,"field_2":"14-258-1-SF","field_3":"distrito_aaron_castellanos","field_4":4552421.24,"field_5":6198839.27,"field_6":null,"field_7":null},"geometry":{"type":"Point","coordinates":[-62.430204625361604,-34.354458750670283]}},
{"type":"Feature","properties":{"field_1":2,"field_2":"14-258-2-SF","field_3":"distrito_lazzarino","field_4":4552909.79,"field_5":6207071.98,"field_6":null,"field_7":null},"geometry":{"type":"Point","coordinates":[-62.425400465860079,-34.28022105181136]}},
{"type":"Feature","properties":{"field_1":3,"field_2":"14-258-3-SF","field_3":"distrito_lazzarino","field_4":4556274.39,"field_5":6207582.87,"field_6":null,"field_7":null},"geometry":{"type":"Point","coordinates":[-62.388895954814622,-34.275438917137429]}},
{"type":"Feature","properties":{"field_1":1,"field_2":"14-259-1-SF","field_3":"distrito_aaron_castellanos","field_4":4553946.31,"field_5":6196666.16,"field_6":null,"field_7":null},"geometry":{"type":"Point","coordinates":[-62.41349202350915,-34.373969548598041]}},
{"type":"Feature","properties":{"field_1":2,"field_2":"14-259-2-SF","field_3":"distrito_aaron_castellanos","field_4":4553491.72,"field_5":6197130.75,"field_6":null,"field_7":null},"geometry":{"type":"Point","coordinates":[-62.418463089246153,-34.36980517906629]}},
{"type":"Feature","properties":{"field_1":3,"field_2":"14-259-3-SF","field_3":"distrito_aaron_castellanos","field_4":4555102.36,"field_5":6197695.49,"field_6":null,"field_7":null},"geometry":{"type":"Point","coordinates":[-62.400989978953923,-34.364630009708328]}},
{"type":"Feature","properties":{"field_1":4,"field_2":"14-259-4-SF","field_3":"distrito_aaron_castellanos","field_4":4552767.69,"field_5":6195521.46,"field_6":null,"field_7":null},"geometry":{"type":"Point","coordinates":[-62.42623515281786,-34.384348954429711]}},
{"type":"Feature","properties":{"field_1":5,"field_2":"14-259-5-SF","field_3":"distrito_aaron_castellanos","field_4":4555793.29,"field_5":6195385.83,"field_6":null,"field_7":null},"geometry":{"type":"Point","coordinates":[-62.393329221808038,-34.3854128865364]}},
{"type":"Feature","properties":{"field_1":6,"field_2":"14-259-6-SF","field_3":"distrito_aaron_castellanos","field_4":4557426.01,"field_5":6195403.1,"field_6":null,"field_7":null},"geometry":{"type":"Point","coordinates":[-62.375577791528187,-34.385167910094879]}},
{"type":"Feature","properties":{"field_1":7,"field_2":"14-259-7-SF","field_3":"distrito_aaron_castellanos","field_4":4557851.32,"field_5":6197551.47,"field_6":null,"field_7":null},"geometry":{"type":"Point","coordinates":[-62.371098184187325,-34.365778354779323]}},
{"type":"Feature","properties":{"field_1":8,"field_2":"14-259-8-SF","field_3":"distrito_aaron_castellanos","field_4":4553850.73,"field_5":6195477.91,"field_6":null,"field_7":null},"geometry":{"type":"Point","coordinates":[-62.414456581060278,-34.384685745219521]}},
{"type":"Feature","properties":{"field_1":1,"field_2":"14-280-1-SF","field_3":"distrito_aaron_castellanos","field_4":4567658.35,"field_5":6200546.94,"field_6":"La Picasa","field_7":null},"geometry":{"type":"Point","coordinates":[-62.264728628676451,-34.338182860352752]}},
{"type":"Feature","properties":{"field_1":1,"field_2":"14-324-1-SF","field_3":"distrito_diego_de_alvear","field_4":4584399.37,"field_5":6199066.75,"field_6":null,"field_7":null},"geometry":{"type":"Point","coordinates":[-62.082669805574085,-34.350297241524586]}},
{"type":"Feature","properties":{"field_1":2,"field_2":"14-324-2-SF","field_3":"distrito_san_gregorio","field_4":4591004.89,"field_5":6200479.62,"field_6":null,"field_7":null},"geometry":{"type":"Point","coordinates":[-62.011033401430893,-34.337003428769826]}},
{"type":"Feature","properties":{"field_1":3,"field_2":"14-324-3-SF","field_3":"distrito_san_gregorio","field_4":4590725.85,"field_5":6202070.46,"field_6":null,"field_7":null},"geometry":{"type":"Point","coordinates":[-62.014233125402079,-34.322688861912717]}},
{"type":"Feature","properties":{"field_1":4,"field_2":"14-324-4-SF","field_3":"distrito_san_gregorio","field_4":4590654.13,"field_5":6204977.88,"field_6":null,"field_7":null},"geometry":{"type":"Point","coordinates":[-62.01531829477053,-34.296489037617]}},
{"type":"Feature","properties":{"field_1":5,"field_2":"14-324-5-SF","field_3":"distrito_san_gregorio","field_4":4587833.16,"field_5":6200395.26,"field_6":null,"field_7":null},"geometry":{"type":"Point","coordinates":[-62.045488320479485,-34.338037329604155]}},
{"type":"Feature","properties":{"field_1":1,"field_2":"14-325-1-SF","field_3":"distrito_diego_de_alvear","field_4":4582942.5,"field_5":6196364.36,"field_6":null,"field_7":null},"geometry":{"type":"Point","coordinates":[-62.09824178357885,-34.37477328294132]}},
{"type":"Feature","properties":{"field_1":2,"field_2":"14-325-2-SF","field_3":"distrito_san_gregorio","field_4":4587134.52,"field_5":6197687.56,"field_6":null,"field_7":null},"geometry":{"type":"Point","coordinates":[-62.052805292467937,-34.362502298467767]}},
{"type":"Feature","properties":{"field_1":3,"field_2":"14-325-3-SF","field_3":"distrito_diego_de_alvear","field_4":4585213.07,"field_5":6197288.32,"field_6":null,"field_7":null},"geometry":{"type":"Point","coordinates":[-62.073650390313901,-34.366260722513552]}},
{"type":"Feature","properties":{"field_1":9,"field_2":"14-325-9-SF","field_3":"distrito_san_gregorio","field_4":4586818.17,"field_5":6197619.16,"field_6":null,"field_7":null},"geometry":{"type":"Point","coordinates":[-62.056236852878001,-34.363145386112357]}},
{"type":"Feature","properties":{"field_1":1,"field_2":"16-335-1-SF","field_3":"distrito_godeken","field_4":4598864.54,"field_5":6310483.03,"field_6":null,"field_7":null},"geometry":{"type":"Point","coordinates":[-61.937972576546343,-33.344715922484816]}},
{"type":"Feature","properties":{"field_1":2,"field_2":"16-335-2-SF","field_3":"distrito_godeken","field_4":4596339.77,"field_5":6308722.79,"field_6":null,"field_7":null},"geometry":{"type":"Point","coordinates":[-61.964902616579359,-33.360813066645271]}},
{"type":"Feature","properties":{"field_1":3,"field_2":"16-335-3-SF","field_3":"municipio_chañar_ladeado","field_4":4595065.0,"field_5":6310063.11,"field_6":null,"field_7":null},"geometry":{"type":"Point","coordinates":[-61.978738290319377,-33.348843748195911]}},
{"type":"Feature","properties":{"field_1":1,"field_2":"16-355-1-SF","field_3":"distrito_arteaga","field_4":4602827.66,"field_5":6330116.5,"field_6":null,"field_7":null},"geometry":{"type":"Point","coordinates":[-61.897631591142115,-33.167354305777408]}},
{"type":"Feature","properties":{"field_1":1,"field_2":"16-357-1-SF","field_3":"municipio_berabevu","field_4":4604119.77,"field_5":6313611.04,"field_6":null,"field_7":null},"geometry":{"type":"Point","coordinates":[-61.881888910520964,-33.31602269761887]}},
{"type":"Feature","properties":{"field_1":1,"field_2":"16-401-1-SF","field_3":"distrito_cañada_del_ucle","field_4":4625415.85,"field_5":6310823.01,"field_6":null,"field_7":null},"geometry":{"type":"Point","coordinates":[-61.652859907174808,-33.338885146848732]}},
{"type":"Feature","properties":{"field_1":2,"field_2":"17-336-2-SF","field_3":"distrito_godeken","field_4":4600123.39,"field_5":6300285.58,"field_6":null,"field_7":null},"geometry":{"type":"Point","coordinates":[-61.923318894251388,-33.436525569863392]}},
{"type":"Feature","properties":{"field_1":3,"field_2":"17-336-3-SF","field_3":"distrito_cafferata","field_4":4594333.15,"field_5":6300060.08,"field_6":null,"field_7":null},"geometry":{"type":"Point","coordinates":[-61.985552160562399,-33.439083294099362]}},
{"type":"Feature","properties":{"field_1":4,"field_2":"17-336-4-SF","field_3":"distrito_cafferata","field_4":4594114.93,"field_5":6298950.77,"field_6":null,"field_7":null},"geometry":{"type":"Point","coordinates":[-61.987782411489285,-33.449102580089416]}},
{"type":"Feature","properties":{"field_1":5,"field_2":"17-336-5-SF","field_3":"distrito_cafferata","field_4":4595090.37,"field_5":6302938.65,"field_6":null,"field_7":null},"geometry":{"type":"Point","coordinates":[-61.977714458108174,-33.413066940361034]}},
{"type":"Feature","properties":{"field_1":1,"field_2":"17-337-1-SF","field_3":"distrito_la_chispa","field_4":4597551.97,"field_5":6291959.39,"field_6":null,"field_7":null},"geometry":{"type":"Point","coordinates":[-61.950061775751841,-33.511819512816146]}},
{"type":"Feature","properties":{"field_1":2,"field_2":"17-337-2-SF","field_3":"distrito_la_chispa","field_4":4592954.7,"field_5":6292730.45,"field_6":null,"field_7":null},"geometry":{"type":"Point","coordinates":[-61.999614879979788,-33.50527812937765]}},
{"type":"Feature","properties":{"field_1":3,"field_2":"17-337-3-SF","field_3":"distrito_godeken","field_4":4601319.99,"field_5":6294789.04,"field_6":null,"field_7":null},"geometry":{"type":"Point","coordinates":[-61.909833131301816,-33.485961564352877]}},
{"type":"Feature","properties":{"field_1":4,"field_2":"17-337-4-SF","field_3":"distrito_cafferata","field_4":4593711.21,"field_5":6295691.04,"field_6":null,"field_7":null},"geometry":{"type":"Point","coordinates":[-61.991783724264465,-33.478523426821397]}},
{"type":"Feature","properties":{"field_1":5,"field_2":"17-337-5-SF","field_3":"distrito_la_chispa","field_4":4595613.4,"field_5":6290690.05,"field_6":null,"field_7":null},"geometry":{"type":"Point","coordinates":[-61.970787893761546,-33.523437120749442]}},
{"type":"Feature","properties":{"field_1":6,"field_2":"17-337-6-SF","field_3":"distrito_la_chispa","field_4":4600767.15,"field_5":6288635.1,"field_6":null,"field_7":null},"geometry":{"type":"Point","coordinates":[-61.915088332503387,-33.541487845807353]}},
{"type":"Feature","properties":{"field_1":7,"field_2":"17-337-7-SF","field_3":"distrito_la_chispa","field_4":4594202.22,"field_5":6293516.97,"field_6":null,"field_7":null},"geometry":{"type":"Point","coordinates":[-61.986273439159078,-33.498078816741746]}},
{"type":"Feature","properties":{"field_1":1,"field_2":"17-338-1-SF","field_3":"distrito_la_chispa","field_4":4595627.95,"field_5":6286992.04,"field_6":null,"field_7":null},"geometry":{"type":"Point","coordinates":[-61.970236015310661,-33.556771625837435]}},
{"type":"Feature","properties":{"field_1":2,"field_2":"17-338-2-SF","field_3":"distrito_murphy","field_4":4599701.48,"field_5":6280372.56,"field_6":null,"field_7":null},"geometry":{"type":"Point","coordinates":[-61.925637584147047,-33.616069184926069]}},
{"type":"Feature","properties":{"field_1":3,"field_2":"17-338-3-SF","field_3":"distrito_venado_tuerto","field_4":4596529.95,"field_5":6278743.14,"field_6":null,"field_7":null},"geometry":{"type":"Point","coordinates":[-61.959631849160573,-33.631049487948793]}},
{"type":"Feature","properties":{"field_1":4,"field_2":"17-338-4-SF","field_3":"distrito_la_chispa","field_4":4597199.17,"field_5":6283805.96,"field_6":null,"field_7":null},"geometry":{"type":"Point","coordinates":[-61.952972158119685,-33.585350441774388]}},
{"type":"Feature","properties":{"field_1":5,"field_2":"17-338-5-SF","field_3":"distrito_la_chispa","field_4":4596086.22,"field_5":6287581.25,"field_6":null,"field_7":null},"geometry":{"type":"Point","coordinates":[-61.965365179953942,-33.551419053957929]}},
{"type":"Feature","properties":{"field_1":6,"field_2":"17-338-6-SF","field_3":"distrito_la_chispa","field_4":4599548.73,"field_5":6286220.98,"field_6":null,"field_7":null},"geometry":{"type":"Point","coordinates":[-61.927935695988907,-33.563363885270405]}},
{"type":"Feature","properties":{"field_1":1,"field_2":"17-339-1-SF","field_3":"distrito_venado_tuerto","field_4":4594996.67,"field_5":6276354.81,"field_6":null,"field_7":null},"geometry":{"type":"Point","coordinates":[-61.975899861218792,-33.652716742768227]}},
{"type":"Feature","properties":{"field_1":10,"field_2":"17-339-10-SF","field_3":"distrito_venado_tuerto","field_4":4594772.73,"field_5":6277138.61,"field_6":null,"field_7":null},"geometry":{"type":"Point","coordinates":[-61.978397167015082,-33.645671238222391]}},
{"type":"Feature","properties":{"field_1":11,"field_2":"17-339-11-SF","field_3":"distrito_venado_tuerto","field_4":4600105.41,"field_5":6275546.5,"field_6":null,"field_7":null},"geometry":{"type":"Point","coordinates":[-61.920742968151878,-33.659534566657506]}},
{"type":"Feature","properties":{"field_1":2,"field_2":"17-339-2-SF","field_3":"distrito_venado_tuerto","field_4":4599251.62,"field_5":6274264.65,"field_6":null,"field_7":null},"geometry":{"type":"Point","coordinates":[-61.929803369878876,-33.671169469978459]}},
{"type":"Feature","properties":{"field_1":3,"field_2":"17-339-3-SF","field_3":"distrito_venado_tuerto","field_4":4597684.01,"field_5":6275790.28,"field_6":null,"field_7":null},"geometry":{"type":"Point","coordinates":[-61.94687149428308,-33.657562216987955]}},
{"type":"Feature","properties":{"field_1":4,"field_2":"17-339-4-SF","field_3":"distrito_venado_tuerto","field_4":4596079.07,"field_5":6275678.31,"field_6":null,"field_7":null},"geometry":{"type":"Point","coordinates":[-61.964159748004782,-33.658717738233349]}},
{"type":"Feature","properties":{"field_1":5,"field_2":"17-339-5-SF","field_3":"distrito_venado_tuerto","field_4":4593331.08,"field_5":6272785.68,"field_6":null,"field_7":null},"geometry":{"type":"Point","coordinates":[-61.993478425898829,-33.685037747128554]}},
{"type":"Feature","properties":{"field_1":6,"field_2":"17-339-6-SF","field_3":"distrito_venado_tuerto","field_4":4597390.08,"field_5":6269575.81,"field_6":null,"field_7":null},"geometry":{"type":"Point","coordinates":[-61.949358507575759,-33.713607981998031]}},
{"type":"Feature","properties":{"field_1":7,"field_2":"17-339-7-SF","field_3":"distrito_venado_tuerto","field_4":4599400.92,"field_5":6272216.49,"field_6":null,"field_7":null},"geometry":{"type":"Point","coordinates":[-61.92796461718055,-33.68961804147834]}},
{"type":"Feature","properties":{"field_1":8,"field_2":"17-339-8-SF","field_3":"distrito_venado_tuerto","field_4":4600921.88,"field_5":6272188.5,"field_6":null,"field_7":null},"geometry":{"type":"Point","coordinates":[-61.911560478331573,-33.689726949062894]}},
{"type":"Feature","properties":{"field_1":9,"field_2":"17-339-9-SF","field_3":"distrito_venado_tuerto","field_4":4595508.71,"field_5":6277624.99,"field_6":null,"field_7":null},"geometry":{"type":"Point","coordinates":[-61.970516960113308,-33.64122102368475]}},
{"type":"Feature","properties":{"field_1":1,"field_2":"17-340-1-SF","field_3":"distrito_venado_tuerto","field_4":4592349.83,"field_5":6265413.06,"field_6":null,"field_7":null},"geometry":{"type":"Point","coordinates":[-62.003291479835141,-33.751582923929661]}},
{"type":"Feature","properties":{"field_1":2,"field_2":"17-340-2-SF","field_3":"distrito_venado_tuerto","field_4":4598465.58,"field_5":6262274.26,"field_6":null,"field_7":null},"geometry":{"type":"Point","coordinates":[-61.936945917617464,-33.779325868874345]}},
{"type":"Feature","properties":{"field_1":1,"field_2":"17-359-1-SF","field_3":"distrito_godeken","field_4":4601526.39,"field_5":6297141.32,"field_6":null,"field_7":null},"geometry":{"type":"Point","coordinates":[-61.907878778130076,-33.464737530379992]}},
{"type":"Feature","properties":{"field_1":2,"field_2":"17-359-2-SF","field_3":"distrito_la_chispa","field_4":4601861.91,"field_5":6290614.58,"field_6":null,"field_7":null},"geometry":{"type":"Point","coordinates":[-61.903528723058905,-33.523540315737762]}},
{"type":"Feature","properties":{"field_1":3,"field_2":"17-359-3-SF","field_3":"distrito_godeken","field_4":4606517.38,"field_5":6296863.09,"field_6":null,"field_7":null},"geometry":{"type":"Point","coordinates":[-61.854166658488282,-33.466761009440134]}},
{"type":"Feature","properties":{"field_1":1,"field_2":"17-360-1-SF","field_3":"distrito_murphy","field_4":4602552.96,"field_5":6279746.98,"field_6":null,"field_7":null},"geometry":{"type":"Point","coordinates":[-61.894843513296664,-33.621437598838519]}},
{"type":"Feature","properties":{"field_1":1,"field_2":"17-361-1-SF","field_3":"distrito_venado_tuerto","field_4":4602377.52,"field_5":6269075.43,"field_6":null,"field_7":null},"geometry":{"type":"Point","coordinates":[-61.895504824366213,-33.717649092734923]}},
{"type":"Feature","properties":{"field_1":2,"field_2":"17-361-2-SF","field_3":"distrito_venado_tuerto","field_4":4601733.68,"field_5":6271342.87,"field_6":null,"field_7":null},"geometry":{"type":"Point","coordinates":[-61.902709732823212,-33.697272116465257]}},
{"type":"Feature","properties":{"field_1":3,"field_2":"17-361-3-SF","field_3":"distrito_venado_tuerto","field_4":4601957.62,"field_5":6272322.63,"field_6":null,"field_7":null},"geometry":{"type":"Point","coordinates":[-61.900407222870662,-33.688418989923413]}},
{"type":"Feature","properties":{"field_1":4,"field_2":"17-361-4-SF","field_3":"distrito_carmen","field_4":4607234.32,"field_5":6270433.1,"field_6":null,"field_7":null},"geometry":{"type":"Point","coordinates":[-61.843280616762591,-33.704931563503592]}},
{"type":"Feature","properties":{"field_1":5,"field_2":"17-361-5-SF","field_3":"distrito_carmen","field_4":4607607.56,"field_5":6271543.49,"field_6":null,"field_7":null},"geometry":{"type":"Point","coordinates":[-61.839389864536805,-33.694884861039867]}},
{"type":"Feature","properties":{"field_1":6,"field_2":"17-361-6-SF","field_3":"distrito_murphy","field_4":4601964.62,"field_5":6277298.41,"field_6":null,"field_7":null},"geometry":{"type":"Point","coordinates":[-61.900902373146096,-33.643565953844835]}},
{"type":"Feature","properties":{"field_1":7,"field_2":"17-361-7-SF","field_3":"distrito_carmen","field_4":4610875.76,"field_5":6273565.99,"field_6":null,"field_7":null},"geometry":{"type":"Point","coordinates":[-61.804399439368886,-33.67631831752626]}},
{"type":"Feature","properties":{"field_1":1,"field_2":"17-362-1-SF","field_3":"distrito_venado_tuerto","field_4":4602926.46,"field_5":6262707.07,"field_6":"San Juan / El Hinojo","field_7":null},"geometry":{"type":"Point","coordinates":[-61.888843420297128,-33.775000298412493]}},
{"type":"Feature","properties":{"field_1":2,"field_2":"17-362-2-SF","field_3":"distrito_venado_tuerto","field_4":4605763.38,"field_5":6259142.73,"field_6":null,"field_7":null},"geometry":{"type":"Point","coordinates":[-61.857795657326498,-33.806849096745914]}},
{"type":"Feature","properties":{"field_1":3,"field_2":"17-362-3-SF","field_3":"distrito_chapuy","field_4":4608203.87,"field_5":6259804.68,"field_6":null,"field_7":null},"geometry":{"type":"Point","coordinates":[-61.831525103306078,-33.800635618538578]}},
{"type":"Feature","properties":{"field_1":4,"field_2":"17-362-4-SF","field_3":"distrito_venado_tuerto","field_4":4604619.52,"field_5":6260963.09,"field_6":null,"field_7":null},"geometry":{"type":"Point","coordinates":[-61.870362420330324,-33.790554404744029]}},
{"type":"Feature","properties":{"field_1":1,"field_2":"17-366-1-SF","field_3":"distrito_godeken","field_4":4596024.39,"field_5":6305780.3,"field_6":null,"field_7":null},"geometry":{"type":"Point","coordinates":[-61.967977412707889,-33.387367112388148]}},
{"type":"Feature","properties":{"field_1":1,"field_2":"17-380-1-SF","field_3":"distrito_cañada_del_ucle","field_4":4618403.36,"field_5":6299227.19,"field_6":null,"field_7":null},"geometry":{"type":"Point","coordinates":[-61.72664380440888,-33.444203645299268]}},
{"type":"Feature","properties":{"field_1":2,"field_2":"17-380-2-SF","field_3":"distrito_chovet","field_4":4613180.51,"field_5":6299052.61,"field_6":null,"field_7":null},"geometry":{"type":"Point","coordinates":[-61.782779175617556,-33.446341338280867]}},
{"type":"Feature","properties":{"field_1":3,"field_2":"17-380-3-SF","field_3":"distrito_cañada_del_ucle","field_4":4617646.85,"field_5":6299619.99,"field_6":null,"field_7":null},"geometry":{"type":"Point","coordinates":[-61.73482929030358,-33.440746246146091]}},
{"type":"Feature","properties":{"field_1":4,"field_2":"17-380-4-SF","field_3":"municipio_los_quirquinchos","field_4":4615391.86,"field_5":6307490.64,"field_6":null,"field_7":null},"geometry":{"type":"Point","coordinates":[-61.760082823577008,-33.370044727673537]}},
{"type":"Feature","properties":{"field_1":5,"field_2":"17-380-5-SF","field_3":"distrito_cañada_del_ucle","field_4":4616977.62,"field_5":6302544.21,"field_6":null,"field_7":null},"geometry":{"type":"Point","coordinates":[-61.742404885434915,-33.414460621845073]}},
{"type":"Feature","properties":{"field_1":6,"field_2":"17-380-6-SF","field_3":"municipio_los_quirquinchos","field_4":4618999.84,"field_5":6304231.81,"field_6":null,"field_7":null},"geometry":{"type":"Point","coordinates":[-61.720892181566562,-33.399026451840335]}},
{"type":"Feature","properties":{"field_1":7,"field_2":"17-380-7-SF","field_3":"distrito_cañada_del_ucle","field_4":4618461.55,"field_5":6300798.41,"field_6":null,"field_7":null},"geometry":{"type":"Point","coordinates":[-61.726225126080941,-33.43003439734435]}},
{"type":"Feature","properties":{"field_1":8,"field_2":"17-380-8-SF","field_3":"distrito_godeken","field_4":4612689.5,"field_5":6302860.63,"field_6":null,"field_7":null},"geometry":{"type":"Point","coordinates":[-61.788535838282762,-33.412067090001528]}},
{"type":"Feature","properties":{"field_1":9,"field_2":"17-380-9-SF","field_3":"distrito_cañada_del_ucle","field_4":4621236.65,"field_5":6301151.2,"field_6":null,"field_7":null},"geometry":{"type":"Point","coordinates":[-61.696439618371436,-33.426544406465695]}},
{"type":"Feature","properties":{"field_1":1,"field_2":"17-381-1-SF","field_3":"distrito_murphy","field_4":4612889.54,"field_5":6289261.58,"field_6":null,"field_7":null},"geometry":{"type":"Point","coordinates":[-61.784675440673226,-33.534628610029273]}},
{"type":"Feature","properties":{"field_1":2,"field_2":"17-381-2-SF","field_3":"distrito_chovet","field_4":4621251.19,"field_5":6289236.12,"field_6":null,"field_7":null},"geometry":{"type":"Point","coordinates":[-61.69467329375842,-33.533942064610109]}},
{"type":"Feature","properties":{"field_1":3,"field_2":"17-381-3-SF","field_3":"distrito_cañada_del_ucle","field_4":4620003.68,"field_5":6294746.3,"field_6":null,"field_7":null},"geometry":{"type":"Point","coordinates":[-61.708838314395848,-33.484415590144572]}},
{"type":"Feature","properties":{"field_1":4,"field_2":"17-381-4-SF","field_3":"distrito_murphy","field_4":4612787.7,"field_5":6295139.11,"field_6":null,"field_7":null},"geometry":{"type":"Point","coordinates":[-61.786511390405195,-33.481659291853859]}},
{"type":"Feature","properties":{"field_1":1,"field_2":"17-382-1-SF","field_3":"distrito_elortondo","field_4":4618031.26,"field_5":6278922.9999999991,"field_6":null,"field_7":null},"geometry":{"type":"Point","coordinates":[-61.727966570257109,-33.627261927976612]}},
{"type":"Feature","properties":{"field_1":1,"field_2":"17-383-1-SF","field_3":"distrito_carmen","field_4":4616908.27,"field_5":6269017.11,"field_6":"De Carmen / La Larga","field_7":null},"geometry":{"type":"Point","coordinates":[-61.738763708721699,-33.716673581193369]}},
{"type":"Feature","properties":{"field_1":2,"field_2":"17-383-2-SF","field_3":"distrito_carmen","field_4":4613381.14,"field_5":6275306.23,"field_6":null,"field_7":null},"geometry":{"type":"Point","coordinates":[-61.777610527576137,-33.660367951978515]}},
{"type":"Feature","properties":{"field_1":3,"field_2":"17-383-3-SF","field_3":"distrito_carmen","field_4":4618503.73,"field_5":6270508.04,"field_6":null,"field_7":null},"geometry":{"type":"Point","coordinates":[-61.721754316870395,-33.703058157954707]}},
{"type":"Feature","properties":{"field_1":4,"field_2":"17-383-4-SF","field_3":"distrito_carmen","field_4":4612788.47,"field_5":6270146.46,"field_6":null,"field_7":null},"geometry":{"type":"Point","coordinates":[-61.783343888650414,-33.706939786022183]}},
{"type":"Feature","properties":{"field_1":5,"field_2":"17-383-5-SF","field_3":"distrito_carmen","field_4":4615615.78,"field_5":6271049.24,"field_6":null,"field_7":null},"geometry":{"type":"Point","coordinates":[-61.752969321940959,-33.698498363259631]}},
{"type":"Feature","properties":{"field_1":6,"field_2":"17-383-6-SF","field_3":"distrito_carmen","field_4":4613800.89,"field_5":6269994.83,"field_6":null,"field_7":null},"geometry":{"type":"Point","coordinates":[-61.77240557130925,-33.70819849211648]}},
{"type":"Feature","properties":{"field_1":1,"field_2":"17-384-1-SF","field_3":"distrito_carmen","field_4":4611995.52,"field_5":6266520.55,"field_6":"Bajo Ozcoidi","field_7":null},"geometry":{"type":"Point","coordinates":[-61.791437812103872,-33.739706619472493]}},
{"type":"Feature","properties":{"field_1":2,"field_2":"17-384-2-SF","field_3":"distrito_chapuy","field_4":4617014.7,"field_5":6264600.17,"field_6":null,"field_7":null},"geometry":{"type":"Point","coordinates":[-61.737032435106151,-33.756473953642598]}},
{"type":"Feature","properties":{"field_1":3,"field_2":"17-384-3-SF","field_3":"distrito_carmen","field_4":4620186.23,"field_5":6266258.68,"field_6":null,"field_7":null},"geometry":{"type":"Point","coordinates":[-61.703033981600498,-33.741170258837215]}},
{"type":"Feature","properties":{"field_1":4,"field_2":"17-384-4-SF","field_3":"distrito_chapuy","field_4":4619647.94,"field_5":6260162.93,"field_6":null,"field_7":null},"geometry":{"type":"Point","coordinates":[-61.708017095819208,-33.796174289573621]}},
{"type":"Feature","properties":{"field_1":5,"field_2":"17-384-5-SF","field_3":"distrito_carmen","field_4":4619662.49,"field_5":6263407.21,"field_6":null,"field_7":null},"geometry":{"type":"Point","coordinates":[-61.708299137568034,-33.766930864375198]}},
{"type":"Feature","properties":{"field_1":1,"field_2":"17-402-1-SF","field_3":"distrito_cañada_del_ucle","field_4":4622560.54,"field_5":6304351.84,"field_6":null,"field_7":null},"geometry":{"type":"Point","coordinates":[-61.682643819117835,-33.397544135626283]}},
{"type":"Feature","properties":{"field_1":1,"field_2":"17-403-1-SF","field_3":"distrito_cañada_del_ucle","field_4":4623280.69,"field_5":6296783.07,"field_6":null,"field_7":null},"geometry":{"type":"Point","coordinates":[-61.67386764448262,-33.465684525298151]}},
{"type":"Feature","properties":{"field_1":2,"field_2":"17-403-2-SF","field_3":"distrito_chovet","field_4":4626568.61,"field_5":6297001.29,"field_6":null,"field_7":null},"geometry":{"type":"Point","coordinates":[-61.638538737016518,-33.463334226915158]}},
{"type":"Feature","properties":{"field_1":3,"field_2":"17-403-3-SF","field_3":"distrito_chovet","field_4":4630089.3,"field_5":6294368.05,"field_6":null,"field_7":null},"geometry":{"type":"Point","coordinates":[-61.600295733627206,-33.486646978283744]}},
{"type":"Feature","properties":{"field_1":4,"field_2":"17-403-4-SF","field_3":"distrito_chovet","field_4":4627790.67,"field_5":6295561.01,"field_6":null,"field_7":null},"geometry":{"type":"Point","coordinates":[-61.625191658591405,-33.476171121240888]}},
{"type":"Feature","properties":{"field_1":5,"field_2":"17-403-5-SF","field_3":"distrito_chovet","field_4":4628590.83,"field_5":6292985.96,"field_6":null,"field_7":null},"geometry":{"type":"Point","coordinates":[-61.616216334651675,-33.499285368392016]}},
{"type":"Feature","properties":{"field_1":1,"field_2":"17-404-1-SF","field_3":"distrito_chovet","field_4":4623494.16,"field_5":6286677.26,"field_6":null,"field_7":null},"geometry":{"type":"Point","coordinates":[-61.670178951921848,-33.556749615261708]}},
{"type":"Feature","properties":{"field_1":2,"field_2":"17-404-2-SF","field_3":"distrito_chovet","field_4":4623676.01,"field_5":6281541.7,"field_6":null,"field_7":null},"geometry":{"type":"Point","coordinates":[-61.667509892281707,-33.60301785197862]}},
{"type":"Feature","properties":{"field_1":1,"field_2":"17-405-1-SF","field_3":"distrito_elortondo","field_4":4627456.86,"field_5":6273316.1,"field_6":null,"field_7":null},"geometry":{"type":"Point","coordinates":[-61.62560729770486,-33.676711765938634]}},
{"type":"Feature","properties":{"field_1":2,"field_2":"17-405-2-SF","field_3":"distrito_chovet","field_4":4629468.28,"field_5":6276860.72,"field_6":null,"field_7":null},"geometry":{"type":"Point","coordinates":[-61.604439297436016,-33.644520565865548]}},
{"type":"Feature","properties":{"field_1":3,"field_2":"17-405-3-SF","field_3":"distrito_chovet","field_4":4625014.46,"field_5":6276682.56,"field_6":null,"field_7":null},"geometry":{"type":"Point","coordinates":[-61.652411012684709,-33.646658897647541]}},
{"type":"Feature","properties":{"field_1":5,"field_2":"17-405-5-SF","field_3":"distrito_elortondo","field_4":4630295.5,"field_5":6272012.55,"field_6":null,"field_7":null},"geometry":{"type":"Point","coordinates":[-61.594814420443235,-33.688116569225741]}},
{"type":"Feature","properties":{"field_1":1,"field_2":"17-406-1-SF","field_3":"distrito_elortondo","field_4":4625030.83,"field_5":6267458.92,"field_6":"La Pedra","field_7":null},"geometry":{"type":"Point","coordinates":[-61.650936151745135,-33.729792087395289]}},
{"type":"Feature","properties":{"field_1":2,"field_2":"17-406-2-SF","field_3":"distrito_carmen","field_4":4621728.36,"field_5":6265087.54,"field_6":null,"field_7":null},"geometry":{"type":"Point","coordinates":[-61.686235196361089,-33.751550188829931]}},
{"type":"Feature","properties":{"field_1":3,"field_2":"17-406-3-SF","field_3":"distrito_elortondo","field_4":4628187.81,"field_5":6265931.34,"field_6":null,"field_7":null},"geometry":{"type":"Point","coordinates":[-61.616660346663558,-33.743183476912499]}},
{"type":"Feature","properties":{"field_1":4,"field_2":"17-406-4-SF","field_3":"distrito_elortondo","field_4":4629133.45,"field_5":6264440.14,"field_6":null,"field_7":null},"geometry":{"type":"Point","coordinates":[-61.606240616379417,-33.75650892012122]}},
{"type":"Feature","properties":{"field_1":1,"field_2":"17-424-1-SF","field_3":"distrito_cañada_del_ucle","field_4":4632427.95,"field_5":6307767.06,"field_6":null,"field_7":null},"geometry":{"type":"Point","coordinates":[-61.577111665952685,-33.365590157219444]}},
{"type":"Feature","properties":{"field_1":1,"field_2":"17-425-1-SF","field_3":"distrito_chovet","field_4":4631995.13,"field_5":6291574.77,"field_6":null,"field_7":null},"geometry":{"type":"Point","coordinates":[-61.579384002313695,-33.511590276701853]}},
{"type":"Feature","properties":{"field_1":2,"field_2":"17-425-2-SF","field_3":"distrito_chovet","field_4":4633726.39,"field_5":6290440.0,"field_6":null,"field_7":null},"geometry":{"type":"Point","coordinates":[-61.560586736132628,-33.52160309452799]}},
{"type":"Feature","properties":{"field_1":3,"field_2":"17-425-3-SF","field_3":"distrito_firmat","field_4":4634119.19,"field_5":6293742.47,"field_6":null,"field_7":null},"geometry":{"type":"Point","coordinates":[-61.556854087423986,-33.491788187007842]}},
{"type":"Feature","properties":{"field_1":1,"field_2":"17-426-1-SF","field_3":"distrito_miguel_torres","field_4":4639051.78,"field_5":6288057.53,"field_6":null,"field_7":null},"geometry":{"type":"Point","coordinates":[-61.502911486418192,-33.542396765556866]}},
{"type":"Feature","properties":{"field_1":2,"field_2":"17-426-2-SF","field_3":"distrito_melincue","field_4":4635392.87,"field_5":6280521.5,"field_6":null,"field_7":null},"geometry":{"type":"Point","coordinates":[-61.541151114036282,-33.610788995347058]}},
{"type":"Feature","properties":{"field_1":1,"field_2":"17-427-1-SF","field_3":"distrito_melincue","field_4":4640139.26,"field_5":6269675.72,"field_6":"Melincué","field_7":null},"geometry":{"type":"Point","coordinates":[-61.48831549659603,-33.70792477916234]}},
{"type":"Feature","properties":{"field_1":1,"field_2":"17-428-1-SF","field_3":"distrito_melincue","field_4":4640430.5,"field_5":6263741.87,"field_6":null,"field_7":null},"geometry":{"type":"Point","coordinates":[-61.48423450892632,-33.761365352569442]}},
{"type":"Feature","properties":{"field_1":2,"field_2":"17-428-2-SF","field_3":"distrito_elortondo","field_4":4635970.26,"field_5":6266984.41,"field_6":null,"field_7":null},"geometry":{"type":"Point","coordinates":[-61.532860878177267,-33.732723007790923]}},
{"type":"Feature","properties":{"field_1":3,"field_2":"17-428-3-SF","field_3":"distrito_elortondo","field_4":4631954.42,"field_5":6264898.92,"field_6":null,"field_7":null},"geometry":{"type":"Point","coordinates":[-61.575869888908294,-33.752026498442305]}},
{"type":"Feature","properties":{"field_1":4,"field_2":"17-428-4-SF","field_3":"distrito_elortondo","field_4":4632113.05,"field_5":6261740.36,"field_6":"Cañada del Pedernal","field_7":null},"geometry":{"type":"Point","coordinates":[-61.573686689271945,-33.780474379516448]}},
{"type":"Feature","properties":{"field_1":5,"field_2":"17-428-5-SF","field_3":"distrito_elortondo","field_4":4637722.17,"field_5":6263605.4,"field_6":null,"field_7":null},"geometry":{"type":"Point","coordinates":[-61.513437529275159,-33.76295079029434]}},
{"type":"Feature","properties":{"field_1":6,"field_2":"17-428-6-SF","field_3":"distrito_elortondo","field_4":4631997.66,"field_5":6259937.43,"field_6":null,"field_7":null},"geometry":{"type":"Point","coordinates":[-61.574662848876685,-33.796738263713046]}},
{"type":"Feature","properties":{"field_1":7,"field_2":"17-428-7-SF","field_3":"distrito_elortondo","field_4":4633754.37,"field_5":6264734.74,"field_6":null,"field_7":null},"geometry":{"type":"Point","coordinates":[-61.556424294713565,-33.753280613734042]}},
{"type":"Feature","properties":{"field_1":1,"field_2":"18-341-1-SF","field_3":"distrito_venado_tuerto","field_4":4592979.21,"field_5":6255219.53,"field_6":null,"field_7":null},"geometry":{"type":"Point","coordinates":[-61.995426686273184,-33.843414633885061]}},
{"type":"Feature","properties":{"field_1":2,"field_2":"18-341-2-SF","field_3":"distrito_venado_tuerto","field_4":4599297.4,"field_5":6257884.28,"field_6":null,"field_7":null},"geometry":{"type":"Point","coordinates":[-61.92747326519779,-33.818819568996034]}},
{"type":"Feature","properties":{"field_1":3,"field_2":"18-341-3-SF","field_3":"distrito_venado_tuerto","field_4":4594691.52,"field_5":6257975.9,"field_6":null,"field_7":null},"geometry":{"type":"Point","coordinates":[-61.977224898005282,-33.818416264267476]}},
{"type":"Feature","properties":{"field_1":4,"field_2":"18-341-4-SF","field_3":"distrito_venado_tuerto","field_4":4600802.97,"field_5":6249394.57,"field_6":null,"field_7":null},"geometry":{"type":"Point","coordinates":[-61.910242257264336,-33.895202389393724]}},
{"type":"Feature","properties":{"field_1":5,"field_2":"18-341-5-SF","field_3":"distrito_venado_tuerto","field_4":4596473.49,"field_5":6256414.74,"field_6":null,"field_7":null},"geometry":{"type":"Point","coordinates":[-61.957809609867567,-33.83232757037527]}},
{"type":"Feature","properties":{"field_1":6,"field_2":"18-341-6-SF","field_3":"distrito_venado_tuerto","field_4":4594377.42,"field_5":6248968.91,"field_6":null,"field_7":null},"geometry":{"type":"Point","coordinates":[-61.979651827960602,-33.89963414275023]}},
{"type":"Feature","properties":{"field_1":7,"field_2":"18-341-7-SF","field_3":"distrito_venado_tuerto","field_4":4594134.42,"field_5":6250502.22,"field_6":null,"field_7":null},"geometry":{"type":"Point","coordinates":[-61.982442796498866,-33.885834549457847]}},
{"type":"Feature","properties":{"field_1":1,"field_2":"18-342-1-SF","field_3":"distrito_san_eduardo","field_4":4592542.11,"field_5":6244943.02,"field_6":null,"field_7":null},"geometry":{"type":"Point","coordinates":[-61.999067100842893,-33.936086471539262]}},
{"type":"Feature","properties":{"field_1":2,"field_2":"18-342-2-SF","field_3":"distrito_maria_teresa","field_4":4596575.46,"field_5":6244344.39,"field_6":"De los Jagueles","field_7":null},"geometry":{"type":"Point","coordinates":[-61.95538274344095,-33.941120126033674]}},
{"type":"Feature","properties":{"field_1":3,"field_2":"18-342-3-SF","field_3":"distrito_maria_teresa","field_4":4598697.74,"field_5":6239119.51,"field_6":null,"field_7":null},"geometry":{"type":"Point","coordinates":[-61.931841719690738,-33.988019222986352]}},
{"type":"Feature","properties":{"field_1":4,"field_2":"18-342-4-SF","field_3":"distrito_maria_teresa","field_4":4601101.93,"field_5":6243164.66,"field_6":null,"field_7":null},"geometry":{"type":"Point","coordinates":[-61.906293316895329,-33.951328793047047]}},
{"type":"Feature","properties":{"field_1":1,"field_2":"18-343-1-SF","field_3":"distrito_maria_teresa","field_4":4593764.93,"field_5":6235855.07,"field_6":null,"field_7":null},"geometry":{"type":"Point","coordinates":[-61.984869657623591,-34.017896386403528]}},
{"type":"Feature","properties":{"field_1":2,"field_2":"18-343-2-SF","field_3":"distrito_maria_teresa","field_4":4597828.29,"field_5":6236371.85,"field_6":null,"field_7":null},"geometry":{"type":"Point","coordinates":[-61.940942603581981,-34.01286731785612]}},
{"type":"Feature","properties":{"field_1":3,"field_2":"18-343-3-SF","field_3":"distrito_maria_teresa","field_4":4595085.28,"field_5":6232271.91,"field_6":null,"field_7":null},"geometry":{"type":"Point","coordinates":[-61.97018687379606,-34.05007547502214]}},
{"type":"Feature","properties":{"field_1":4,"field_2":"18-343-4-SF","field_3":"distrito_maria_teresa","field_4":4595686.39,"field_5":6230771.31,"field_6":"El Destino","field_7":null},"geometry":{"type":"Point","coordinates":[-61.963512883331347,-34.063546802296678]}},
{"type":"Feature","properties":{"field_1":5,"field_2":"18-343-5-SF","field_3":"distrito_maria_teresa","field_4":4599059.42,"field_5":6229628.31,"field_6":null,"field_7":null},"geometry":{"type":"Point","coordinates":[-61.926851364075098,-34.073535851608057]}},
{"type":"Feature","properties":{"field_1":6,"field_2":"18-343-6-SF","field_3":"distrito_maria_teresa","field_4":4592307.07,"field_5":6228771.27,"field_6":null,"field_7":null},"geometry":{"type":"Point","coordinates":[-61.999901326740712,-34.081878044961826]}},
{"type":"Feature","properties":{"field_1":7,"field_2":"18-343-7-SF","field_3":"distrito_maria_teresa","field_4":4600218.45,"field_5":6234601.99,"field_6":null,"field_7":null},"geometry":{"type":"Point","coordinates":[-61.914868469477241,-34.028594731467763]}},
{"type":"Feature","properties":{"field_1":8,"field_2":"18-343-8-SF","field_3":"distrito_maria_teresa","field_4":4601066.55,"field_5":6236347.58,"field_6":null,"field_7":null},"geometry":{"type":"Point","coordinates":[-61.90588890485013,-34.012779250616141]}},
{"type":"Feature","properties":{"field_1":1,"field_2":"18-344-1-SF","field_3":"distrito_maria_teresa","field_4":4600217.87,"field_5":6227157.54,"field_6":null,"field_7":null},"geometry":{"type":"Point","coordinates":[-61.914019069871394,-34.095696071812597]}},
{"type":"Feature","properties":{"field_1":2,"field_2":"18-344-2-SF","field_3":"distrito_maria_teresa","field_4":4597165.79,"field_5":6223344.11,"field_6":null,"field_7":null},"geometry":{"type":"Point","coordinates":[-61.946661044352354,-34.130356762391393]}},
{"type":"Feature","properties":{"field_1":3,"field_2":"18-344-3-SF","field_3":"distrito_christophersen","field_4":4595741.38,"field_5":6218685.06,"field_6":null,"field_7":null},"geometry":{"type":"Point","coordinates":[-61.96158647557165,-34.172483082919285]}},
{"type":"Feature","properties":{"field_1":4,"field_2":"18-344-4-SF","field_3":"distrito_maria_teresa","field_4":4600339.29,"field_5":6219719.96,"field_6":"Los Patos","field_7":null},"geometry":{"type":"Point","coordinates":[-61.911844785148425,-34.162723015164303]}},
{"type":"Feature","properties":{"field_1":5,"field_2":"18-344-5-SF","field_3":"distrito_maria_teresa","field_4":4594869.0,"field_5":6227429.82,"field_6":null,"field_7":null},"geometry":{"type":"Point","coordinates":[-61.972001837015227,-34.093740475718818]}},
{"type":"Feature","properties":{"field_1":1,"field_2":"18-345-1-SF","field_3":"distrito_christophersen","field_4":4593737.88,"field_5":6214515.01,"field_6":"Bella Vista","field_7":null},"geometry":{"type":"Point","coordinates":[-61.982862292201673,-34.210252208670141]}},
{"type":"Feature","properties":{"field_1":2,"field_2":"18-345-2-SF","field_3":"distrito_san_gregorio","field_4":4592724.71,"field_5":6211586.36,"field_6":"Los Flamencos","field_7":null},"geometry":{"type":"Point","coordinates":[-61.99354064220573,-34.236740524403693]}},
{"type":"Feature","properties":{"field_1":3,"field_2":"18-345-3-SF","field_3":"distrito_san_gregorio","field_4":4598486.38,"field_5":6213773.38,"field_6":null,"field_7":null},"geometry":{"type":"Point","coordinates":[-61.931260136702555,-34.216498780102704]}},
{"type":"Feature","properties":{"field_1":4,"field_2":"18-345-4-SF","field_3":"distrito_san_gregorio","field_4":4596633.75,"field_5":6209808.02,"field_6":null,"field_7":null},"geometry":{"type":"Point","coordinates":[-61.950918034688392,-34.252413890971553]}},
{"type":"Feature","properties":{"field_1":5,"field_2":"18-345-5-SF","field_3":"distrito_san_gregorio","field_4":4599610.51,"field_5":6213786.57,"field_6":null,"field_7":null},"geometry":{"type":"Point","coordinates":[-61.919064867509931,-34.216272997576262]}},
{"type":"Feature","properties":{"field_1":6,"field_2":"18-345-6-SF","field_3":"distrito_san_gregorio","field_4":4592759.56,"field_5":6208981.08,"field_6":null,"field_7":null},"geometry":{"type":"Point","coordinates":[-61.992882690695573,-34.26022024354139]}},
{"type":"Feature","properties":{"field_1":7,"field_2":"18-345-7-SF","field_3":"distrito_san_gregorio","field_4":4599838.52,"field_5":6214580.62,"field_6":null,"field_7":null},"geometry":{"type":"Point","coordinates":[-61.916682576346076,-34.209094090280345]}},
{"type":"Feature","properties":{"field_1":1,"field_2":"18-363-1-SF","field_3":"distrito_santa_isabel","field_4":4606609.56,"field_5":6251078.35,"field_6":"Potrero Santa María","field_7":null},"geometry":{"type":"Point","coordinates":[-61.847683381334456,-33.879454174754379]}},
{"type":"Feature","properties":{"field_1":2,"field_2":"18-363-2-SF","field_3":"distrito_venado_tuerto","field_4":4601992.61,"field_5":6253504.28,"field_6":null,"field_7":null},"geometry":{"type":"Point","coordinates":[-61.897859748689072,-33.858043777330714]}},
{"type":"Feature","properties":{"field_1":3,"field_2":"18-363-3-SF","field_3":"distrito_santa_isabel","field_4":4606065.32,"field_5":6257409.69,"field_6":null,"field_7":null},"geometry":{"type":"Point","coordinates":[-61.854327123109023,-33.822440098165472]}},
{"type":"Feature","properties":{"field_1":4,"field_2":"18-363-4-SF","field_3":"distrito_maria_teresa","field_4":4606709.12,"field_5":6244451.77,"field_6":"De Runciman / 66/ La Barrancosa","field_7":null},"geometry":{"type":"Point","coordinates":[-61.845802543567316,-33.939173531827159]}},
{"type":"Feature","properties":{"field_1":2,"field_2":"18-364-2-SF","field_3":"distrito_maria_teresa","field_4":4601889.35,"field_5":6241793.93,"field_6":null,"field_7":null},"geometry":{"type":"Point","coordinates":[-61.897617123243528,-33.963608174369305]}},
{"type":"Feature","properties":{"field_1":1,"field_2":"18-365-1-SF","field_3":"distrito_maria_teresa","field_4":4605016.92,"field_5":6229741.89,"field_6":"La Plata","field_7":null},"geometry":{"type":"Point","coordinates":[-61.862335924554095,-34.071931611737135]}},
{"type":"Feature","properties":{"field_1":2,"field_2":"18-365-2-SF","field_3":"distrito_maria_teresa","field_4":4609024.1,"field_5":6229428.82,"field_6":null,"field_7":null},"geometry":{"type":"Point","coordinates":[-61.818894258801187,-34.074343904932633]}},
{"type":"Feature","properties":{"field_1":3,"field_2":"18-365-3-SF","field_3":"distrito_maria_teresa","field_4":4608569.06,"field_5":6234676.71,"field_6":null,"field_7":null},"geometry":{"type":"Point","coordinates":[-61.824476089605156,-34.027090195491489]}},
{"type":"Feature","properties":{"field_1":4,"field_2":"18-365-4-SF","field_3":"distrito_maria_teresa","field_4":4604587.65,"field_5":6236001.99,"field_6":null,"field_7":null},"geometry":{"type":"Point","coordinates":[-61.867735713653836,-34.015549272623694]}},
{"type":"Feature","properties":{"field_1":5,"field_2":"18-365-5-SF","field_3":"distrito_maria_teresa","field_4":4604633.71,"field_5":6231809.43,"field_6":null,"field_7":null},"geometry":{"type":"Point","coordinates":[-61.866734710040404,-34.053334297308957]}},
{"type":"Feature","properties":{"field_1":1,"field_2":"18-366-1-SF","field_3":"distrito_maria_teresa","field_4":4605042.12,"field_5":6221952.57,"field_6":null,"field_7":null},"geometry":{"type":"Point","coordinates":[-61.861122487158006,-34.142137114306365]}},
{"type":"Feature","properties":{"field_1":2,"field_2":"18-366-2-SF","field_3":"distrito_san_gregorio","field_4":4608230.13,"field_5":6221022.3,"field_6":null,"field_7":null},"geometry":{"type":"Point","coordinates":[-61.826448026060113,-34.150196357701958]}},
{"type":"Feature","properties":{"field_1":3,"field_2":"18-366-3-SF","field_3":"distrito_maria_teresa","field_4":4603775.6,"field_5":6223838.74,"field_6":null,"field_7":null},"geometry":{"type":"Point","coordinates":[-61.875077196202582,-34.125262961569888]}},
{"type":"Feature","properties":{"field_1":4,"field_2":"18-366-4-SF","field_3":"distrito_maria_teresa","field_4":4608849.44,"field_5":6224974.06,"field_6":null,"field_7":null},"geometry":{"type":"Point","coordinates":[-61.820229060484401,-34.114513976953695]}},
{"type":"Feature","properties":{"field_1":5,"field_2":"18-366-5-SF","field_3":"distrito_san_gregorio","field_4":4610956.36,"field_5":6218946.27,"field_6":null,"field_7":null},"geometry":{"type":"Point","coordinates":[-61.796627354864633,-34.168621665247684]}},
{"type":"Feature","properties":{"field_1":6,"field_2":"18-366-6-SF","field_3":"distrito_maria_teresa","field_4":4611281.31,"field_5":6225730.12,"field_6":null,"field_7":null},"geometry":{"type":"Point","coordinates":[-61.793972860166143,-34.1074435060982]}},
{"type":"Feature","properties":{"field_1":7,"field_2":"18-366-7-SF","field_3":"distrito_maria_teresa","field_4":4609109.72,"field_5":6222618.8,"field_6":null,"field_7":null},"geometry":{"type":"Point","coordinates":[-61.817112874784051,-34.135715284155232]}},
{"type":"Feature","properties":{"field_1":8,"field_2":"18-366-8-SF","field_3":"distrito_maria_teresa","field_4":4605012.12,"field_5":6225749.81,"field_6":null,"field_7":null},"geometry":{"type":"Point","coordinates":[-61.861906451878156,-34.107914297920374]}},
{"type":"Feature","properties":{"field_1":1,"field_2":"18-367-1-SF","field_3":"distrito_san_gregorio","field_4":4603505.33,"field_5":6215685.92,"field_6":"Estancia San Carlos","field_7":null},"geometry":{"type":"Point","coordinates":[-61.877033808330417,-34.198773897352034]}},
{"type":"Feature","properties":{"field_1":10,"field_2":"18-367-10-SF","field_3":"distrito_san_gregorio","field_4":4602431.14,"field_5":6209368.59,"field_6":null,"field_7":null},"geometry":{"type":"Point","coordinates":[-61.887937929893354,-34.255819859572931]}},
{"type":"Feature","properties":{"field_1":11,"field_2":"18-367-11-SF","field_3":"distrito_san_gregorio","field_4":4611181.09,"field_5":6209090.5,"field_6":null,"field_7":null},"geometry":{"type":"Point","coordinates":[-61.79292440031233,-34.257427753310289]}},
{"type":"Feature","properties":{"field_1":12,"field_2":"18-367-12-SF","field_3":"distrito_san_gregorio","field_4":4611257.65,"field_5":6216048.28,"field_6":null,"field_7":null},"geometry":{"type":"Point","coordinates":[-61.792988386204193,-34.194709285120588]}},
{"type":"Feature","properties":{"field_1":2,"field_2":"18-367-2-SF","field_3":"distrito_san_gregorio","field_4":4607198.2,"field_5":6213840.77,"field_6":"Morgan","field_7":null},"geometry":{"type":"Point","coordinates":[-61.836747142452346,-34.215031245557007]}},
{"type":"Feature","properties":{"field_1":3,"field_2":"18-367-3-SF","field_3":"distrito_san_gregorio","field_4":4611051.48,"field_5":6214330.39,"field_6":null,"field_7":null},"geometry":{"type":"Point","coordinates":[-61.795004333039039,-34.210214638184091]}},
{"type":"Feature","properties":{"field_1":4,"field_2":"18-367-4-SF","field_3":"distrito_san_gregorio","field_4":4605621.12,"field_5":6210853.19,"field_6":null,"field_7":null},"geometry":{"type":"Point","coordinates":[-61.853492801247803,-34.242119906673096]}},
{"type":"Feature","properties":{"field_1":5,"field_2":"18-367-5-SF","field_3":"distrito_san_gregorio","field_4":4606143.83,"field_5":6218028.58,"field_6":null,"field_7":null},"geometry":{"type":"Point","coordinates":[-61.848699723347167,-34.177393655649553]}},
{"type":"Feature","properties":{"field_1":6,"field_2":"18-367-6-SF","field_3":"distrito_san_gregorio","field_4":4606389.54,"field_5":6216505.58,"field_6":null,"field_7":null},"geometry":{"type":"Point","coordinates":[-61.84584811784076,-34.191095740293299]}},
{"type":"Feature","properties":{"field_1":7,"field_2":"18-367-7-SF","field_3":"distrito_san_gregorio","field_4":4602820.89,"field_5":6211412.96,"field_6":null,"field_7":null},"geometry":{"type":"Point","coordinates":[-61.883950525701337,-34.237355016039508]}},
{"type":"Feature","properties":{"field_1":8,"field_2":"18-367-8-SF","field_3":"distrito_san_gregorio","field_4":4610153.36,"field_5":6212857.5,"field_6":null,"field_7":null},"geometry":{"type":"Point","coordinates":[-61.80456027779335,-34.223585177012794]}},
{"type":"Feature","properties":{"field_1":9,"field_2":"18-367-9-SF","field_3":"distrito_san_gregorio","field_4":4603870.12,"field_5":6208978.14,"field_6":null,"field_7":null},"geometry":{"type":"Point","coordinates":[-61.872271041243224,-34.259196345803154]}},
{"type":"Feature","properties":{"field_1":1,"field_2":"18-385-1-SF","field_3":"distrito_chapuy","field_4":4616474.52,"field_5":6256849.15,"field_6":null,"field_7":null},"geometry":{"type":"Point","coordinates":[-61.741839829277993,-33.826396816544332]}},
{"type":"Feature","properties":{"field_1":10,"field_2":"18-385-10-SF","field_3":"distrito_santa_isabel","field_4":4617755.16,"field_5":6256103.7,"field_6":null,"field_7":null},"geometry":{"type":"Point","coordinates":[-61.727909752769236,-33.832973906405556]}},
{"type":"Feature","properties":{"field_1":2,"field_2":"18-385-2-SF","field_3":"distrito_santa_isabel","field_4":4611510.24,"field_5":6251262.44,"field_6":null,"field_7":null},"geometry":{"type":"Point","coordinates":[-61.794746425498829,-33.877288202469757]}},
{"type":"Feature","properties":{"field_1":3,"field_2":"18-385-3-SF","field_3":"distrito_santa_isabel","field_4":4613775.52,"field_5":6250542.64,"field_6":null,"field_7":null},"geometry":{"type":"Point","coordinates":[-61.770174014631685,-33.883534171184927]}},
{"type":"Feature","properties":{"field_1":4,"field_2":"18-385-4-SF","field_3":"distrito_santa_isabel","field_4":4615175.95,"field_5":6249821.68,"field_6":null,"field_7":null},"geometry":{"type":"Point","coordinates":[-61.754945118716108,-33.889880429243981]}},
{"type":"Feature","properties":{"field_1":5,"field_2":"18-385-5-SF","field_3":"distrito_chapuy","field_4":4614432.59,"field_5":6256163.75,"field_6":null,"field_7":null},"geometry":{"type":"Point","coordinates":[-61.763803367493388,-33.832797687417127]}},
{"type":"Feature","properties":{"field_1":6,"field_2":"18-385-6-SF","field_3":"distrito_chapuy","field_4":4614819.18,"field_5":6257710.87,"field_6":null,"field_7":null},"geometry":{"type":"Point","coordinates":[-61.759829319666316,-33.818810863509867]}},
{"type":"Feature","properties":{"field_1":7,"field_2":"18-385-7-SF","field_3":"distrito_chapuy","field_4":4615487.74,"field_5":6257476.3,"field_6":null,"field_7":null},"geometry":{"type":"Point","coordinates":[-61.752578936117573,-33.820852326599052]}},
{"type":"Feature","properties":{"field_1":8,"field_2":"18-385-8-SF","field_3":"distrito_santa_isabel","field_4":4615881.51,"field_5":6248597.58,"field_6":null,"field_7":null},"geometry":{"type":"Point","coordinates":[-61.747158225634742,-33.900836311533268]}},
{"type":"Feature","properties":{"field_1":9,"field_2":"18-385-9-SF","field_3":"distrito_chapuy","field_4":4611778.54,"field_5":6253295.95,"field_6":null,"field_7":null},"geometry":{"type":"Point","coordinates":[-61.792105286489154,-33.858930772759543]}},
{"type":"Feature","properties":{"field_1":1,"field_2":"18-386-1-SF","field_3":"distrito_santa_isabel","field_4":4615286.1,"field_5":6246409.58,"field_6":null,"field_7":null},"geometry":{"type":"Point","coordinates":[-61.75330696761317,-33.920622713765518]}},
{"type":"Feature","properties":{"field_1":2,"field_2":"18-386-2-SF","field_3":"distrito_santa_isabel","field_4":4615913.89,"field_5":6239009.09,"field_6":"El Estequeadero / De Raimundi","field_7":null},"geometry":{"type":"Point","coordinates":[-61.745540930542781,-33.987256014987246]}},
{"type":"Feature","properties":{"field_1":3,"field_2":"18-386-3-SF","field_3":"distrito_santa_isabel","field_4":4611889.81,"field_5":6241552.74,"field_6":null,"field_7":null},"geometry":{"type":"Point","coordinates":[-61.789407287375333,-33.964765542432502]}},
{"type":"Feature","properties":{"field_1":1,"field_2":"18-387-1-SF","field_3":"distrito_villa_cañas","field_4":4619748.85,"field_5":6237192.15,"field_6":"La Griega / Wirsch","field_7":null},"geometry":{"type":"Point","coordinates":[-61.703798102330857,-34.00320199610708]}},
{"type":"Feature","properties":{"field_1":2,"field_2":"18-387-2-SF","field_3":"distrito_villa_cañas","field_4":4615628.72,"field_5":6234029.55,"field_6":null,"field_7":null},"geometry":{"type":"Point","coordinates":[-61.747967845510807,-34.032168734649176]}},
{"type":"Feature","properties":{"field_1":3,"field_2":"18-387-3-SF","field_3":"distrito_villa_cañas","field_4":4614536.88,"field_5":6232726.38,"field_6":null,"field_7":null},"geometry":{"type":"Point","coordinates":[-61.759616920374611,-34.044034188260419]}},
{"type":"Feature","properties":{"field_1":4,"field_2":"18-387-4-SF","field_3":"distrito_villa_cañas","field_4":4612326.13,"field_5":6229183.8,"field_6":null,"field_7":null},"geometry":{"type":"Point","coordinates":[-61.783097267540811,-34.076203321384817]}},
{"type":"Feature","properties":{"field_1":5,"field_2":"18-387-5-SF","field_3":"distrito_villa_cañas","field_4":4613434.57,"field_5":6228663.16,"field_6":null,"field_7":null},"geometry":{"type":"Point","coordinates":[-61.771023417639427,-34.080776418280763]}},
{"type":"Feature","properties":{"field_1":6,"field_2":"18-387-6-SF","field_3":"distrito_villa_cañas","field_4":4618705.86,"field_5":6234831.05,"field_6":null,"field_7":null},"geometry":{"type":"Point","coordinates":[-61.714764609724,-34.024601067178153]}},
{"type":"Feature","properties":{"field_1":7,"field_2":"18-387-7-SF","field_3":"distrito_maria_teresa","field_4":4615035.29,"field_5":6234784.21,"field_6":null,"field_7":null},"geometry":{"type":"Point","coordinates":[-61.754491601616891,-34.025432138123811]}},
{"type":"Feature","properties":{"field_1":9,"field_2":"18-387-9-SF","field_3":"distrito_maria_teresa","field_4":4613474.75,"field_5":6235577.45,"field_6":null,"field_7":null},"geometry":{"type":"Point","coordinates":[-61.771487478934056,-34.018452462338388]}},
{"type":"Feature","properties":{"field_1":1,"field_2":"18-388-1-SF","field_3":"distrito_villa_cañas","field_4":4620137.31,"field_5":6221365.32,"field_6":null,"field_7":null},"geometry":{"type":"Point","coordinates":[-61.697412226394334,-34.145802791660934]}},
{"type":"Feature","properties":{"field_1":2,"field_2":"18-388-2-SF","field_3":"distrito_villa_cañas","field_4":4616475.53,"field_5":6223974.49,"field_6":null,"field_7":null},"geometry":{"type":"Point","coordinates":[-61.737456276784364,-34.122701354750475]}},
{"type":"Feature","properties":{"field_1":3,"field_2":"18-388-3-SF","field_3":"distrito_san_gregorio","field_4":4613797.04,"field_5":6222848.16,"field_6":null,"field_7":null},"geometry":{"type":"Point","coordinates":[-61.766336513882429,-34.133148031875386]}},
{"type":"Feature","properties":{"field_1":4,"field_2":"18-388-4-SF","field_3":"distrito_san_gregorio","field_4":4612934.01,"field_5":6221833.35,"field_6":null,"field_7":null},"geometry":{"type":"Point","coordinates":[-61.775558740558232,-34.142388197042656]}},
{"type":"Feature","properties":{"field_1":5,"field_2":"18-388-5-SF","field_3":"distrito_san_gregorio","field_4":4615640.94,"field_5":6219839.53,"field_6":null,"field_7":null},"geometry":{"type":"Point","coordinates":[-61.745950413799356,-34.160062166522145]}},
{"type":"Feature","properties":{"field_1":6,"field_2":"18-388-6-SF","field_3":"distrito_villa_cañas","field_4":4617576.5,"field_5":6223145.82,"field_6":null,"field_7":null},"geometry":{"type":"Point","coordinates":[-61.725412712559795,-34.130046806984176]}},
{"type":"Feature","properties":{"field_1":7,"field_2":"18-388-7-SF","field_3":"distrito_villa_cañas","field_4":4620674.1,"field_5":6226350.34,"field_6":null,"field_7":null},"geometry":{"type":"Point","coordinates":[-61.692285409713413,-34.100812041293558]}},
{"type":"Feature","properties":{"field_1":8,"field_2":"18-388-8-SF","field_3":"distrito_villa_cañas","field_4":4615422.17,"field_5":6227793.01,"field_6":null,"field_7":null},"geometry":{"type":"Point","coordinates":[-61.749378416850121,-34.088401867671259]}},
{"type":"Feature","properties":{"field_1":1,"field_2":"18-389-1-SF","field_3":"distrito_san_gregorio","field_4":4620522.76,"field_5":6215603.96,"field_6":null,"field_7":null},"geometry":{"type":"Point","coordinates":[-61.692433259229169,-34.197683833457916]}},
{"type":"Feature","properties":{"field_1":2,"field_2":"18-389-2-SF","field_3":"distrito_teodolina","field_4":4616638.04,"field_5":6211388.24,"field_6":null,"field_7":null},"geometry":{"type":"Point","coordinates":[-61.734001680837011,-34.236121152425028]}},
{"type":"Feature","properties":{"field_1":3,"field_2":"18-389-3-SF","field_3":"distrito_teodolina","field_4":4613650.91,"field_5":6209358.99,"field_6":null,"field_7":null},"geometry":{"type":"Point","coordinates":[-61.76615066022152,-34.254740938219506]}},
{"type":"Feature","properties":{"field_1":4,"field_2":"18-389-4-SF","field_3":"distrito_teodolina","field_4":4618898.94,"field_5":6211857.63,"field_6":null,"field_7":null},"geometry":{"type":"Point","coordinates":[-61.709531639982124,-34.231634886958908]}},
{"type":"Feature","properties":{"field_1":5,"field_2":"18-389-5-SF","field_3":"distrito_teodolina","field_4":4617452.16,"field_5":6210852.16,"field_6":null,"field_7":null},"geometry":{"type":"Point","coordinates":[-61.725094222655208,-34.240861146684125]}},
{"type":"Feature","properties":{"field_1":6,"field_2":"18-389-6-SF","field_3":"distrito_san_gregorio","field_4":4616054.47,"field_5":6214553.93,"field_6":null,"field_7":null},"geometry":{"type":"Point","coordinates":[-61.740759143011985,-34.207654645096746]}},
{"type":"Feature","properties":{"field_1":7,"field_2":"18-389-7-SF","field_3":"distrito_san_gregorio","field_4":4614576.34,"field_5":6214755.28,"field_6":null,"field_7":null},"geometry":{"type":"Point","coordinates":[-61.756820816500429,-34.206003486743555]}},
{"type":"Feature","properties":{"field_1":1,"field_2":"18-407-1-SF","field_3":"distrito_santa_isabel","field_4":4628830.78,"field_5":6249242.89,"field_6":null,"field_7":null},"geometry":{"type":"Point","coordinates":[-61.607287243846024,-33.893517084541756]}},
{"type":"Feature","properties":{"field_1":1,"field_2":"18-408-1-SF","field_3":"distrito_villa_cañas","field_4":4628016.73,"field_5":6247007.56,"field_6":null,"field_7":null},"geometry":{"type":"Point","coordinates":[-61.615759576914357,-33.913762859350726]}},
{"type":"Feature","properties":{"field_1":2,"field_2":"18-408-2-SF","field_3":"distrito_villa_cañas","field_4":4626124.17,"field_5":6243748.03,"field_6":null,"field_7":null},"geometry":{"type":"Point","coordinates":[-61.635750279172662,-33.943368803957533]}},
{"type":"Feature","properties":{"field_1":1,"field_2":"18-409-1-SF","field_3":"distrito_villa_cañas","field_4":4622469.89,"field_5":6235497.22,"field_6":"Grigera","field_7":null},"geometry":{"type":"Point","coordinates":[-61.674113989075813,-34.018164336152154]}},
{"type":"Feature","properties":{"field_1":2,"field_2":"18-409-2-SF","field_3":"distrito_villa_cañas","field_4":4625418.3,"field_5":6231263.51,"field_6":"Las Encadenadas","field_7":null},"geometry":{"type":"Point","coordinates":[-61.641593373523676,-34.055973338831841]}},
{"type":"Feature","properties":{"field_1":1,"field_2":"18-410-1-SF","field_3":"distrito_teodolina","field_4":4622557.37,"field_5":6218623.64,"field_6":null,"field_7":null},"geometry":{"type":"Point","coordinates":[-61.670791665052981,-34.170231406713214]}},
{"type":"Feature","properties":{"field_1":2,"field_2":"18-410-2-SF","field_3":"distrito_teodolina","field_4":4623280.83,"field_5":6219789.15,"field_6":null,"field_7":null},"geometry":{"type":"Point","coordinates":[-61.663112794241293,-34.159641896884992]}},
{"type":"Feature","properties":{"field_1":3,"field_2":"18-410-3-SF","field_3":"distrito_teodolina","field_4":4625238.26,"field_5":6221046.54,"field_6":null,"field_7":null},"geometry":{"type":"Point","coordinates":[-61.642072540705946,-34.148076602458431]}},
{"type":"Feature","properties":{"field_1":4,"field_2":"18-410-4-SF","field_3":"distrito_villa_cañas","field_4":4627462.03,"field_5":6226941.63,"field_6":"Las Marías","field_7":null},"geometry":{"type":"Point","coordinates":[-61.61883110024722,-34.094678020749242]}},
{"type":"Feature","properties":{"field_1":5,"field_2":"18-410-5-SF","field_3":"distrito_villa_cañas","field_4":4622548.94,"field_5":6225595.75,"field_6":null,"field_7":null},"geometry":{"type":"Point","coordinates":[-61.671866699909621,-34.10739501578059]}},
{"type":"Feature","properties":{"field_1":6,"field_2":"18-410-6-SF","field_3":"distrito_teodolina","field_4":4626972.33,"field_5":6221462.84,"field_6":null,"field_7":null},"geometry":{"type":"Point","coordinates":[-61.623336035613782,-34.144115309057653]}},
{"type":"Feature","properties":{"field_1":1,"field_2":"18-411-1-SF","field_3":"distrito_teodolina","field_4":4626954.06,"field_5":6217310.59,"field_6":null,"field_7":null},"geometry":{"type":"Point","coordinates":[-61.622926501831266,-34.181539529822324]}},
{"type":"Feature","properties":{"field_1":2,"field_2":"18-411-2-SF","field_3":"distrito_teodolina","field_4":4622209.07,"field_5":6210726.82,"field_6":null,"field_7":null},"geometry":{"type":"Point","coordinates":[-61.673453627354647,-34.241443049707449]}},
{"type":"Feature","properties":{"field_1":3,"field_2":"18-411-3-SF","field_3":"distrito_teodolina","field_4":4624566.27,"field_5":6217732.56,"field_6":null,"field_7":null},"geometry":{"type":"Point","coordinates":[-61.648881186148643,-34.178024417457877]}},
{"type":"Feature","properties":{"field_1":1,"field_2":"18-429-1-SF","field_3":"distrito_villa_cañas","field_4":4632034.19,"field_5":6248828.81,"field_6":null,"field_7":null},"geometry":{"type":"Point","coordinates":[-61.572604159614194,-33.896852749538269]}},
{"type":"Feature","properties":{"field_1":2,"field_2":"18-429-2-SF","field_3":"distrito_elortondo","field_4":4636383.93,"field_5":6254549.46,"field_6":null,"field_7":null},"geometry":{"type":"Point","coordinates":[-61.526479692412046,-33.844741576509641]}},
{"type":"Feature","properties":{"field_1":3,"field_2":"18-429-3-SF","field_3":"distrito_elortondo","field_4":4636838.47,"field_5":6251222.28,"field_6":null,"field_7":null},"geometry":{"type":"Point","coordinates":[-61.521053219133634,-33.874669022533709]}},
{"type":"Feature","properties":{"field_1":4,"field_2":"18-429-4-SF","field_3":"distrito_elortondo","field_4":4639452.78,"field_5":6249213.18,"field_6":null,"field_7":null},"geometry":{"type":"Point","coordinates":[-61.492487779186753,-33.892433446554051]}},
{"type":"Feature","properties":{"field_1":5,"field_2":"18-429-5-SF","field_3":"distrito_elortondo","field_4":4633258.19,"field_5":6257596.93,"field_6":null,"field_7":null},"geometry":{"type":"Point","coordinates":[-61.560701895463374,-33.817674597031676]}},
{"type":"Feature","properties":{"field_1":1,"field_2":"18-430-1-SF","field_3":"distrito_villa_cañas","field_4":4639155.11,"field_5":6242482.01,"field_6":"Rovea/Quirno/Grande/ La Zoraida","field_7":null},"geometry":{"type":"Point","coordinates":[-61.494637826090916,-33.95313614625109]}},
{"type":"Feature","properties":{"field_1":1,"field_2":"18-431-1-SF","field_3":"distrito_teodolina","field_4":4635397.14,"field_5":6229463.28,"field_6":"El Trajin","field_7":null},"geometry":{"type":"Point","coordinates":[-61.533262725397478,-34.070955705710823]}},
{"type":"Feature","properties":{"field_1":2,"field_2":"18-431-2-SF","field_3":"distrito_teodolina","field_4":4639424.95,"field_5":6228524.78,"field_6":null,"field_7":null},"geometry":{"type":"Point","coordinates":[-61.48949296497036,-34.078885090457447]}},
{"type":"Feature","properties":{"field_1":3,"field_2":"18-431-3-SF","field_3":"distrito_villa_cañas","field_4":4635667.05,"field_5":6234763.73,"field_6":"Las Totoras","field_7":null},"geometry":{"type":"Point","coordinates":[-61.531163746004516,-34.023151687750733]}},
{"type":"Feature","properties":{"field_1":4,"field_2":"18-431-4-SF","field_3":"distrito_teodolina","field_4":4640671.6,"field_5":6234794.18,"field_6":null,"field_7":null},"geometry":{"type":"Point","coordinates":[-61.477001961664172,-34.022218249196733]}},
{"type":"Feature","properties":{"field_1":5,"field_2":"18-431-5-SF","field_3":"distrito_villa_cañas","field_4":4633848.68,"field_5":6237953.85,"field_6":null,"field_7":null},"geometry":{"type":"Point","coordinates":[-61.551333697680526,-33.994634568068903]}},
{"type":"Feature","properties":{"field_1":1,"field_2":"18-432-1-SF","field_3":"distrito_teodolina","field_4":4637009.2,"field_5":6218588.69,"field_6":null,"field_7":null},"geometry":{"type":"Point","coordinates":[-61.514091054005981,-34.168748954866487]}},
{"type":"Feature","properties":{"field_1":2,"field_2":"18-432-2-SF","field_3":"distrito_teodolina","field_4":4638012.27,"field_5":6224368.51,"field_6":null,"field_7":null},"geometry":{"type":"Point","coordinates":[-61.504134124952699,-34.116528924738894]}},
{"type":"Feature","properties":{"field_1":1,"field_2":"19-346-1-SF","field_3":"distrito_san_gregorio","field_4":4599678.85,"field_5":6207511.96,"field_6":null,"field_7":null},"geometry":{"type":"Point","coordinates":[-61.917599566969734,-34.272821659198009]}},
{"type":"Feature","properties":{"field_1":10,"field_2":"19-346-10-SF","field_3":"distrito_san_gregorio","field_4":4592253.59,"field_5":6204867.48,"field_6":null,"field_7":null},"geometry":{"type":"Point","coordinates":[-61.997935493006665,-34.297343272072283]}},
{"type":"Feature","properties":{"field_1":2,"field_2":"19-346-2-SF","field_3":"distrito_san_gregorio","field_4":4593411.05,"field_5":6206699.09,"field_6":null,"field_7":null},"geometry":{"type":"Point","coordinates":[-61.985563228770225,-34.280730639161078]}},
{"type":"Feature","properties":{"field_1":3,"field_2":"19-346-3-SF","field_3":"distrito_san_gregorio","field_4":4601092.62,"field_5":6200479.18,"field_6":null,"field_7":null},"geometry":{"type":"Point","coordinates":[-61.901424839541136,-34.336073003028304]}},
{"type":"Feature","properties":{"field_1":4,"field_2":"19-346-4-SF","field_3":"distrito_san_gregorio","field_4":4597590.6,"field_5":6199275.96,"field_6":null,"field_7":null},"geometry":{"type":"Point","coordinates":[-61.939339016894735,-34.347253434194045]}},
{"type":"Feature","properties":{"field_1":5,"field_2":"19-346-5-SF","field_3":"distrito_san_gregorio","field_4":4591689.36,"field_5":6201493.84,"field_6":null,"field_7":null},"geometry":{"type":"Point","coordinates":[-62.003704203779243,-34.327801502534541]}},
{"type":"Feature","properties":{"field_1":6,"field_2":"19-346-6-SF","field_3":"distrito_san_gregorio","field_4":4595304.89,"field_5":6204456.09,"field_6":null,"field_7":null},"geometry":{"type":"Point","coordinates":[-61.964751207899155,-34.300775743631831]}},
{"type":"Feature","properties":{"field_1":7,"field_2":"19-346-7-SF","field_3":"distrito_san_gregorio","field_4":4591912.55,"field_5":6203184.49,"field_6":null,"field_7":null},"geometry":{"type":"Point","coordinates":[-62.001459848759289,-34.312543129177008]}},
{"type":"Feature","properties":{"field_1":8,"field_2":"19-346-8-SF","field_3":"distrito_san_gregorio","field_4":4595360.68,"field_5":6201385.73,"field_6":null,"field_7":null},"geometry":{"type":"Point","coordinates":[-61.963805259246421,-34.328444918088664]}},
{"type":"Feature","properties":{"field_1":9,"field_2":"19-346-9-SF","field_3":"distrito_san_gregorio","field_4":4593858.17,"field_5":6204440.11,"field_6":null,"field_7":null},"geometry":{"type":"Point","coordinates":[-61.980462272886356,-34.301051560939243]}},
{"type":"Feature","properties":{"field_1":10,"field_2":"19-347-10-SF","field_3":"distrito_san_gregorio","field_4":4592795.8,"field_5":6196409.32,"field_6":null,"field_7":null},"geometry":{"type":"Point","coordinates":[-61.991134347413151,-34.373531902564487]}},
{"type":"Feature","properties":{"field_1":11,"field_2":"19-347-11-SF","field_3":"distrito_san_gregorio","field_4":4593493.68,"field_5":6197088.61,"field_6":null,"field_7":null},"geometry":{"type":"Point","coordinates":[-61.983622064978476,-34.36734645293955]}},
{"type":"Feature","properties":{"field_1":12,"field_2":"19-347-12-SF","field_3":"distrito_san_gregorio","field_4":4592746.81,"field_5":6197747.53,"field_6":null,"field_7":null},"geometry":{"type":"Point","coordinates":[-61.99181139958246,-34.361474506837482]}},
{"type":"Feature","properties":{"field_1":13,"field_2":"19-347-13-SF","field_3":"distrito_san_gregorio","field_4":4600543.67,"field_5":6197234.49,"field_6":null,"field_7":null},"geometry":{"type":"Point","coordinates":[-61.907009815531289,-34.365371258849954]}},
{"type":"Feature","properties":{"field_1":9,"field_2":"19-347-9-SF","field_3":"distrito_san_gregorio","field_4":4592212.39,"field_5":6196426.99,"field_6":null,"field_7":null},"geometry":{"type":"Point","coordinates":[-61.997478166318253,-34.373424753200695]}},
{"type":"Feature","properties":{"field_1":4,"field_2":"19-368-4-SF","field_3":"distrito_teodolina","field_4":4607781.69,"field_5":6198424.82,"field_6":null,"field_7":null},"geometry":{"type":"Point","coordinates":[-61.828489945224774,-34.353915109815979]}},
{"type":"Feature","properties":{"field_1":5,"field_2":"19-368-5-SF","field_3":"distrito_san_gregorio","field_4":4604455.09,"field_5":6205614.89,"field_6":null,"field_7":null},"geometry":{"type":"Point","coordinates":[-61.865513886116354,-34.289451190033517]}},
{"type":"Feature","properties":{"field_1":6,"field_2":"19-368-6-SF","field_3":"distrito_teodolina","field_4":4607668.02,"field_5":6203154.11,"field_6":null,"field_7":null},"geometry":{"type":"Point","coordinates":[-61.830317066413009,-34.311302126415114]}},
{"type":"Feature","properties":{"field_1":1,"field_2":"19-369-1-SF","field_3":"distrito_san_gregorio","field_4":4603497.71,"field_5":6197073.1,"field_6":null,"field_7":null},"geometry":{"type":"Point","coordinates":[-61.87488291723848,-34.366534928672877]}},
{"type":"Feature","properties":{"field_1":1,"field_2":"19-390-1-SF","field_3":"distrito_teodolina","field_4":4612226.61,"field_5":6206053.8,"field_6":null,"field_7":null},"geometry":{"type":"Point","coordinates":[-61.781180680899325,-34.284684840585889]}},
{"type":"Feature","properties":{"field_1":2,"field_2":"19-390-2-SF","field_3":"distrito_teodolina","field_4":4613293.68,"field_5":6198531.2,"field_6":null,"field_7":null},"geometry":{"type":"Point","coordinates":[-61.768604376943742,-34.352368404367432]}},
{"type":"Feature","properties":{"field_1":3,"field_2":"19-390-3-SF","field_3":"distrito_teodolina","field_4":4615382.37,"field_5":6200832.05,"field_6":null,"field_7":null},"geometry":{"type":"Point","coordinates":[-61.746215698986532,-34.331401225483567]}},
{"type":"Feature","properties":{"field_1":4,"field_2":"19-390-4-SF","field_3":"distrito_teodolina","field_4":4619969.17,"field_5":6200755.61,"field_6":null,"field_7":null},"geometry":{"type":"Point","coordinates":[-61.696374381667646,-34.331569740044692]}},
{"type":"Feature","properties":{"field_1":5,"field_2":"19-390-5-SF","field_3":"distrito_teodolina","field_4":4620725.18,"field_5":6206021.21,"field_6":null,"field_7":null},"geometry":{"type":"Point","coordinates":[-61.688899140843169,-34.284025842820967]}},
{"type":"Feature","properties":{"field_1":6,"field_2":"19-390-6-SF","field_3":"distrito_teodolina","field_4":4618823.39,"field_5":6204780.42,"field_6":null,"field_7":null},"geometry":{"type":"Point","coordinates":[-61.709377359902483,-34.295427809973241]}},
{"type":"Feature","properties":{"field_1":7,"field_2":"19-390-7-SF","field_3":"distrito_teodolina","field_4":4618515.8,"field_5":6204095.72,"field_6":null,"field_7":null},"geometry":{"type":"Point","coordinates":[-61.712623409844717,-34.301633877168527]}},
{"type":"Feature","properties":{"field_1":10,"field_2":"19-391-10-SF","field_3":"distrito_teodolina","field_4":4618273.1,"field_5":6196540.84,"field_6":null,"field_7":null},"geometry":{"type":"Point","coordinates":[-61.714220457393125,-34.369750239507539]}},
{"type":"Feature","properties":{"field_1":5,"field_2":"19-391-5-SF","field_3":"distrito_teodolina","field_4":4615018.58,"field_5":6197438.59,"field_6":null,"field_7":null},"geometry":{"type":"Point","coordinates":[-61.749713973477178,-34.36202570174688]}},
{"type":"Feature","properties":{"field_1":6,"field_2":"19-391-6-SF","field_3":"distrito_teodolina","field_4":4615394.28,"field_5":6197939.41,"field_6":null,"field_7":null},"geometry":{"type":"Point","coordinates":[-61.745698118811262,-34.357470223854776]}},
{"type":"Feature","properties":{"field_1":7,"field_2":"19-391-7-SF","field_3":"distrito_teodolina","field_4":4616133.82,"field_5":6197771.38,"field_6":null,"field_7":null},"geometry":{"type":"Point","coordinates":[-61.737638529897154,-34.358901986284714]}},
{"type":"Feature","properties":{"field_1":8,"field_2":"19-391-8-SF","field_3":"distrito_teodolina","field_4":4615329.24,"field_5":6198270.68,"field_6":null,"field_7":null},"geometry":{"type":"Point","coordinates":[-61.7464493926241,-34.354491852784726]}},
{"type":"Feature","properties":{"field_1":9,"field_2":"19-391-9-SF","field_3":"distrito_teodolina","field_4":4616170.34,"field_5":6198238.17,"field_6":null,"field_7":null},"geometry":{"type":"Point","coordinates":[-61.737304748365986,-34.354690904439209]}},
{"type":"Feature","properties":{"field_1":1,"field_2":"19-412-1-SF","field_3":"distrito_teodolina","field_4":4621810.61,"field_5":6204755.62,"field_6":"La Pantanosa","field_7":null},"geometry":{"type":"Point","coordinates":[-61.676935082474515,-34.29530525912336]}},
{"type":"Feature","properties":{"field_1":1,"field_2":"21-486-1-SF","field_3":"municipio_sandford","field_4":4662255.62,"field_5":6329241.6,"field_6":null,"field_7":null},"geometry":{"type":"Point","coordinates":[-61.26058308546785,-33.167971164250062]}},
{"type":"Feature","properties":{"field_1":2,"field_2":"21-486-2-SF","field_3":"municipio_sandford","field_4":4664735.7,"field_5":6329687.52,"field_6":null,"field_7":null},"geometry":{"type":"Point","coordinates":[-61.234087520115722,-33.163578244998796]}},
{"type":"Feature","properties":{"field_1":1,"field_2":"21-531-1-SF","field_3":"municipio_fuentes","field_4":4685495.82,"field_5":6328855.16,"field_6":null,"field_7":null},"geometry":{"type":"Point","coordinates":[-61.01148613924309,-33.167724758805726]}},
{"type":"Feature","properties":{"field_1":1,"field_2":"21-532-1-SF","field_3":"municipio_fuentes","field_4":4682823.64,"field_5":6321284.62,"field_6":null,"field_7":null},"geometry":{"type":"Point","coordinates":[-61.038596074683284,-33.236398368268148]}},
{"type":"Feature","properties":{"field_1":1,"field_2":"22-447-1-SF","field_3":"distrito_miguel_torres","field_4":4645157.71,"field_5":6291409.7,"field_6":null,"field_7":null},"geometry":{"type":"Point","coordinates":[-61.437736829915096,-33.511372702888409]}},
{"type":"Feature","properties":{"field_1":2,"field_2":"22-447-2-SF","field_3":"distrito_miguel_torres","field_4":4651166.12,"field_5":6289933.84,"field_6":"Cañada del Bagual","field_7":null},"geometry":{"type":"Point","coordinates":[-61.372844327693784,-33.523841442811353]}},
{"type":"Feature","properties":{"field_1":3,"field_2":"22-447-3-SF","field_3":"distrito_miguel_torres","field_4":4646929.92,"field_5":6289753.36,"field_6":null,"field_7":null},"geometry":{"type":"Point","coordinates":[-61.418397945060015,-33.526058612562544]}},
{"type":"Feature","properties":{"field_1":2,"field_2":"22-448-2-SF","field_3":"distrito_carreras","field_4":4648164.54,"field_5":6278608.83,"field_6":null,"field_7":null},"geometry":{"type":"Point","coordinates":[-61.403263769323338,-33.626327456363988]}},
{"type":"Feature","properties":{"field_1":1,"field_2":"22-449-1-SF","field_3":"distrito_carreras","field_4":4649981.21,"field_5":6271297.86,"field_6":null,"field_7":null},"geometry":{"type":"Point","coordinates":[-61.382459940130275,-33.691961175139276]}},
{"type":"Feature","properties":{"field_1":2,"field_2":"22-449-2-SF","field_3":"distrito_carreras","field_4":4649780.27,"field_5":6270055.04,"field_6":null,"field_7":null},"geometry":{"type":"Point","coordinates":[-61.384416644074264,-33.703190017978649]}},
{"type":"Feature","properties":{"field_1":3,"field_2":"22-449-3-SF","field_3":"distrito_carreras","field_4":4648164.83,"field_5":6270101.7,"field_6":null,"field_7":null},"geometry":{"type":"Point","coordinates":[-61.401843205525999,-33.702996130406554]}},
{"type":"Feature","properties":{"field_1":4,"field_2":"22-449-4-SF","field_3":"distrito_chovet","field_4":4633792.92,"field_5":6277528.66,"field_6":null,"field_7":null},"geometry":{"type":"Point","coordinates":[-61.55793627929399,-33.63796554754947]}},
{"type":"Feature","properties":{"field_1":5,"field_2":"22-449-5-SF","field_3":"distrito_carreras","field_4":4650959.58,"field_5":6271956.17,"field_6":null,"field_7":null},"geometry":{"type":"Point","coordinates":[-61.372023855032033,-33.685889836548142]}},
{"type":"Feature","properties":{"field_1":6,"field_2":"22-449-6-SF","field_3":"distrito_carreras","field_4":4650446.75,"field_5":6276789.85,"field_6":null,"field_7":null},"geometry":{"type":"Point","coordinates":[-61.378370130573593,-33.642400569635861]}},
{"type":"Feature","properties":{"field_1":7,"field_2":"22-449-7-SF","field_3":"distrito_melincue","field_4":4645256.64,"field_5":6277880.98,"field_6":null,"field_7":null},"geometry":{"type":"Point","coordinates":[-61.434472586362908,-33.633287775520593]}},
{"type":"Feature","properties":{"field_1":8,"field_2":"22-449-8-SF","field_3":"distrito_carreras","field_4":4649137.4,"field_5":6276806.22,"field_6":null,"field_7":null},"geometry":{"type":"Point","coordinates":[-61.392481188028924,-33.642437309881203]}},
{"type":"Feature","properties":{"field_1":1,"field_2":"22-469-1-SF","field_3":"municipio_bombal","field_4":4653949.88,"field_5":6290247.21,"field_6":null,"field_7":null},"geometry":{"type":"Point","coordinates":[-61.342944540612464,-33.520620058708182]}},
{"type":"Feature","properties":{"field_1":2,"field_2":"22-469-2-SF","field_3":"municipio_bombal","field_4":4653298.26,"field_5":6291155.82,"field_6":null,"field_7":null},"geometry":{"type":"Point","coordinates":[-61.350111278470891,-33.51252504035191]}},
{"type":"Feature","properties":{"field_1":1,"field_2":"22-471-1-SF","field_3":"distrito_carreras","field_4":4651530.13,"field_5":6271001.71,"field_6":null,"field_7":null},"geometry":{"type":"Point","coordinates":[-61.365710269275858,-33.694410307202418]}},
{"type":"Feature","properties":{"field_1":2,"field_2":"22-471-2-SF","field_3":"distrito_carreras","field_4":4652804.98,"field_5":6274980.23,"field_6":null,"field_7":null},"geometry":{"type":"Point","coordinates":[-61.352649671811243,-33.658373080488218]}},
{"type":"Feature","properties":{"field_1":3,"field_2":"22-471-3-SF","field_3":"distrito_carreras","field_4":4651678.84,"field_5":6273603.32,"field_6":null,"field_7":null},"geometry":{"type":"Point","coordinates":[-61.364551110461392,-33.670943133960883]}},
{"type":"Feature","properties":{"field_1":4,"field_2":"22-471-4-SF","field_3":"distrito_carreras","field_4":4651690.64,"field_5":6276195.19,"field_6":null,"field_7":null},"geometry":{"type":"Point","coordinates":[-61.36486593085705,-33.647583186010777]}},
{"type":"Feature","properties":{"field_1":1,"field_2":"23-451-1-SF","field_3":"distrito_elortondo","field_4":4644514.94,"field_5":6250789.41,"field_6":null,"field_7":null},"geometry":{"type":"Point","coordinates":[-61.438041228561296,-33.877546612068762]}},
{"type":"Feature","properties":{"field_1":2,"field_2":"23-451-2-SF","field_3":"distrito_elortondo","field_4":4645672.54,"field_5":6249431.41,"field_6":null,"field_7":null},"geometry":{"type":"Point","coordinates":[-61.425308787920599,-33.889625796218454]}},
{"type":"Feature","properties":{"field_1":3,"field_2":"23-451-3-SF","field_3":"distrito_elortondo","field_4":4644427.81,"field_5":6253729.47,"field_6":null,"field_7":null},"geometry":{"type":"Point","coordinates":[-61.439464890863952,-33.851062262449453]}},
{"type":"Feature","properties":{"field_1":4,"field_2":"23-451-4-SF","field_3":"distrito_hughes","field_4":4650019.09,"field_5":6253419.67,"field_6":null,"field_7":null},"geometry":{"type":"Point","coordinates":[-61.37901935797661,-33.853074680808547]}},
{"type":"Feature","properties":{"field_1":5,"field_2":"23-451-5-SF","field_3":"distrito_hughes","field_4":4646216.18,"field_5":6256998.7,"field_6":null,"field_7":null},"geometry":{"type":"Point","coordinates":[-61.420690132373451,-33.821353482836621]}},
{"type":"Feature","properties":{"field_1":1,"field_2":"23-452-1-SF","field_3":"distrito_villa_cañas","field_4":4646783.52,"field_5":6244619.57,"field_6":null,"field_7":null},"geometry":{"type":"Point","coordinates":[-61.412499337568129,-33.93283591518945]}},
{"type":"Feature","properties":{"field_1":2,"field_2":"23-452-2-SF","field_3":"distrito_villa_cañas","field_4":4648187.25,"field_5":6241426.34,"field_6":null,"field_7":null},"geometry":{"type":"Point","coordinates":[-61.396783216655464,-33.961416186492322]}},
{"type":"Feature","properties":{"field_1":3,"field_2":"23-452-3-SF","field_3":"distrito_teodolina","field_4":4648454.99,"field_5":6238576.78,"field_6":null,"field_7":null},"geometry":{"type":"Point","coordinates":[-61.393404532828043,-33.98705808237014]}},
{"type":"Feature","properties":{"field_1":1,"field_2":"23-453-1-SF","field_3":"distrito_teodolina","field_4":4649680.53,"field_5":6231400.65,"field_6":null,"field_7":null},"geometry":{"type":"Point","coordinates":[-61.378917017359335,-34.051553107813277]}},
{"type":"Feature","properties":{"field_1":1,"field_2":"23-473-1-SF","field_3":"distrito_wheelwright","field_4":4661166.04,"field_5":6251300.06,"field_6":null,"field_7":null},"geometry":{"type":"Point","coordinates":[-61.258233775013117,-33.870532824837483]}},
{"type":"Feature","properties":{"field_1":2,"field_2":"23-473-2-SF","field_3":"distrito_hughes","field_4":4652884.95,"field_5":6250081.74,"field_6":null,"field_7":null},"geometry":{"type":"Point","coordinates":[-61.347484760905964,-33.882744231391229]}},
{"type":"Feature","properties":{"field_1":1,"field_2":"23-474-1-BA","field_3":"distrito_hughes","field_4":4653977.44,"field_5":6247913.85,"field_6":null,"field_7":null},"geometry":{"type":"Point","coordinates":[-61.335300888702989,-33.902121595253597]}},
{"type":"Feature","properties":{"field_1":1,"field_2":"23-496-1-SF","field_3":"distrito_wheelwright","field_4":4663362.89,"field_5":6248150.51,"field_6":"Cañada Los Barriles","field_7":null},"geometry":{"type":"Point","coordinates":[-61.233916705775414,-33.898576226772519]}},
{"type":"Feature","properties":{"field_1":1,"field_2":"26-551-1-SF","field_3":"municipio_zavalla","field_4":4697816.11,"field_5":6348639.64,"field_6":null,"field_7":null},"geometry":{"type":"Point","coordinates":[-60.883763229047162,-32.987278424863781]}},
{"type":"Feature","properties":{"field_1":2,"field_2":"26-551-2-SF","field_3":"municipio_zavalla","field_4":4697214.04,"field_5":6349510.56,"field_6":null,"field_7":null},"geometry":{"type":"Point","coordinates":[-60.890387122371848,-32.979539837867286]}},
{"type":"Feature","properties":{"field_1":3,"field_2":"26-551-3-SF","field_3":"municipio_funes","field_4":4700041.29,"field_5":6352183.3,"field_6":null,"field_7":null},"geometry":{"type":"Point","coordinates":[-60.860742741550538,-32.954942607606974]}},
{"type":"Feature","properties":{"field_1":1,"field_2":"26-552-1-SF","field_3":"municipio_zavalla","field_4":4698694.04,"field_5":6347519.24,"field_6":null,"field_7":null},"geometry":{"type":"Point","coordinates":[-60.874134585224581,-32.9972143461356]}},
{"type":"Feature","properties":{"field_1":2,"field_2":"26-552-2-SF","field_3":"municipio_zavalla","field_4":4698933.77,"field_5":6347963.85,"field_6":null,"field_7":null},"geometry":{"type":"Point","coordinates":[-60.871667413723827,-32.993164477176855]}},
{"type":"Feature","properties":{"field_1":3,"field_2":"26-552-3-SF","field_3":"municipio_zavalla","field_4":4699313.79,"field_5":6348329.69,"field_6":null,"field_7":null},"geometry":{"type":"Point","coordinates":[-60.867683433807436,-32.989798707603001]}},
{"type":"Feature","properties":{"field_1":4,"field_2":"26-552-4-SF","field_3":"municipio_zavalla","field_4":4700463.55,"field_5":6347473.48,"field_6":null,"field_7":null},"geometry":{"type":"Point","coordinates":[-60.855203710579651,-32.997302905703528]}},
{"type":"Feature","properties":{"field_1":1,"field_2":"26-554-1-SF","field_3":"municipio_acebal","field_4":4697346.81,"field_5":6323475.92,"field_6":null,"field_7":null},"geometry":{"type":"Point","coordinates":[-60.883350480980305,-33.214100297689704]}},
{"type":"Feature","properties":{"field_1":2,"field_2":"26-554-2-SF","field_3":"municipio_acebal","field_4":4699047.96,"field_5":6323102.61,"field_6":null,"field_7":null},"geometry":{"type":"Point","coordinates":[-60.865033969863923,-33.217152236509108]}},
{"type":"Feature","properties":{"field_1":3,"field_2":"26-554-3-SF","field_3":"municipio_acebal","field_4":4699821.69,"field_5":6323625.17,"field_6":null,"field_7":null},"geometry":{"type":"Point","coordinates":[-60.856854884431137,-33.212301253233676]}},
{"type":"Feature","properties":{"field_1":1,"field_2":"26-574-1-SF","field_3":"municipio_perez","field_4":4704308.18,"field_5":6348087.75,"field_6":null,"field_7":null},"geometry":{"type":"Point","coordinates":[-60.814231485334425,-32.991054895857417]}},
{"type":"Feature","properties":{"field_1":1,"field_2":"26-575-1-SF","field_3":"municipio_piñero","field_4":4708075.86,"field_5":6337849.32,"field_6":null,"field_7":null},"geometry":{"type":"Point","coordinates":[-60.771627360463555,-33.082589951641651]}},
{"type":"Feature","properties":{"field_1":1,"field_2":"26-595-1-SF","field_3":"municipio_rosario","field_4":4712224.59,"field_5":6358110.72,"field_6":null,"field_7":null},"geometry":{"type":"Point","coordinates":[-60.731903131746186,-32.899239337003863]}},
{"type":"Feature","properties":{"field_1":1,"field_2":"26-597-1-SF","field_3":"municipio_villa_amelia","field_4":4717268.15,"field_5":6332681.13,"field_6":null,"field_7":null},"geometry":{"type":"Point","coordinates":[-60.672024081746315,-33.127353096786706]}},
{"type":"Feature","properties":{"field_1":2,"field_2":"26-597-2-SF","field_3":"municipio_villa_amelia","field_4":4717633.6,"field_5":6331819.04,"field_6":null,"field_7":null},"geometry":{"type":"Point","coordinates":[-60.667905724270483,-33.135046533231012]}},
{"type":"Feature","properties":{"field_1":1,"field_2":"26-599-1-SF","field_3":"municipio_coronel_bogado","field_4":4717794.49,"field_5":6309692.55,"field_6":null,"field_7":null},"geometry":{"type":"Point","coordinates":[-60.660878622402521,-33.334349810596528]}},
{"type":"Feature","properties":{"field_1":2,"field_2":"26-599-2-SF","field_3":"municipio_coronel_bogado","field_4":4718367.51,"field_5":6309478.46,"field_6":null,"field_7":null},"geometry":{"type":"Point","coordinates":[-60.654677127390059,-33.336162456381864]}},
{"type":"Feature","properties":{"field_1":3,"field_2":"26-599-3-SF","field_3":"municipio_coronel_bogado","field_4":4718685.54,"field_5":6309460.62,"field_6":null,"field_7":null},"geometry":{"type":"Point","coordinates":[-60.651259581318705,-33.336258638833485]}},
{"type":"Feature","properties":{"field_1":3,"field_2":"8-190-3-SF","field_3":"distrito_rufino","field_4":4530279.15,"field_5":6221503.02,"field_6":null,"field_7":null},"geometry":{"type":"Point","coordinates":[-62.671669724284655,-34.151033373085404]}},
{"type":"Feature","properties":{"field_1":4,"field_2":"8-190-4-SF","field_3":"distrito_rufino","field_4":4531282.45,"field_5":6225390.96,"field_6":null,"field_7":null},"geometry":{"type":"Point","coordinates":[-62.660930599823956,-34.115954176381024]}},
{"type":"Feature","properties":{"field_1":1,"field_2":"8-191-1-SF","field_3":"distrito_rufino","field_4":4522213.11,"field_5":6211114.36,"field_6":null,"field_7":null},"geometry":{"type":"Point","coordinates":[-62.758866561909315,-34.244889305877734]}},
{"type":"Feature","properties":{"field_1":2,"field_2":"8-191-2-SF","field_3":"distrito_rufino","field_4":4527023.49,"field_5":6217561.48,"field_6":null,"field_7":null},"geometry":{"type":"Point","coordinates":[-62.706849227781923,-34.186655486811269]}},
{"type":"Feature","properties":{"field_1":3,"field_2":"8-191-3-SF","field_3":"distrito_rufino","field_4":4528570.28,"field_5":6215181.56,"field_6":null,"field_7":null},"geometry":{"type":"Point","coordinates":[-62.689991253563207,-34.208068970002337]}},
{"type":"Feature","properties":{"field_1":4,"field_2":"8-191-4-SF","field_3":"distrito_rufino","field_4":4524842.72,"field_5":6212851.42,"field_6":null,"field_7":null},"geometry":{"type":"Point","coordinates":[-62.730370934092448,-34.229170480139622]}},
{"type":"Feature","properties":{"field_1":5,"field_2":"8-191-5-SF","field_3":"distrito_rufino","field_4":4525142.82,"field_5":6217139.14,"field_6":null,"field_7":null},"geometry":{"type":"Point","coordinates":[-62.727238383957911,-34.190509899259624]}},
{"type":"Feature","properties":{"field_1":6,"field_2":"8-191-6-SF","field_3":"distrito_rufino","field_4":4524041.69,"field_5":6215204.87,"field_6":null,"field_7":null},"geometry":{"type":"Point","coordinates":[-62.739130243178721,-34.207973175524785]}},
{"type":"Feature","properties":{"field_1":7,"field_2":"8-191-7-SF","field_3":"distrito_rufino","field_4":4530172.66,"field_5":6213387.8,"field_6":null,"field_7":null},"geometry":{"type":"Point","coordinates":[-62.672541837346337,-34.224194269986128]}},
{"type":"Feature","properties":{"field_1":8,"field_2":"8-191-8-SF","field_3":"distrito_rufino","field_4":4526604.65,"field_5":6213938.4,"field_6":null,"field_7":null},"geometry":{"type":"Point","coordinates":[-62.711281447845273,-34.219327961550619]}},
{"type":"Feature","properties":{"field_1":4,"field_2":"8-210-4-SF","field_3":"distrito_rufino","field_4":4540767.69,"field_5":6240702.13,"field_6":"El Paraíso","field_7":null},"geometry":{"type":"Point","coordinates":[-62.558837677201815,-33.977597494923671]}},
{"type":"Feature","properties":{"field_1":1,"field_2":"8-211-1-SF","field_3":"distrito_rufino","field_4":4538799.94,"field_5":6235511.86,"field_6":null,"field_7":null},"geometry":{"type":"Point","coordinates":[-62.579900708813952,-34.024462629775655]}},
{"type":"Feature","properties":{"field_1":2,"field_2":"8-211-2-SF","field_3":"distrito_rufino","field_4":4538183.66,"field_5":6230688.8,"field_6":null,"field_7":null},"geometry":{"type":"Point","coordinates":[-62.586362174141023,-34.067965175489753]}},
{"type":"Feature","properties":{"field_1":3,"field_2":"8-211-3-SF","field_3":"distrito_rufino","field_4":4537634.36,"field_5":6228786.37,"field_6":null,"field_7":null},"geometry":{"type":"Point","coordinates":[-62.592230369705973,-34.085135410552247]}},
{"type":"Feature","properties":{"field_1":1,"field_2":"8-212-1-SF","field_3":"distrito_amenabar","field_4":4539825.26,"field_5":6224870.98,"field_6":null,"field_7":null},"geometry":{"type":"Point","coordinates":[-62.568313155831746,-34.120351211725882]}},
{"type":"Feature","properties":{"field_1":10,"field_2":"8-212-10-SF","field_3":"distrito_rufino","field_4":4540133.4,"field_5":6223598.22,"field_6":null,"field_7":null},"geometry":{"type":"Point","coordinates":[-62.564914362492196,-34.131813188552869]}},
{"type":"Feature","properties":{"field_1":3,"field_2":"8-212-3-SF","field_3":"distrito_rufino","field_4":4536810.42,"field_5":6221136.45,"field_6":null,"field_7":null},"geometry":{"type":"Point","coordinates":[-62.600833726205948,-34.15412811455198]}},
{"type":"Feature","properties":{"field_1":4,"field_2":"8-212-4-SF","field_3":"distrito_rufino","field_4":4533531.41,"field_5":6226327.94,"field_6":null,"field_7":null},"geometry":{"type":"Point","coordinates":[-62.636590618938889,-34.107437619073742]}},
{"type":"Feature","properties":{"field_1":5,"field_2":"8-212-5-SF","field_3":"distrito_rufino","field_4":4532473.8,"field_5":6221055.7,"field_6":null,"field_7":null},"geometry":{"type":"Point","coordinates":[-62.64785568166284,-34.15499997291068]}},
{"type":"Feature","properties":{"field_1":6,"field_2":"8-212-6-SF","field_3":"distrito_rufino","field_4":4540430.11,"field_5":6219746.77,"field_6":null,"field_7":null},"geometry":{"type":"Point","coordinates":[-62.561518431636827,-34.166521913495181]}},
{"type":"Feature","properties":{"field_1":7,"field_2":"8-212-7-SF","field_3":"distrito_rufino","field_4":4536855.12,"field_5":6223994.63,"field_6":null,"field_7":null},"geometry":{"type":"Point","coordinates":[-62.600470310017442,-34.128360371522199]}},
{"type":"Feature","properties":{"field_1":8,"field_2":"8-212-8-SF","field_3":"distrito_rufino","field_4":4534316.27,"field_5":6224583.64,"field_6":null,"field_7":null},"geometry":{"type":"Point","coordinates":[-62.628015679797542,-34.123136942182875]}},
{"type":"Feature","properties":{"field_1":9,"field_2":"8-212-9-SF","field_3":"distrito_rufino","field_4":4535479.86,"field_5":6227387.79,"field_6":null,"field_7":null},"geometry":{"type":"Point","coordinates":[-62.615517077389136,-34.097818825928378]}},
{"type":"Feature","properties":{"field_1":1,"field_2":"8-213-1-SF","field_3":"distrito_rufino","field_4":4534958.23,"field_5":6209805.6,"field_6":null,"field_7":null},"geometry":{"type":"Point","coordinates":[-62.620460714616222,-34.256337276705978]}},
{"type":"Feature","properties":{"field_1":10,"field_2":"8-213-10-CBA","field_3":"distrito_rufino","field_4":4541301.3,"field_5":6215575.69,"field_6":null,"field_7":null},"geometry":{"type":"Point","coordinates":[-62.551871426625262,-34.204089098359596]}},
{"type":"Feature","properties":{"field_1":11,"field_2":"8-213-11-CBA","field_3":"distrito_rufino","field_4":4537069.22,"field_5":6208760.43,"field_6":null,"field_7":null},"geometry":{"type":"Point","coordinates":[-62.597497334348368,-34.265686075767185]}},
{"type":"Feature","properties":{"field_1":12,"field_2":"8-213-12-CBA","field_3":"distrito_rufino","field_4":4534327.57,"field_5":6210829.12,"field_6":null,"field_7":null},"geometry":{"type":"Point","coordinates":[-62.627348330414044,-34.247131505981166]}},
{"type":"Feature","properties":{"field_1":13,"field_2":"8-213-13-CBA","field_3":"distrito_rufino","field_4":4541011.08,"field_5":6211225.11,"field_6":null,"field_7":null},"geometry":{"type":"Point","coordinates":[-62.55481402266274,-34.243319784097061]}},
{"type":"Feature","properties":{"field_1":2,"field_2":"8-213-2-SF","field_3":"distrito_rufino","field_4":4532617.03,"field_5":6210167.33,"field_6":"Las Ranas","field_7":null},"geometry":{"type":"Point","coordinates":[-62.64589230777441,-34.253152427820204]}},
{"type":"Feature","properties":{"field_1":3,"field_2":"8-213-3-SF","field_3":"distrito_rufino","field_4":4538621.58,"field_5":6210027.49,"field_6":null,"field_7":null},"geometry":{"type":"Point","coordinates":[-62.580698594323025,-34.254207413879918]}},
{"type":"Feature","properties":{"field_1":4,"field_2":"8-213-4-SF","field_3":"distrito_rufino","field_4":4541183.84,"field_5":6210421.04,"field_6":null,"field_7":null},"geometry":{"type":"Point","coordinates":[-62.552900380777871,-34.250561389920463]}},
{"type":"Feature","properties":{"field_1":5,"field_2":"8-213-5-SF","field_3":"distrito_rufino","field_4":4538905.44,"field_5":6211400.73,"field_6":null,"field_7":null},"geometry":{"type":"Point","coordinates":[-62.577678727487168,-34.241817483986779]}},
{"type":"Feature","properties":{"field_1":6,"field_2":"8-213-6-SF","field_3":"distrito_rufino","field_4":4540616.12,"field_5":6213768.72,"field_6":null,"field_7":null},"geometry":{"type":"Point","coordinates":[-62.559220814173017,-34.22040538387202]}},
{"type":"Feature","properties":{"field_1":7,"field_2":"8-213-7-SF","field_3":"distrito_rufino","field_4":4532794.12,"field_5":6216644.62,"field_6":null,"field_7":null},"geometry":{"type":"Point","coordinates":[-62.644215342118777,-34.194755324513331]}},
{"type":"Feature","properties":{"field_1":8,"field_2":"8-213-8-SF","field_3":"distrito_rufino","field_4":4534509.16,"field_5":6214612.36,"field_6":null,"field_7":false},"geometry":{"type":"Point","coordinates":[-62.625528054845624,-34.21302041582792]}},
{"type":"Feature","properties":{"field_1":9,"field_2":"8-213-9-SF","field_3":"distrito_rufino","field_4":4536452.37,"field_5":6216831.55,"field_6":null,"field_7":null},"geometry":{"type":"Point","coordinates":[-62.604535315258452,-34.192948674747015]}},
{"type":"Feature","properties":{"field_1":5,"field_2":"8-232-5-SF","field_3":"distrito_amenabar","field_4":4543257.56,"field_5":6243475.59,"field_6":null,"field_7":null},"geometry":{"type":"Point","coordinates":[-62.532031481901392,-33.952495037666822]}},
{"type":"Feature","properties":{"field_1":5,"field_2":"9-170-5-SF","field_3":"distrito_rufino","field_4":4520340.55,"field_5":6198656.97,"field_6":null,"field_7":null},"geometry":{"type":"Point","coordinates":[-62.778899975932887,-34.357228516572427]}},
{"type":"Feature","properties":{"field_1":6,"field_2":"9-170-6-SF","field_3":"distrito_rufino","field_4":4520879.06,"field_5":6201196.04,"field_6":null,"field_7":null},"geometry":{"type":"Point","coordinates":[-62.773108076191178,-34.334328765312549]}},
{"type":"Feature","properties":{"field_1":7,"field_2":"9-170-7-SF","field_3":"distrito_rufino","field_4":4519438.3,"field_5":6204010.74,"field_6":null,"field_7":null},"geometry":{"type":"Point","coordinates":[-62.788828342503322,-34.308982876970994]}},
{"type":"Feature","properties":{"field_1":10,"field_2":"9-171-10-SF","field_3":"distrito_rufino","field_4":4520214.51,"field_5":6197340.46,"field_6":null,"field_7":null},"geometry":{"type":"Point","coordinates":[-62.780239040467947,-34.369098942071119]}},
{"type":"Feature","properties":{"field_1":1,"field_2":"9-192-1-SF","field_3":"distrito_rufino","field_4":4523053.27,"field_5":6207112.01,"field_6":"Salada Norte","field_7":null},"geometry":{"type":"Point","coordinates":[-62.749639369536588,-34.280951574900683]}},
{"type":"Feature","properties":{"field_1":10,"field_2":"9-192-10-SF","field_3":"distrito_rufino","field_4":4522132.81,"field_5":6198682.63,"field_6":null,"field_7":null},"geometry":{"type":"Point","coordinates":[-62.759418920596787,-34.356960462953168]}},
{"type":"Feature","properties":{"field_1":2,"field_2":"9-192-2-SF","field_3":"distrito_rufino","field_4":4521753.23,"field_5":6206249.2,"field_6":null,"field_7":null},"geometry":{"type":"Point","coordinates":[-62.76373614478215,-34.288757680508539]}},
{"type":"Feature","properties":{"field_1":3,"field_2":"9-192-3-SF","field_3":"distrito_rufino","field_4":4528482.67,"field_5":6198904.93,"field_6":null,"field_7":null},"geometry":{"type":"Point","coordinates":[-62.69040434763285,-34.354801402090118]}},
{"type":"Feature","properties":{"field_1":4,"field_2":"9-192-4-SF","field_3":"distrito_rufino","field_4":4528188.75,"field_5":6203827.79,"field_6":null,"field_7":null},"geometry":{"type":"Point","coordinates":[-62.693760426847689,-34.310431360829043]}},
{"type":"Feature","properties":{"field_1":5,"field_2":"9-192-5-SF","field_3":"distrito_rufino","field_4":4527387.08,"field_5":6202313.12,"field_6":null,"field_7":null},"geometry":{"type":"Point","coordinates":[-62.702421445097073,-34.324107156983878]}},
{"type":"Feature","properties":{"field_1":6,"field_2":"9-192-6-SF","field_3":"distrito_rufino","field_4":4525654.32,"field_5":6201712.17,"field_6":null,"field_7":null},"geometry":{"type":"Point","coordinates":[-62.72123100611487,-34.32956885517212]}},
{"type":"Feature","properties":{"field_1":7,"field_2":"9-192-7-SF","field_3":"distrito_rufino","field_4":4523741.45,"field_5":6201808.22,"field_6":null,"field_7":null},"geometry":{"type":"Point","coordinates":[-62.742019517956699,-34.328748541418385]}},
{"type":"Feature","properties":{"field_1":8,"field_2":"9-192-8-SF","field_3":"distrito_rufino","field_4":4526520.63,"field_5":6198854.66,"field_6":null,"field_7":null},"geometry":{"type":"Point","coordinates":[-62.711729285855405,-34.355306645482813]}},
{"type":"Feature","properties":{"field_1":9,"field_2":"9-192-9-SF","field_3":"distrito_rufino","field_4":4524140.83,"field_5":6198490.8,"field_6":null,"field_7":null},"geometry":{"type":"Point","coordinates":[-62.737586625258068,-34.35864491040855]}},
{"type":"Feature","properties":{"field_1":1,"field_2":"9-214-1-SF","field_3":"distrito_rufino","field_4":4532484.46,"field_5":6200781.21,"field_6":null,"field_7":null},"geometry":{"type":"Point","coordinates":[-62.646977771053642,-34.337769698661347]}},
{"type":"Feature","properties":{"field_1":12,"field_2":"9-214-12-SF","field_3":"distrito_rufino","field_4":4540239.78,"field_5":6202846.71,"field_6":null,"field_7":null},"geometry":{"type":"Point","coordinates":[-62.562795600550309,-34.318878130513951]}},
{"type":"Feature","properties":{"field_1":2,"field_2":"9-214-2-SF","field_3":"distrito_rufino","field_4":4539168.1,"field_5":6199497.13,"field_6":null,"field_7":null},"geometry":{"type":"Point","coordinates":[-62.574286628349434,-34.349114170463189]}},
{"type":"Feature","properties":{"field_1":3,"field_2":"9-214-3-SF","field_3":"distrito_rufino","field_4":4540989.19,"field_5":6200685.39,"field_6":null,"field_7":null},"geometry":{"type":"Point","coordinates":[-62.554550502396069,-34.338332136781915]}},
{"type":"Feature","properties":{"field_1":4,"field_2":"9-214-4-SF","field_3":"distrito_rufino","field_4":4539192.09,"field_5":6199482.84,"field_6":null,"field_7":null},"geometry":{"type":"Point","coordinates":[-62.574025237693171,-34.349242081453632]}},
{"type":"Feature","properties":{"field_1":5,"field_2":"9-214-5-SF","field_3":"distrito_rufino","field_4":4541212.43,"field_5":6204089.96,"field_6":null,"field_7":null},"geometry":{"type":"Point","coordinates":[-62.552287518555495,-34.307632580669839]}},
{"type":"Feature","properties":{"field_1":6,"field_2":"9-214-6-SF","field_3":"distrito_rufino","field_4":4541058.39,"field_5":6203034.34,"field_6":null,"field_7":null},"geometry":{"type":"Point","coordinates":[-62.553910568197857,-34.317154655598713]}},
{"type":"Feature","properties":{"field_1":7,"field_2":"9-214-7-SF","field_3":"distrito_rufino","field_4":4540622.35,"field_5":6207045.92,"field_6":null,"field_7":null},"geometry":{"type":"Point","coordinates":[-62.558837040606456,-34.281009008669749]}},
{"type":"Feature","properties":{"field_1":8,"field_2":"9-214-8-SF","field_3":"distrito_rufino","field_4":4536414.59,"field_5":6206600.35,"field_6":null,"field_7":null},"geometry":{"type":"Point","coordinates":[-62.604514101515761,-34.285181668681282]}},
{"type":"Feature","properties":{"field_1":9,"field_2":"9-214-9-SF","field_3":"distrito_rufino","field_4":4533406.55,"field_5":6207170.77,"field_6":null,"field_7":null},"geometry":{"type":"Point","coordinates":[-62.637204986815725,-34.280140578046897]}},
{"type":"Feature","properties":{"field_1":2,"field_2":"9-215-2-SF","field_3":"distrito_rufino","field_4":4535118.87,"field_5":6195871.41,"field_6":null,"field_7":null},"geometry":{"type":"Point","coordinates":[-62.6181482386393,-34.381943613869758]}},
{"type":"Feature","properties":{"field_1":3,"field_2":"9-215-3-SF","field_3":"distrito_rufino","field_4":4536443.08,"field_5":6197714.14,"field_6":null,"field_7":null},"geometry":{"type":"Point","coordinates":[-62.603828393429851,-34.365286464070437]}},
{"type":"Feature","properties":{"field_1":4,"field_2":"9-215-4-SF","field_3":"distrito_rufino","field_4":4539395.05,"field_5":6198111.86,"field_6":null,"field_7":null},"geometry":{"type":"Point","coordinates":[-62.571756480714704,-34.36159313717986]}},
{"type":"Feature","properties":{"field_1":5,"field_2":"9-215-5-SF","field_3":"distrito_rufino","field_4":4537664.8,"field_5":6197712.69,"field_6":null,"field_7":null},"geometry":{"type":"Point","coordinates":[-62.590547286103998,-34.365255829144949]}},
{"type":"Feature","properties":{"field_1":7,"field_2":"9-215-7-SF","field_3":"distrito_rufino","field_4":4540901.94,"field_5":6197376.35,"field_6":null,"field_7":null},"geometry":{"type":"Point","coordinates":[-62.555341184026759,-34.368164993246467]}}
]
}
